reader_id,presentation_index,case_id,seed,freeze_id,created_at
Doctor_01,1,CASE-042,20260810,reader_round2_freeze_20260810,2026-08-10T03:43:20Z
Doctor_01,2,BM-027,20260810,reader_round2_freeze_20260810,2026-08-10T03:43:20Z
Doctor_01,3,CASE-002,20260810,reader_round2_freeze_20260810,2026-08-10T03:43:20Z
Doctor_01,4,CASE-004,20260810,reader_round2_freeze_20260810,2026-08-10T03:43:20Z
Doctor_01,5,CASE-095,20260810,reader_round2_freeze_20260810,2026-08-10T03:43:20Z
Doctor_01,6,CASE-067,20260810,reader_round2_freeze_20260810,2026-08-10T03:43:20Z
Doctor_01,7,CASE-078,20260810,reader_round2_freeze_20260810,2026-08-10T03:43:20Z
Doctor_01,8,BM-038,20260810,reader_round2_freeze_20260810,2026-08-10T03:43:20Z
Doctor_01,9,BM-002,20260810,reader_round2_freeze_20260810,2026-08-10T03:43:20Z
Doctor_01,10,CASE-088,20260810,reader_round2_freeze_20260810,2026-08-10T03:43:20Z
Doctor_01,11,CASE-032,20260810,reader_round2_freeze_20260810,2026-08-10T03:43:20Z
Doctor_01,12,CASE-017,20260810,reader_round2_freeze_20260810,2026-08-10T03:43:20Z
Doctor_01,13,CASE-068,20260810,reader_round2_freeze_20260810,2026-08-10T03:43:20Z
Doctor_01,14,CASE-006,20260810,reader_round2_freeze_20260810,2026-08-10T03:43:20Z
Doctor_01,15,CASE-085,20260810,reader_round2_freeze_20260810,2026-08-10T03:43:20Z
Doctor_01,16,BM-043,20260810,reader_round2_freeze_20260810,2026-08-10T03:43:20Z
Doctor_01,17,CASE-046,20260810,reader_round2_freeze_20260810,2026-08-10T03:43:20Z
Doctor_01,18,BM-040,20260810,reader_round2_freeze_20260810,2026-08-10T03:43:20Z
Doctor_01,19,CASE-089,20260810,reader_round2_freeze_20260810,2026-08-10T03:43:20Z
Doctor_01,20,BM-034,20260810,reader_round2_freeze_20260810,2026-08-10T03:43:20Z
Doctor_01,21,CASE-057,20260810,reader_round2_freeze_20260810,2026-08-10T03:43:20Z
Doctor_01,22,CASE-084,20260810,reader_round2_freeze_20260810,2026-08-10T03:43:20Z
Doctor_01,23,BM-042,20260810,reader_round2_freeze_20260810,2026-08-10T03:43:20Z
Doctor_01,24,BM-047,20260810,reader_round2_freeze_20260810,2026-08-10T03:43:20Z
Doctor_01,25,CASE-021,20260810,reader_round2_freeze_20260810,2026-08-10T03:43:20Z
Doctor_01,26,CASE-058,20260810,reader_round2_freeze_20260810,2026-08-10T03:43:20Z
Doctor_01,27,BM-035,20260810,reader_round2_freeze_20260810,2026-08-10T03:43:20Z
Doctor_01,28,CASE-064,20260810,reader_round2_freeze_20260810,2026-08-10T03:43:20Z
Doctor_01,29,CASE-029,20260810,reader_round2_freeze_20260810,2026-08-10T03:43:20Z
Doctor_01,30,BM-048,20260810,reader_round2_freeze_20260810,2026-08-10T03:43:20Z
Doctor_01,31,CASE-014,20260810,reader_round2_freeze_20260810,2026-08-10T03:43:20Z
Doctor_01,32,CASE-018,20260810,reader_round2_freeze_20260810,2026-08-10T03:43:20Z
Doctor_01,33,BM-023,20260810,reader_round2_freeze_20260810,2026-08-10T03:43:20Z
Doctor_01,34,BM-011,20260810,reader_round2_freeze_20260810,2026-08-10T03:43:20Z
Doctor_01,35,BM-033,20260810,reader_round2_freeze_20260810,2026-08-10T03:43:20Z
Doctor_01,36,CASE-030,20260810,reader_round2_freeze_20260810,2026-08-10T03:43:20Z
Doctor_01,37,CASE-019,20260810,reader_round2_freeze_20260810,2026-08-10T03:43:20Z
Doctor_01,38,CASE-036,20260810,reader_round2_freeze_20260810,2026-08-10T03:43:20Z
Doctor_01,39,CASE-048,20260810,reader_round2_freeze_20260810,2026-08-10T03:43:20Z
Doctor_01,40,CASE-099,20260810,reader_round2_freeze_20260810,2026-08-10T03:43:20Z
Doctor_01,41,BM-012,20260810,reader_round2_freeze_20260810,2026-08-10T03:43:20Z
Doctor_01,42,CASE-059,20260810,reader_round2_freeze_20260810,2026-08-10T03:43:20Z
Doctor_01,43,CASE-062,20260810,reader_round2_freeze_20260810,2026-08-10T03:43:20Z
Doctor_01,44,CASE-093,20260810,reader_round2_freeze_20260810,2026-08-10T03:43:20Z
Doctor_01,45,BM-008,20260810,reader_round2_freeze_20260810,2026-08-10T03:43:20Z
Doctor_01,46,BM-016,20260810,reader_round2_freeze_20260810,2026-08-10T03:43:20Z
Doctor_01,47,CASE-050,20260810,reader_round2_freeze_20260810,2026-08-10T03:43:20Z
Doctor_01,48,BM-025,20260810,reader_round2_freeze_20260810,2026-08-10T03:43:20Z
Doctor_01,49,CASE-086,20260810,reader_round2_freeze_20260810,2026-08-10T03:43:20Z
Doctor_01,50,BM-041,20260810,reader_round2_freeze_20260810,2026-08-10T03:43:20Z
Doctor_01,51,CASE-009,20260810,reader_round2_freeze_20260810,2026-08-10T03:43:20Z
Doctor_01,52,BM-026,20260810,reader_round2_freeze_20260810,2026-08-10T03:43:20Z
Doctor_01,53,BM-046,20260810,reader_round2_freeze_20260810,2026-08-10T03:43:20Z
Doctor_01,54,BM-030,20260810,reader_round2_freeze_20260810,2026-08-10T03:43:20Z
Doctor_01,55,CASE-079,20260810,reader_round2_freeze_20260810,2026-08-10T03:43:20Z
Doctor_01,56,CASE-091,20260810,reader_round2_freeze_20260810,2026-08-10T03:43:20Z
Doctor_01,57,BM-032,20260810,reader_round2_freeze_20260810,2026-08-10T03:43:20Z
Doctor_01,58,CASE-044,20260810,reader_round2_freeze_20260810,2026-08-10T03:43:20Z
Doctor_01,59,BM-039,20260810,reader_round2_freeze_20260810,2026-08-10T03:43:20Z
Doctor_01,60,CASE-097,20260810,reader_round2_freeze_20260810,2026-08-10T03:43:20Z
Doctor_01,61,CASE-082,20260810,reader_round2_freeze_20260810,2026-08-10T03:43:20Z
Doctor_01,62,BM-024,20260810,reader_round2_freeze_20260810,2026-08-10T03:43:20Z
Doctor_01,63,CASE-020,20260810,reader_round2_freeze_20260810,2026-08-10T03:43:20Z
Doctor_01,64,CASE-100,20260810,reader_round2_freeze_20260810,2026-08-10T03:43:20Z
Doctor_01,65,CASE-074,20260810,reader_round2_freeze_20260810,2026-08-10T03:43:20Z
Doctor_01,66,CASE-049,20260810,reader_round2_freeze_20260810,2026-08-10T03:43:20Z
Doctor_01,67,CASE-038,20260810,reader_round2_freeze_20260810,2026-08-10T03:43:20Z
Doctor_01,68,BM-019,20260810,reader_round2_freeze_20260810,2026-08-10T03:43:20Z
Doctor_01,69,BM-010,20260810,reader_round2_freeze_20260810,2026-08-10T03:43:20Z
Doctor_01,70,CASE-012,20260810,reader_round2_freeze_20260810,2026-08-10T03:43:20Z
Doctor_01,71,CASE-069,20260810,reader_round2_freeze_20260810,2026-08-10T03:43:20Z
Doctor_01,72,CASE-063,20260810,reader_round2_freeze_20260810,2026-08-10T03:43:20Z
Doctor_01,73,CASE-080,20260810,reader_round2_freeze_20260810,2026-08-10T03:43:20Z
Doctor_01,74,CASE-072,20260810,reader_round2_freeze_20260810,2026-08-10T03:43:20Z
Doctor_01,75,BM-050,20260810,reader_round2_freeze_20260810,2026-08-10T03:43:20Z
Doctor_01,76,CASE-076,20260810,reader_round2_freeze_20260810,2026-08-10T03:43:20Z
Doctor_01,77,CASE-022,20260810,reader_round2_freeze_20260810,2026-08-10T03:43:20Z
Doctor_01,78,CASE-092,20260810,reader_round2_freeze_20260810,2026-08-10T03:43:20Z
Doctor_01,79,CASE-025,20260810,reader_round2_freeze_20260810,2026-08-10T03:43:20Z
Doctor_01,80,CASE-094,20260810,reader_round2_freeze_20260810,2026-08-10T03:43:20Z
Doctor_01,81,CASE-043,20260810,reader_round2_freeze_20260810,2026-08-10T03:43:20Z
Doctor_01,82,CASE-005,20260810,reader_round2_freeze_20260810,2026-08-10T03:43:20Z
Doctor_01,83,BM-013,20260810,reader_round2_freeze_20260810,2026-08-10T03:43:20Z
Doctor_01,84,BM-020,20260810,reader_round2_freeze_20260810,2026-08-10T03:43:20Z
Doctor_01,85,CASE-045,20260810,reader_round2_freeze_20260810,2026-08-10T03:43:20Z
Doctor_01,86,CASE-096,20260810,reader_round2_freeze_20260810,2026-08-10T03:43:20Z
Doctor_01,87,CASE-041,20260810,reader_round2_freeze_20260810,2026-08-10T03:43:20Z
Doctor_01,88,CASE-035,20260810,reader_round2_freeze_20260810,2026-08-10T03:43:20Z
Doctor_01,89,CASE-047,20260810,reader_round2_freeze_20260810,2026-08-10T03:43:20Z
Doctor_01,90,CASE-053,20260810,reader_round2_freeze_20260810,2026-08-10T03:43:20Z
Doctor_01,91,BM-014,20260810,reader_round2_freeze_20260810,2026-08-10T03:43:20Z
Doctor_01,92,CASE-013,20260810,reader_round2_freeze_20260810,2026-08-10T03:43:20Z
Doctor_01,93,BM-037,20260810,reader_round2_freeze_20260810,2026-08-10T03:43:20Z
Doctor_01,94,BM-049,20260810,reader_round2_freeze_20260810,2026-08-10T03:43:20Z
Doctor_01,95,CASE-007,20260810,reader_round2_freeze_20260810,2026-08-10T03:43:20Z
Doctor_01,96,BM-017,20260810,reader_round2_freeze_20260810,2026-08-10T03:43:20Z
Doctor_01,97,CASE-070,20260810,reader_round2_freeze_20260810,2026-08-10T03:43:20Z
Doctor_01,98,BM-001,20260810,reader_round2_freeze_20260810,2026-08-10T03:43:20Z
Doctor_01,99,BM-015,20260810,reader_round2_freeze_20260810,2026-08-10T03:43:20Z
Doctor_01,100,BM-029,20260810,reader_round2_freeze_20260810,2026-08-10T03:43:20Z
Doctor_01,101,CASE-061,20260810,reader_round2_freeze_20260810,2026-08-10T03:43:20Z
Doctor_01,102,CASE-052,20260810,reader_round2_freeze_20260810,2026-08-10T03:43:20Z
Doctor_01,103,BM-031,20260810,reader_round2_freeze_20260810,2026-08-10T03:43:20Z
Doctor_01,104,BM-036,20260810,reader_round2_freeze_20260810,2026-08-10T03:43:20Z
Doctor_01,105,CASE-090,20260810,reader_round2_freeze_20260810,2026-08-10T03:43:20Z
Doctor_01,106,CASE-024,20260810,reader_round2_freeze_20260810,2026-08-10T03:43:20Z
Doctor_01,107,CASE-073,20260810,reader_round2_freeze_20260810,2026-08-10T03:43:20Z
Doctor_01,108,CASE-028,20260810,reader_round2_freeze_20260810,2026-08-10T03:43:20Z
Doctor_01,109,CASE-001,20260810,reader_round2_freeze_20260810,2026-08-10T03:43:20Z
Doctor_01,110,CASE-066,20260810,reader_round2_freeze_20260810,2026-08-10T03:43:20Z
Doctor_01,111,CASE-040,20260810,reader_round2_freeze_20260810,2026-08-10T03:43:20Z
Doctor_01,112,BM-005,20260810,reader_round2_freeze_20260810,2026-08-10T03:43:20Z
Doctor_01,113,BM-006,20260810,reader_round2_freeze_20260810,2026-08-10T03:43:20Z
Doctor_01,114,CASE-031,20260810,reader_round2_freeze_20260810,2026-08-10T03:43:20Z
Doctor_01,115,CASE-054,20260810,reader_round2_freeze_20260810,2026-08-10T03:43:20Z
Doctor_01,116,BM-045,20260810,reader_round2_freeze_20260810,2026-08-10T03:43:20Z
Doctor_01,117,CASE-033,20260810,reader_round2_freeze_20260810,2026-08-10T03:43:20Z
Doctor_01,118,BM-028,20260810,reader_round2_freeze_20260810,2026-08-10T03:43:20Z
Doctor_01,119,BM-018,20260810,reader_round2_freeze_20260810,2026-08-10T03:43:20Z
Doctor_01,120,CASE-060,20260810,reader_round2_freeze_20260810,2026-08-10T03:43:20Z
Doctor_01,121,CASE-003,20260810,reader_round2_freeze_20260810,2026-08-10T03:43:20Z
Doctor_01,122,CASE-081,20260810,reader_round2_freeze_20260810,2026-08-10T03:43:20Z
Doctor_01,123,CASE-055,20260810,reader_round2_freeze_20260810,2026-08-10T03:43:20Z
Doctor_01,124,CASE-026,20260810,reader_round2_freeze_20260810,2026-08-10T03:43:20Z
Doctor_01,125,CASE-023,20260810,reader_round2_freeze_20260810,2026-08-10T03:43:20Z
Doctor_01,126,BM-004,20260810,reader_round2_freeze_20260810,2026-08-10T03:43:20Z
Doctor_01,127,CASE-087,20260810,reader_round2_freeze_20260810,2026-08-10T03:43:20Z
Doctor_01,128,CASE-075,20260810,reader_round2_freeze_20260810,2026-08-10T03:43:20Z
Doctor_01,129,CASE-010,20260810,reader_round2_freeze_20260810,2026-08-10T03:43:20Z
Doctor_01,130,CASE-011,20260810,reader_round2_freeze_20260810,2026-08-10T03:43:20Z
Doctor_01,131,BM-021,20260810,reader_round2_freeze_20260810,2026-08-10T03:43:20Z
Doctor_01,132,CASE-056,20260810,reader_round2_freeze_20260810,2026-08-10T03:43:20Z
Doctor_01,133,BM-022,20260810,reader_round2_freeze_20260810,2026-08-10T03:43:20Z
Doctor_01,134,CASE-034,20260810,reader_round2_freeze_20260810,2026-08-10T03:43:20Z
Doctor_01,135,CASE-027,20260810,reader_round2_freeze_20260810,2026-08-10T03:43:20Z
Doctor_01,136,CASE-037,20260810,reader_round2_freeze_20260810,2026-08-10T03:43:20Z
Doctor_01,137,CASE-039,20260810,reader_round2_freeze_20260810,2026-08-10T03:43:20Z
Doctor_01,138,CASE-015,20260810,reader_round2_freeze_20260810,2026-08-10T03:43:20Z
Doctor_01,139,CASE-077,20260810,reader_round2_freeze_20260810,2026-08-10T03:43:20Z
Doctor_01,140,CASE-016,20260810,reader_round2_freeze_20260810,2026-08-10T03:43:20Z
Doctor_01,141,CASE-083,20260810,reader_round2_freeze_20260810,2026-08-10T03:43:20Z
Doctor_01,142,CASE-051,20260810,reader_round2_freeze_20260810,2026-08-10T03:43:20Z
Doctor_01,143,CASE-071,20260810,reader_round2_freeze_20260810,2026-08-10T03:43:20Z
Doctor_01,144,BM-044,20260810,reader_round2_freeze_20260810,2026-08-10T03:43:20Z
Doctor_01,145,BM-009,20260810,reader_round2_freeze_20260810,2026-08-10T03:43:20Z
Doctor_01,146,CASE-098,20260810,reader_round2_freeze_20260810,2026-08-10T03:43:20Z
Doctor_01,147,BM-003,20260810,reader_round2_freeze_20260810,2026-08-10T03:43:20Z
Doctor_01,148,BM-007,20260810,reader_round2_freeze_20260810,2026-08-10T03:43:20Z
Doctor_01,149,CASE-065,20260810,reader_round2_freeze_20260810,2026-08-10T03:43:20Z
Doctor_01,150,CASE-008,20260810,reader_round2_freeze_20260810,2026-08-10T03:43:20Z
Doctor_02,1,BM-049,20260810,reader_round2_freeze_20260810,2026-08-10T03:43:20Z
Doctor_02,2,CASE-029,20260810,reader_round2_freeze_20260810,2026-08-10T03:43:20Z
Doctor_02,3,CASE-019,20260810,reader_round2_freeze_20260810,2026-08-10T03:43:20Z
Doctor_02,4,CASE-005,20260810,reader_round2_freeze_20260810,2026-08-10T03:43:20Z
Doctor_02,5,BM-045,20260810,reader_round2_freeze_20260810,2026-08-10T03:43:20Z
Doctor_02,6,BM-030,20260810,reader_round2_freeze_20260810,2026-08-10T03:43:20Z
Doctor_02,7,BM-047,20260810,reader_round2_freeze_20260810,2026-08-10T03:43:20Z
Doctor_02,8,BM-012,20260810,reader_round2_freeze_20260810,2026-08-10T03:43:20Z
Doctor_02,9,CASE-002,20260810,reader_round2_freeze_20260810,2026-08-10T03:43:20Z
Doctor_02,10,CASE-098,20260810,reader_round2_freeze_20260810,2026-08-10T03:43:20Z
Doctor_02,11,BM-039,20260810,reader_round2_freeze_20260810,2026-08-10T03:43:20Z
Doctor_02,12,BM-003,20260810,reader_round2_freeze_20260810,2026-08-10T03:43:20Z
Doctor_02,13,BM-015,20260810,reader_round2_freeze_20260810,2026-08-10T03:43:20Z
Doctor_02,14,CASE-085,20260810,reader_round2_freeze_20260810,2026-08-10T03:43:20Z
Doctor_02,15,BM-028,20260810,reader_round2_freeze_20260810,2026-08-10T03:43:20Z
Doctor_02,16,CASE-026,20260810,reader_round2_freeze_20260810,2026-08-10T03:43:20Z
Doctor_02,17,CASE-095,20260810,reader_round2_freeze_20260810,2026-08-10T03:43:20Z
Doctor_02,18,BM-036,20260810,reader_round2_freeze_20260810,2026-08-10T03:43:20Z
Doctor_02,19,CASE-046,20260810,reader_round2_freeze_20260810,2026-08-10T03:43:20Z
Doctor_02,20,BM-011,20260810,reader_round2_freeze_20260810,2026-08-10T03:43:20Z
Doctor_02,21,CASE-088,20260810,reader_round2_freeze_20260810,2026-08-10T03:43:20Z
Doctor_02,22,CASE-086,20260810,reader_round2_freeze_20260810,2026-08-10T03:43:20Z
Doctor_02,23,BM-035,20260810,reader_round2_freeze_20260810,2026-08-10T03:43:20Z
Doctor_02,24,CASE-063,20260810,reader_round2_freeze_20260810,2026-08-10T03:43:20Z
Doctor_02,25,CASE-003,20260810,reader_round2_freeze_20260810,2026-08-10T03:43:20Z
Doctor_02,26,CASE-011,20260810,reader_round2_freeze_20260810,2026-08-10T03:43:20Z
Doctor_02,27,CASE-077,20260810,reader_round2_freeze_20260810,2026-08-10T03:43:20Z
Doctor_02,28,BM-004,20260810,reader_round2_freeze_20260810,2026-08-10T03:43:20Z
Doctor_02,29,BM-041,20260810,reader_round2_freeze_20260810,2026-08-10T03:43:20Z
Doctor_02,30,CASE-050,20260810,reader_round2_freeze_20260810,2026-08-10T03:43:20Z
Doctor_02,31,CASE-079,20260810,reader_round2_freeze_20260810,2026-08-10T03:43:20Z
Doctor_02,32,CASE-071,20260810,reader_round2_freeze_20260810,2026-08-10T03:43:20Z
Doctor_02,33,CASE-097,20260810,reader_round2_freeze_20260810,2026-08-10T03:43:20Z
Doctor_02,34,BM-025,20260810,reader_round2_freeze_20260810,2026-08-10T03:43:20Z
Doctor_02,35,CASE-052,20260810,reader_round2_freeze_20260810,2026-08-10T03:43:20Z
Doctor_02,36,BM-017,20260810,reader_round2_freeze_20260810,2026-08-10T03:43:20Z
Doctor_02,37,CASE-091,20260810,reader_round2_freeze_20260810,2026-08-10T03:43:20Z
Doctor_02,38,CASE-045,20260810,reader_round2_freeze_20260810,2026-08-10T03:43:20Z
Doctor_02,39,CASE-006,20260810,reader_round2_freeze_20260810,2026-08-10T03:43:20Z
Doctor_02,40,CASE-067,20260810,reader_round2_freeze_20260810,2026-08-10T03:43:20Z
Doctor_02,41,CASE-083,20260810,reader_round2_freeze_20260810,2026-08-10T03:43:20Z
Doctor_02,42,CASE-059,20260810,reader_round2_freeze_20260810,2026-08-10T03:43:20Z
Doctor_02,43,CASE-057,20260810,reader_round2_freeze_20260810,2026-08-10T03:43:20Z
Doctor_02,44,BM-021,20260810,reader_round2_freeze_20260810,2026-08-10T03:43:20Z
Doctor_02,45,CASE-056,20260810,reader_round2_freeze_20260810,2026-08-10T03:43:20Z
Doctor_02,46,BM-019,20260810,reader_round2_freeze_20260810,2026-08-10T03:43:20Z
Doctor_02,47,CASE-096,20260810,reader_round2_freeze_20260810,2026-08-10T03:43:20Z
Doctor_02,48,CASE-033,20260810,reader_round2_freeze_20260810,2026-08-10T03:43:20Z
Doctor_02,49,CASE-070,20260810,reader_round2_freeze_20260810,2026-08-10T03:43:20Z
Doctor_02,50,CASE-041,20260810,reader_round2_freeze_20260810,2026-08-10T03:43:20Z
Doctor_02,51,CASE-004,20260810,reader_round2_freeze_20260810,2026-08-10T03:43:20Z
Doctor_02,52,BM-034,20260810,reader_round2_freeze_20260810,2026-08-10T03:43:20Z
Doctor_02,53,BM-013,20260810,reader_round2_freeze_20260810,2026-08-10T03:43:20Z
Doctor_02,54,BM-026,20260810,reader_round2_freeze_20260810,2026-08-10T03:43:20Z
Doctor_02,55,CASE-049,20260810,reader_round2_freeze_20260810,2026-08-10T03:43:20Z
Doctor_02,56,BM-002,20260810,reader_round2_freeze_20260810,2026-08-10T03:43:20Z
Doctor_02,57,BM-042,20260810,reader_round2_freeze_20260810,2026-08-10T03:43:20Z
Doctor_02,58,CASE-017,20260810,reader_round2_freeze_20260810,2026-08-10T03:43:20Z
Doctor_02,59,CASE-043,20260810,reader_round2_freeze_20260810,2026-08-10T03:43:20Z
Doctor_02,60,CASE-025,20260810,reader_round2_freeze_20260810,2026-08-10T03:43:20Z
Doctor_02,61,CASE-094,20260810,reader_round2_freeze_20260810,2026-08-10T03:43:20Z
Doctor_02,62,BM-043,20260810,reader_round2_freeze_20260810,2026-08-10T03:43:20Z
Doctor_02,63,CASE-062,20260810,reader_round2_freeze_20260810,2026-08-10T03:43:20Z
Doctor_02,64,CASE-015,20260810,reader_round2_freeze_20260810,2026-08-10T03:43:20Z
Doctor_02,65,BM-001,20260810,reader_round2_freeze_20260810,2026-08-10T03:43:20Z
Doctor_02,66,CASE-054,20260810,reader_round2_freeze_20260810,2026-08-10T03:43:20Z
Doctor_02,67,BM-018,20260810,reader_round2_freeze_20260810,2026-08-10T03:43:20Z
Doctor_02,68,CASE-039,20260810,reader_round2_freeze_20260810,2026-08-10T03:43:20Z
Doctor_02,69,BM-006,20260810,reader_round2_freeze_20260810,2026-08-10T03:43:20Z
Doctor_02,70,CASE-069,20260810,reader_round2_freeze_20260810,2026-08-10T03:43:20Z
Doctor_02,71,BM-040,20260810,reader_round2_freeze_20260810,2026-08-10T03:43:20Z
Doctor_02,72,BM-048,20260810,reader_round2_freeze_20260810,2026-08-10T03:43:20Z
Doctor_02,73,CASE-060,20260810,reader_round2_freeze_20260810,2026-08-10T03:43:20Z
Doctor_02,74,BM-038,20260810,reader_round2_freeze_20260810,2026-08-10T03:43:20Z
Doctor_02,75,CASE-061,20260810,reader_round2_freeze_20260810,2026-08-10T03:43:20Z
Doctor_02,76,BM-009,20260810,reader_round2_freeze_20260810,2026-08-10T03:43:20Z
Doctor_02,77,CASE-013,20260810,reader_round2_freeze_20260810,2026-08-10T03:43:20Z
Doctor_02,78,CASE-047,20260810,reader_round2_freeze_20260810,2026-08-10T03:43:20Z
Doctor_02,79,BM-033,20260810,reader_round2_freeze_20260810,2026-08-10T03:43:20Z
Doctor_02,80,CASE-037,20260810,reader_round2_freeze_20260810,2026-08-10T03:43:20Z
Doctor_02,81,BM-032,20260810,reader_round2_freeze_20260810,2026-08-10T03:43:20Z
Doctor_02,82,CASE-035,20260810,reader_round2_freeze_20260810,2026-08-10T03:43:20Z
Doctor_02,83,CASE-075,20260810,reader_round2_freeze_20260810,2026-08-10T03:43:20Z
Doctor_02,84,CASE-072,20260810,reader_round2_freeze_20260810,2026-08-10T03:43:20Z
Doctor_02,85,CASE-053,20260810,reader_round2_freeze_20260810,2026-08-10T03:43:20Z
Doctor_02,86,CASE-055,20260810,reader_round2_freeze_20260810,2026-08-10T03:43:20Z
Doctor_02,87,CASE-093,20260810,reader_round2_freeze_20260810,2026-08-10T03:43:20Z
Doctor_02,88,CASE-036,20260810,reader_round2_freeze_20260810,2026-08-10T03:43:20Z
Doctor_02,89,CASE-030,20260810,reader_round2_freeze_20260810,2026-08-10T03:43:20Z
Doctor_02,90,CASE-064,20260810,reader_round2_freeze_20260810,2026-08-10T03:43:20Z
Doctor_02,91,CASE-090,20260810,reader_round2_freeze_20260810,2026-08-10T03:43:20Z
Doctor_02,92,CASE-014,20260810,reader_round2_freeze_20260810,2026-08-10T03:43:20Z
Doctor_02,93,CASE-073,20260810,reader_round2_freeze_20260810,2026-08-10T03:43:20Z
Doctor_02,94,BM-044,20260810,reader_round2_freeze_20260810,2026-08-10T03:43:20Z
Doctor_02,95,CASE-084,20260810,reader_round2_freeze_20260810,2026-08-10T03:43:20Z
Doctor_02,96,CASE-048,20260810,reader_round2_freeze_20260810,2026-08-10T03:43:20Z
Doctor_02,97,CASE-076,20260810,reader_round2_freeze_20260810,2026-08-10T03:43:20Z
Doctor_02,98,CASE-027,20260810,reader_round2_freeze_20260810,2026-08-10T03:43:20Z
Doctor_02,99,CASE-012,20260810,reader_round2_freeze_20260810,2026-08-10T03:43:20Z
Doctor_02,100,CASE-078,20260810,reader_round2_freeze_20260810,2026-08-10T03:43:20Z
Doctor_02,101,BM-050,20260810,reader_round2_freeze_20260810,2026-08-10T03:43:20Z
Doctor_02,102,CASE-089,20260810,reader_round2_freeze_20260810,2026-08-10T03:43:20Z
Doctor_02,103,BM-016,20260810,reader_round2_freeze_20260810,2026-08-10T03:43:20Z
Doctor_02,104,CASE-068,20260810,reader_round2_freeze_20260810,2026-08-10T03:43:20Z
Doctor_02,105,CASE-020,20260810,reader_round2_freeze_20260810,2026-08-10T03:43:20Z
Doctor_02,106,BM-022,20260810,reader_round2_freeze_20260810,2026-08-10T03:43:20Z
Doctor_02,107,CASE-066,20260810,reader_round2_freeze_20260810,2026-08-10T03:43:20Z
Doctor_02,108,CASE-031,20260810,reader_round2_freeze_20260810,2026-08-10T03:43:20Z
Doctor_02,109,BM-020,20260810,reader_round2_freeze_20260810,2026-08-10T03:43:20Z
Doctor_02,110,CASE-080,20260810,reader_round2_freeze_20260810,2026-08-10T03:43:20Z
Doctor_02,111,CASE-092,20260810,reader_round2_freeze_20260810,2026-08-10T03:43:20Z
Doctor_02,112,CASE-038,20260810,reader_round2_freeze_20260810,2026-08-10T03:43:20Z
Doctor_02,113,CASE-099,20260810,reader_round2_freeze_20260810,2026-08-10T03:43:20Z
Doctor_02,114,CASE-034,20260810,reader_round2_freeze_20260810,2026-08-10T03:43:20Z
Doctor_02,115,CASE-008,20260810,reader_round2_freeze_20260810,2026-08-10T03:43:20Z
Doctor_02,116,BM-037,20260810,reader_round2_freeze_20260810,2026-08-10T03:43:20Z
Doctor_02,117,BM-005,20260810,reader_round2_freeze_20260810,2026-08-10T03:43:20Z
Doctor_02,118,CASE-058,20260810,reader_round2_freeze_20260810,2026-08-10T03:43:20Z
Doctor_02,119,CASE-016,20260810,reader_round2_freeze_20260810,2026-08-10T03:43:20Z
Doctor_02,120,BM-014,20260810,reader_round2_freeze_20260810,2026-08-10T03:43:20Z
Doctor_02,121,CASE-081,20260810,reader_round2_freeze_20260810,2026-08-10T03:43:20Z
Doctor_02,122,CASE-018,20260810,reader_round2_freeze_20260810,2026-08-10T03:43:20Z
Doctor_02,123,BM-008,20260810,reader_round2_freeze_20260810,2026-08-10T03:43:20Z
Doctor_02,124,BM-029,20260810,reader_round2_freeze_20260810,2026-08-10T03:43:20Z
Doctor_02,125,BM-027,20260810,reader_round2_freeze_20260810,2026-08-10T03:43:20Z
Doctor_02,126,CASE-040,20260810,reader_round2_freeze_20260810,2026-08-10T03:43:20Z
Doctor_02,127,CASE-010,20260810,reader_round2_freeze_20260810,2026-08-10T03:43:20Z
Doctor_02,128,CASE-007,20260810,reader_round2_freeze_20260810,2026-08-10T03:43:20Z
Doctor_02,129,BM-007,20260810,reader_round2_freeze_20260810,2026-08-10T03:43:20Z
Doctor_02,130,BM-023,20260810,reader_round2_freeze_20260810,2026-08-10T03:43:20Z
Doctor_02,131,BM-024,20260810,reader_round2_freeze_20260810,2026-08-10T03:43:20Z
Doctor_02,132,CASE-082,20260810,reader_round2_freeze_20260810,2026-08-10T03:43:20Z
Doctor_02,133,BM-010,20260810,reader_round2_freeze_20260810,2026-08-10T03:43:20Z
Doctor_02,134,CASE-100,20260810,reader_round2_freeze_20260810,2026-08-10T03:43:20Z
Doctor_02,135,CASE-065,20260810,reader_round2_freeze_20260810,2026-08-10T03:43:20Z
Doctor_02,136,BM-031,20260810,reader_round2_freeze_20260810,2026-08-10T03:43:20Z
Doctor_02,137,CASE-042,20260810,reader_round2_freeze_20260810,2026-08-10T03:43:20Z
Doctor_02,138,CASE-024,20260810,reader_round2_freeze_20260810,2026-08-10T03:43:20Z
Doctor_02,139,CASE-021,20260810,reader_round2_freeze_20260810,2026-08-10T03:43:20Z
Doctor_02,140,CASE-087,20260810,reader_round2_freeze_20260810,2026-08-10T03:43:20Z
Doctor_02,141,CASE-028,20260810,reader_round2_freeze_20260810,2026-08-10T03:43:20Z
Doctor_02,142,CASE-032,20260810,reader_round2_freeze_20260810,2026-08-10T03:43:20Z
Doctor_02,143,CASE-044,20260810,reader_round2_freeze_20260810,2026-08-10T03:43:20Z
Doctor_02,144,CASE-074,20260810,reader_round2_freeze_20260810,2026-08-10T03:43:20Z
Doctor_02,145,CASE-022,20260810,reader_round2_freeze_20260810,2026-08-10T03:43:20Z
Doctor_02,146,CASE-023,20260810,reader_round2_freeze_20260810,2026-08-10T03:43:20Z
Doctor_02,147,CASE-051,20260810,reader_round2_freeze_20260810,2026-08-10T03:43:20Z
Doctor_02,148,CASE-009,20260810,reader_round2_freeze_20260810,2026-08-10T03:43:20Z
Doctor_02,149,BM-046,20260810,reader_round2_freeze_20260810,2026-08-10T03:43:20Z
Doctor_02,150,CASE-001,20260810,reader_round2_freeze_20260810,2026-08-10T03:43:20Z
Doctor_03,1,CASE-003,20260810,reader_round2_freeze_20260810,2026-08-10T03:43:20Z
Doctor_03,2,CASE-065,20260810,reader_round2_freeze_20260810,2026-08-10T03:43:20Z
Doctor_03,3,BM-017,20260810,reader_round2_freeze_20260810,2026-08-10T03:43:20Z
Doctor_03,4,BM-007,20260810,reader_round2_freeze_20260810,2026-08-10T03:43:20Z
Doctor_03,5,BM-041,20260810,reader_round2_freeze_20260810,2026-08-10T03:43:20Z
Doctor_03,6,BM-044,20260810,reader_round2_freeze_20260810,2026-08-10T03:43:20Z
Doctor_03,7,CASE-020,20260810,reader_round2_freeze_20260810,2026-08-10T03:43:20Z
Doctor_03,8,CASE-087,20260810,reader_round2_freeze_20260810,2026-08-10T03:43:20Z
Doctor_03,9,BM-048,20260810,reader_round2_freeze_20260810,2026-08-10T03:43:20Z
Doctor_03,10,CASE-047,20260810,reader_round2_freeze_20260810,2026-08-10T03:43:20Z
Doctor_03,11,BM-006,20260810,reader_round2_freeze_20260810,2026-08-10T03:43:20Z
Doctor_03,12,CASE-097,20260810,reader_round2_freeze_20260810,2026-08-10T03:43:20Z
Doctor_03,13,BM-016,20260810,reader_round2_freeze_20260810,2026-08-10T03:43:20Z
Doctor_03,14,CASE-069,20260810,reader_round2_freeze_20260810,2026-08-10T03:43:20Z
Doctor_03,15,BM-002,20260810,reader_round2_freeze_20260810,2026-08-10T03:43:20Z
Doctor_03,16,CASE-025,20260810,reader_round2_freeze_20260810,2026-08-10T03:43:20Z
Doctor_03,17,CASE-084,20260810,reader_round2_freeze_20260810,2026-08-10T03:43:20Z
Doctor_03,18,CASE-056,20260810,reader_round2_freeze_20260810,2026-08-10T03:43:20Z
Doctor_03,19,BM-011,20260810,reader_round2_freeze_20260810,2026-08-10T03:43:20Z
Doctor_03,20,BM-010,20260810,reader_round2_freeze_20260810,2026-08-10T03:43:20Z
Doctor_03,21,CASE-010,20260810,reader_round2_freeze_20260810,2026-08-10T03:43:20Z
Doctor_03,22,CASE-092,20260810,reader_round2_freeze_20260810,2026-08-10T03:43:20Z
Doctor_03,23,CASE-001,20260810,reader_round2_freeze_20260810,2026-08-10T03:43:20Z
Doctor_03,24,CASE-045,20260810,reader_round2_freeze_20260810,2026-08-10T03:43:20Z
Doctor_03,25,CASE-090,20260810,reader_round2_freeze_20260810,2026-08-10T03:43:20Z
Doctor_03,26,CASE-058,20260810,reader_round2_freeze_20260810,2026-08-10T03:43:20Z
Doctor_03,27,BM-014,20260810,reader_round2_freeze_20260810,2026-08-10T03:43:20Z
Doctor_03,28,CASE-057,20260810,reader_round2_freeze_20260810,2026-08-10T03:43:20Z
Doctor_03,29,BM-003,20260810,reader_round2_freeze_20260810,2026-08-10T03:43:20Z
Doctor_03,30,CASE-040,20260810,reader_round2_freeze_20260810,2026-08-10T03:43:20Z
Doctor_03,31,CASE-072,20260810,reader_round2_freeze_20260810,2026-08-10T03:43:20Z
Doctor_03,32,CASE-030,20260810,reader_round2_freeze_20260810,2026-08-10T03:43:20Z
Doctor_03,33,BM-031,20260810,reader_round2_freeze_20260810,2026-08-10T03:43:20Z
Doctor_03,34,CASE-091,20260810,reader_round2_freeze_20260810,2026-08-10T03:43:20Z
Doctor_03,35,CASE-017,20260810,reader_round2_freeze_20260810,2026-08-10T03:43:20Z
Doctor_03,36,CASE-078,20260810,reader_round2_freeze_20260810,2026-08-10T03:43:20Z
Doctor_03,37,CASE-036,20260810,reader_round2_freeze_20260810,2026-08-10T03:43:20Z
Doctor_03,38,CASE-077,20260810,reader_round2_freeze_20260810,2026-08-10T03:43:20Z
Doctor_03,39,BM-023,20260810,reader_round2_freeze_20260810,2026-08-10T03:43:20Z
Doctor_03,40,CASE-093,20260810,reader_round2_freeze_20260810,2026-08-10T03:43:20Z
Doctor_03,41,BM-005,20260810,reader_round2_freeze_20260810,2026-08-10T03:43:20Z
Doctor_03,42,CASE-098,20260810,reader_round2_freeze_20260810,2026-08-10T03:43:20Z
Doctor_03,43,BM-042,20260810,reader_round2_freeze_20260810,2026-08-10T03:43:20Z
Doctor_03,44,CASE-028,20260810,reader_round2_freeze_20260810,2026-08-10T03:43:20Z
Doctor_03,45,BM-020,20260810,reader_round2_freeze_20260810,2026-08-10T03:43:20Z
Doctor_03,46,CASE-005,20260810,reader_round2_freeze_20260810,2026-08-10T03:43:20Z
Doctor_03,47,CASE-035,20260810,reader_round2_freeze_20260810,2026-08-10T03:43:20Z
Doctor_03,48,CASE-048,20260810,reader_round2_freeze_20260810,2026-08-10T03:43:20Z
Doctor_03,49,CASE-088,20260810,reader_round2_freeze_20260810,2026-08-10T03:43:20Z
Doctor_03,50,CASE-050,20260810,reader_round2_freeze_20260810,2026-08-10T03:43:20Z
Doctor_03,51,CASE-074,20260810,reader_round2_freeze_20260810,2026-08-10T03:43:20Z
Doctor_03,52,CASE-032,20260810,reader_round2_freeze_20260810,2026-08-10T03:43:20Z
Doctor_03,53,BM-015,20260810,reader_round2_freeze_20260810,2026-08-10T03:43:20Z
Doctor_03,54,CASE-071,20260810,reader_round2_freeze_20260810,2026-08-10T03:43:20Z
Doctor_03,55,CASE-023,20260810,reader_round2_freeze_20260810,2026-08-10T03:43:20Z
Doctor_03,56,CASE-079,20260810,reader_round2_freeze_20260810,2026-08-10T03:43:20Z
Doctor_03,57,BM-028,20260810,reader_round2_freeze_20260810,2026-08-10T03:43:20Z
Doctor_03,58,CASE-066,20260810,reader_round2_freeze_20260810,2026-08-10T03:43:20Z
Doctor_03,59,BM-030,20260810,reader_round2_freeze_20260810,2026-08-10T03:43:20Z
Doctor_03,60,BM-027,20260810,reader_round2_freeze_20260810,2026-08-10T03:43:20Z
Doctor_03,61,CASE-027,20260810,reader_round2_freeze_20260810,2026-08-10T03:43:20Z
Doctor_03,62,BM-046,20260810,reader_round2_freeze_20260810,2026-08-10T03:43:20Z
Doctor_03,63,CASE-031,20260810,reader_round2_freeze_20260810,2026-08-10T03:43:20Z
Doctor_03,64,BM-025,20260810,reader_round2_freeze_20260810,2026-08-10T03:43:20Z
Doctor_03,65,CASE-021,20260810,reader_round2_freeze_20260810,2026-08-10T03:43:20Z
Doctor_03,66,CASE-059,20260810,reader_round2_freeze_20260810,2026-08-10T03:43:20Z
Doctor_03,67,CASE-063,20260810,reader_round2_freeze_20260810,2026-08-10T03:43:20Z
Doctor_03,68,CASE-026,20260810,reader_round2_freeze_20260810,2026-08-10T03:43:20Z
Doctor_03,69,BM-012,20260810,reader_round2_freeze_20260810,2026-08-10T03:43:20Z
Doctor_03,70,CASE-061,20260810,reader_round2_freeze_20260810,2026-08-10T03:43:20Z
Doctor_03,71,CASE-006,20260810,reader_round2_freeze_20260810,2026-08-10T03:43:20Z
Doctor_03,72,CASE-034,20260810,reader_round2_freeze_20260810,2026-08-10T03:43:20Z
Doctor_03,73,BM-029,20260810,reader_round2_freeze_20260810,2026-08-10T03:43:20Z
Doctor_03,74,BM-035,20260810,reader_round2_freeze_20260810,2026-08-10T03:43:20Z
Doctor_03,75,CASE-018,20260810,reader_round2_freeze_20260810,2026-08-10T03:43:20Z
Doctor_03,76,CASE-064,20260810,reader_round2_freeze_20260810,2026-08-10T03:43:20Z
Doctor_03,77,CASE-049,20260810,reader_round2_freeze_20260810,2026-08-10T03:43:20Z
Doctor_03,78,BM-004,20260810,reader_round2_freeze_20260810,2026-08-10T03:43:20Z
Doctor_03,79,CASE-004,20260810,reader_round2_freeze_20260810,2026-08-10T03:43:20Z
Doctor_03,80,BM-019,20260810,reader_round2_freeze_20260810,2026-08-10T03:43:20Z
Doctor_03,81,CASE-043,20260810,reader_round2_freeze_20260810,2026-08-10T03:43:20Z
Doctor_03,82,BM-001,20260810,reader_round2_freeze_20260810,2026-08-10T03:43:20Z
Doctor_03,83,CASE-062,20260810,reader_round2_freeze_20260810,2026-08-10T03:43:20Z
Doctor_03,84,BM-008,20260810,reader_round2_freeze_20260810,2026-08-10T03:43:20Z
Doctor_03,85,CASE-053,20260810,reader_round2_freeze_20260810,2026-08-10T03:43:20Z
Doctor_03,86,BM-040,20260810,reader_round2_freeze_20260810,2026-08-10T03:43:20Z
Doctor_03,87,BM-026,20260810,reader_round2_freeze_20260810,2026-08-10T03:43:20Z
Doctor_03,88,CASE-100,20260810,reader_round2_freeze_20260810,2026-08-10T03:43:20Z
Doctor_03,89,CASE-099,20260810,reader_round2_freeze_20260810,2026-08-10T03:43:20Z
Doctor_03,90,CASE-008,20260810,reader_round2_freeze_20260810,2026-08-10T03:43:20Z
Doctor_03,91,BM-036,20260810,reader_round2_freeze_20260810,2026-08-10T03:43:20Z
Doctor_03,92,CASE-044,20260810,reader_round2_freeze_20260810,2026-08-10T03:43:20Z
Doctor_03,93,CASE-038,20260810,reader_round2_freeze_20260810,2026-08-10T03:43:20Z
Doctor_03,94,CASE-014,20260810,reader_round2_freeze_20260810,2026-08-10T03:43:20Z
Doctor_03,95,CASE-075,20260810,reader_round2_freeze_20260810,2026-08-10T03:43:20Z
Doctor_03,96,CASE-009,20260810,reader_round2_freeze_20260810,2026-08-10T03:43:20Z
Doctor_03,97,CASE-054,20260810,reader_round2_freeze_20260810,2026-08-10T03:43:20Z
Doctor_03,98,CASE-037,20260810,reader_round2_freeze_20260810,2026-08-10T03:43:20Z
Doctor_03,99,CASE-055,20260810,reader_round2_freeze_20260810,2026-08-10T03:43:20Z
Doctor_03,100,BM-024,20260810,reader_round2_freeze_20260810,2026-08-10T03:43:20Z
Doctor_03,101,CASE-024,20260810,reader_round2_freeze_20260810,2026-08-10T03:43:20Z
Doctor_03,102,CASE-033,20260810,reader_round2_freeze_20260810,2026-08-10T03:43:20Z
Doctor_03,103,BM-045,20260810,reader_round2_freeze_20260810,2026-08-10T03:43:20Z
Doctor_03,104,CASE-095,20260810,reader_round2_freeze_20260810,2026-08-10T03:43:20Z
Doctor_03,105,CASE-076,20260810,reader_round2_freeze_20260810,2026-08-10T03:43:20Z
Doctor_03,106,CASE-070,20260810,reader_round2_freeze_20260810,2026-08-10T03:43:20Z
Doctor_03,107,CASE-019,20260810,reader_round2_freeze_20260810,2026-08-10T03:43:20Z
Doctor_03,108,BM-032,20260810,reader_round2_freeze_20260810,2026-08-10T03:43:20Z
Doctor_03,109,BM-034,20260810,reader_round2_freeze_20260810,2026-08-10T03:43:20Z
Doctor_03,110,CASE-068,20260810,reader_round2_freeze_20260810,2026-08-10T03:43:20Z
Doctor_03,111,BM-013,20260810,reader_round2_freeze_20260810,2026-08-10T03:43:20Z
Doctor_03,112,CASE-083,20260810,reader_round2_freeze_20260810,2026-08-10T03:43:20Z
Doctor_03,113,BM-018,20260810,reader_round2_freeze_20260810,2026-08-10T03:43:20Z
Doctor_03,114,CASE-085,20260810,reader_round2_freeze_20260810,2026-08-10T03:43:20Z
Doctor_03,115,CASE-002,20260810,reader_round2_freeze_20260810,2026-08-10T03:43:20Z
Doctor_03,116,CASE-012,20260810,reader_round2_freeze_20260810,2026-08-10T03:43:20Z
Doctor_03,117,BM-021,20260810,reader_round2_freeze_20260810,2026-08-10T03:43:20Z
Doctor_03,118,CASE-067,20260810,reader_round2_freeze_20260810,2026-08-10T03:43:20Z
Doctor_03,119,BM-050,20260810,reader_round2_freeze_20260810,2026-08-10T03:43:20Z
Doctor_03,120,CASE-042,20260810,reader_round2_freeze_20260810,2026-08-10T03:43:20Z
Doctor_03,121,CASE-041,20260810,reader_round2_freeze_20260810,2026-08-10T03:43:20Z
Doctor_03,122,BM-009,20260810,reader_round2_freeze_20260810,2026-08-10T03:43:20Z
Doctor_03,123,CASE-081,20260810,reader_round2_freeze_20260810,2026-08-10T03:43:20Z
Doctor_03,124,CASE-086,20260810,reader_round2_freeze_20260810,2026-08-10T03:43:20Z
Doctor_03,125,CASE-060,20260810,reader_round2_freeze_20260810,2026-08-10T03:43:20Z
Doctor_03,126,CASE-080,20260810,reader_round2_freeze_20260810,2026-08-10T03:43:20Z
Doctor_03,127,CASE-052,20260810,reader_round2_freeze_20260810,2026-08-10T03:43:20Z
Doctor_03,128,CASE-022,20260810,reader_round2_freeze_20260810,2026-08-10T03:43:20Z
Doctor_03,129,CASE-013,20260810,reader_round2_freeze_20260810,2026-08-10T03:43:20Z
Doctor_03,130,CASE-015,20260810,reader_round2_freeze_20260810,2026-08-10T03:43:20Z
Doctor_03,131,BM-049,20260810,reader_round2_freeze_20260810,2026-08-10T03:43:20Z
Doctor_03,132,CASE-094,20260810,reader_round2_freeze_20260810,2026-08-10T03:43:20Z
Doctor_03,133,CASE-029,20260810,reader_round2_freeze_20260810,2026-08-10T03:43:20Z
Doctor_03,134,BM-038,20260810,reader_round2_freeze_20260810,2026-08-10T03:43:20Z
Doctor_03,135,CASE-096,20260810,reader_round2_freeze_20260810,2026-08-10T03:43:20Z
Doctor_03,136,CASE-051,20260810,reader_round2_freeze_20260810,2026-08-10T03:43:20Z
Doctor_03,137,CASE-089,20260810,reader_round2_freeze_20260810,2026-08-10T03:43:20Z
Doctor_03,138,CASE-082,20260810,reader_round2_freeze_20260810,2026-08-10T03:43:20Z
Doctor_03,139,BM-033,20260810,reader_round2_freeze_20260810,2026-08-10T03:43:20Z
Doctor_03,140,BM-037,20260810,reader_round2_freeze_20260810,2026-08-10T03:43:20Z
Doctor_03,141,CASE-046,20260810,reader_round2_freeze_20260810,2026-08-10T03:43:20Z
Doctor_03,142,BM-047,20260810,reader_round2_freeze_20260810,2026-08-10T03:43:20Z
Doctor_03,143,CASE-073,20260810,reader_round2_freeze_20260810,2026-08-10T03:43:20Z
Doctor_03,144,CASE-039,20260810,reader_round2_freeze_20260810,2026-08-10T03:43:20Z
Doctor_03,145,CASE-011,20260810,reader_round2_freeze_20260810,2026-08-10T03:43:20Z
Doctor_03,146,BM-039,20260810,reader_round2_freeze_20260810,2026-08-10T03:43:20Z
Doctor_03,147,BM-022,20260810,reader_round2_freeze_20260810,2026-08-10T03:43:20Z
Doctor_03,148,CASE-016,20260810,reader_round2_freeze_20260810,2026-08-10T03:43:20Z
Doctor_03,149,BM-043,20260810,reader_round2_freeze_20260810,2026-08-10T03:43:20Z
Doctor_03,150,CASE-007,20260810,reader_round2_freeze_20260810,2026-08-10T03:43:20Z
Doctor_04,1,BM-026,20260810,reader_round2_freeze_20260810,2026-08-10T03:43:20Z
Doctor_04,2,CASE-022,20260810,reader_round2_freeze_20260810,2026-08-10T03:43:20Z
Doctor_04,3,CASE-021,20260810,reader_round2_freeze_20260810,2026-08-10T03:43:20Z
Doctor_04,4,BM-047,20260810,reader_round2_freeze_20260810,2026-08-10T03:43:20Z
Doctor_04,5,CASE-068,20260810,reader_round2_freeze_20260810,2026-08-10T03:43:20Z
Doctor_04,6,CASE-026,20260810,reader_round2_freeze_20260810,2026-08-10T03:43:20Z
Doctor_04,7,BM-040,20260810,reader_round2_freeze_20260810,2026-08-10T03:43:20Z
Doctor_04,8,CASE-061,20260810,reader_round2_freeze_20260810,2026-08-10T03:43:20Z
Doctor_04,9,CASE-070,20260810,reader_round2_freeze_20260810,2026-08-10T03:43:20Z
Doctor_04,10,BM-038,20260810,reader_round2_freeze_20260810,2026-08-10T03:43:20Z
Doctor_04,11,CASE-084,20260810,reader_round2_freeze_20260810,2026-08-10T03:43:20Z
Doctor_04,12,CASE-083,20260810,reader_round2_freeze_20260810,2026-08-10T03:43:20Z
Doctor_04,13,BM-021,20260810,reader_round2_freeze_20260810,2026-08-10T03:43:20Z
Doctor_04,14,CASE-076,20260810,reader_round2_freeze_20260810,2026-08-10T03:43:20Z
Doctor_04,15,CASE-074,20260810,reader_round2_freeze_20260810,2026-08-10T03:43:20Z
Doctor_04,16,BM-007,20260810,reader_round2_freeze_20260810,2026-08-10T03:43:20Z
Doctor_04,17,BM-039,20260810,reader_round2_freeze_20260810,2026-08-10T03:43:20Z
Doctor_04,18,BM-032,20260810,reader_round2_freeze_20260810,2026-08-10T03:43:20Z
Doctor_04,19,BM-037,20260810,reader_round2_freeze_20260810,2026-08-10T03:43:20Z
Doctor_04,20,BM-023,20260810,reader_round2_freeze_20260810,2026-08-10T03:43:20Z
Doctor_04,21,CASE-033,20260810,reader_round2_freeze_20260810,2026-08-10T03:43:20Z
Doctor_04,22,CASE-051,20260810,reader_round2_freeze_20260810,2026-08-10T03:43:20Z
Doctor_04,23,CASE-002,20260810,reader_round2_freeze_20260810,2026-08-10T03:43:20Z
Doctor_04,24,CASE-097,20260810,reader_round2_freeze_20260810,2026-08-10T03:43:20Z
Doctor_04,25,CASE-088,20260810,reader_round2_freeze_20260810,2026-08-10T03:43:20Z
Doctor_04,26,CASE-081,20260810,reader_round2_freeze_20260810,2026-08-10T03:43:20Z
Doctor_04,27,CASE-016,20260810,reader_round2_freeze_20260810,2026-08-10T03:43:20Z
Doctor_04,28,CASE-077,20260810,reader_round2_freeze_20260810,2026-08-10T03:43:20Z
Doctor_04,29,CASE-019,20260810,reader_round2_freeze_20260810,2026-08-10T03:43:20Z
Doctor_04,30,BM-006,20260810,reader_round2_freeze_20260810,2026-08-10T03:43:20Z
Doctor_04,31,CASE-079,20260810,reader_round2_freeze_20260810,2026-08-10T03:43:20Z
Doctor_04,32,CASE-038,20260810,reader_round2_freeze_20260810,2026-08-10T03:43:20Z
Doctor_04,33,CASE-064,20260810,reader_round2_freeze_20260810,2026-08-10T03:43:20Z
Doctor_04,34,BM-033,20260810,reader_round2_freeze_20260810,2026-08-10T03:43:20Z
Doctor_04,35,BM-014,20260810,reader_round2_freeze_20260810,2026-08-10T03:43:20Z
Doctor_04,36,CASE-059,20260810,reader_round2_freeze_20260810,2026-08-10T03:43:20Z
Doctor_04,37,BM-022,20260810,reader_round2_freeze_20260810,2026-08-10T03:43:20Z
Doctor_04,38,CASE-054,20260810,reader_round2_freeze_20260810,2026-08-10T03:43:20Z
Doctor_04,39,CASE-003,20260810,reader_round2_freeze_20260810,2026-08-10T03:43:20Z
Doctor_04,40,CASE-094,20260810,reader_round2_freeze_20260810,2026-08-10T03:43:20Z
Doctor_04,41,CASE-024,20260810,reader_round2_freeze_20260810,2026-08-10T03:43:20Z
Doctor_04,42,CASE-075,20260810,reader_round2_freeze_20260810,2026-08-10T03:43:20Z
Doctor_04,43,BM-028,20260810,reader_round2_freeze_20260810,2026-08-10T03:43:20Z
Doctor_04,44,CASE-100,20260810,reader_round2_freeze_20260810,2026-08-10T03:43:20Z
Doctor_04,45,CASE-062,20260810,reader_round2_freeze_20260810,2026-08-10T03:43:20Z
Doctor_04,46,BM-003,20260810,reader_round2_freeze_20260810,2026-08-10T03:43:20Z
Doctor_04,47,CASE-086,20260810,reader_round2_freeze_20260810,2026-08-10T03:43:20Z
Doctor_04,48,BM-009,20260810,reader_round2_freeze_20260810,2026-08-10T03:43:20Z
Doctor_04,49,CASE-017,20260810,reader_round2_freeze_20260810,2026-08-10T03:43:20Z
Doctor_04,50,CASE-091,20260810,reader_round2_freeze_20260810,2026-08-10T03:43:20Z
Doctor_04,51,CASE-065,20260810,reader_round2_freeze_20260810,2026-08-10T03:43:20Z
Doctor_04,52,CASE-020,20260810,reader_round2_freeze_20260810,2026-08-10T03:43:20Z
Doctor_04,53,BM-016,20260810,reader_round2_freeze_20260810,2026-08-10T03:43:20Z
Doctor_04,54,BM-018,20260810,reader_round2_freeze_20260810,2026-08-10T03:43:20Z
Doctor_04,55,CASE-095,20260810,reader_round2_freeze_20260810,2026-08-10T03:43:20Z
Doctor_04,56,CASE-039,20260810,reader_round2_freeze_20260810,2026-08-10T03:43:20Z
Doctor_04,57,CASE-099,20260810,reader_round2_freeze_20260810,2026-08-10T03:43:20Z
Doctor_04,58,CASE-092,20260810,reader_round2_freeze_20260810,2026-08-10T03:43:20Z
Doctor_04,59,CASE-031,20260810,reader_round2_freeze_20260810,2026-08-10T03:43:20Z
Doctor_04,60,BM-020,20260810,reader_round2_freeze_20260810,2026-08-10T03:43:20Z
Doctor_04,61,CASE-005,20260810,reader_round2_freeze_20260810,2026-08-10T03:43:20Z
Doctor_04,62,CASE-037,20260810,reader_round2_freeze_20260810,2026-08-10T03:43:20Z
Doctor_04,63,CASE-023,20260810,reader_round2_freeze_20260810,2026-08-10T03:43:20Z
Doctor_04,64,BM-029,20260810,reader_round2_freeze_20260810,2026-08-10T03:43:20Z
Doctor_04,65,BM-030,20260810,reader_round2_freeze_20260810,2026-08-10T03:43:20Z
Doctor_04,66,CASE-001,20260810,reader_round2_freeze_20260810,2026-08-10T03:43:20Z
Doctor_04,67,CASE-056,20260810,reader_round2_freeze_20260810,2026-08-10T03:43:20Z
Doctor_04,68,CASE-066,20260810,reader_round2_freeze_20260810,2026-08-10T03:43:20Z
Doctor_04,69,BM-031,20260810,reader_round2_freeze_20260810,2026-08-10T03:43:20Z
Doctor_04,70,CASE-035,20260810,reader_round2_freeze_20260810,2026-08-10T03:43:20Z
Doctor_04,71,CASE-008,20260810,reader_round2_freeze_20260810,2026-08-10T03:43:20Z
Doctor_04,72,BM-008,20260810,reader_round2_freeze_20260810,2026-08-10T03:43:20Z
Doctor_04,73,CASE-028,20260810,reader_round2_freeze_20260810,2026-08-10T03:43:20Z
Doctor_04,74,CASE-009,20260810,reader_round2_freeze_20260810,2026-08-10T03:43:20Z
Doctor_04,75,CASE-006,20260810,reader_round2_freeze_20260810,2026-08-10T03:43:20Z
Doctor_04,76,BM-001,20260810,reader_round2_freeze_20260810,2026-08-10T03:43:20Z
Doctor_04,77,CASE-015,20260810,reader_round2_freeze_20260810,2026-08-10T03:43:20Z
Doctor_04,78,CASE-045,20260810,reader_round2_freeze_20260810,2026-08-10T03:43:20Z
Doctor_04,79,CASE-013,20260810,reader_round2_freeze_20260810,2026-08-10T03:43:20Z
Doctor_04,80,CASE-080,20260810,reader_round2_freeze_20260810,2026-08-10T03:43:20Z
Doctor_04,81,CASE-034,20260810,reader_round2_freeze_20260810,2026-08-10T03:43:20Z
Doctor_04,82,BM-049,20260810,reader_round2_freeze_20260810,2026-08-10T03:43:20Z
Doctor_04,83,CASE-069,20260810,reader_round2_freeze_20260810,2026-08-10T03:43:20Z
Doctor_04,84,CASE-010,20260810,reader_round2_freeze_20260810,2026-08-10T03:43:20Z
Doctor_04,85,CASE-007,20260810,reader_round2_freeze_20260810,2026-08-10T03:43:20Z
Doctor_04,86,CASE-089,20260810,reader_round2_freeze_20260810,2026-08-10T03:43:20Z
Doctor_04,87,BM-050,20260810,reader_round2_freeze_20260810,2026-08-10T03:43:20Z
Doctor_04,88,BM-024,20260810,reader_round2_freeze_20260810,2026-08-10T03:43:20Z
Doctor_04,89,BM-027,20260810,reader_round2_freeze_20260810,2026-08-10T03:43:20Z
Doctor_04,90,CASE-073,20260810,reader_round2_freeze_20260810,2026-08-10T03:43:20Z
Doctor_04,91,CASE-052,20260810,reader_round2_freeze_20260810,2026-08-10T03:43:20Z
Doctor_04,92,CASE-047,20260810,reader_round2_freeze_20260810,2026-08-10T03:43:20Z
Doctor_04,93,CASE-029,20260810,reader_round2_freeze_20260810,2026-08-10T03:43:20Z
Doctor_04,94,BM-005,20260810,reader_round2_freeze_20260810,2026-08-10T03:43:20Z
Doctor_04,95,CASE-067,20260810,reader_round2_freeze_20260810,2026-08-10T03:43:20Z
Doctor_04,96,BM-035,20260810,reader_round2_freeze_20260810,2026-08-10T03:43:20Z
Doctor_04,97,CASE-072,20260810,reader_round2_freeze_20260810,2026-08-10T03:43:20Z
Doctor_04,98,BM-025,20260810,reader_round2_freeze_20260810,2026-08-10T03:43:20Z
Doctor_04,99,BM-046,20260810,reader_round2_freeze_20260810,2026-08-10T03:43:20Z
Doctor_04,100,CASE-014,20260810,reader_round2_freeze_20260810,2026-08-10T03:43:20Z
Doctor_04,101,CASE-041,20260810,reader_round2_freeze_20260810,2026-08-10T03:43:20Z
Doctor_04,102,CASE-057,20260810,reader_round2_freeze_20260810,2026-08-10T03:43:20Z
Doctor_04,103,BM-010,20260810,reader_round2_freeze_20260810,2026-08-10T03:43:20Z
Doctor_04,104,CASE-087,20260810,reader_round2_freeze_20260810,2026-08-10T03:43:20Z
Doctor_04,105,BM-004,20260810,reader_round2_freeze_20260810,2026-08-10T03:43:20Z
Doctor_04,106,BM-011,20260810,reader_round2_freeze_20260810,2026-08-10T03:43:20Z
Doctor_04,107,BM-034,20260810,reader_round2_freeze_20260810,2026-08-10T03:43:20Z
Doctor_04,108,CASE-093,20260810,reader_round2_freeze_20260810,2026-08-10T03:43:20Z
Doctor_04,109,CASE-050,20260810,reader_round2_freeze_20260810,2026-08-10T03:43:20Z
Doctor_04,110,BM-019,20260810,reader_round2_freeze_20260810,2026-08-10T03:43:20Z
Doctor_04,111,CASE-027,20260810,reader_round2_freeze_20260810,2026-08-10T03:43:20Z
Doctor_04,112,CASE-030,20260810,reader_round2_freeze_20260810,2026-08-10T03:43:20Z
Doctor_04,113,CASE-018,20260810,reader_round2_freeze_20260810,2026-08-10T03:43:20Z
Doctor_04,114,CASE-036,20260810,reader_round2_freeze_20260810,2026-08-10T03:43:20Z
Doctor_04,115,CASE-053,20260810,reader_round2_freeze_20260810,2026-08-10T03:43:20Z
Doctor_04,116,CASE-090,20260810,reader_round2_freeze_20260810,2026-08-10T03:43:20Z
Doctor_04,117,CASE-085,20260810,reader_round2_freeze_20260810,2026-08-10T03:43:20Z
Doctor_04,118,CASE-082,20260810,reader_round2_freeze_20260810,2026-08-10T03:43:20Z
Doctor_04,119,CASE-044,20260810,reader_round2_freeze_20260810,2026-08-10T03:43:20Z
Doctor_04,120,CASE-078,20260810,reader_round2_freeze_20260810,2026-08-10T03:43:20Z
Doctor_04,121,CASE-098,20260810,reader_round2_freeze_20260810,2026-08-10T03:43:20Z
Doctor_04,122,BM-044,20260810,reader_round2_freeze_20260810,2026-08-10T03:43:20Z
Doctor_04,123,CASE-046,20260810,reader_round2_freeze_20260810,2026-08-10T03:43:20Z
Doctor_04,124,CASE-063,20260810,reader_round2_freeze_20260810,2026-08-10T03:43:20Z
Doctor_04,125,BM-013,20260810,reader_round2_freeze_20260810,2026-08-10T03:43:20Z
Doctor_04,126,CASE-055,20260810,reader_round2_freeze_20260810,2026-08-10T03:43:20Z
Doctor_04,127,CASE-048,20260810,reader_round2_freeze_20260810,2026-08-10T03:43:20Z
Doctor_04,128,CASE-058,20260810,reader_round2_freeze_20260810,2026-08-10T03:43:20Z
Doctor_04,129,BM-041,20260810,reader_round2_freeze_20260810,2026-08-10T03:43:20Z
Doctor_04,130,BM-002,20260810,reader_round2_freeze_20260810,2026-08-10T03:43:20Z
Doctor_04,131,CASE-043,20260810,reader_round2_freeze_20260810,2026-08-10T03:43:20Z
Doctor_04,132,BM-017,20260810,reader_round2_freeze_20260810,2026-08-10T03:43:20Z
Doctor_04,133,BM-048,20260810,reader_round2_freeze_20260810,2026-08-10T03:43:20Z
Doctor_04,134,CASE-042,20260810,reader_round2_freeze_20260810,2026-08-10T03:43:20Z
Doctor_04,135,CASE-060,20260810,reader_round2_freeze_20260810,2026-08-10T03:43:20Z
Doctor_04,136,BM-045,20260810,reader_round2_freeze_20260810,2026-08-10T03:43:20Z
Doctor_04,137,BM-012,20260810,reader_round2_freeze_20260810,2026-08-10T03:43:20Z
Doctor_04,138,CASE-032,20260810,reader_round2_freeze_20260810,2026-08-10T03:43:20Z
Doctor_04,139,CASE-071,20260810,reader_round2_freeze_20260810,2026-08-10T03:43:20Z
Doctor_04,140,BM-042,20260810,reader_round2_freeze_20260810,2026-08-10T03:43:20Z
Doctor_04,141,CASE-049,20260810,reader_round2_freeze_20260810,2026-08-10T03:43:20Z
Doctor_04,142,CASE-040,20260810,reader_round2_freeze_20260810,2026-08-10T03:43:20Z
Doctor_04,143,BM-036,20260810,reader_round2_freeze_20260810,2026-08-10T03:43:20Z
Doctor_04,144,CASE-011,20260810,reader_round2_freeze_20260810,2026-08-10T03:43:20Z
Doctor_04,145,CASE-096,20260810,reader_round2_freeze_20260810,2026-08-10T03:43:20Z
Doctor_04,146,CASE-012,20260810,reader_round2_freeze_20260810,2026-08-10T03:43:20Z
Doctor_04,147,BM-043,20260810,reader_round2_freeze_20260810,2026-08-10T03:43:20Z
Doctor_04,148,BM-015,20260810,reader_round2_freeze_20260810,2026-08-10T03:43:20Z
Doctor_04,149,CASE-025,20260810,reader_round2_freeze_20260810,2026-08-10T03:43:20Z
Doctor_04,150,CASE-004,20260810,reader_round2_freeze_20260810,2026-08-10T03:43:20Z
Doctor_06,1,CASE-043,20260810,reader_round2_freeze_20260810,2026-08-10T03:43:20Z
Doctor_06,2,CASE-069,20260810,reader_round2_freeze_20260810,2026-08-10T03:43:20Z
Doctor_06,3,CASE-086,20260810,reader_round2_freeze_20260810,2026-08-10T03:43:20Z
Doctor_06,4,CASE-041,20260810,reader_round2_freeze_20260810,2026-08-10T03:43:20Z
Doctor_06,5,CASE-052,20260810,reader_round2_freeze_20260810,2026-08-10T03:43:20Z
Doctor_06,6,CASE-079,20260810,reader_round2_freeze_20260810,2026-08-10T03:43:20Z
Doctor_06,7,CASE-017,20260810,reader_round2_freeze_20260810,2026-08-10T03:43:20Z
Doctor_06,8,CASE-053,20260810,reader_round2_freeze_20260810,2026-08-10T03:43:20Z
Doctor_06,9,CASE-054,20260810,reader_round2_freeze_20260810,2026-08-10T03:43:20Z
Doctor_06,10,CASE-001,20260810,reader_round2_freeze_20260810,2026-08-10T03:43:20Z
Doctor_06,11,BM-013,20260810,reader_round2_freeze_20260810,2026-08-10T03:43:20Z
Doctor_06,12,CASE-075,20260810,reader_round2_freeze_20260810,2026-08-10T03:43:20Z
Doctor_06,13,CASE-029,20260810,reader_round2_freeze_20260810,2026-08-10T03:43:20Z
Doctor_06,14,CASE-088,20260810,reader_round2_freeze_20260810,2026-08-10T03:43:20Z
Doctor_06,15,CASE-012,20260810,reader_round2_freeze_20260810,2026-08-10T03:43:20Z
Doctor_06,16,BM-014,20260810,reader_round2_freeze_20260810,2026-08-10T03:43:20Z
Doctor_06,17,BM-049,20260810,reader_round2_freeze_20260810,2026-08-10T03:43:20Z
Doctor_06,18,CASE-007,20260810,reader_round2_freeze_20260810,2026-08-10T03:43:20Z
Doctor_06,19,CASE-074,20260810,reader_round2_freeze_20260810,2026-08-10T03:43:20Z
Doctor_06,20,BM-034,20260810,reader_round2_freeze_20260810,2026-08-10T03:43:20Z
Doctor_06,21,CASE-065,20260810,reader_round2_freeze_20260810,2026-08-10T03:43:20Z
Doctor_06,22,CASE-063,20260810,reader_round2_freeze_20260810,2026-08-10T03:43:20Z
Doctor_06,23,CASE-024,20260810,reader_round2_freeze_20260810,2026-08-10T03:43:20Z
Doctor_06,24,CASE-045,20260810,reader_round2_freeze_20260810,2026-08-10T03:43:20Z
Doctor_06,25,BM-003,20260810,reader_round2_freeze_20260810,2026-08-10T03:43:20Z
Doctor_06,26,BM-047,20260810,reader_round2_freeze_20260810,2026-08-10T03:43:20Z
Doctor_06,27,CASE-089,20260810,reader_round2_freeze_20260810,2026-08-10T03:43:20Z
Doctor_06,28,BM-002,20260810,reader_round2_freeze_20260810,2026-08-10T03:43:20Z
Doctor_06,29,BM-046,20260810,reader_round2_freeze_20260810,2026-08-10T03:43:20Z
Doctor_06,30,BM-015,20260810,reader_round2_freeze_20260810,2026-08-10T03:43:20Z
Doctor_06,31,CASE-014,20260810,reader_round2_freeze_20260810,2026-08-10T03:43:20Z
Doctor_06,32,CASE-033,20260810,reader_round2_freeze_20260810,2026-08-10T03:43:20Z
Doctor_06,33,BM-006,20260810,reader_round2_freeze_20260810,2026-08-10T03:43:20Z
Doctor_06,34,CASE-097,20260810,reader_round2_freeze_20260810,2026-08-10T03:43:20Z
Doctor_06,35,BM-016,20260810,reader_round2_freeze_20260810,2026-08-10T03:43:20Z
Doctor_06,36,BM-019,20260810,reader_round2_freeze_20260810,2026-08-10T03:43:20Z
Doctor_06,37,CASE-023,20260810,reader_round2_freeze_20260810,2026-08-10T03:43:20Z
Doctor_06,38,BM-035,20260810,reader_round2_freeze_20260810,2026-08-10T03:43:20Z
Doctor_06,39,BM-009,20260810,reader_round2_freeze_20260810,2026-08-10T03:43:20Z
Doctor_06,40,CASE-022,20260810,reader_round2_freeze_20260810,2026-08-10T03:43:20Z
Doctor_06,41,CASE-011,20260810,reader_round2_freeze_20260810,2026-08-10T03:43:20Z
Doctor_06,42,CASE-094,20260810,reader_round2_freeze_20260810,2026-08-10T03:43:20Z
Doctor_06,43,CASE-032,20260810,reader_round2_freeze_20260810,2026-08-10T03:43:20Z
Doctor_06,44,BM-030,20260810,reader_round2_freeze_20260810,2026-08-10T03:43:20Z
Doctor_06,45,CASE-039,20260810,reader_round2_freeze_20260810,2026-08-10T03:43:20Z
Doctor_06,46,BM-026,20260810,reader_round2_freeze_20260810,2026-08-10T03:43:20Z
Doctor_06,47,BM-022,20260810,reader_round2_freeze_20260810,2026-08-10T03:43:20Z
Doctor_06,48,CASE-028,20260810,reader_round2_freeze_20260810,2026-08-10T03:43:20Z
Doctor_06,49,CASE-050,20260810,reader_round2_freeze_20260810,2026-08-10T03:43:20Z
Doctor_06,50,CASE-003,20260810,reader_round2_freeze_20260810,2026-08-10T03:43:20Z
Doctor_06,51,CASE-081,20260810,reader_round2_freeze_20260810,2026-08-10T03:43:20Z
Doctor_06,52,CASE-013,20260810,reader_round2_freeze_20260810,2026-08-10T03:43:20Z
Doctor_06,53,CASE-093,20260810,reader_round2_freeze_20260810,2026-08-10T03:43:20Z
Doctor_06,54,CASE-015,20260810,reader_round2_freeze_20260810,2026-08-10T03:43:20Z
Doctor_06,55,BM-050,20260810,reader_round2_freeze_20260810,2026-08-10T03:43:20Z
Doctor_06,56,CASE-002,20260810,reader_round2_freeze_20260810,2026-08-10T03:43:20Z
Doctor_06,57,BM-033,20260810,reader_round2_freeze_20260810,2026-08-10T03:43:20Z
Doctor_06,58,CASE-076,20260810,reader_round2_freeze_20260810,2026-08-10T03:43:20Z
Doctor_06,59,CASE-026,20260810,reader_round2_freeze_20260810,2026-08-10T03:43:20Z
Doctor_06,60,CASE-031,20260810,reader_round2_freeze_20260810,2026-08-10T03:43:20Z
Doctor_06,61,BM-012,20260810,reader_round2_freeze_20260810,2026-08-10T03:43:20Z
Doctor_06,62,BM-023,20260810,reader_round2_freeze_20260810,2026-08-10T03:43:20Z
Doctor_06,63,CASE-096,20260810,reader_round2_freeze_20260810,2026-08-10T03:43:20Z
Doctor_06,64,CASE-085,20260810,reader_round2_freeze_20260810,2026-08-10T03:43:20Z
Doctor_06,65,CASE-057,20260810,reader_round2_freeze_20260810,2026-08-10T03:43:20Z
Doctor_06,66,CASE-068,20260810,reader_round2_freeze_20260810,2026-08-10T03:43:20Z
Doctor_06,67,BM-029,20260810,reader_round2_freeze_20260810,2026-08-10T03:43:20Z
Doctor_06,68,CASE-061,20260810,reader_round2_freeze_20260810,2026-08-10T03:43:20Z
Doctor_06,69,BM-027,20260810,reader_round2_freeze_20260810,2026-08-10T03:43:20Z
Doctor_06,70,BM-007,20260810,reader_round2_freeze_20260810,2026-08-10T03:43:20Z
Doctor_06,71,CASE-066,20260810,reader_round2_freeze_20260810,2026-08-10T03:43:20Z
Doctor_06,72,CASE-098,20260810,reader_round2_freeze_20260810,2026-08-10T03:43:20Z
Doctor_06,73,CASE-048,20260810,reader_round2_freeze_20260810,2026-08-10T03:43:20Z
Doctor_06,74,CASE-072,20260810,reader_round2_freeze_20260810,2026-08-10T03:43:20Z
Doctor_06,75,CASE-044,20260810,reader_round2_freeze_20260810,2026-08-10T03:43:20Z
Doctor_06,76,CASE-100,20260810,reader_round2_freeze_20260810,2026-08-10T03:43:20Z
Doctor_06,77,CASE-084,20260810,reader_round2_freeze_20260810,2026-08-10T03:43:20Z
Doctor_06,78,CASE-020,20260810,reader_round2_freeze_20260810,2026-08-10T03:43:20Z
Doctor_06,79,BM-037,20260810,reader_round2_freeze_20260810,2026-08-10T03:43:20Z
Doctor_06,80,CASE-034,20260810,reader_round2_freeze_20260810,2026-08-10T03:43:20Z
Doctor_06,81,CASE-019,20260810,reader_round2_freeze_20260810,2026-08-10T03:43:20Z
Doctor_06,82,CASE-087,20260810,reader_round2_freeze_20260810,2026-08-10T03:43:20Z
Doctor_06,83,CASE-082,20260810,reader_round2_freeze_20260810,2026-08-10T03:43:20Z
Doctor_06,84,CASE-051,20260810,reader_round2_freeze_20260810,2026-08-10T03:43:20Z
Doctor_06,85,BM-031,20260810,reader_round2_freeze_20260810,2026-08-10T03:43:20Z
Doctor_06,86,CASE-067,20260810,reader_round2_freeze_20260810,2026-08-10T03:43:20Z
Doctor_06,87,CASE-038,20260810,reader_round2_freeze_20260810,2026-08-10T03:43:20Z
Doctor_06,88,CASE-077,20260810,reader_round2_freeze_20260810,2026-08-10T03:43:20Z
Doctor_06,89,BM-038,20260810,reader_round2_freeze_20260810,2026-08-10T03:43:20Z
Doctor_06,90,CASE-083,20260810,reader_round2_freeze_20260810,2026-08-10T03:43:20Z
Doctor_06,91,CASE-058,20260810,reader_round2_freeze_20260810,2026-08-10T03:43:20Z
Doctor_06,92,CASE-056,20260810,reader_round2_freeze_20260810,2026-08-10T03:43:20Z
Doctor_06,93,CASE-006,20260810,reader_round2_freeze_20260810,2026-08-10T03:43:20Z
Doctor_06,94,CASE-016,20260810,reader_round2_freeze_20260810,2026-08-10T03:43:20Z
Doctor_06,95,CASE-071,20260810,reader_round2_freeze_20260810,2026-08-10T03:43:20Z
Doctor_06,96,BM-024,20260810,reader_round2_freeze_20260810,2026-08-10T03:43:20Z
Doctor_06,97,BM-043,20260810,reader_round2_freeze_20260810,2026-08-10T03:43:20Z
Doctor_06,98,BM-001,20260810,reader_round2_freeze_20260810,2026-08-10T03:43:20Z
Doctor_06,99,BM-025,20260810,reader_round2_freeze_20260810,2026-08-10T03:43:20Z
Doctor_06,100,BM-011,20260810,reader_round2_freeze_20260810,2026-08-10T03:43:20Z
Doctor_06,101,CASE-042,20260810,reader_round2_freeze_20260810,2026-08-10T03:43:20Z
Doctor_06,102,CASE-095,20260810,reader_round2_freeze_20260810,2026-08-10T03:43:20Z
Doctor_06,103,CASE-030,20260810,reader_round2_freeze_20260810,2026-08-10T03:43:20Z
Doctor_06,104,CASE-035,20260810,reader_round2_freeze_20260810,2026-08-10T03:43:20Z
Doctor_06,105,BM-017,20260810,reader_round2_freeze_20260810,2026-08-10T03:43:20Z
Doctor_06,106,BM-041,20260810,reader_round2_freeze_20260810,2026-08-10T03:43:20Z
Doctor_06,107,BM-048,20260810,reader_round2_freeze_20260810,2026-08-10T03:43:20Z
Doctor_06,108,CASE-073,20260810,reader_round2_freeze_20260810,2026-08-10T03:43:20Z
Doctor_06,109,CASE-037,20260810,reader_round2_freeze_20260810,2026-08-10T03:43:20Z
Doctor_06,110,BM-021,20260810,reader_round2_freeze_20260810,2026-08-10T03:43:20Z
Doctor_06,111,BM-020,20260810,reader_round2_freeze_20260810,2026-08-10T03:43:20Z
Doctor_06,112,CASE-040,20260810,reader_round2_freeze_20260810,2026-08-10T03:43:20Z
Doctor_06,113,CASE-046,20260810,reader_round2_freeze_20260810,2026-08-10T03:43:20Z
Doctor_06,114,BM-008,20260810,reader_round2_freeze_20260810,2026-08-10T03:43:20Z
Doctor_06,115,CASE-009,20260810,reader_round2_freeze_20260810,2026-08-10T03:43:20Z
Doctor_06,116,CASE-021,20260810,reader_round2_freeze_20260810,2026-08-10T03:43:20Z
Doctor_06,117,BM-028,20260810,reader_round2_freeze_20260810,2026-08-10T03:43:20Z
Doctor_06,118,BM-004,20260810,reader_round2_freeze_20260810,2026-08-10T03:43:20Z
Doctor_06,119,BM-032,20260810,reader_round2_freeze_20260810,2026-08-10T03:43:20Z
Doctor_06,120,BM-005,20260810,reader_round2_freeze_20260810,2026-08-10T03:43:20Z
Doctor_06,121,CASE-018,20260810,reader_round2_freeze_20260810,2026-08-10T03:43:20Z
Doctor_06,122,CASE-091,20260810,reader_round2_freeze_20260810,2026-08-10T03:43:20Z
Doctor_06,123,CASE-078,20260810,reader_round2_freeze_20260810,2026-08-10T03:43:20Z
Doctor_06,124,CASE-090,20260810,reader_round2_freeze_20260810,2026-08-10T03:43:20Z
Doctor_06,125,CASE-010,20260810,reader_round2_freeze_20260810,2026-08-10T03:43:20Z
Doctor_06,126,BM-044,20260810,reader_round2_freeze_20260810,2026-08-10T03:43:20Z
Doctor_06,127,BM-010,20260810,reader_round2_freeze_20260810,2026-08-10T03:43:20Z
Doctor_06,128,BM-039,20260810,reader_round2_freeze_20260810,2026-08-10T03:43:20Z
Doctor_06,129,CASE-080,20260810,reader_round2_freeze_20260810,2026-08-10T03:43:20Z
Doctor_06,130,BM-036,20260810,reader_round2_freeze_20260810,2026-08-10T03:43:20Z
Doctor_06,131,BM-045,20260810,reader_round2_freeze_20260810,2026-08-10T03:43:20Z
Doctor_06,132,CASE-099,20260810,reader_round2_freeze_20260810,2026-08-10T03:43:20Z
Doctor_06,133,CASE-004,20260810,reader_round2_freeze_20260810,2026-08-10T03:43:20Z
Doctor_06,134,CASE-062,20260810,reader_round2_freeze_20260810,2026-08-10T03:43:20Z
Doctor_06,135,CASE-047,20260810,reader_round2_freeze_20260810,2026-08-10T03:43:20Z
Doctor_06,136,CASE-008,20260810,reader_round2_freeze_20260810,2026-08-10T03:43:20Z
Doctor_06,137,CASE-055,20260810,reader_round2_freeze_20260810,2026-08-10T03:43:20Z
Doctor_06,138,BM-042,20260810,reader_round2_freeze_20260810,2026-08-10T03:43:20Z
Doctor_06,139,CASE-070,20260810,reader_round2_freeze_20260810,2026-08-10T03:43:20Z
Doctor_06,140,CASE-064,20260810,reader_round2_freeze_20260810,2026-08-10T03:43:20Z
Doctor_06,141,BM-018,20260810,reader_round2_freeze_20260810,2026-08-10T03:43:20Z
Doctor_06,142,CASE-049,20260810,reader_round2_freeze_20260810,2026-08-10T03:43:20Z
Doctor_06,143,CASE-025,20260810,reader_round2_freeze_20260810,2026-08-10T03:43:20Z
Doctor_06,144,CASE-092,20260810,reader_round2_freeze_20260810,2026-08-10T03:43:20Z
Doctor_06,145,CASE-036,20260810,reader_round2_freeze_20260810,2026-08-10T03:43:20Z
Doctor_06,146,BM-040,20260810,reader_round2_freeze_20260810,2026-08-10T03:43:20Z
Doctor_06,147,CASE-027,20260810,reader_round2_freeze_20260810,2026-08-10T03:43:20Z
Doctor_06,148,CASE-005,20260810,reader_round2_freeze_20260810,2026-08-10T03:43:20Z
Doctor_06,149,CASE-059,20260810,reader_round2_freeze_20260810,2026-08-10T03:43:20Z
Doctor_06,150,CASE-060,20260810,reader_round2_freeze_20260810,2026-08-10T03:43:20Z
Doctor_07,1,CASE-098,20260810,reader_round2_freeze_20260810,2026-08-10T03:43:20Z
Doctor_07,2,BM-005,20260810,reader_round2_freeze_20260810,2026-08-10T03:43:20Z
Doctor_07,3,CASE-080,20260810,reader_round2_freeze_20260810,2026-08-10T03:43:20Z
Doctor_07,4,BM-009,20260810,reader_round2_freeze_20260810,2026-08-10T03:43:20Z
Doctor_07,5,CASE-074,20260810,reader_round2_freeze_20260810,2026-08-10T03:43:20Z
Doctor_07,6,CASE-035,20260810,reader_round2_freeze_20260810,2026-08-10T03:43:20Z
Doctor_07,7,CASE-034,20260810,reader_round2_freeze_20260810,2026-08-10T03:43:20Z
Doctor_07,8,CASE-067,20260810,reader_round2_freeze_20260810,2026-08-10T03:43:20Z
Doctor_07,9,CASE-083,20260810,reader_round2_freeze_20260810,2026-08-10T03:43:20Z
Doctor_07,10,CASE-081,20260810,reader_round2_freeze_20260810,2026-08-10T03:43:20Z
Doctor_07,11,CASE-021,20260810,reader_round2_freeze_20260810,2026-08-10T03:43:20Z
Doctor_07,12,CASE-007,20260810,reader_round2_freeze_20260810,2026-08-10T03:43:20Z
Doctor_07,13,CASE-032,20260810,reader_round2_freeze_20260810,2026-08-10T03:43:20Z
Doctor_07,14,CASE-085,20260810,reader_round2_freeze_20260810,2026-08-10T03:43:20Z
Doctor_07,15,BM-010,20260810,reader_round2_freeze_20260810,2026-08-10T03:43:20Z
Doctor_07,16,BM-007,20260810,reader_round2_freeze_20260810,2026-08-10T03:43:20Z
Doctor_07,17,CASE-054,20260810,reader_round2_freeze_20260810,2026-08-10T03:43:20Z
Doctor_07,18,CASE-073,20260810,reader_round2_freeze_20260810,2026-08-10T03:43:20Z
Doctor_07,19,BM-046,20260810,reader_round2_freeze_20260810,2026-08-10T03:43:20Z
Doctor_07,20,CASE-057,20260810,reader_round2_freeze_20260810,2026-08-10T03:43:20Z
Doctor_07,21,CASE-049,20260810,reader_round2_freeze_20260810,2026-08-10T03:43:20Z
Doctor_07,22,CASE-089,20260810,reader_round2_freeze_20260810,2026-08-10T03:43:20Z
Doctor_07,23,CASE-001,20260810,reader_round2_freeze_20260810,2026-08-10T03:43:20Z
Doctor_07,24,CASE-056,20260810,reader_round2_freeze_20260810,2026-08-10T03:43:20Z
Doctor_07,25,BM-008,20260810,reader_round2_freeze_20260810,2026-08-10T03:43:20Z
Doctor_07,26,CASE-091,20260810,reader_round2_freeze_20260810,2026-08-10T03:43:20Z
Doctor_07,27,CASE-084,20260810,reader_round2_freeze_20260810,2026-08-10T03:43:20Z
Doctor_07,28,CASE-046,20260810,reader_round2_freeze_20260810,2026-08-10T03:43:20Z
Doctor_07,29,BM-012,20260810,reader_round2_freeze_20260810,2026-08-10T03:43:20Z
Doctor_07,30,CASE-082,20260810,reader_round2_freeze_20260810,2026-08-10T03:43:20Z
Doctor_07,31,BM-023,20260810,reader_round2_freeze_20260810,2026-08-10T03:43:20Z
Doctor_07,32,CASE-076,20260810,reader_round2_freeze_20260810,2026-08-10T03:43:20Z
Doctor_07,33,BM-038,20260810,reader_round2_freeze_20260810,2026-08-10T03:43:20Z
Doctor_07,34,BM-050,20260810,reader_round2_freeze_20260810,2026-08-10T03:43:20Z
Doctor_07,35,CASE-024,20260810,reader_round2_freeze_20260810,2026-08-10T03:43:20Z
Doctor_07,36,CASE-069,20260810,reader_round2_freeze_20260810,2026-08-10T03:43:20Z
Doctor_07,37,CASE-093,20260810,reader_round2_freeze_20260810,2026-08-10T03:43:20Z
Doctor_07,38,BM-041,20260810,reader_round2_freeze_20260810,2026-08-10T03:43:20Z
Doctor_07,39,CASE-008,20260810,reader_round2_freeze_20260810,2026-08-10T03:43:20Z
Doctor_07,40,CASE-003,20260810,reader_round2_freeze_20260810,2026-08-10T03:43:20Z
Doctor_07,41,CASE-061,20260810,reader_round2_freeze_20260810,2026-08-10T03:43:20Z
Doctor_07,42,CASE-072,20260810,reader_round2_freeze_20260810,2026-08-10T03:43:20Z
Doctor_07,43,CASE-055,20260810,reader_round2_freeze_20260810,2026-08-10T03:43:20Z
Doctor_07,44,CASE-047,20260810,reader_round2_freeze_20260810,2026-08-10T03:43:20Z
Doctor_07,45,BM-019,20260810,reader_round2_freeze_20260810,2026-08-10T03:43:20Z
Doctor_07,46,BM-022,20260810,reader_round2_freeze_20260810,2026-08-10T03:43:20Z
Doctor_07,47,CASE-025,20260810,reader_round2_freeze_20260810,2026-08-10T03:43:20Z
Doctor_07,48,BM-047,20260810,reader_round2_freeze_20260810,2026-08-10T03:43:20Z
Doctor_07,49,CASE-088,20260810,reader_round2_freeze_20260810,2026-08-10T03:43:20Z
Doctor_07,50,BM-006,20260810,reader_round2_freeze_20260810,2026-08-10T03:43:20Z
Doctor_07,51,CASE-065,20260810,reader_round2_freeze_20260810,2026-08-10T03:43:20Z
Doctor_07,52,CASE-006,20260810,reader_round2_freeze_20260810,2026-08-10T03:43:20Z
Doctor_07,53,CASE-051,20260810,reader_round2_freeze_20260810,2026-08-10T03:43:20Z
Doctor_07,54,CASE-058,20260810,reader_round2_freeze_20260810,2026-08-10T03:43:20Z
Doctor_07,55,CASE-028,20260810,reader_round2_freeze_20260810,2026-08-10T03:43:20Z
Doctor_07,56,CASE-029,20260810,reader_round2_freeze_20260810,2026-08-10T03:43:20Z
Doctor_07,57,BM-040,20260810,reader_round2_freeze_20260810,2026-08-10T03:43:20Z
Doctor_07,58,CASE-017,20260810,reader_round2_freeze_20260810,2026-08-10T03:43:20Z
Doctor_07,59,CASE-043,20260810,reader_round2_freeze_20260810,2026-08-10T03:43:20Z
Doctor_07,60,CASE-070,20260810,reader_round2_freeze_20260810,2026-08-10T03:43:20Z
Doctor_07,61,CASE-016,20260810,reader_round2_freeze_20260810,2026-08-10T03:43:20Z
Doctor_07,62,CASE-063,20260810,reader_round2_freeze_20260810,2026-08-10T03:43:20Z
Doctor_07,63,CASE-048,20260810,reader_round2_freeze_20260810,2026-08-10T03:43:20Z
Doctor_07,64,CASE-092,20260810,reader_round2_freeze_20260810,2026-08-10T03:43:20Z
Doctor_07,65,CASE-095,20260810,reader_round2_freeze_20260810,2026-08-10T03:43:20Z
Doctor_07,66,BM-048,20260810,reader_round2_freeze_20260810,2026-08-10T03:43:20Z
Doctor_07,67,CASE-042,20260810,reader_round2_freeze_20260810,2026-08-10T03:43:20Z
Doctor_07,68,CASE-033,20260810,reader_round2_freeze_20260810,2026-08-10T03:43:20Z
Doctor_07,69,BM-016,20260810,reader_round2_freeze_20260810,2026-08-10T03:43:20Z
Doctor_07,70,BM-002,20260810,reader_round2_freeze_20260810,2026-08-10T03:43:20Z
Doctor_07,71,CASE-052,20260810,reader_round2_freeze_20260810,2026-08-10T03:43:20Z
Doctor_07,72,CASE-079,20260810,reader_round2_freeze_20260810,2026-08-10T03:43:20Z
Doctor_07,73,CASE-020,20260810,reader_round2_freeze_20260810,2026-08-10T03:43:20Z
Doctor_07,74,CASE-050,20260810,reader_round2_freeze_20260810,2026-08-10T03:43:20Z
Doctor_07,75,CASE-066,20260810,reader_round2_freeze_20260810,2026-08-10T03:43:20Z
Doctor_07,76,BM-017,20260810,reader_round2_freeze_20260810,2026-08-10T03:43:20Z
Doctor_07,77,CASE-064,20260810,reader_round2_freeze_20260810,2026-08-10T03:43:20Z
Doctor_07,78,CASE-012,20260810,reader_round2_freeze_20260810,2026-08-10T03:43:20Z
Doctor_07,79,BM-015,20260810,reader_round2_freeze_20260810,2026-08-10T03:43:20Z
Doctor_07,80,BM-044,20260810,reader_round2_freeze_20260810,2026-08-10T03:43:20Z
Doctor_07,81,BM-026,20260810,reader_round2_freeze_20260810,2026-08-10T03:43:20Z
Doctor_07,82,CASE-097,20260810,reader_round2_freeze_20260810,2026-08-10T03:43:20Z
Doctor_07,83,CASE-038,20260810,reader_round2_freeze_20260810,2026-08-10T03:43:20Z
Doctor_07,84,BM-024,20260810,reader_round2_freeze_20260810,2026-08-10T03:43:20Z
Doctor_07,85,CASE-053,20260810,reader_round2_freeze_20260810,2026-08-10T03:43:20Z
Doctor_07,86,CASE-059,20260810,reader_round2_freeze_20260810,2026-08-10T03:43:20Z
Doctor_07,87,BM-018,20260810,reader_round2_freeze_20260810,2026-08-10T03:43:20Z
Doctor_07,88,CASE-040,20260810,reader_round2_freeze_20260810,2026-08-10T03:43:20Z
Doctor_07,89,CASE-071,20260810,reader_round2_freeze_20260810,2026-08-10T03:43:20Z
Doctor_07,90,BM-030,20260810,reader_round2_freeze_20260810,2026-08-10T03:43:20Z
Doctor_07,91,BM-025,20260810,reader_round2_freeze_20260810,2026-08-10T03:43:20Z
Doctor_07,92,BM-045,20260810,reader_round2_freeze_20260810,2026-08-10T03:43:20Z
Doctor_07,93,CASE-044,20260810,reader_round2_freeze_20260810,2026-08-10T03:43:20Z
Doctor_07,94,CASE-037,20260810,reader_round2_freeze_20260810,2026-08-10T03:43:20Z
Doctor_07,95,BM-003,20260810,reader_round2_freeze_20260810,2026-08-10T03:43:20Z
Doctor_07,96,CASE-062,20260810,reader_round2_freeze_20260810,2026-08-10T03:43:20Z
Doctor_07,97,CASE-096,20260810,reader_round2_freeze_20260810,2026-08-10T03:43:20Z
Doctor_07,98,CASE-022,20260810,reader_round2_freeze_20260810,2026-08-10T03:43:20Z
Doctor_07,99,CASE-031,20260810,reader_round2_freeze_20260810,2026-08-10T03:43:20Z
Doctor_07,100,BM-004,20260810,reader_round2_freeze_20260810,2026-08-10T03:43:20Z
Doctor_07,101,CASE-023,20260810,reader_round2_freeze_20260810,2026-08-10T03:43:20Z
Doctor_07,102,BM-001,20260810,reader_round2_freeze_20260810,2026-08-10T03:43:20Z
Doctor_07,103,BM-032,20260810,reader_round2_freeze_20260810,2026-08-10T03:43:20Z
Doctor_07,104,CASE-041,20260810,reader_round2_freeze_20260810,2026-08-10T03:43:20Z
Doctor_07,105,CASE-036,20260810,reader_round2_freeze_20260810,2026-08-10T03:43:20Z
Doctor_07,106,CASE-002,20260810,reader_round2_freeze_20260810,2026-08-10T03:43:20Z
Doctor_07,107,CASE-018,20260810,reader_round2_freeze_20260810,2026-08-10T03:43:20Z
Doctor_07,108,BM-042,20260810,reader_round2_freeze_20260810,2026-08-10T03:43:20Z
Doctor_07,109,CASE-075,20260810,reader_round2_freeze_20260810,2026-08-10T03:43:20Z
Doctor_07,110,CASE-013,20260810,reader_round2_freeze_20260810,2026-08-10T03:43:20Z
Doctor_07,111,BM-027,20260810,reader_round2_freeze_20260810,2026-08-10T03:43:20Z
Doctor_07,112,CASE-005,20260810,reader_round2_freeze_20260810,2026-08-10T03:43:20Z
Doctor_07,113,CASE-068,20260810,reader_round2_freeze_20260810,2026-08-10T03:43:20Z
Doctor_07,114,CASE-009,20260810,reader_round2_freeze_20260810,2026-08-10T03:43:20Z
Doctor_07,115,BM-039,20260810,reader_round2_freeze_20260810,2026-08-10T03:43:20Z
Doctor_07,116,BM-037,20260810,reader_round2_freeze_20260810,2026-08-10T03:43:20Z
Doctor_07,117,CASE-100,20260810,reader_round2_freeze_20260810,2026-08-10T03:43:20Z
Doctor_07,118,BM-035,20260810,reader_round2_freeze_20260810,2026-08-10T03:43:20Z
Doctor_07,119,CASE-011,20260810,reader_round2_freeze_20260810,2026-08-10T03:43:20Z
Doctor_07,120,BM-031,20260810,reader_round2_freeze_20260810,2026-08-10T03:43:20Z
Doctor_07,121,CASE-090,20260810,reader_round2_freeze_20260810,2026-08-10T03:43:20Z
Doctor_07,122,CASE-060,20260810,reader_round2_freeze_20260810,2026-08-10T03:43:20Z
Doctor_07,123,CASE-087,20260810,reader_round2_freeze_20260810,2026-08-10T03:43:20Z
Doctor_07,124,CASE-010,20260810,reader_round2_freeze_20260810,2026-08-10T03:43:20Z
Doctor_07,125,BM-029,20260810,reader_round2_freeze_20260810,2026-08-10T03:43:20Z
Doctor_07,126,CASE-019,20260810,reader_round2_freeze_20260810,2026-08-10T03:43:20Z
Doctor_07,127,BM-034,20260810,reader_round2_freeze_20260810,2026-08-10T03:43:20Z
Doctor_07,128,CASE-014,20260810,reader_round2_freeze_20260810,2026-08-10T03:43:20Z
Doctor_07,129,BM-043,20260810,reader_round2_freeze_20260810,2026-08-10T03:43:20Z
Doctor_07,130,CASE-030,20260810,reader_round2_freeze_20260810,2026-08-10T03:43:20Z
Doctor_07,131,CASE-039,20260810,reader_round2_freeze_20260810,2026-08-10T03:43:20Z
Doctor_07,132,BM-028,20260810,reader_round2_freeze_20260810,2026-08-10T03:43:20Z
Doctor_07,133,CASE-015,20260810,reader_round2_freeze_20260810,2026-08-10T03:43:20Z
Doctor_07,134,BM-020,20260810,reader_round2_freeze_20260810,2026-08-10T03:43:20Z
Doctor_07,135,BM-013,20260810,reader_round2_freeze_20260810,2026-08-10T03:43:20Z
Doctor_07,136,BM-021,20260810,reader_round2_freeze_20260810,2026-08-10T03:43:20Z
Doctor_07,137,CASE-004,20260810,reader_round2_freeze_20260810,2026-08-10T03:43:20Z
Doctor_07,138,CASE-078,20260810,reader_round2_freeze_20260810,2026-08-10T03:43:20Z
Doctor_07,139,BM-049,20260810,reader_round2_freeze_20260810,2026-08-10T03:43:20Z
Doctor_07,140,CASE-027,20260810,reader_round2_freeze_20260810,2026-08-10T03:43:20Z
Doctor_07,141,CASE-086,20260810,reader_round2_freeze_20260810,2026-08-10T03:43:20Z
Doctor_07,142,BM-011,20260810,reader_round2_freeze_20260810,2026-08-10T03:43:20Z
Doctor_07,143,CASE-099,20260810,reader_round2_freeze_20260810,2026-08-10T03:43:20Z
Doctor_07,144,BM-036,20260810,reader_round2_freeze_20260810,2026-08-10T03:43:20Z
Doctor_07,145,CASE-094,20260810,reader_round2_freeze_20260810,2026-08-10T03:43:20Z
Doctor_07,146,CASE-077,20260810,reader_round2_freeze_20260810,2026-08-10T03:43:20Z
Doctor_07,147,BM-033,20260810,reader_round2_freeze_20260810,2026-08-10T03:43:20Z
Doctor_07,148,BM-014,20260810,reader_round2_freeze_20260810,2026-08-10T03:43:20Z
Doctor_07,149,CASE-026,20260810,reader_round2_freeze_20260810,2026-08-10T03:43:20Z
Doctor_07,150,CASE-045,20260810,reader_round2_freeze_20260810,2026-08-10T03:43:20Z
Doctor_08,1,BM-027,20260810,reader_round2_freeze_20260810,2026-08-10T03:43:20Z
Doctor_08,2,BM-039,20260810,reader_round2_freeze_20260810,2026-08-10T03:43:20Z
Doctor_08,3,BM-009,20260810,reader_round2_freeze_20260810,2026-08-10T03:43:20Z
Doctor_08,4,CASE-081,20260810,reader_round2_freeze_20260810,2026-08-10T03:43:20Z
Doctor_08,5,CASE-004,20260810,reader_round2_freeze_20260810,2026-08-10T03:43:20Z
Doctor_08,6,CASE-003,20260810,reader_round2_freeze_20260810,2026-08-10T03:43:20Z
Doctor_08,7,CASE-068,20260810,reader_round2_freeze_20260810,2026-08-10T03:43:20Z
Doctor_08,8,CASE-029,20260810,reader_round2_freeze_20260810,2026-08-10T03:43:20Z
Doctor_08,9,CASE-024,20260810,reader_round2_freeze_20260810,2026-08-10T03:43:20Z
Doctor_08,10,BM-050,20260810,reader_round2_freeze_20260810,2026-08-10T03:43:20Z
Doctor_08,11,CASE-047,20260810,reader_round2_freeze_20260810,2026-08-10T03:43:20Z
Doctor_08,12,CASE-010,20260810,reader_round2_freeze_20260810,2026-08-10T03:43:20Z
Doctor_08,13,CASE-056,20260810,reader_round2_freeze_20260810,2026-08-10T03:43:20Z
Doctor_08,14,CASE-054,20260810,reader_round2_freeze_20260810,2026-08-10T03:43:20Z
Doctor_08,15,BM-019,20260810,reader_round2_freeze_20260810,2026-08-10T03:43:20Z
Doctor_08,16,BM-036,20260810,reader_round2_freeze_20260810,2026-08-10T03:43:20Z
Doctor_08,17,BM-047,20260810,reader_round2_freeze_20260810,2026-08-10T03:43:20Z
Doctor_08,18,CASE-038,20260810,reader_round2_freeze_20260810,2026-08-10T03:43:20Z
Doctor_08,19,BM-013,20260810,reader_round2_freeze_20260810,2026-08-10T03:43:20Z
Doctor_08,20,CASE-027,20260810,reader_round2_freeze_20260810,2026-08-10T03:43:20Z
Doctor_08,21,CASE-085,20260810,reader_round2_freeze_20260810,2026-08-10T03:43:20Z
Doctor_08,22,CASE-096,20260810,reader_round2_freeze_20260810,2026-08-10T03:43:20Z
Doctor_08,23,CASE-009,20260810,reader_round2_freeze_20260810,2026-08-10T03:43:20Z
Doctor_08,24,CASE-066,20260810,reader_round2_freeze_20260810,2026-08-10T03:43:20Z
Doctor_08,25,CASE-090,20260810,reader_round2_freeze_20260810,2026-08-10T03:43:20Z
Doctor_08,26,BM-046,20260810,reader_round2_freeze_20260810,2026-08-10T03:43:20Z
Doctor_08,27,CASE-018,20260810,reader_round2_freeze_20260810,2026-08-10T03:43:20Z
Doctor_08,28,CASE-079,20260810,reader_round2_freeze_20260810,2026-08-10T03:43:20Z
Doctor_08,29,CASE-007,20260810,reader_round2_freeze_20260810,2026-08-10T03:43:20Z
Doctor_08,30,CASE-020,20260810,reader_round2_freeze_20260810,2026-08-10T03:43:20Z
Doctor_08,31,CASE-042,20260810,reader_round2_freeze_20260810,2026-08-10T03:43:20Z
Doctor_08,32,CASE-061,20260810,reader_round2_freeze_20260810,2026-08-10T03:43:20Z
Doctor_08,33,CASE-100,20260810,reader_round2_freeze_20260810,2026-08-10T03:43:20Z
Doctor_08,34,CASE-092,20260810,reader_round2_freeze_20260810,2026-08-10T03:43:20Z
Doctor_08,35,CASE-095,20260810,reader_round2_freeze_20260810,2026-08-10T03:43:20Z
Doctor_08,36,CASE-028,20260810,reader_round2_freeze_20260810,2026-08-10T03:43:20Z
Doctor_08,37,CASE-001,20260810,reader_round2_freeze_20260810,2026-08-10T03:43:20Z
Doctor_08,38,BM-034,20260810,reader_round2_freeze_20260810,2026-08-10T03:43:20Z
Doctor_08,39,CASE-012,20260810,reader_round2_freeze_20260810,2026-08-10T03:43:20Z
Doctor_08,40,CASE-062,20260810,reader_round2_freeze_20260810,2026-08-10T03:43:20Z
Doctor_08,41,CASE-014,20260810,reader_round2_freeze_20260810,2026-08-10T03:43:20Z
Doctor_08,42,CASE-098,20260810,reader_round2_freeze_20260810,2026-08-10T03:43:20Z
Doctor_08,43,CASE-048,20260810,reader_round2_freeze_20260810,2026-08-10T03:43:20Z
Doctor_08,44,CASE-058,20260810,reader_round2_freeze_20260810,2026-08-10T03:43:20Z
Doctor_08,45,BM-044,20260810,reader_round2_freeze_20260810,2026-08-10T03:43:20Z
Doctor_08,46,BM-026,20260810,reader_round2_freeze_20260810,2026-08-10T03:43:20Z
Doctor_08,47,CASE-069,20260810,reader_round2_freeze_20260810,2026-08-10T03:43:20Z
Doctor_08,48,BM-048,20260810,reader_round2_freeze_20260810,2026-08-10T03:43:20Z
Doctor_08,49,BM-020,20260810,reader_round2_freeze_20260810,2026-08-10T03:43:20Z
Doctor_08,50,CASE-086,20260810,reader_round2_freeze_20260810,2026-08-10T03:43:20Z
Doctor_08,51,CASE-017,20260810,reader_round2_freeze_20260810,2026-08-10T03:43:20Z
Doctor_08,52,CASE-006,20260810,reader_round2_freeze_20260810,2026-08-10T03:43:20Z
Doctor_08,53,BM-043,20260810,reader_round2_freeze_20260810,2026-08-10T03:43:20Z
Doctor_08,54,BM-008,20260810,reader_round2_freeze_20260810,2026-08-10T03:43:20Z
Doctor_08,55,BM-022,20260810,reader_round2_freeze_20260810,2026-08-10T03:43:20Z
Doctor_08,56,BM-035,20260810,reader_round2_freeze_20260810,2026-08-10T03:43:20Z
Doctor_08,57,CASE-071,20260810,reader_round2_freeze_20260810,2026-08-10T03:43:20Z
Doctor_08,58,BM-014,20260810,reader_round2_freeze_20260810,2026-08-10T03:43:20Z
Doctor_08,59,CASE-040,20260810,reader_round2_freeze_20260810,2026-08-10T03:43:20Z
Doctor_08,60,BM-032,20260810,reader_round2_freeze_20260810,2026-08-10T03:43:20Z
Doctor_08,61,BM-030,20260810,reader_round2_freeze_20260810,2026-08-10T03:43:20Z
Doctor_08,62,BM-033,20260810,reader_round2_freeze_20260810,2026-08-10T03:43:20Z
Doctor_08,63,CASE-002,20260810,reader_round2_freeze_20260810,2026-08-10T03:43:20Z
Doctor_08,64,BM-016,20260810,reader_round2_freeze_20260810,2026-08-10T03:43:20Z
Doctor_08,65,CASE-065,20260810,reader_round2_freeze_20260810,2026-08-10T03:43:20Z
Doctor_08,66,CASE-008,20260810,reader_round2_freeze_20260810,2026-08-10T03:43:20Z
Doctor_08,67,BM-012,20260810,reader_round2_freeze_20260810,2026-08-10T03:43:20Z
Doctor_08,68,CASE-039,20260810,reader_round2_freeze_20260810,2026-08-10T03:43:20Z
Doctor_08,69,CASE-019,20260810,reader_round2_freeze_20260810,2026-08-10T03:43:20Z
Doctor_08,70,CASE-036,20260810,reader_round2_freeze_20260810,2026-08-10T03:43:20Z
Doctor_08,71,CASE-060,20260810,reader_round2_freeze_20260810,2026-08-10T03:43:20Z
Doctor_08,72,CASE-064,20260810,reader_round2_freeze_20260810,2026-08-10T03:43:20Z
Doctor_08,73,CASE-053,20260810,reader_round2_freeze_20260810,2026-08-10T03:43:20Z
Doctor_08,74,CASE-011,20260810,reader_round2_freeze_20260810,2026-08-10T03:43:20Z
Doctor_08,75,CASE-021,20260810,reader_round2_freeze_20260810,2026-08-10T03:43:20Z
Doctor_08,76,BM-010,20260810,reader_round2_freeze_20260810,2026-08-10T03:43:20Z
Doctor_08,77,CASE-075,20260810,reader_round2_freeze_20260810,2026-08-10T03:43:20Z
Doctor_08,78,CASE-043,20260810,reader_round2_freeze_20260810,2026-08-10T03:43:20Z
Doctor_08,79,CASE-005,20260810,reader_round2_freeze_20260810,2026-08-10T03:43:20Z
Doctor_08,80,CASE-070,20260810,reader_round2_freeze_20260810,2026-08-10T03:43:20Z
Doctor_08,81,CASE-037,20260810,reader_round2_freeze_20260810,2026-08-10T03:43:20Z
Doctor_08,82,CASE-013,20260810,reader_round2_freeze_20260810,2026-08-10T03:43:20Z
Doctor_08,83,CASE-051,20260810,reader_round2_freeze_20260810,2026-08-10T03:43:20Z
Doctor_08,84,BM-028,20260810,reader_round2_freeze_20260810,2026-08-10T03:43:20Z
Doctor_08,85,CASE-078,20260810,reader_round2_freeze_20260810,2026-08-10T03:43:20Z
Doctor_08,86,BM-023,20260810,reader_round2_freeze_20260810,2026-08-10T03:43:20Z
Doctor_08,87,BM-029,20260810,reader_round2_freeze_20260810,2026-08-10T03:43:20Z
Doctor_08,88,CASE-059,20260810,reader_round2_freeze_20260810,2026-08-10T03:43:20Z
Doctor_08,89,BM-024,20260810,reader_round2_freeze_20260810,2026-08-10T03:43:20Z
Doctor_08,90,BM-017,20260810,reader_round2_freeze_20260810,2026-08-10T03:43:20Z
Doctor_08,91,CASE-033,20260810,reader_round2_freeze_20260810,2026-08-10T03:43:20Z
Doctor_08,92,BM-002,20260810,reader_round2_freeze_20260810,2026-08-10T03:43:20Z
Doctor_08,93,BM-045,20260810,reader_round2_freeze_20260810,2026-08-10T03:43:20Z
Doctor_08,94,CASE-057,20260810,reader_round2_freeze_20260810,2026-08-10T03:43:20Z
Doctor_08,95,BM-004,20260810,reader_round2_freeze_20260810,2026-08-10T03:43:20Z
Doctor_08,96,CASE-093,20260810,reader_round2_freeze_20260810,2026-08-10T03:43:20Z
Doctor_08,97,CASE-045,20260810,reader_round2_freeze_20260810,2026-08-10T03:43:20Z
Doctor_08,98,CASE-032,20260810,reader_round2_freeze_20260810,2026-08-10T03:43:20Z
Doctor_08,99,CASE-044,20260810,reader_round2_freeze_20260810,2026-08-10T03:43:20Z
Doctor_08,100,CASE-049,20260810,reader_round2_freeze_20260810,2026-08-10T03:43:20Z
Doctor_08,101,CASE-087,20260810,reader_round2_freeze_20260810,2026-08-10T03:43:20Z
Doctor_08,102,CASE-082,20260810,reader_round2_freeze_20260810,2026-08-10T03:43:20Z
Doctor_08,103,CASE-031,20260810,reader_round2_freeze_20260810,2026-08-10T03:43:20Z
Doctor_08,104,CASE-034,20260810,reader_round2_freeze_20260810,2026-08-10T03:43:20Z
Doctor_08,105,BM-003,20260810,reader_round2_freeze_20260810,2026-08-10T03:43:20Z
Doctor_08,106,CASE-094,20260810,reader_round2_freeze_20260810,2026-08-10T03:43:20Z
Doctor_08,107,CASE-050,20260810,reader_round2_freeze_20260810,2026-08-10T03:43:20Z
Doctor_08,108,CASE-016,20260810,reader_round2_freeze_20260810,2026-08-10T03:43:20Z
Doctor_08,109,CASE-022,20260810,reader_round2_freeze_20260810,2026-08-10T03:43:20Z
Doctor_08,110,BM-006,20260810,reader_round2_freeze_20260810,2026-08-10T03:43:20Z
Doctor_08,111,CASE-091,20260810,reader_round2_freeze_20260810,2026-08-10T03:43:20Z
Doctor_08,112,CASE-072,20260810,reader_round2_freeze_20260810,2026-08-10T03:43:20Z
Doctor_08,113,BM-001,20260810,reader_round2_freeze_20260810,2026-08-10T03:43:20Z
Doctor_08,114,BM-011,20260810,reader_round2_freeze_20260810,2026-08-10T03:43:20Z
Doctor_08,115,BM-031,20260810,reader_round2_freeze_20260810,2026-08-10T03:43:20Z
Doctor_08,116,CASE-067,20260810,reader_round2_freeze_20260810,2026-08-10T03:43:20Z
Doctor_08,117,CASE-097,20260810,reader_round2_freeze_20260810,2026-08-10T03:43:20Z
Doctor_08,118,BM-037,20260810,reader_round2_freeze_20260810,2026-08-10T03:43:20Z
Doctor_08,119,CASE-055,20260810,reader_round2_freeze_20260810,2026-08-10T03:43:20Z
Doctor_08,120,CASE-099,20260810,reader_round2_freeze_20260810,2026-08-10T03:43:20Z
Doctor_08,121,BM-025,20260810,reader_round2_freeze_20260810,2026-08-10T03:43:20Z
Doctor_08,122,CASE-041,20260810,reader_round2_freeze_20260810,2026-08-10T03:43:20Z
Doctor_08,123,BM-041,20260810,reader_round2_freeze_20260810,2026-08-10T03:43:20Z
Doctor_08,124,BM-018,20260810,reader_round2_freeze_20260810,2026-08-10T03:43:20Z
Doctor_08,125,CASE-084,20260810,reader_round2_freeze_20260810,2026-08-10T03:43:20Z
Doctor_08,126,BM-007,20260810,reader_round2_freeze_20260810,2026-08-10T03:43:20Z
Doctor_08,127,CASE-076,20260810,reader_round2_freeze_20260810,2026-08-10T03:43:20Z
Doctor_08,128,CASE-063,20260810,reader_round2_freeze_20260810,2026-08-10T03:43:20Z
Doctor_08,129,BM-042,20260810,reader_round2_freeze_20260810,2026-08-10T03:43:20Z
Doctor_08,130,CASE-077,20260810,reader_round2_freeze_20260810,2026-08-10T03:43:20Z
Doctor_08,131,BM-015,20260810,reader_round2_freeze_20260810,2026-08-10T03:43:20Z
Doctor_08,132,CASE-046,20260810,reader_round2_freeze_20260810,2026-08-10T03:43:20Z
Doctor_08,133,CASE-080,20260810,reader_round2_freeze_20260810,2026-08-10T03:43:20Z
Doctor_08,134,CASE-026,20260810,reader_round2_freeze_20260810,2026-08-10T03:43:20Z
Doctor_08,135,CASE-035,20260810,reader_round2_freeze_20260810,2026-08-10T03:43:20Z
Doctor_08,136,BM-021,20260810,reader_round2_freeze_20260810,2026-08-10T03:43:20Z
Doctor_08,137,CASE-089,20260810,reader_round2_freeze_20260810,2026-08-10T03:43:20Z
Doctor_08,138,BM-005,20260810,reader_round2_freeze_20260810,2026-08-10T03:43:20Z
Doctor_08,139,CASE-023,20260810,reader_round2_freeze_20260810,2026-08-10T03:43:20Z
Doctor_08,140,CASE-088,20260810,reader_round2_freeze_20260810,2026-08-10T03:43:20Z
Doctor_08,141,BM-040,20260810,reader_round2_freeze_20260810,2026-08-10T03:43:20Z
Doctor_08,142,CASE-074,20260810,reader_round2_freeze_20260810,2026-08-10T03:43:20Z
Doctor_08,143,CASE-030,20260810,reader_round2_freeze_20260810,2026-08-10T03:43:20Z
Doctor_08,144,CASE-073,20260810,reader_round2_freeze_20260810,2026-08-10T03:43:20Z
Doctor_08,145,CASE-015,20260810,reader_round2_freeze_20260810,2026-08-10T03:43:20Z
Doctor_08,146,CASE-083,20260810,reader_round2_freeze_20260810,2026-08-10T03:43:20Z
Doctor_08,147,CASE-025,20260810,reader_round2_freeze_20260810,2026-08-10T03:43:20Z
Doctor_08,148,CASE-052,20260810,reader_round2_freeze_20260810,2026-08-10T03:43:20Z
Doctor_08,149,BM-049,20260810,reader_round2_freeze_20260810,2026-08-10T03:43:20Z
Doctor_08,150,BM-038,20260810,reader_round2_freeze_20260810,2026-08-10T03:43:20Z
Doctor_09,1,BM-002,20260810,reader_round2_freeze_20260810,2026-08-10T03:43:20Z
Doctor_09,2,CASE-026,20260810,reader_round2_freeze_20260810,2026-08-10T03:43:20Z
Doctor_09,3,BM-034,20260810,reader_round2_freeze_20260810,2026-08-10T03:43:20Z
Doctor_09,4,CASE-009,20260810,reader_round2_freeze_20260810,2026-08-10T03:43:20Z
Doctor_09,5,CASE-088,20260810,reader_round2_freeze_20260810,2026-08-10T03:43:20Z
Doctor_09,6,CASE-087,20260810,reader_round2_freeze_20260810,2026-08-10T03:43:20Z
Doctor_09,7,CASE-005,20260810,reader_round2_freeze_20260810,2026-08-10T03:43:20Z
Doctor_09,8,BM-031,20260810,reader_round2_freeze_20260810,2026-08-10T03:43:20Z
Doctor_09,9,BM-029,20260810,reader_round2_freeze_20260810,2026-08-10T03:43:20Z
Doctor_09,10,BM-038,20260810,reader_round2_freeze_20260810,2026-08-10T03:43:20Z
Doctor_09,11,CASE-072,20260810,reader_round2_freeze_20260810,2026-08-10T03:43:20Z
Doctor_09,12,CASE-059,20260810,reader_round2_freeze_20260810,2026-08-10T03:43:20Z
Doctor_09,13,BM-017,20260810,reader_round2_freeze_20260810,2026-08-10T03:43:20Z
Doctor_09,14,CASE-074,20260810,reader_round2_freeze_20260810,2026-08-10T03:43:20Z
Doctor_09,15,BM-037,20260810,reader_round2_freeze_20260810,2026-08-10T03:43:20Z
Doctor_09,16,CASE-082,20260810,reader_round2_freeze_20260810,2026-08-10T03:43:20Z
Doctor_09,17,BM-032,20260810,reader_round2_freeze_20260810,2026-08-10T03:43:20Z
Doctor_09,18,CASE-013,20260810,reader_round2_freeze_20260810,2026-08-10T03:43:20Z
Doctor_09,19,CASE-058,20260810,reader_round2_freeze_20260810,2026-08-10T03:43:20Z
Doctor_09,20,CASE-035,20260810,reader_round2_freeze_20260810,2026-08-10T03:43:20Z
Doctor_09,21,CASE-032,20260810,reader_round2_freeze_20260810,2026-08-10T03:43:20Z
Doctor_09,22,BM-041,20260810,reader_round2_freeze_20260810,2026-08-10T03:43:20Z
Doctor_09,23,BM-003,20260810,reader_round2_freeze_20260810,2026-08-10T03:43:20Z
Doctor_09,24,CASE-081,20260810,reader_round2_freeze_20260810,2026-08-10T03:43:20Z
Doctor_09,25,CASE-066,20260810,reader_round2_freeze_20260810,2026-08-10T03:43:20Z
Doctor_09,26,BM-016,20260810,reader_round2_freeze_20260810,2026-08-10T03:43:20Z
Doctor_09,27,BM-020,20260810,reader_round2_freeze_20260810,2026-08-10T03:43:20Z
Doctor_09,28,BM-008,20260810,reader_round2_freeze_20260810,2026-08-10T03:43:20Z
Doctor_09,29,CASE-020,20260810,reader_round2_freeze_20260810,2026-08-10T03:43:20Z
Doctor_09,30,CASE-076,20260810,reader_round2_freeze_20260810,2026-08-10T03:43:20Z
Doctor_09,31,CASE-083,20260810,reader_round2_freeze_20260810,2026-08-10T03:43:20Z
Doctor_09,32,CASE-073,20260810,reader_round2_freeze_20260810,2026-08-10T03:43:20Z
Doctor_09,33,CASE-001,20260810,reader_round2_freeze_20260810,2026-08-10T03:43:20Z
Doctor_09,34,BM-028,20260810,reader_round2_freeze_20260810,2026-08-10T03:43:20Z
Doctor_09,35,CASE-070,20260810,reader_round2_freeze_20260810,2026-08-10T03:43:20Z
Doctor_09,36,BM-042,20260810,reader_round2_freeze_20260810,2026-08-10T03:43:20Z
Doctor_09,37,CASE-085,20260810,reader_round2_freeze_20260810,2026-08-10T03:43:20Z
Doctor_09,38,BM-014,20260810,reader_round2_freeze_20260810,2026-08-10T03:43:20Z
Doctor_09,39,CASE-038,20260810,reader_round2_freeze_20260810,2026-08-10T03:43:20Z
Doctor_09,40,CASE-079,20260810,reader_round2_freeze_20260810,2026-08-10T03:43:20Z
Doctor_09,41,CASE-017,20260810,reader_round2_freeze_20260810,2026-08-10T03:43:20Z
Doctor_09,42,CASE-045,20260810,reader_round2_freeze_20260810,2026-08-10T03:43:20Z
Doctor_09,43,CASE-019,20260810,reader_round2_freeze_20260810,2026-08-10T03:43:20Z
Doctor_09,44,CASE-054,20260810,reader_round2_freeze_20260810,2026-08-10T03:43:20Z
Doctor_09,45,CASE-052,20260810,reader_round2_freeze_20260810,2026-08-10T03:43:20Z
Doctor_09,46,BM-013,20260810,reader_round2_freeze_20260810,2026-08-10T03:43:20Z
Doctor_09,47,BM-030,20260810,reader_round2_freeze_20260810,2026-08-10T03:43:20Z
Doctor_09,48,BM-007,20260810,reader_round2_freeze_20260810,2026-08-10T03:43:20Z
Doctor_09,49,CASE-064,20260810,reader_round2_freeze_20260810,2026-08-10T03:43:20Z
Doctor_09,50,CASE-051,20260810,reader_round2_freeze_20260810,2026-08-10T03:43:20Z
Doctor_09,51,CASE-067,20260810,reader_round2_freeze_20260810,2026-08-10T03:43:20Z
Doctor_09,52,CASE-099,20260810,reader_round2_freeze_20260810,2026-08-10T03:43:20Z
Doctor_09,53,CASE-022,20260810,reader_round2_freeze_20260810,2026-08-10T03:43:20Z
Doctor_09,54,BM-027,20260810,reader_round2_freeze_20260810,2026-08-10T03:43:20Z
Doctor_09,55,BM-049,20260810,reader_round2_freeze_20260810,2026-08-10T03:43:20Z
Doctor_09,56,CASE-071,20260810,reader_round2_freeze_20260810,2026-08-10T03:43:20Z
Doctor_09,57,BM-046,20260810,reader_round2_freeze_20260810,2026-08-10T03:43:20Z
Doctor_09,58,CASE-049,20260810,reader_round2_freeze_20260810,2026-08-10T03:43:20Z
Doctor_09,59,BM-009,20260810,reader_round2_freeze_20260810,2026-08-10T03:43:20Z
Doctor_09,60,CASE-075,20260810,reader_round2_freeze_20260810,2026-08-10T03:43:20Z
Doctor_09,61,BM-035,20260810,reader_round2_freeze_20260810,2026-08-10T03:43:20Z
Doctor_09,62,CASE-006,20260810,reader_round2_freeze_20260810,2026-08-10T03:43:20Z
Doctor_09,63,CASE-080,20260810,reader_round2_freeze_20260810,2026-08-10T03:43:20Z
Doctor_09,64,CASE-025,20260810,reader_round2_freeze_20260810,2026-08-10T03:43:20Z
Doctor_09,65,CASE-086,20260810,reader_round2_freeze_20260810,2026-08-10T03:43:20Z
Doctor_09,66,BM-012,20260810,reader_round2_freeze_20260810,2026-08-10T03:43:20Z
Doctor_09,67,BM-033,20260810,reader_round2_freeze_20260810,2026-08-10T03:43:20Z
Doctor_09,68,CASE-091,20260810,reader_round2_freeze_20260810,2026-08-10T03:43:20Z
Doctor_09,69,CASE-040,20260810,reader_round2_freeze_20260810,2026-08-10T03:43:20Z
Doctor_09,70,CASE-060,20260810,reader_round2_freeze_20260810,2026-08-10T03:43:20Z
Doctor_09,71,CASE-028,20260810,reader_round2_freeze_20260810,2026-08-10T03:43:20Z
Doctor_09,72,CASE-068,20260810,reader_round2_freeze_20260810,2026-08-10T03:43:20Z
Doctor_09,73,CASE-077,20260810,reader_round2_freeze_20260810,2026-08-10T03:43:20Z
Doctor_09,74,BM-044,20260810,reader_round2_freeze_20260810,2026-08-10T03:43:20Z
Doctor_09,75,CASE-037,20260810,reader_round2_freeze_20260810,2026-08-10T03:43:20Z
Doctor_09,76,BM-048,20260810,reader_round2_freeze_20260810,2026-08-10T03:43:20Z
Doctor_09,77,CASE-027,20260810,reader_round2_freeze_20260810,2026-08-10T03:43:20Z
Doctor_09,78,CASE-033,20260810,reader_round2_freeze_20260810,2026-08-10T03:43:20Z
Doctor_09,79,BM-039,20260810,reader_round2_freeze_20260810,2026-08-10T03:43:20Z
Doctor_09,80,CASE-093,20260810,reader_round2_freeze_20260810,2026-08-10T03:43:20Z
Doctor_09,81,BM-024,20260810,reader_round2_freeze_20260810,2026-08-10T03:43:20Z
Doctor_09,82,CASE-057,20260810,reader_round2_freeze_20260810,2026-08-10T03:43:20Z
Doctor_09,83,CASE-021,20260810,reader_round2_freeze_20260810,2026-08-10T03:43:20Z
Doctor_09,84,CASE-063,20260810,reader_round2_freeze_20260810,2026-08-10T03:43:20Z
Doctor_09,85,CASE-018,20260810,reader_round2_freeze_20260810,2026-08-10T03:43:20Z
Doctor_09,86,BM-022,20260810,reader_round2_freeze_20260810,2026-08-10T03:43:20Z
Doctor_09,87,BM-011,20260810,reader_round2_freeze_20260810,2026-08-10T03:43:20Z
Doctor_09,88,CASE-089,20260810,reader_round2_freeze_20260810,2026-08-10T03:43:20Z
Doctor_09,89,CASE-036,20260810,reader_round2_freeze_20260810,2026-08-10T03:43:20Z
Doctor_09,90,CASE-098,20260810,reader_round2_freeze_20260810,2026-08-10T03:43:20Z
Doctor_09,91,CASE-002,20260810,reader_round2_freeze_20260810,2026-08-10T03:43:20Z
Doctor_09,92,CASE-029,20260810,reader_round2_freeze_20260810,2026-08-10T03:43:20Z
Doctor_09,93,CASE-008,20260810,reader_round2_freeze_20260810,2026-08-10T03:43:20Z
Doctor_09,94,CASE-012,20260810,reader_round2_freeze_20260810,2026-08-10T03:43:20Z
Doctor_09,95,CASE-016,20260810,reader_round2_freeze_20260810,2026-08-10T03:43:20Z
Doctor_09,96,BM-001,20260810,reader_round2_freeze_20260810,2026-08-10T03:43:20Z
Doctor_09,97,BM-036,20260810,reader_round2_freeze_20260810,2026-08-10T03:43:20Z
Doctor_09,98,CASE-096,20260810,reader_round2_freeze_20260810,2026-08-10T03:43:20Z
Doctor_09,99,CASE-097,20260810,reader_round2_freeze_20260810,2026-08-10T03:43:20Z
Doctor_09,100,CASE-004,20260810,reader_round2_freeze_20260810,2026-08-10T03:43:20Z
Doctor_09,101,BM-005,20260810,reader_round2_freeze_20260810,2026-08-10T03:43:20Z
Doctor_09,102,CASE-024,20260810,reader_round2_freeze_20260810,2026-08-10T03:43:20Z
Doctor_09,103,CASE-100,20260810,reader_round2_freeze_20260810,2026-08-10T03:43:20Z
Doctor_09,104,BM-040,20260810,reader_round2_freeze_20260810,2026-08-10T03:43:20Z
Doctor_09,105,BM-019,20260810,reader_round2_freeze_20260810,2026-08-10T03:43:20Z
Doctor_09,106,CASE-056,20260810,reader_round2_freeze_20260810,2026-08-10T03:43:20Z
Doctor_09,107,BM-006,20260810,reader_round2_freeze_20260810,2026-08-10T03:43:20Z
Doctor_09,108,CASE-048,20260810,reader_round2_freeze_20260810,2026-08-10T03:43:20Z
Doctor_09,109,CASE-011,20260810,reader_round2_freeze_20260810,2026-08-10T03:43:20Z
Doctor_09,110,CASE-046,20260810,reader_round2_freeze_20260810,2026-08-10T03:43:20Z
Doctor_09,111,CASE-042,20260810,reader_round2_freeze_20260810,2026-08-10T03:43:20Z
Doctor_09,112,BM-010,20260810,reader_round2_freeze_20260810,2026-08-10T03:43:20Z
Doctor_09,113,BM-023,20260810,reader_round2_freeze_20260810,2026-08-10T03:43:20Z
Doctor_09,114,CASE-095,20260810,reader_round2_freeze_20260810,2026-08-10T03:43:20Z
Doctor_09,115,CASE-084,20260810,reader_round2_freeze_20260810,2026-08-10T03:43:20Z
Doctor_09,116,CASE-061,20260810,reader_round2_freeze_20260810,2026-08-10T03:43:20Z
Doctor_09,117,BM-025,20260810,reader_round2_freeze_20260810,2026-08-10T03:43:20Z
Doctor_09,118,CASE-044,20260810,reader_round2_freeze_20260810,2026-08-10T03:43:20Z
Doctor_09,119,CASE-055,20260810,reader_round2_freeze_20260810,2026-08-10T03:43:20Z
Doctor_09,120,CASE-023,20260810,reader_round2_freeze_20260810,2026-08-10T03:43:20Z
Doctor_09,121,BM-021,20260810,reader_round2_freeze_20260810,2026-08-10T03:43:20Z
Doctor_09,122,CASE-092,20260810,reader_round2_freeze_20260810,2026-08-10T03:43:20Z
Doctor_09,123,CASE-039,20260810,reader_round2_freeze_20260810,2026-08-10T03:43:20Z
Doctor_09,124,BM-004,20260810,reader_round2_freeze_20260810,2026-08-10T03:43:20Z
Doctor_09,125,BM-018,20260810,reader_round2_freeze_20260810,2026-08-10T03:43:20Z
Doctor_09,126,CASE-014,20260810,reader_round2_freeze_20260810,2026-08-10T03:43:20Z
Doctor_09,127,CASE-090,20260810,reader_round2_freeze_20260810,2026-08-10T03:43:20Z
Doctor_09,128,CASE-043,20260810,reader_round2_freeze_20260810,2026-08-10T03:43:20Z
Doctor_09,129,CASE-078,20260810,reader_round2_freeze_20260810,2026-08-10T03:43:20Z
Doctor_09,130,CASE-034,20260810,reader_round2_freeze_20260810,2026-08-10T03:43:20Z
Doctor_09,131,CASE-003,20260810,reader_round2_freeze_20260810,2026-08-10T03:43:20Z
Doctor_09,132,CASE-050,20260810,reader_round2_freeze_20260810,2026-08-10T03:43:20Z
Doctor_09,133,CASE-007,20260810,reader_round2_freeze_20260810,2026-08-10T03:43:20Z
Doctor_09,134,CASE-015,20260810,reader_round2_freeze_20260810,2026-08-10T03:43:20Z
Doctor_09,135,CASE-047,20260810,reader_round2_freeze_20260810,2026-08-10T03:43:20Z
Doctor_09,136,CASE-031,20260810,reader_round2_freeze_20260810,2026-08-10T03:43:20Z
Doctor_09,137,BM-047,20260810,reader_round2_freeze_20260810,2026-08-10T03:43:20Z
Doctor_09,138,CASE-053,20260810,reader_round2_freeze_20260810,2026-08-10T03:43:20Z
Doctor_09,139,BM-026,20260810,reader_round2_freeze_20260810,2026-08-10T03:43:20Z
Doctor_09,140,CASE-030,20260810,reader_round2_freeze_20260810,2026-08-10T03:43:20Z
Doctor_09,141,CASE-069,20260810,reader_round2_freeze_20260810,2026-08-10T03:43:20Z
Doctor_09,142,CASE-010,20260810,reader_round2_freeze_20260810,2026-08-10T03:43:20Z
Doctor_09,143,CASE-065,20260810,reader_round2_freeze_20260810,2026-08-10T03:43:20Z
Doctor_09,144,BM-015,20260810,reader_round2_freeze_20260810,2026-08-10T03:43:20Z
Doctor_09,145,BM-050,20260810,reader_round2_freeze_20260810,2026-08-10T03:43:20Z
Doctor_09,146,CASE-094,20260810,reader_round2_freeze_20260810,2026-08-10T03:43:20Z
Doctor_09,147,CASE-062,20260810,reader_round2_freeze_20260810,2026-08-10T03:43:20Z
Doctor_09,148,BM-045,20260810,reader_round2_freeze_20260810,2026-08-10T03:43:20Z
Doctor_09,149,BM-043,20260810,reader_round2_freeze_20260810,2026-08-10T03:43:20Z
Doctor_09,150,CASE-041,20260810,reader_round2_freeze_20260810,2026-08-10T03:43:20Z
Doctor_10,1,BM-027,20260810,reader_round2_freeze_20260810,2026-08-10T03:43:20Z
Doctor_10,2,CASE-034,20260810,reader_round2_freeze_20260810,2026-08-10T03:43:20Z
Doctor_10,3,BM-048,20260810,reader_round2_freeze_20260810,2026-08-10T03:43:20Z
Doctor_10,4,CASE-099,20260810,reader_round2_freeze_20260810,2026-08-10T03:43:20Z
Doctor_10,5,CASE-027,20260810,reader_round2_freeze_20260810,2026-08-10T03:43:20Z
Doctor_10,6,CASE-073,20260810,reader_round2_freeze_20260810,2026-08-10T03:43:20Z
Doctor_10,7,CASE-025,20260810,reader_round2_freeze_20260810,2026-08-10T03:43:20Z
Doctor_10,8,CASE-041,20260810,reader_round2_freeze_20260810,2026-08-10T03:43:20Z
Doctor_10,9,BM-026,20260810,reader_round2_freeze_20260810,2026-08-10T03:43:20Z
Doctor_10,10,CASE-007,20260810,reader_round2_freeze_20260810,2026-08-10T03:43:20Z
Doctor_10,11,BM-035,20260810,reader_round2_freeze_20260810,2026-08-10T03:43:20Z
Doctor_10,12,BM-022,20260810,reader_round2_freeze_20260810,2026-08-10T03:43:20Z
Doctor_10,13,CASE-085,20260810,reader_round2_freeze_20260810,2026-08-10T03:43:20Z
Doctor_10,14,CASE-087,20260810,reader_round2_freeze_20260810,2026-08-10T03:43:20Z
Doctor_10,15,CASE-029,20260810,reader_round2_freeze_20260810,2026-08-10T03:43:20Z
Doctor_10,16,BM-020,20260810,reader_round2_freeze_20260810,2026-08-10T03:43:20Z
Doctor_10,17,BM-009,20260810,reader_round2_freeze_20260810,2026-08-10T03:43:20Z
Doctor_10,18,BM-040,20260810,reader_round2_freeze_20260810,2026-08-10T03:43:20Z
Doctor_10,19,CASE-040,20260810,reader_round2_freeze_20260810,2026-08-10T03:43:20Z
Doctor_10,20,BM-014,20260810,reader_round2_freeze_20260810,2026-08-10T03:43:20Z
Doctor_10,21,BM-001,20260810,reader_round2_freeze_20260810,2026-08-10T03:43:20Z
Doctor_10,22,CASE-019,20260810,reader_round2_freeze_20260810,2026-08-10T03:43:20Z
Doctor_10,23,CASE-016,20260810,reader_round2_freeze_20260810,2026-08-10T03:43:20Z
Doctor_10,24,BM-049,20260810,reader_round2_freeze_20260810,2026-08-10T03:43:20Z
Doctor_10,25,CASE-079,20260810,reader_round2_freeze_20260810,2026-08-10T03:43:20Z
Doctor_10,26,BM-036,20260810,reader_round2_freeze_20260810,2026-08-10T03:43:20Z
Doctor_10,27,BM-030,20260810,reader_round2_freeze_20260810,2026-08-10T03:43:20Z
Doctor_10,28,CASE-024,20260810,reader_round2_freeze_20260810,2026-08-10T03:43:20Z
Doctor_10,29,BM-016,20260810,reader_round2_freeze_20260810,2026-08-10T03:43:20Z
Doctor_10,30,CASE-022,20260810,reader_round2_freeze_20260810,2026-08-10T03:43:20Z
Doctor_10,31,CASE-036,20260810,reader_round2_freeze_20260810,2026-08-10T03:43:20Z
Doctor_10,32,BM-006,20260810,reader_round2_freeze_20260810,2026-08-10T03:43:20Z
Doctor_10,33,BM-019,20260810,reader_round2_freeze_20260810,2026-08-10T03:43:20Z
Doctor_10,34,BM-042,20260810,reader_round2_freeze_20260810,2026-08-10T03:43:20Z
Doctor_10,35,CASE-002,20260810,reader_round2_freeze_20260810,2026-08-10T03:43:20Z
Doctor_10,36,CASE-045,20260810,reader_round2_freeze_20260810,2026-08-10T03:43:20Z
Doctor_10,37,BM-044,20260810,reader_round2_freeze_20260810,2026-08-10T03:43:20Z
Doctor_10,38,CASE-013,20260810,reader_round2_freeze_20260810,2026-08-10T03:43:20Z
Doctor_10,39,BM-012,20260810,reader_round2_freeze_20260810,2026-08-10T03:43:20Z
Doctor_10,40,BM-017,20260810,reader_round2_freeze_20260810,2026-08-10T03:43:20Z
Doctor_10,41,CASE-050,20260810,reader_round2_freeze_20260810,2026-08-10T03:43:20Z
Doctor_10,42,CASE-039,20260810,reader_round2_freeze_20260810,2026-08-10T03:43:20Z
Doctor_10,43,BM-025,20260810,reader_round2_freeze_20260810,2026-08-10T03:43:20Z
Doctor_10,44,CASE-017,20260810,reader_round2_freeze_20260810,2026-08-10T03:43:20Z
Doctor_10,45,BM-002,20260810,reader_round2_freeze_20260810,2026-08-10T03:43:20Z
Doctor_10,46,BM-005,20260810,reader_round2_freeze_20260810,2026-08-10T03:43:20Z
Doctor_10,47,CASE-091,20260810,reader_round2_freeze_20260810,2026-08-10T03:43:20Z
Doctor_10,48,CASE-001,20260810,reader_round2_freeze_20260810,2026-08-10T03:43:20Z
Doctor_10,49,CASE-061,20260810,reader_round2_freeze_20260810,2026-08-10T03:43:20Z
Doctor_10,50,CASE-052,20260810,reader_round2_freeze_20260810,2026-08-10T03:43:20Z
Doctor_10,51,CASE-023,20260810,reader_round2_freeze_20260810,2026-08-10T03:43:20Z
Doctor_10,52,CASE-062,20260810,reader_round2_freeze_20260810,2026-08-10T03:43:20Z
Doctor_10,53,CASE-086,20260810,reader_round2_freeze_20260810,2026-08-10T03:43:20Z
Doctor_10,54,CASE-090,20260810,reader_round2_freeze_20260810,2026-08-10T03:43:20Z
Doctor_10,55,BM-028,20260810,reader_round2_freeze_20260810,2026-08-10T03:43:20Z
Doctor_10,56,CASE-020,20260810,reader_round2_freeze_20260810,2026-08-10T03:43:20Z
Doctor_10,57,CASE-053,20260810,reader_round2_freeze_20260810,2026-08-10T03:43:20Z
Doctor_10,58,BM-041,20260810,reader_round2_freeze_20260810,2026-08-10T03:43:20Z
Doctor_10,59,CASE-089,20260810,reader_round2_freeze_20260810,2026-08-10T03:43:20Z
Doctor_10,60,CASE-051,20260810,reader_round2_freeze_20260810,2026-08-10T03:43:20Z
Doctor_10,61,BM-038,20260810,reader_round2_freeze_20260810,2026-08-10T03:43:20Z
Doctor_10,62,CASE-032,20260810,reader_round2_freeze_20260810,2026-08-10T03:43:20Z
Doctor_10,63,BM-046,20260810,reader_round2_freeze_20260810,2026-08-10T03:43:20Z
Doctor_10,64,CASE-060,20260810,reader_round2_freeze_20260810,2026-08-10T03:43:20Z
Doctor_10,65,BM-029,20260810,reader_round2_freeze_20260810,2026-08-10T03:43:20Z
Doctor_10,66,CASE-057,20260810,reader_round2_freeze_20260810,2026-08-10T03:43:20Z
Doctor_10,67,CASE-012,20260810,reader_round2_freeze_20260810,2026-08-10T03:43:20Z
Doctor_10,68,CASE-005,20260810,reader_round2_freeze_20260810,2026-08-10T03:43:20Z
Doctor_10,69,BM-015,20260810,reader_round2_freeze_20260810,2026-08-10T03:43:20Z
Doctor_10,70,CASE-095,20260810,reader_round2_freeze_20260810,2026-08-10T03:43:20Z
Doctor_10,71,BM-024,20260810,reader_round2_freeze_20260810,2026-08-10T03:43:20Z
Doctor_10,72,CASE-021,20260810,reader_round2_freeze_20260810,2026-08-10T03:43:20Z
Doctor_10,73,BM-045,20260810,reader_round2_freeze_20260810,2026-08-10T03:43:20Z
Doctor_10,74,CASE-033,20260810,reader_round2_freeze_20260810,2026-08-10T03:43:20Z
Doctor_10,75,CASE-044,20260810,reader_round2_freeze_20260810,2026-08-10T03:43:20Z
Doctor_10,76,CASE-077,20260810,reader_round2_freeze_20260810,2026-08-10T03:43:20Z
Doctor_10,77,CASE-097,20260810,reader_round2_freeze_20260810,2026-08-10T03:43:20Z
Doctor_10,78,CASE-068,20260810,reader_round2_freeze_20260810,2026-08-10T03:43:20Z
Doctor_10,79,CASE-064,20260810,reader_round2_freeze_20260810,2026-08-10T03:43:20Z
Doctor_10,80,CASE-075,20260810,reader_round2_freeze_20260810,2026-08-10T03:43:20Z
Doctor_10,81,CASE-093,20260810,reader_round2_freeze_20260810,2026-08-10T03:43:20Z
Doctor_10,82,CASE-046,20260810,reader_round2_freeze_20260810,2026-08-10T03:43:20Z
Doctor_10,83,CASE-065,20260810,reader_round2_freeze_20260810,2026-08-10T03:43:20Z
Doctor_10,84,CASE-037,20260810,reader_round2_freeze_20260810,2026-08-10T03:43:20Z
Doctor_10,85,BM-018,20260810,reader_round2_freeze_20260810,2026-08-10T03:43:20Z
Doctor_10,86,CASE-067,20260810,reader_round2_freeze_20260810,2026-08-10T03:43:20Z
Doctor_10,87,CASE-088,20260810,reader_round2_freeze_20260810,2026-08-10T03:43:20Z
Doctor_10,88,BM-023,20260810,reader_round2_freeze_20260810,2026-08-10T03:43:20Z
Doctor_10,89,CASE-070,20260810,reader_round2_freeze_20260810,2026-08-10T03:43:20Z
Doctor_10,90,CASE-018,20260810,reader_round2_freeze_20260810,2026-08-10T03:43:20Z
Doctor_10,91,CASE-047,20260810,reader_round2_freeze_20260810,2026-08-10T03:43:20Z
Doctor_10,92,CASE-006,20260810,reader_round2_freeze_20260810,2026-08-10T03:43:20Z
Doctor_10,93,BM-031,20260810,reader_round2_freeze_20260810,2026-08-10T03:43:20Z
Doctor_10,94,CASE-055,20260810,reader_round2_freeze_20260810,2026-08-10T03:43:20Z
Doctor_10,95,CASE-094,20260810,reader_round2_freeze_20260810,2026-08-10T03:43:20Z
Doctor_10,96,CASE-010,20260810,reader_round2_freeze_20260810,2026-08-10T03:43:20Z
Doctor_10,97,BM-043,20260810,reader_round2_freeze_20260810,2026-08-10T03:43:20Z
Doctor_10,98,CASE-008,20260810,reader_round2_freeze_20260810,2026-08-10T03:43:20Z
Doctor_10,99,CASE-063,20260810,reader_round2_freeze_20260810,2026-08-10T03:43:20Z
Doctor_10,100,CASE-038,20260810,reader_round2_freeze_20260810,2026-08-10T03:43:20Z
Doctor_10,101,CASE-096,20260810,reader_round2_freeze_20260810,2026-08-10T03:43:20Z
Doctor_10,102,CASE-015,20260810,reader_round2_freeze_20260810,2026-08-10T03:43:20Z
Doctor_10,103,CASE-082,20260810,reader_round2_freeze_20260810,2026-08-10T03:43:20Z
Doctor_10,104,CASE-014,20260810,reader_round2_freeze_20260810,2026-08-10T03:43:20Z
Doctor_10,105,CASE-083,20260810,reader_round2_freeze_20260810,2026-08-10T03:43:20Z
Doctor_10,106,BM-007,20260810,reader_round2_freeze_20260810,2026-08-10T03:43:20Z
Doctor_10,107,CASE-080,20260810,reader_round2_freeze_20260810,2026-08-10T03:43:20Z
Doctor_10,108,CASE-092,20260810,reader_round2_freeze_20260810,2026-08-10T03:43:20Z
Doctor_10,109,CASE-048,20260810,reader_round2_freeze_20260810,2026-08-10T03:43:20Z
Doctor_10,110,CASE-042,20260810,reader_round2_freeze_20260810,2026-08-10T03:43:20Z
Doctor_10,111,CASE-066,20260810,reader_round2_freeze_20260810,2026-08-10T03:43:20Z
Doctor_10,112,CASE-078,20260810,reader_round2_freeze_20260810,2026-08-10T03:43:20Z
Doctor_10,113,BM-047,20260810,reader_round2_freeze_20260810,2026-08-10T03:43:20Z
Doctor_10,114,BM-032,20260810,reader_round2_freeze_20260810,2026-08-10T03:43:20Z
Doctor_10,115,BM-034,20260810,reader_round2_freeze_20260810,2026-08-10T03:43:20Z
Doctor_10,116,CASE-074,20260810,reader_round2_freeze_20260810,2026-08-10T03:43:20Z
Doctor_10,117,CASE-011,20260810,reader_round2_freeze_20260810,2026-08-10T03:43:20Z
Doctor_10,118,CASE-030,20260810,reader_round2_freeze_20260810,2026-08-10T03:43:20Z
Doctor_10,119,CASE-058,20260810,reader_round2_freeze_20260810,2026-08-10T03:43:20Z
Doctor_10,120,CASE-056,20260810,reader_round2_freeze_20260810,2026-08-10T03:43:20Z
Doctor_10,121,CASE-009,20260810,reader_round2_freeze_20260810,2026-08-10T03:43:20Z
Doctor_10,122,CASE-071,20260810,reader_round2_freeze_20260810,2026-08-10T03:43:20Z
Doctor_10,123,BM-004,20260810,reader_round2_freeze_20260810,2026-08-10T03:43:20Z
Doctor_10,124,CASE-081,20260810,reader_round2_freeze_20260810,2026-08-10T03:43:20Z
Doctor_10,125,BM-008,20260810,reader_round2_freeze_20260810,2026-08-10T03:43:20Z
Doctor_10,126,CASE-098,20260810,reader_round2_freeze_20260810,2026-08-10T03:43:20Z
Doctor_10,127,BM-010,20260810,reader_round2_freeze_20260810,2026-08-10T03:43:20Z
Doctor_10,128,BM-003,20260810,reader_round2_freeze_20260810,2026-08-10T03:43:20Z
Doctor_10,129,CASE-069,20260810,reader_round2_freeze_20260810,2026-08-10T03:43:20Z
Doctor_10,130,CASE-049,20260810,reader_round2_freeze_20260810,2026-08-10T03:43:20Z
Doctor_10,131,CASE-059,20260810,reader_round2_freeze_20260810,2026-08-10T03:43:20Z
Doctor_10,132,CASE-084,20260810,reader_round2_freeze_20260810,2026-08-10T03:43:20Z
Doctor_10,133,CASE-072,20260810,reader_round2_freeze_20260810,2026-08-10T03:43:20Z
Doctor_10,134,CASE-026,20260810,reader_round2_freeze_20260810,2026-08-10T03:43:20Z
Doctor_10,135,BM-013,20260810,reader_round2_freeze_20260810,2026-08-10T03:43:20Z
Doctor_10,136,BM-037,20260810,reader_round2_freeze_20260810,2026-08-10T03:43:20Z
Doctor_10,137,CASE-043,20260810,reader_round2_freeze_20260810,2026-08-10T03:43:20Z
Doctor_10,138,CASE-031,20260810,reader_round2_freeze_20260810,2026-08-10T03:43:20Z
Doctor_10,139,CASE-028,20260810,reader_round2_freeze_20260810,2026-08-10T03:43:20Z
Doctor_10,140,CASE-054,20260810,reader_round2_freeze_20260810,2026-08-10T03:43:20Z
Doctor_10,141,BM-039,20260810,reader_round2_freeze_20260810,2026-08-10T03:43:20Z
Doctor_10,142,CASE-100,20260810,reader_round2_freeze_20260810,2026-08-10T03:43:20Z
Doctor_10,143,BM-050,20260810,reader_round2_freeze_20260810,2026-08-10T03:43:20Z
Doctor_10,144,BM-021,20260810,reader_round2_freeze_20260810,2026-08-10T03:43:20Z
Doctor_10,145,CASE-076,20260810,reader_round2_freeze_20260810,2026-08-10T03:43:20Z
Doctor_10,146,BM-033,20260810,reader_round2_freeze_20260810,2026-08-10T03:43:20Z
Doctor_10,147,CASE-003,20260810,reader_round2_freeze_20260810,2026-08-10T03:43:20Z
Doctor_10,148,CASE-035,20260810,reader_round2_freeze_20260810,2026-08-10T03:43:20Z
Doctor_10,149,CASE-004,20260810,reader_round2_freeze_20260810,2026-08-10T03:43:20Z
Doctor_10,150,BM-011,20260810,reader_round2_freeze_20260810,2026-08-10T03:43:20Z
Doctor_11,1,BM-050,20260810,reader_round2_freeze_20260810,2026-08-10T03:43:20Z
Doctor_11,2,CASE-033,20260810,reader_round2_freeze_20260810,2026-08-10T03:43:20Z
Doctor_11,3,CASE-020,20260810,reader_round2_freeze_20260810,2026-08-10T03:43:20Z
Doctor_11,4,CASE-088,20260810,reader_round2_freeze_20260810,2026-08-10T03:43:20Z
Doctor_11,5,BM-028,20260810,reader_round2_freeze_20260810,2026-08-10T03:43:20Z
Doctor_11,6,CASE-084,20260810,reader_round2_freeze_20260810,2026-08-10T03:43:20Z
Doctor_11,7,CASE-035,20260810,reader_round2_freeze_20260810,2026-08-10T03:43:20Z
Doctor_11,8,BM-038,20260810,reader_round2_freeze_20260810,2026-08-10T03:43:20Z
Doctor_11,9,CASE-099,20260810,reader_round2_freeze_20260810,2026-08-10T03:43:20Z
Doctor_11,10,BM-003,20260810,reader_round2_freeze_20260810,2026-08-10T03:43:20Z
Doctor_11,11,CASE-013,20260810,reader_round2_freeze_20260810,2026-08-10T03:43:20Z
Doctor_11,12,CASE-025,20260810,reader_round2_freeze_20260810,2026-08-10T03:43:20Z
Doctor_11,13,CASE-021,20260810,reader_round2_freeze_20260810,2026-08-10T03:43:20Z
Doctor_11,14,CASE-079,20260810,reader_round2_freeze_20260810,2026-08-10T03:43:20Z
Doctor_11,15,BM-013,20260810,reader_round2_freeze_20260810,2026-08-10T03:43:20Z
Doctor_11,16,CASE-015,20260810,reader_round2_freeze_20260810,2026-08-10T03:43:20Z
Doctor_11,17,BM-027,20260810,reader_round2_freeze_20260810,2026-08-10T03:43:20Z
Doctor_11,18,BM-024,20260810,reader_round2_freeze_20260810,2026-08-10T03:43:20Z
Doctor_11,19,BM-035,20260810,reader_round2_freeze_20260810,2026-08-10T03:43:20Z
Doctor_11,20,BM-047,20260810,reader_round2_freeze_20260810,2026-08-10T03:43:20Z
Doctor_11,21,CASE-090,20260810,reader_round2_freeze_20260810,2026-08-10T03:43:20Z
Doctor_11,22,CASE-028,20260810,reader_round2_freeze_20260810,2026-08-10T03:43:20Z
Doctor_11,23,BM-002,20260810,reader_round2_freeze_20260810,2026-08-10T03:43:20Z
Doctor_11,24,BM-041,20260810,reader_round2_freeze_20260810,2026-08-10T03:43:20Z
Doctor_11,25,CASE-031,20260810,reader_round2_freeze_20260810,2026-08-10T03:43:20Z
Doctor_11,26,CASE-074,20260810,reader_round2_freeze_20260810,2026-08-10T03:43:20Z
Doctor_11,27,CASE-005,20260810,reader_round2_freeze_20260810,2026-08-10T03:43:20Z
Doctor_11,28,CASE-051,20260810,reader_round2_freeze_20260810,2026-08-10T03:43:20Z
Doctor_11,29,CASE-072,20260810,reader_round2_freeze_20260810,2026-08-10T03:43:20Z
Doctor_11,30,CASE-082,20260810,reader_round2_freeze_20260810,2026-08-10T03:43:20Z
Doctor_11,31,BM-025,20260810,reader_round2_freeze_20260810,2026-08-10T03:43:20Z
Doctor_11,32,CASE-060,20260810,reader_round2_freeze_20260810,2026-08-10T03:43:20Z
Doctor_11,33,CASE-100,20260810,reader_round2_freeze_20260810,2026-08-10T03:43:20Z
Doctor_11,34,CASE-002,20260810,reader_round2_freeze_20260810,2026-08-10T03:43:20Z
Doctor_11,35,CASE-016,20260810,reader_round2_freeze_20260810,2026-08-10T03:43:20Z
Doctor_11,36,CASE-006,20260810,reader_round2_freeze_20260810,2026-08-10T03:43:20Z
Doctor_11,37,CASE-043,20260810,reader_round2_freeze_20260810,2026-08-10T03:43:20Z
Doctor_11,38,CASE-041,20260810,reader_round2_freeze_20260810,2026-08-10T03:43:20Z
Doctor_11,39,CASE-034,20260810,reader_round2_freeze_20260810,2026-08-10T03:43:20Z
Doctor_11,40,CASE-009,20260810,reader_round2_freeze_20260810,2026-08-10T03:43:20Z
Doctor_11,41,CASE-095,20260810,reader_round2_freeze_20260810,2026-08-10T03:43:20Z
Doctor_11,42,BM-012,20260810,reader_round2_freeze_20260810,2026-08-10T03:43:20Z
Doctor_11,43,CASE-040,20260810,reader_round2_freeze_20260810,2026-08-10T03:43:20Z
Doctor_11,44,CASE-010,20260810,reader_round2_freeze_20260810,2026-08-10T03:43:20Z
Doctor_11,45,BM-040,20260810,reader_round2_freeze_20260810,2026-08-10T03:43:20Z
Doctor_11,46,BM-010,20260810,reader_round2_freeze_20260810,2026-08-10T03:43:20Z
Doctor_11,47,BM-029,20260810,reader_round2_freeze_20260810,2026-08-10T03:43:20Z
Doctor_11,48,CASE-017,20260810,reader_round2_freeze_20260810,2026-08-10T03:43:20Z
Doctor_11,49,CASE-039,20260810,reader_round2_freeze_20260810,2026-08-10T03:43:20Z
Doctor_11,50,CASE-029,20260810,reader_round2_freeze_20260810,2026-08-10T03:43:20Z
Doctor_11,51,CASE-024,20260810,reader_round2_freeze_20260810,2026-08-10T03:43:20Z
Doctor_11,52,BM-020,20260810,reader_round2_freeze_20260810,2026-08-10T03:43:20Z
Doctor_11,53,BM-042,20260810,reader_round2_freeze_20260810,2026-08-10T03:43:20Z
Doctor_11,54,CASE-066,20260810,reader_round2_freeze_20260810,2026-08-10T03:43:20Z
Doctor_11,55,BM-033,20260810,reader_round2_freeze_20260810,2026-08-10T03:43:20Z
Doctor_11,56,CASE-068,20260810,reader_round2_freeze_20260810,2026-08-10T03:43:20Z
Doctor_11,57,CASE-081,20260810,reader_round2_freeze_20260810,2026-08-10T03:43:20Z
Doctor_11,58,BM-019,20260810,reader_round2_freeze_20260810,2026-08-10T03:43:20Z
Doctor_11,59,BM-036,20260810,reader_round2_freeze_20260810,2026-08-10T03:43:20Z
Doctor_11,60,CASE-044,20260810,reader_round2_freeze_20260810,2026-08-10T03:43:20Z
Doctor_11,61,CASE-077,20260810,reader_round2_freeze_20260810,2026-08-10T03:43:20Z
Doctor_11,62,CASE-026,20260810,reader_round2_freeze_20260810,2026-08-10T03:43:20Z
Doctor_11,63,CASE-007,20260810,reader_round2_freeze_20260810,2026-08-10T03:43:20Z
Doctor_11,64,BM-049,20260810,reader_round2_freeze_20260810,2026-08-10T03:43:20Z
Doctor_11,65,BM-016,20260810,reader_round2_freeze_20260810,2026-08-10T03:43:20Z
Doctor_11,66,CASE-063,20260810,reader_round2_freeze_20260810,2026-08-10T03:43:20Z
Doctor_11,67,BM-026,20260810,reader_round2_freeze_20260810,2026-08-10T03:43:20Z
Doctor_11,68,CASE-023,20260810,reader_round2_freeze_20260810,2026-08-10T03:43:20Z
Doctor_11,69,CASE-094,20260810,reader_round2_freeze_20260810,2026-08-10T03:43:20Z
Doctor_11,70,BM-021,20260810,reader_round2_freeze_20260810,2026-08-10T03:43:20Z
Doctor_11,71,CASE-054,20260810,reader_round2_freeze_20260810,2026-08-10T03:43:20Z
Doctor_11,72,BM-022,20260810,reader_round2_freeze_20260810,2026-08-10T03:43:20Z
Doctor_11,73,BM-011,20260810,reader_round2_freeze_20260810,2026-08-10T03:43:20Z
Doctor_11,74,BM-009,20260810,reader_round2_freeze_20260810,2026-08-10T03:43:20Z
Doctor_11,75,CASE-003,20260810,reader_round2_freeze_20260810,2026-08-10T03:43:20Z
Doctor_11,76,CASE-078,20260810,reader_round2_freeze_20260810,2026-08-10T03:43:20Z
Doctor_11,77,CASE-056,20260810,reader_round2_freeze_20260810,2026-08-10T03:43:20Z
Doctor_11,78,CASE-075,20260810,reader_round2_freeze_20260810,2026-08-10T03:43:20Z
Doctor_11,79,CASE-048,20260810,reader_round2_freeze_20260810,2026-08-10T03:43:20Z
Doctor_11,80,CASE-050,20260810,reader_round2_freeze_20260810,2026-08-10T03:43:20Z
Doctor_11,81,CASE-065,20260810,reader_round2_freeze_20260810,2026-08-10T03:43:20Z
Doctor_11,82,CASE-022,20260810,reader_round2_freeze_20260810,2026-08-10T03:43:20Z
Doctor_11,83,CASE-062,20260810,reader_round2_freeze_20260810,2026-08-10T03:43:20Z
Doctor_11,84,CASE-047,20260810,reader_round2_freeze_20260810,2026-08-10T03:43:20Z
Doctor_11,85,BM-023,20260810,reader_round2_freeze_20260810,2026-08-10T03:43:20Z
Doctor_11,86,CASE-061,20260810,reader_round2_freeze_20260810,2026-08-10T03:43:20Z
Doctor_11,87,CASE-096,20260810,reader_round2_freeze_20260810,2026-08-10T03:43:20Z
Doctor_11,88,CASE-055,20260810,reader_round2_freeze_20260810,2026-08-10T03:43:20Z
Doctor_11,89,BM-048,20260810,reader_round2_freeze_20260810,2026-08-10T03:43:20Z
Doctor_11,90,CASE-030,20260810,reader_round2_freeze_20260810,2026-08-10T03:43:20Z
Doctor_11,91,CASE-086,20260810,reader_round2_freeze_20260810,2026-08-10T03:43:20Z
Doctor_11,92,CASE-001,20260810,reader_round2_freeze_20260810,2026-08-10T03:43:20Z
Doctor_11,93,CASE-011,20260810,reader_round2_freeze_20260810,2026-08-10T03:43:20Z
Doctor_11,94,CASE-027,20260810,reader_round2_freeze_20260810,2026-08-10T03:43:20Z
Doctor_11,95,CASE-071,20260810,reader_round2_freeze_20260810,2026-08-10T03:43:20Z
Doctor_11,96,BM-007,20260810,reader_round2_freeze_20260810,2026-08-10T03:43:20Z
Doctor_11,97,CASE-038,20260810,reader_round2_freeze_20260810,2026-08-10T03:43:20Z
Doctor_11,98,CASE-008,20260810,reader_round2_freeze_20260810,2026-08-10T03:43:20Z
Doctor_11,99,CASE-064,20260810,reader_round2_freeze_20260810,2026-08-10T03:43:20Z
Doctor_11,100,CASE-037,20260810,reader_round2_freeze_20260810,2026-08-10T03:43:20Z
Doctor_11,101,BM-004,20260810,reader_round2_freeze_20260810,2026-08-10T03:43:20Z
Doctor_11,102,CASE-049,20260810,reader_round2_freeze_20260810,2026-08-10T03:43:20Z
Doctor_11,103,CASE-091,20260810,reader_round2_freeze_20260810,2026-08-10T03:43:20Z
Doctor_11,104,CASE-087,20260810,reader_round2_freeze_20260810,2026-08-10T03:43:20Z
Doctor_11,105,CASE-058,20260810,reader_round2_freeze_20260810,2026-08-10T03:43:20Z
Doctor_11,106,CASE-012,20260810,reader_round2_freeze_20260810,2026-08-10T03:43:20Z
Doctor_11,107,BM-018,20260810,reader_round2_freeze_20260810,2026-08-10T03:43:20Z
Doctor_11,108,BM-043,20260810,reader_round2_freeze_20260810,2026-08-10T03:43:20Z
Doctor_11,109,CASE-076,20260810,reader_round2_freeze_20260810,2026-08-10T03:43:20Z
Doctor_11,110,BM-037,20260810,reader_round2_freeze_20260810,2026-08-10T03:43:20Z
Doctor_11,111,CASE-019,20260810,reader_round2_freeze_20260810,2026-08-10T03:43:20Z
Doctor_11,112,BM-031,20260810,reader_round2_freeze_20260810,2026-08-10T03:43:20Z
Doctor_11,113,BM-005,20260810,reader_round2_freeze_20260810,2026-08-10T03:43:20Z
Doctor_11,114,BM-030,20260810,reader_round2_freeze_20260810,2026-08-10T03:43:20Z
Doctor_11,115,BM-045,20260810,reader_round2_freeze_20260810,2026-08-10T03:43:20Z
Doctor_11,116,CASE-057,20260810,reader_round2_freeze_20260810,2026-08-10T03:43:20Z
Doctor_11,117,CASE-073,20260810,reader_round2_freeze_20260810,2026-08-10T03:43:20Z
Doctor_11,118,CASE-014,20260810,reader_round2_freeze_20260810,2026-08-10T03:43:20Z
Doctor_11,119,BM-008,20260810,reader_round2_freeze_20260810,2026-08-10T03:43:20Z
Doctor_11,120,CASE-067,20260810,reader_round2_freeze_20260810,2026-08-10T03:43:20Z
Doctor_11,121,CASE-045,20260810,reader_round2_freeze_20260810,2026-08-10T03:43:20Z
Doctor_11,122,BM-015,20260810,reader_round2_freeze_20260810,2026-08-10T03:43:20Z
Doctor_11,123,CASE-053,20260810,reader_round2_freeze_20260810,2026-08-10T03:43:20Z
Doctor_11,124,CASE-070,20260810,reader_round2_freeze_20260810,2026-08-10T03:43:20Z
Doctor_11,125,CASE-083,20260810,reader_round2_freeze_20260810,2026-08-10T03:43:20Z
Doctor_11,126,CASE-018,20260810,reader_round2_freeze_20260810,2026-08-10T03:43:20Z
Doctor_11,127,CASE-052,20260810,reader_round2_freeze_20260810,2026-08-10T03:43:20Z
Doctor_11,128,BM-006,20260810,reader_round2_freeze_20260810,2026-08-10T03:43:20Z
Doctor_11,129,BM-014,20260810,reader_round2_freeze_20260810,2026-08-10T03:43:20Z
Doctor_11,130,CASE-098,20260810,reader_round2_freeze_20260810,2026-08-10T03:43:20Z
Doctor_11,131,BM-039,20260810,reader_round2_freeze_20260810,2026-08-10T03:43:20Z
Doctor_11,132,CASE-042,20260810,reader_round2_freeze_20260810,2026-08-10T03:43:20Z
Doctor_11,133,CASE-092,20260810,reader_round2_freeze_20260810,2026-08-10T03:43:20Z
Doctor_11,134,BM-044,20260810,reader_round2_freeze_20260810,2026-08-10T03:43:20Z
Doctor_11,135,CASE-036,20260810,reader_round2_freeze_20260810,2026-08-10T03:43:20Z
Doctor_11,136,CASE-093,20260810,reader_round2_freeze_20260810,2026-08-10T03:43:20Z
Doctor_11,137,BM-046,20260810,reader_round2_freeze_20260810,2026-08-10T03:43:20Z
Doctor_11,138,BM-034,20260810,reader_round2_freeze_20260810,2026-08-10T03:43:20Z
Doctor_11,139,CASE-032,20260810,reader_round2_freeze_20260810,2026-08-10T03:43:20Z
Doctor_11,140,BM-032,20260810,reader_round2_freeze_20260810,2026-08-10T03:43:20Z
Doctor_11,141,CASE-004,20260810,reader_round2_freeze_20260810,2026-08-10T03:43:20Z
Doctor_11,142,CASE-059,20260810,reader_round2_freeze_20260810,2026-08-10T03:43:20Z
Doctor_11,143,CASE-089,20260810,reader_round2_freeze_20260810,2026-08-10T03:43:20Z
Doctor_11,144,CASE-069,20260810,reader_round2_freeze_20260810,2026-08-10T03:43:20Z
Doctor_11,145,CASE-046,20260810,reader_round2_freeze_20260810,2026-08-10T03:43:20Z
Doctor_11,146,CASE-085,20260810,reader_round2_freeze_20260810,2026-08-10T03:43:20Z
Doctor_11,147,BM-001,20260810,reader_round2_freeze_20260810,2026-08-10T03:43:20Z
Doctor_11,148,CASE-097,20260810,reader_round2_freeze_20260810,2026-08-10T03:43:20Z
Doctor_11,149,BM-017,20260810,reader_round2_freeze_20260810,2026-08-10T03:43:20Z
Doctor_11,150,CASE-080,20260810,reader_round2_freeze_20260810,2026-08-10T03:43:20Z
Doctor_12,1,CASE-063,20260810,reader_round2_freeze_20260810,2026-08-10T03:43:20Z
Doctor_12,2,BM-022,20260810,reader_round2_freeze_20260810,2026-08-10T03:43:20Z
Doctor_12,3,CASE-015,20260810,reader_round2_freeze_20260810,2026-08-10T03:43:20Z
Doctor_12,4,BM-038,20260810,reader_round2_freeze_20260810,2026-08-10T03:43:20Z
Doctor_12,5,BM-041,20260810,reader_round2_freeze_20260810,2026-08-10T03:43:20Z
Doctor_12,6,CASE-096,20260810,reader_round2_freeze_20260810,2026-08-10T03:43:20Z
Doctor_12,7,BM-033,20260810,reader_round2_freeze_20260810,2026-08-10T03:43:20Z
Doctor_12,8,CASE-086,20260810,reader_round2_freeze_20260810,2026-08-10T03:43:20Z
Doctor_12,9,CASE-027,20260810,reader_round2_freeze_20260810,2026-08-10T03:43:20Z
Doctor_12,10,CASE-075,20260810,reader_round2_freeze_20260810,2026-08-10T03:43:20Z
Doctor_12,11,BM-013,20260810,reader_round2_freeze_20260810,2026-08-10T03:43:20Z
Doctor_12,12,CASE-026,20260810,reader_round2_freeze_20260810,2026-08-10T03:43:20Z
Doctor_12,13,CASE-085,20260810,reader_round2_freeze_20260810,2026-08-10T03:43:20Z
Doctor_12,14,CASE-095,20260810,reader_round2_freeze_20260810,2026-08-10T03:43:20Z
Doctor_12,15,CASE-092,20260810,reader_round2_freeze_20260810,2026-08-10T03:43:20Z
Doctor_12,16,CASE-067,20260810,reader_round2_freeze_20260810,2026-08-10T03:43:20Z
Doctor_12,17,BM-044,20260810,reader_round2_freeze_20260810,2026-08-10T03:43:20Z
Doctor_12,18,BM-008,20260810,reader_round2_freeze_20260810,2026-08-10T03:43:20Z
Doctor_12,19,BM-011,20260810,reader_round2_freeze_20260810,2026-08-10T03:43:20Z
Doctor_12,20,CASE-039,20260810,reader_round2_freeze_20260810,2026-08-10T03:43:20Z
Doctor_12,21,CASE-084,20260810,reader_round2_freeze_20260810,2026-08-10T03:43:20Z
Doctor_12,22,CASE-030,20260810,reader_round2_freeze_20260810,2026-08-10T03:43:20Z
Doctor_12,23,CASE-009,20260810,reader_round2_freeze_20260810,2026-08-10T03:43:20Z
Doctor_12,24,CASE-061,20260810,reader_round2_freeze_20260810,2026-08-10T03:43:20Z
Doctor_12,25,BM-018,20260810,reader_round2_freeze_20260810,2026-08-10T03:43:20Z
Doctor_12,26,BM-029,20260810,reader_round2_freeze_20260810,2026-08-10T03:43:20Z
Doctor_12,27,CASE-007,20260810,reader_round2_freeze_20260810,2026-08-10T03:43:20Z
Doctor_12,28,BM-009,20260810,reader_round2_freeze_20260810,2026-08-10T03:43:20Z
Doctor_12,29,CASE-028,20260810,reader_round2_freeze_20260810,2026-08-10T03:43:20Z
Doctor_12,30,CASE-002,20260810,reader_round2_freeze_20260810,2026-08-10T03:43:20Z
Doctor_12,31,BM-027,20260810,reader_round2_freeze_20260810,2026-08-10T03:43:20Z
Doctor_12,32,CASE-074,20260810,reader_round2_freeze_20260810,2026-08-10T03:43:20Z
Doctor_12,33,CASE-087,20260810,reader_round2_freeze_20260810,2026-08-10T03:43:20Z
Doctor_12,34,BM-005,20260810,reader_round2_freeze_20260810,2026-08-10T03:43:20Z
Doctor_12,35,BM-021,20260810,reader_round2_freeze_20260810,2026-08-10T03:43:20Z
Doctor_12,36,CASE-062,20260810,reader_round2_freeze_20260810,2026-08-10T03:43:20Z
Doctor_12,37,CASE-044,20260810,reader_round2_freeze_20260810,2026-08-10T03:43:20Z
Doctor_12,38,CASE-042,20260810,reader_round2_freeze_20260810,2026-08-10T03:43:20Z
Doctor_12,39,CASE-001,20260810,reader_round2_freeze_20260810,2026-08-10T03:43:20Z
Doctor_12,40,BM-048,20260810,reader_round2_freeze_20260810,2026-08-10T03:43:20Z
Doctor_12,41,CASE-069,20260810,reader_round2_freeze_20260810,2026-08-10T03:43:20Z
Doctor_12,42,CASE-046,20260810,reader_round2_freeze_20260810,2026-08-10T03:43:20Z
Doctor_12,43,CASE-050,20260810,reader_round2_freeze_20260810,2026-08-10T03:43:20Z
Doctor_12,44,CASE-082,20260810,reader_round2_freeze_20260810,2026-08-10T03:43:20Z
Doctor_12,45,BM-031,20260810,reader_round2_freeze_20260810,2026-08-10T03:43:20Z
Doctor_12,46,BM-043,20260810,reader_round2_freeze_20260810,2026-08-10T03:43:20Z
Doctor_12,47,BM-035,20260810,reader_round2_freeze_20260810,2026-08-10T03:43:20Z
Doctor_12,48,BM-026,20260810,reader_round2_freeze_20260810,2026-08-10T03:43:20Z
Doctor_12,49,CASE-080,20260810,reader_round2_freeze_20260810,2026-08-10T03:43:20Z
Doctor_12,50,CASE-018,20260810,reader_round2_freeze_20260810,2026-08-10T03:43:20Z
Doctor_12,51,BM-024,20260810,reader_round2_freeze_20260810,2026-08-10T03:43:20Z
Doctor_12,52,CASE-014,20260810,reader_round2_freeze_20260810,2026-08-10T03:43:20Z
Doctor_12,53,CASE-034,20260810,reader_round2_freeze_20260810,2026-08-10T03:43:20Z
Doctor_12,54,CASE-035,20260810,reader_round2_freeze_20260810,2026-08-10T03:43:20Z
Doctor_12,55,BM-012,20260810,reader_round2_freeze_20260810,2026-08-10T03:43:20Z
Doctor_12,56,BM-045,20260810,reader_round2_freeze_20260810,2026-08-10T03:43:20Z
Doctor_12,57,BM-046,20260810,reader_round2_freeze_20260810,2026-08-10T03:43:20Z
Doctor_12,58,BM-004,20260810,reader_round2_freeze_20260810,2026-08-10T03:43:20Z
Doctor_12,59,CASE-065,20260810,reader_round2_freeze_20260810,2026-08-10T03:43:20Z
Doctor_12,60,CASE-048,20260810,reader_round2_freeze_20260810,2026-08-10T03:43:20Z
Doctor_12,61,BM-006,20260810,reader_round2_freeze_20260810,2026-08-10T03:43:20Z
Doctor_12,62,BM-034,20260810,reader_round2_freeze_20260810,2026-08-10T03:43:20Z
Doctor_12,63,CASE-032,20260810,reader_round2_freeze_20260810,2026-08-10T03:43:20Z
Doctor_12,64,CASE-025,20260810,reader_round2_freeze_20260810,2026-08-10T03:43:20Z
Doctor_12,65,BM-036,20260810,reader_round2_freeze_20260810,2026-08-10T03:43:20Z
Doctor_12,66,CASE-024,20260810,reader_round2_freeze_20260810,2026-08-10T03:43:20Z
Doctor_12,67,BM-032,20260810,reader_round2_freeze_20260810,2026-08-10T03:43:20Z
Doctor_12,68,CASE-006,20260810,reader_round2_freeze_20260810,2026-08-10T03:43:20Z
Doctor_12,69,CASE-093,20260810,reader_round2_freeze_20260810,2026-08-10T03:43:20Z
Doctor_12,70,CASE-057,20260810,reader_round2_freeze_20260810,2026-08-10T03:43:20Z
Doctor_12,71,CASE-003,20260810,reader_round2_freeze_20260810,2026-08-10T03:43:20Z
Doctor_12,72,CASE-038,20260810,reader_round2_freeze_20260810,2026-08-10T03:43:20Z
Doctor_12,73,CASE-089,20260810,reader_round2_freeze_20260810,2026-08-10T03:43:20Z
Doctor_12,74,CASE-019,20260810,reader_round2_freeze_20260810,2026-08-10T03:43:20Z
Doctor_12,75,CASE-088,20260810,reader_round2_freeze_20260810,2026-08-10T03:43:20Z
Doctor_12,76,CASE-016,20260810,reader_round2_freeze_20260810,2026-08-10T03:43:20Z
Doctor_12,77,CASE-017,20260810,reader_round2_freeze_20260810,2026-08-10T03:43:20Z
Doctor_12,78,CASE-036,20260810,reader_round2_freeze_20260810,2026-08-10T03:43:20Z
Doctor_12,79,BM-015,20260810,reader_round2_freeze_20260810,2026-08-10T03:43:20Z
Doctor_12,80,CASE-031,20260810,reader_round2_freeze_20260810,2026-08-10T03:43:20Z
Doctor_12,81,CASE-055,20260810,reader_round2_freeze_20260810,2026-08-10T03:43:20Z
Doctor_12,82,CASE-033,20260810,reader_round2_freeze_20260810,2026-08-10T03:43:20Z
Doctor_12,83,CASE-004,20260810,reader_round2_freeze_20260810,2026-08-10T03:43:20Z
Doctor_12,84,CASE-079,20260810,reader_round2_freeze_20260810,2026-08-10T03:43:20Z
Doctor_12,85,CASE-081,20260810,reader_round2_freeze_20260810,2026-08-10T03:43:20Z
Doctor_12,86,BM-049,20260810,reader_round2_freeze_20260810,2026-08-10T03:43:20Z
Doctor_12,87,BM-025,20260810,reader_round2_freeze_20260810,2026-08-10T03:43:20Z
Doctor_12,88,CASE-040,20260810,reader_round2_freeze_20260810,2026-08-10T03:43:20Z
Doctor_12,89,BM-007,20260810,reader_round2_freeze_20260810,2026-08-10T03:43:20Z
Doctor_12,90,CASE-064,20260810,reader_round2_freeze_20260810,2026-08-10T03:43:20Z
Doctor_12,91,CASE-047,20260810,reader_round2_freeze_20260810,2026-08-10T03:43:20Z
Doctor_12,92,CASE-066,20260810,reader_round2_freeze_20260810,2026-08-10T03:43:20Z
Doctor_12,93,BM-017,20260810,reader_round2_freeze_20260810,2026-08-10T03:43:20Z
Doctor_12,94,CASE-049,20260810,reader_round2_freeze_20260810,2026-08-10T03:43:20Z
Doctor_12,95,BM-023,20260810,reader_round2_freeze_20260810,2026-08-10T03:43:20Z
Doctor_12,96,CASE-071,20260810,reader_round2_freeze_20260810,2026-08-10T03:43:20Z
Doctor_12,97,BM-030,20260810,reader_round2_freeze_20260810,2026-08-10T03:43:20Z
Doctor_12,98,BM-028,20260810,reader_round2_freeze_20260810,2026-08-10T03:43:20Z
Doctor_12,99,CASE-072,20260810,reader_round2_freeze_20260810,2026-08-10T03:43:20Z
Doctor_12,100,CASE-094,20260810,reader_round2_freeze_20260810,2026-08-10T03:43:20Z
Doctor_12,101,CASE-010,20260810,reader_round2_freeze_20260810,2026-08-10T03:43:20Z
Doctor_12,102,CASE-098,20260810,reader_round2_freeze_20260810,2026-08-10T03:43:20Z
Doctor_12,103,BM-047,20260810,reader_round2_freeze_20260810,2026-08-10T03:43:20Z
Doctor_12,104,CASE-060,20260810,reader_round2_freeze_20260810,2026-08-10T03:43:20Z
Doctor_12,105,CASE-056,20260810,reader_round2_freeze_20260810,2026-08-10T03:43:20Z
Doctor_12,106,CASE-045,20260810,reader_round2_freeze_20260810,2026-08-10T03:43:20Z
Doctor_12,107,CASE-013,20260810,reader_round2_freeze_20260810,2026-08-10T03:43:20Z
Doctor_12,108,BM-039,20260810,reader_round2_freeze_20260810,2026-08-10T03:43:20Z
Doctor_12,109,BM-037,20260810,reader_round2_freeze_20260810,2026-08-10T03:43:20Z
Doctor_12,110,CASE-083,20260810,reader_round2_freeze_20260810,2026-08-10T03:43:20Z
Doctor_12,111,CASE-097,20260810,reader_round2_freeze_20260810,2026-08-10T03:43:20Z
Doctor_12,112,CASE-053,20260810,reader_round2_freeze_20260810,2026-08-10T03:43:20Z
Doctor_12,113,CASE-073,20260810,reader_round2_freeze_20260810,2026-08-10T03:43:20Z
Doctor_12,114,CASE-070,20260810,reader_round2_freeze_20260810,2026-08-10T03:43:20Z
Doctor_12,115,CASE-077,20260810,reader_round2_freeze_20260810,2026-08-10T03:43:20Z
Doctor_12,116,CASE-029,20260810,reader_round2_freeze_20260810,2026-08-10T03:43:20Z
Doctor_12,117,CASE-099,20260810,reader_round2_freeze_20260810,2026-08-10T03:43:20Z
Doctor_12,118,CASE-012,20260810,reader_round2_freeze_20260810,2026-08-10T03:43:20Z
Doctor_12,119,BM-019,20260810,reader_round2_freeze_20260810,2026-08-10T03:43:20Z
Doctor_12,120,CASE-037,20260810,reader_round2_freeze_20260810,2026-08-10T03:43:20Z
Doctor_12,121,BM-002,20260810,reader_round2_freeze_20260810,2026-08-10T03:43:20Z
Doctor_12,122,BM-020,20260810,reader_round2_freeze_20260810,2026-08-10T03:43:20Z
Doctor_12,123,CASE-011,20260810,reader_round2_freeze_20260810,2026-08-10T03:43:20Z
Doctor_12,124,CASE-021,20260810,reader_round2_freeze_20260810,2026-08-10T03:43:20Z
Doctor_12,125,CASE-059,20260810,reader_round2_freeze_20260810,2026-08-10T03:43:20Z
Doctor_12,126,CASE-023,20260810,reader_round2_freeze_20260810,2026-08-10T03:43:20Z
Doctor_12,127,CASE-005,20260810,reader_round2_freeze_20260810,2026-08-10T03:43:20Z
Doctor_12,128,BM-014,20260810,reader_round2_freeze_20260810,2026-08-10T03:43:20Z
Doctor_12,129,BM-003,20260810,reader_round2_freeze_20260810,2026-08-10T03:43:20Z
Doctor_12,130,BM-040,20260810,reader_round2_freeze_20260810,2026-08-10T03:43:20Z
Doctor_12,131,CASE-090,20260810,reader_round2_freeze_20260810,2026-08-10T03:43:20Z
Doctor_12,132,CASE-078,20260810,reader_round2_freeze_20260810,2026-08-10T03:43:20Z
Doctor_12,133,BM-016,20260810,reader_round2_freeze_20260810,2026-08-10T03:43:20Z
Doctor_12,134,CASE-058,20260810,reader_round2_freeze_20260810,2026-08-10T03:43:20Z
Doctor_12,135,CASE-043,20260810,reader_round2_freeze_20260810,2026-08-10T03:43:20Z
Doctor_12,136,CASE-091,20260810,reader_round2_freeze_20260810,2026-08-10T03:43:20Z
Doctor_12,137,CASE-076,20260810,reader_round2_freeze_20260810,2026-08-10T03:43:20Z
Doctor_12,138,CASE-054,20260810,reader_round2_freeze_20260810,2026-08-10T03:43:20Z
Doctor_12,139,BM-001,20260810,reader_round2_freeze_20260810,2026-08-10T03:43:20Z
Doctor_12,140,CASE-068,20260810,reader_round2_freeze_20260810,2026-08-10T03:43:20Z
Doctor_12,141,CASE-041,20260810,reader_round2_freeze_20260810,2026-08-10T03:43:20Z
Doctor_12,142,CASE-052,20260810,reader_round2_freeze_20260810,2026-08-10T03:43:20Z
Doctor_12,143,CASE-100,20260810,reader_round2_freeze_20260810,2026-08-10T03:43:20Z
Doctor_12,144,CASE-020,20260810,reader_round2_freeze_20260810,2026-08-10T03:43:20Z
Doctor_12,145,CASE-008,20260810,reader_round2_freeze_20260810,2026-08-10T03:43:20Z
Doctor_12,146,CASE-051,20260810,reader_round2_freeze_20260810,2026-08-10T03:43:20Z
Doctor_12,147,BM-010,20260810,reader_round2_freeze_20260810,2026-08-10T03:43:20Z
Doctor_12,148,BM-042,20260810,reader_round2_freeze_20260810,2026-08-10T03:43:20Z
Doctor_12,149,BM-050,20260810,reader_round2_freeze_20260810,2026-08-10T03:43:20Z
Doctor_12,150,CASE-022,20260810,reader_round2_freeze_20260810,2026-08-10T03:43:20Z
Doctor_13,1,CASE-070,20260810,reader_round2_freeze_20260810,2026-08-10T03:43:20Z
Doctor_13,2,CASE-091,20260810,reader_round2_freeze_20260810,2026-08-10T03:43:20Z
Doctor_13,3,BM-043,20260810,reader_round2_freeze_20260810,2026-08-10T03:43:20Z
Doctor_13,4,CASE-071,20260810,reader_round2_freeze_20260810,2026-08-10T03:43:20Z
Doctor_13,5,CASE-039,20260810,reader_round2_freeze_20260810,2026-08-10T03:43:20Z
Doctor_13,6,CASE-082,20260810,reader_round2_freeze_20260810,2026-08-10T03:43:20Z
Doctor_13,7,CASE-013,20260810,reader_round2_freeze_20260810,2026-08-10T03:43:20Z
Doctor_13,8,BM-028,20260810,reader_round2_freeze_20260810,2026-08-10T03:43:20Z
Doctor_13,9,CASE-050,20260810,reader_round2_freeze_20260810,2026-08-10T03:43:20Z
Doctor_13,10,CASE-028,20260810,reader_round2_freeze_20260810,2026-08-10T03:43:20Z
Doctor_13,11,BM-049,20260810,reader_round2_freeze_20260810,2026-08-10T03:43:20Z
Doctor_13,12,CASE-083,20260810,reader_round2_freeze_20260810,2026-08-10T03:43:20Z
Doctor_13,13,CASE-069,20260810,reader_round2_freeze_20260810,2026-08-10T03:43:20Z
Doctor_13,14,BM-015,20260810,reader_round2_freeze_20260810,2026-08-10T03:43:20Z
Doctor_13,15,CASE-010,20260810,reader_round2_freeze_20260810,2026-08-10T03:43:20Z
Doctor_13,16,CASE-097,20260810,reader_round2_freeze_20260810,2026-08-10T03:43:20Z
Doctor_13,17,CASE-027,20260810,reader_round2_freeze_20260810,2026-08-10T03:43:20Z
Doctor_13,18,CASE-079,20260810,reader_round2_freeze_20260810,2026-08-10T03:43:20Z
Doctor_13,19,CASE-002,20260810,reader_round2_freeze_20260810,2026-08-10T03:43:20Z
Doctor_13,20,CASE-090,20260810,reader_round2_freeze_20260810,2026-08-10T03:43:20Z
Doctor_13,21,CASE-004,20260810,reader_round2_freeze_20260810,2026-08-10T03:43:20Z
Doctor_13,22,BM-020,20260810,reader_round2_freeze_20260810,2026-08-10T03:43:20Z
Doctor_13,23,CASE-061,20260810,reader_round2_freeze_20260810,2026-08-10T03:43:20Z
Doctor_13,24,CASE-046,20260810,reader_round2_freeze_20260810,2026-08-10T03:43:20Z
Doctor_13,25,CASE-067,20260810,reader_round2_freeze_20260810,2026-08-10T03:43:20Z
Doctor_13,26,BM-014,20260810,reader_round2_freeze_20260810,2026-08-10T03:43:20Z
Doctor_13,27,CASE-033,20260810,reader_round2_freeze_20260810,2026-08-10T03:43:20Z
Doctor_13,28,CASE-012,20260810,reader_round2_freeze_20260810,2026-08-10T03:43:20Z
Doctor_13,29,BM-037,20260810,reader_round2_freeze_20260810,2026-08-10T03:43:20Z
Doctor_13,30,CASE-030,20260810,reader_round2_freeze_20260810,2026-08-10T03:43:20Z
Doctor_13,31,BM-035,20260810,reader_round2_freeze_20260810,2026-08-10T03:43:20Z
Doctor_13,32,BM-045,20260810,reader_round2_freeze_20260810,2026-08-10T03:43:20Z
Doctor_13,33,BM-047,20260810,reader_round2_freeze_20260810,2026-08-10T03:43:20Z
Doctor_13,34,BM-025,20260810,reader_round2_freeze_20260810,2026-08-10T03:43:20Z
Doctor_13,35,BM-021,20260810,reader_round2_freeze_20260810,2026-08-10T03:43:20Z
Doctor_13,36,BM-005,20260810,reader_round2_freeze_20260810,2026-08-10T03:43:20Z
Doctor_13,37,CASE-084,20260810,reader_round2_freeze_20260810,2026-08-10T03:43:20Z
Doctor_13,38,CASE-016,20260810,reader_round2_freeze_20260810,2026-08-10T03:43:20Z
Doctor_13,39,CASE-049,20260810,reader_round2_freeze_20260810,2026-08-10T03:43:20Z
Doctor_13,40,CASE-021,20260810,reader_round2_freeze_20260810,2026-08-10T03:43:20Z
Doctor_13,41,BM-033,20260810,reader_round2_freeze_20260810,2026-08-10T03:43:20Z
Doctor_13,42,CASE-034,20260810,reader_round2_freeze_20260810,2026-08-10T03:43:20Z
Doctor_13,43,CASE-059,20260810,reader_round2_freeze_20260810,2026-08-10T03:43:20Z
Doctor_13,44,CASE-044,20260810,reader_round2_freeze_20260810,2026-08-10T03:43:20Z
Doctor_13,45,CASE-095,20260810,reader_round2_freeze_20260810,2026-08-10T03:43:20Z
Doctor_13,46,CASE-026,20260810,reader_round2_freeze_20260810,2026-08-10T03:43:20Z
Doctor_13,47,CASE-005,20260810,reader_round2_freeze_20260810,2026-08-10T03:43:20Z
Doctor_13,48,CASE-064,20260810,reader_round2_freeze_20260810,2026-08-10T03:43:20Z
Doctor_13,49,BM-012,20260810,reader_round2_freeze_20260810,2026-08-10T03:43:20Z
Doctor_13,50,CASE-066,20260810,reader_round2_freeze_20260810,2026-08-10T03:43:20Z
Doctor_13,51,CASE-081,20260810,reader_round2_freeze_20260810,2026-08-10T03:43:20Z
Doctor_13,52,CASE-058,20260810,reader_round2_freeze_20260810,2026-08-10T03:43:20Z
Doctor_13,53,BM-002,20260810,reader_round2_freeze_20260810,2026-08-10T03:43:20Z
Doctor_13,54,BM-026,20260810,reader_round2_freeze_20260810,2026-08-10T03:43:20Z
Doctor_13,55,CASE-036,20260810,reader_round2_freeze_20260810,2026-08-10T03:43:20Z
Doctor_13,56,BM-040,20260810,reader_round2_freeze_20260810,2026-08-10T03:43:20Z
Doctor_13,57,BM-010,20260810,reader_round2_freeze_20260810,2026-08-10T03:43:20Z
Doctor_13,58,CASE-043,20260810,reader_round2_freeze_20260810,2026-08-10T03:43:20Z
Doctor_13,59,CASE-054,20260810,reader_round2_freeze_20260810,2026-08-10T03:43:20Z
Doctor_13,60,CASE-052,20260810,reader_round2_freeze_20260810,2026-08-10T03:43:20Z
Doctor_13,61,BM-044,20260810,reader_round2_freeze_20260810,2026-08-10T03:43:20Z
Doctor_13,62,CASE-063,20260810,reader_round2_freeze_20260810,2026-08-10T03:43:20Z
Doctor_13,63,CASE-038,20260810,reader_round2_freeze_20260810,2026-08-10T03:43:20Z
Doctor_13,64,CASE-055,20260810,reader_round2_freeze_20260810,2026-08-10T03:43:20Z
Doctor_13,65,CASE-022,20260810,reader_round2_freeze_20260810,2026-08-10T03:43:20Z
Doctor_13,66,CASE-040,20260810,reader_round2_freeze_20260810,2026-08-10T03:43:20Z
Doctor_13,67,BM-039,20260810,reader_round2_freeze_20260810,2026-08-10T03:43:20Z
Doctor_13,68,CASE-073,20260810,reader_round2_freeze_20260810,2026-08-10T03:43:20Z
Doctor_13,69,BM-007,20260810,reader_round2_freeze_20260810,2026-08-10T03:43:20Z
Doctor_13,70,CASE-031,20260810,reader_round2_freeze_20260810,2026-08-10T03:43:20Z
Doctor_13,71,CASE-041,20260810,reader_round2_freeze_20260810,2026-08-10T03:43:20Z
Doctor_13,72,CASE-072,20260810,reader_round2_freeze_20260810,2026-08-10T03:43:20Z
Doctor_13,73,CASE-011,20260810,reader_round2_freeze_20260810,2026-08-10T03:43:20Z
Doctor_13,74,CASE-020,20260810,reader_round2_freeze_20260810,2026-08-10T03:43:20Z
Doctor_13,75,CASE-057,20260810,reader_round2_freeze_20260810,2026-08-10T03:43:20Z
Doctor_13,76,CASE-047,20260810,reader_round2_freeze_20260810,2026-08-10T03:43:20Z
Doctor_13,77,CASE-009,20260810,reader_round2_freeze_20260810,2026-08-10T03:43:20Z
Doctor_13,78,BM-036,20260810,reader_round2_freeze_20260810,2026-08-10T03:43:20Z
Doctor_13,79,CASE-060,20260810,reader_round2_freeze_20260810,2026-08-10T03:43:20Z
Doctor_13,80,BM-006,20260810,reader_round2_freeze_20260810,2026-08-10T03:43:20Z
Doctor_13,81,CASE-032,20260810,reader_round2_freeze_20260810,2026-08-10T03:43:20Z
Doctor_13,82,BM-001,20260810,reader_round2_freeze_20260810,2026-08-10T03:43:20Z
Doctor_13,83,CASE-017,20260810,reader_round2_freeze_20260810,2026-08-10T03:43:20Z
Doctor_13,84,CASE-087,20260810,reader_round2_freeze_20260810,2026-08-10T03:43:20Z
Doctor_13,85,CASE-074,20260810,reader_round2_freeze_20260810,2026-08-10T03:43:20Z
Doctor_13,86,CASE-042,20260810,reader_round2_freeze_20260810,2026-08-10T03:43:20Z
Doctor_13,87,CASE-008,20260810,reader_round2_freeze_20260810,2026-08-10T03:43:20Z
Doctor_13,88,BM-011,20260810,reader_round2_freeze_20260810,2026-08-10T03:43:20Z
Doctor_13,89,CASE-024,20260810,reader_round2_freeze_20260810,2026-08-10T03:43:20Z
Doctor_13,90,CASE-062,20260810,reader_round2_freeze_20260810,2026-08-10T03:43:20Z
Doctor_13,91,BM-024,20260810,reader_round2_freeze_20260810,2026-08-10T03:43:20Z
Doctor_13,92,BM-017,20260810,reader_round2_freeze_20260810,2026-08-10T03:43:20Z
Doctor_13,93,BM-041,20260810,reader_round2_freeze_20260810,2026-08-10T03:43:20Z
Doctor_13,94,BM-046,20260810,reader_round2_freeze_20260810,2026-08-10T03:43:20Z
Doctor_13,95,CASE-096,20260810,reader_round2_freeze_20260810,2026-08-10T03:43:20Z
Doctor_13,96,BM-030,20260810,reader_round2_freeze_20260810,2026-08-10T03:43:20Z
Doctor_13,97,BM-027,20260810,reader_round2_freeze_20260810,2026-08-10T03:43:20Z
Doctor_13,98,CASE-029,20260810,reader_round2_freeze_20260810,2026-08-10T03:43:20Z
Doctor_13,99,CASE-019,20260810,reader_round2_freeze_20260810,2026-08-10T03:43:20Z
Doctor_13,100,BM-003,20260810,reader_round2_freeze_20260810,2026-08-10T03:43:20Z
Doctor_13,101,CASE-088,20260810,reader_round2_freeze_20260810,2026-08-10T03:43:20Z
Doctor_13,102,CASE-085,20260810,reader_round2_freeze_20260810,2026-08-10T03:43:20Z
Doctor_13,103,CASE-068,20260810,reader_round2_freeze_20260810,2026-08-10T03:43:20Z
Doctor_13,104,CASE-086,20260810,reader_round2_freeze_20260810,2026-08-10T03:43:20Z
Doctor_13,105,BM-023,20260810,reader_round2_freeze_20260810,2026-08-10T03:43:20Z
Doctor_13,106,CASE-053,20260810,reader_round2_freeze_20260810,2026-08-10T03:43:20Z
Doctor_13,107,CASE-080,20260810,reader_round2_freeze_20260810,2026-08-10T03:43:20Z
Doctor_13,108,CASE-098,20260810,reader_round2_freeze_20260810,2026-08-10T03:43:20Z
Doctor_13,109,BM-004,20260810,reader_round2_freeze_20260810,2026-08-10T03:43:20Z
Doctor_13,110,BM-048,20260810,reader_round2_freeze_20260810,2026-08-10T03:43:20Z
Doctor_13,111,BM-038,20260810,reader_round2_freeze_20260810,2026-08-10T03:43:20Z
Doctor_13,112,CASE-065,20260810,reader_round2_freeze_20260810,2026-08-10T03:43:20Z
Doctor_13,113,BM-032,20260810,reader_round2_freeze_20260810,2026-08-10T03:43:20Z
Doctor_13,114,BM-013,20260810,reader_round2_freeze_20260810,2026-08-10T03:43:20Z
Doctor_13,115,CASE-075,20260810,reader_round2_freeze_20260810,2026-08-10T03:43:20Z
Doctor_13,116,CASE-018,20260810,reader_round2_freeze_20260810,2026-08-10T03:43:20Z
Doctor_13,117,CASE-037,20260810,reader_round2_freeze_20260810,2026-08-10T03:43:20Z
Doctor_13,118,CASE-048,20260810,reader_round2_freeze_20260810,2026-08-10T03:43:20Z
Doctor_13,119,BM-016,20260810,reader_round2_freeze_20260810,2026-08-10T03:43:20Z
Doctor_13,120,BM-042,20260810,reader_round2_freeze_20260810,2026-08-10T03:43:20Z
Doctor_13,121,BM-050,20260810,reader_round2_freeze_20260810,2026-08-10T03:43:20Z
Doctor_13,122,BM-019,20260810,reader_round2_freeze_20260810,2026-08-10T03:43:20Z
Doctor_13,123,CASE-003,20260810,reader_round2_freeze_20260810,2026-08-10T03:43:20Z
Doctor_13,124,BM-034,20260810,reader_round2_freeze_20260810,2026-08-10T03:43:20Z
Doctor_13,125,CASE-100,20260810,reader_round2_freeze_20260810,2026-08-10T03:43:20Z
Doctor_13,126,BM-009,20260810,reader_round2_freeze_20260810,2026-08-10T03:43:20Z
Doctor_13,127,CASE-092,20260810,reader_round2_freeze_20260810,2026-08-10T03:43:20Z
Doctor_13,128,CASE-023,20260810,reader_round2_freeze_20260810,2026-08-10T03:43:20Z
Doctor_13,129,BM-022,20260810,reader_round2_freeze_20260810,2026-08-10T03:43:20Z
Doctor_13,130,CASE-006,20260810,reader_round2_freeze_20260810,2026-08-10T03:43:20Z
Doctor_13,131,CASE-001,20260810,reader_round2_freeze_20260810,2026-08-10T03:43:20Z
Doctor_13,132,BM-008,20260810,reader_round2_freeze_20260810,2026-08-10T03:43:20Z
Doctor_13,133,CASE-076,20260810,reader_round2_freeze_20260810,2026-08-10T03:43:20Z
Doctor_13,134,CASE-077,20260810,reader_round2_freeze_20260810,2026-08-10T03:43:20Z
Doctor_13,135,CASE-015,20260810,reader_round2_freeze_20260810,2026-08-10T03:43:20Z
Doctor_13,136,CASE-093,20260810,reader_round2_freeze_20260810,2026-08-10T03:43:20Z
Doctor_13,137,CASE-094,20260810,reader_round2_freeze_20260810,2026-08-10T03:43:20Z
Doctor_13,138,BM-029,20260810,reader_round2_freeze_20260810,2026-08-10T03:43:20Z
Doctor_13,139,CASE-056,20260810,reader_round2_freeze_20260810,2026-08-10T03:43:20Z
Doctor_13,140,CASE-025,20260810,reader_round2_freeze_20260810,2026-08-10T03:43:20Z
Doctor_13,141,CASE-051,20260810,reader_round2_freeze_20260810,2026-08-10T03:43:20Z
Doctor_13,142,CASE-035,20260810,reader_round2_freeze_20260810,2026-08-10T03:43:20Z
Doctor_13,143,CASE-007,20260810,reader_round2_freeze_20260810,2026-08-10T03:43:20Z
Doctor_13,144,BM-018,20260810,reader_round2_freeze_20260810,2026-08-10T03:43:20Z
Doctor_13,145,BM-031,20260810,reader_round2_freeze_20260810,2026-08-10T03:43:20Z
Doctor_13,146,CASE-089,20260810,reader_round2_freeze_20260810,2026-08-10T03:43:20Z
Doctor_13,147,CASE-078,20260810,reader_round2_freeze_20260810,2026-08-10T03:43:20Z
Doctor_13,148,CASE-099,20260810,reader_round2_freeze_20260810,2026-08-10T03:43:20Z
Doctor_13,149,CASE-014,20260810,reader_round2_freeze_20260810,2026-08-10T03:43:20Z
Doctor_13,150,CASE-045,20260810,reader_round2_freeze_20260810,2026-08-10T03:43:20Z
Doctor_14,1,CASE-040,20260810,reader_round2_freeze_20260810,2026-08-10T03:43:20Z
Doctor_14,2,BM-043,20260810,reader_round2_freeze_20260810,2026-08-10T03:43:20Z
Doctor_14,3,CASE-081,20260810,reader_round2_freeze_20260810,2026-08-10T03:43:20Z
Doctor_14,4,CASE-049,20260810,reader_round2_freeze_20260810,2026-08-10T03:43:20Z
Doctor_14,5,CASE-017,20260810,reader_round2_freeze_20260810,2026-08-10T03:43:20Z
Doctor_14,6,CASE-028,20260810,reader_round2_freeze_20260810,2026-08-10T03:43:20Z
Doctor_14,7,BM-025,20260810,reader_round2_freeze_20260810,2026-08-10T03:43:20Z
Doctor_14,8,CASE-046,20260810,reader_round2_freeze_20260810,2026-08-10T03:43:20Z
Doctor_14,9,BM-027,20260810,reader_round2_freeze_20260810,2026-08-10T03:43:20Z
Doctor_14,10,BM-004,20260810,reader_round2_freeze_20260810,2026-08-10T03:43:20Z
Doctor_14,11,CASE-074,20260810,reader_round2_freeze_20260810,2026-08-10T03:43:20Z
Doctor_14,12,CASE-008,20260810,reader_round2_freeze_20260810,2026-08-10T03:43:20Z
Doctor_14,13,CASE-051,20260810,reader_round2_freeze_20260810,2026-08-10T03:43:20Z
Doctor_14,14,BM-026,20260810,reader_round2_freeze_20260810,2026-08-10T03:43:20Z
Doctor_14,15,CASE-020,20260810,reader_round2_freeze_20260810,2026-08-10T03:43:20Z
Doctor_14,16,CASE-030,20260810,reader_round2_freeze_20260810,2026-08-10T03:43:20Z
Doctor_14,17,CASE-014,20260810,reader_round2_freeze_20260810,2026-08-10T03:43:20Z
Doctor_14,18,CASE-027,20260810,reader_round2_freeze_20260810,2026-08-10T03:43:20Z
Doctor_14,19,BM-020,20260810,reader_round2_freeze_20260810,2026-08-10T03:43:20Z
Doctor_14,20,CASE-044,20260810,reader_round2_freeze_20260810,2026-08-10T03:43:20Z
Doctor_14,21,CASE-056,20260810,reader_round2_freeze_20260810,2026-08-10T03:43:20Z
Doctor_14,22,CASE-068,20260810,reader_round2_freeze_20260810,2026-08-10T03:43:20Z
Doctor_14,23,CASE-100,20260810,reader_round2_freeze_20260810,2026-08-10T03:43:20Z
Doctor_14,24,CASE-015,20260810,reader_round2_freeze_20260810,2026-08-10T03:43:20Z
Doctor_14,25,CASE-058,20260810,reader_round2_freeze_20260810,2026-08-10T03:43:20Z
Doctor_14,26,CASE-024,20260810,reader_round2_freeze_20260810,2026-08-10T03:43:20Z
Doctor_14,27,BM-035,20260810,reader_round2_freeze_20260810,2026-08-10T03:43:20Z
Doctor_14,28,BM-002,20260810,reader_round2_freeze_20260810,2026-08-10T03:43:20Z
Doctor_14,29,CASE-021,20260810,reader_round2_freeze_20260810,2026-08-10T03:43:20Z
Doctor_14,30,CASE-078,20260810,reader_round2_freeze_20260810,2026-08-10T03:43:20Z
Doctor_14,31,BM-037,20260810,reader_round2_freeze_20260810,2026-08-10T03:43:20Z
Doctor_14,32,CASE-026,20260810,reader_round2_freeze_20260810,2026-08-10T03:43:20Z
Doctor_14,33,CASE-005,20260810,reader_round2_freeze_20260810,2026-08-10T03:43:20Z
Doctor_14,34,CASE-054,20260810,reader_round2_freeze_20260810,2026-08-10T03:43:20Z
Doctor_14,35,CASE-064,20260810,reader_round2_freeze_20260810,2026-08-10T03:43:20Z
Doctor_14,36,CASE-012,20260810,reader_round2_freeze_20260810,2026-08-10T03:43:20Z
Doctor_14,37,CASE-094,20260810,reader_round2_freeze_20260810,2026-08-10T03:43:20Z
Doctor_14,38,CASE-095,20260810,reader_round2_freeze_20260810,2026-08-10T03:43:20Z
Doctor_14,39,BM-039,20260810,reader_round2_freeze_20260810,2026-08-10T03:43:20Z
Doctor_14,40,BM-042,20260810,reader_round2_freeze_20260810,2026-08-10T03:43:20Z
Doctor_14,41,CASE-009,20260810,reader_round2_freeze_20260810,2026-08-10T03:43:20Z
Doctor_14,42,BM-040,20260810,reader_round2_freeze_20260810,2026-08-10T03:43:20Z
Doctor_14,43,BM-008,20260810,reader_round2_freeze_20260810,2026-08-10T03:43:20Z
Doctor_14,44,BM-009,20260810,reader_round2_freeze_20260810,2026-08-10T03:43:20Z
Doctor_14,45,CASE-023,20260810,reader_round2_freeze_20260810,2026-08-10T03:43:20Z
Doctor_14,46,CASE-004,20260810,reader_round2_freeze_20260810,2026-08-10T03:43:20Z
Doctor_14,47,BM-030,20260810,reader_round2_freeze_20260810,2026-08-10T03:43:20Z
Doctor_14,48,CASE-029,20260810,reader_round2_freeze_20260810,2026-08-10T03:43:20Z
Doctor_14,49,CASE-091,20260810,reader_round2_freeze_20260810,2026-08-10T03:43:20Z
Doctor_14,50,CASE-001,20260810,reader_round2_freeze_20260810,2026-08-10T03:43:20Z
Doctor_14,51,CASE-045,20260810,reader_round2_freeze_20260810,2026-08-10T03:43:20Z
Doctor_14,52,CASE-036,20260810,reader_round2_freeze_20260810,2026-08-10T03:43:20Z
Doctor_14,53,CASE-006,20260810,reader_round2_freeze_20260810,2026-08-10T03:43:20Z
Doctor_14,54,CASE-072,20260810,reader_round2_freeze_20260810,2026-08-10T03:43:20Z
Doctor_14,55,CASE-013,20260810,reader_round2_freeze_20260810,2026-08-10T03:43:20Z
Doctor_14,56,BM-032,20260810,reader_round2_freeze_20260810,2026-08-10T03:43:20Z
Doctor_14,57,BM-034,20260810,reader_round2_freeze_20260810,2026-08-10T03:43:20Z
Doctor_14,58,BM-012,20260810,reader_round2_freeze_20260810,2026-08-10T03:43:20Z
Doctor_14,59,CASE-038,20260810,reader_round2_freeze_20260810,2026-08-10T03:43:20Z
Doctor_14,60,CASE-003,20260810,reader_round2_freeze_20260810,2026-08-10T03:43:20Z
Doctor_14,61,CASE-092,20260810,reader_round2_freeze_20260810,2026-08-10T03:43:20Z
Doctor_14,62,BM-028,20260810,reader_round2_freeze_20260810,2026-08-10T03:43:20Z
Doctor_14,63,CASE-025,20260810,reader_round2_freeze_20260810,2026-08-10T03:43:20Z
Doctor_14,64,BM-050,20260810,reader_round2_freeze_20260810,2026-08-10T03:43:20Z
Doctor_14,65,BM-013,20260810,reader_round2_freeze_20260810,2026-08-10T03:43:20Z
Doctor_14,66,CASE-099,20260810,reader_round2_freeze_20260810,2026-08-10T03:43:20Z
Doctor_14,67,BM-022,20260810,reader_round2_freeze_20260810,2026-08-10T03:43:20Z
Doctor_14,68,CASE-098,20260810,reader_round2_freeze_20260810,2026-08-10T03:43:20Z
Doctor_14,69,CASE-039,20260810,reader_round2_freeze_20260810,2026-08-10T03:43:20Z
Doctor_14,70,CASE-052,20260810,reader_round2_freeze_20260810,2026-08-10T03:43:20Z
Doctor_14,71,CASE-047,20260810,reader_round2_freeze_20260810,2026-08-10T03:43:20Z
Doctor_14,72,CASE-070,20260810,reader_round2_freeze_20260810,2026-08-10T03:43:20Z
Doctor_14,73,CASE-096,20260810,reader_round2_freeze_20260810,2026-08-10T03:43:20Z
Doctor_14,74,CASE-033,20260810,reader_round2_freeze_20260810,2026-08-10T03:43:20Z
Doctor_14,75,CASE-007,20260810,reader_round2_freeze_20260810,2026-08-10T03:43:20Z
Doctor_14,76,CASE-065,20260810,reader_round2_freeze_20260810,2026-08-10T03:43:20Z
Doctor_14,77,CASE-018,20260810,reader_round2_freeze_20260810,2026-08-10T03:43:20Z
Doctor_14,78,CASE-060,20260810,reader_round2_freeze_20260810,2026-08-10T03:43:20Z
Doctor_14,79,CASE-042,20260810,reader_round2_freeze_20260810,2026-08-10T03:43:20Z
Doctor_14,80,CASE-016,20260810,reader_round2_freeze_20260810,2026-08-10T03:43:20Z
Doctor_14,81,BM-003,20260810,reader_round2_freeze_20260810,2026-08-10T03:43:20Z
Doctor_14,82,BM-036,20260810,reader_round2_freeze_20260810,2026-08-10T03:43:20Z
Doctor_14,83,BM-016,20260810,reader_round2_freeze_20260810,2026-08-10T03:43:20Z
Doctor_14,84,BM-018,20260810,reader_round2_freeze_20260810,2026-08-10T03:43:20Z
Doctor_14,85,BM-007,20260810,reader_round2_freeze_20260810,2026-08-10T03:43:20Z
Doctor_14,86,CASE-032,20260810,reader_round2_freeze_20260810,2026-08-10T03:43:20Z
Doctor_14,87,CASE-022,20260810,reader_round2_freeze_20260810,2026-08-10T03:43:20Z
Doctor_14,88,CASE-083,20260810,reader_round2_freeze_20260810,2026-08-10T03:43:20Z
Doctor_14,89,BM-005,20260810,reader_round2_freeze_20260810,2026-08-10T03:43:20Z
Doctor_14,90,CASE-088,20260810,reader_round2_freeze_20260810,2026-08-10T03:43:20Z
Doctor_14,91,CASE-010,20260810,reader_round2_freeze_20260810,2026-08-10T03:43:20Z
Doctor_14,92,CASE-031,20260810,reader_round2_freeze_20260810,2026-08-10T03:43:20Z
Doctor_14,93,CASE-034,20260810,reader_round2_freeze_20260810,2026-08-10T03:43:20Z
Doctor_14,94,BM-010,20260810,reader_round2_freeze_20260810,2026-08-10T03:43:20Z
Doctor_14,95,CASE-035,20260810,reader_round2_freeze_20260810,2026-08-10T03:43:20Z
Doctor_14,96,BM-038,20260810,reader_round2_freeze_20260810,2026-08-10T03:43:20Z
Doctor_14,97,CASE-076,20260810,reader_round2_freeze_20260810,2026-08-10T03:43:20Z
Doctor_14,98,CASE-041,20260810,reader_round2_freeze_20260810,2026-08-10T03:43:20Z
Doctor_14,99,CASE-055,20260810,reader_round2_freeze_20260810,2026-08-10T03:43:20Z
Doctor_14,100,CASE-002,20260810,reader_round2_freeze_20260810,2026-08-10T03:43:20Z
Doctor_14,101,BM-049,20260810,reader_round2_freeze_20260810,2026-08-10T03:43:20Z
Doctor_14,102,CASE-053,20260810,reader_round2_freeze_20260810,2026-08-10T03:43:20Z
Doctor_14,103,BM-006,20260810,reader_round2_freeze_20260810,2026-08-10T03:43:20Z
Doctor_14,104,BM-044,20260810,reader_round2_freeze_20260810,2026-08-10T03:43:20Z
Doctor_14,105,CASE-075,20260810,reader_round2_freeze_20260810,2026-08-10T03:43:20Z
Doctor_14,106,BM-014,20260810,reader_round2_freeze_20260810,2026-08-10T03:43:20Z
Doctor_14,107,BM-031,20260810,reader_round2_freeze_20260810,2026-08-10T03:43:20Z
Doctor_14,108,CASE-079,20260810,reader_round2_freeze_20260810,2026-08-10T03:43:20Z
Doctor_14,109,BM-029,20260810,reader_round2_freeze_20260810,2026-08-10T03:43:20Z
Doctor_14,110,BM-019,20260810,reader_round2_freeze_20260810,2026-08-10T03:43:20Z
Doctor_14,111,BM-046,20260810,reader_round2_freeze_20260810,2026-08-10T03:43:20Z
Doctor_14,112,CASE-084,20260810,reader_round2_freeze_20260810,2026-08-10T03:43:20Z
Doctor_14,113,CASE-071,20260810,reader_round2_freeze_20260810,2026-08-10T03:43:20Z
Doctor_14,114,BM-023,20260810,reader_round2_freeze_20260810,2026-08-10T03:43:20Z
Doctor_14,115,CASE-019,20260810,reader_round2_freeze_20260810,2026-08-10T03:43:20Z
Doctor_14,116,CASE-062,20260810,reader_round2_freeze_20260810,2026-08-10T03:43:20Z
Doctor_14,117,CASE-043,20260810,reader_round2_freeze_20260810,2026-08-10T03:43:20Z
Doctor_14,118,CASE-086,20260810,reader_round2_freeze_20260810,2026-08-10T03:43:20Z
Doctor_14,119,BM-033,20260810,reader_round2_freeze_20260810,2026-08-10T03:43:20Z
Doctor_14,120,CASE-073,20260810,reader_round2_freeze_20260810,2026-08-10T03:43:20Z
Doctor_14,121,CASE-082,20260810,reader_round2_freeze_20260810,2026-08-10T03:43:20Z
Doctor_14,122,BM-041,20260810,reader_round2_freeze_20260810,2026-08-10T03:43:20Z
Doctor_14,123,BM-017,20260810,reader_round2_freeze_20260810,2026-08-10T03:43:20Z
Doctor_14,124,CASE-090,20260810,reader_round2_freeze_20260810,2026-08-10T03:43:20Z
Doctor_14,125,CASE-085,20260810,reader_round2_freeze_20260810,2026-08-10T03:43:20Z
Doctor_14,126,BM-045,20260810,reader_round2_freeze_20260810,2026-08-10T03:43:20Z
Doctor_14,127,CASE-066,20260810,reader_round2_freeze_20260810,2026-08-10T03:43:20Z
Doctor_14,128,BM-021,20260810,reader_round2_freeze_20260810,2026-08-10T03:43:20Z
Doctor_14,129,BM-047,20260810,reader_round2_freeze_20260810,2026-08-10T03:43:20Z
Doctor_14,130,CASE-080,20260810,reader_round2_freeze_20260810,2026-08-10T03:43:20Z
Doctor_14,131,CASE-093,20260810,reader_round2_freeze_20260810,2026-08-10T03:43:20Z
Doctor_14,132,CASE-097,20260810,reader_round2_freeze_20260810,2026-08-10T03:43:20Z
Doctor_14,133,BM-001,20260810,reader_round2_freeze_20260810,2026-08-10T03:43:20Z
Doctor_14,134,CASE-063,20260810,reader_round2_freeze_20260810,2026-08-10T03:43:20Z
Doctor_14,135,CASE-048,20260810,reader_round2_freeze_20260810,2026-08-10T03:43:20Z
Doctor_14,136,BM-024,20260810,reader_round2_freeze_20260810,2026-08-10T03:43:20Z
Doctor_14,137,BM-048,20260810,reader_round2_freeze_20260810,2026-08-10T03:43:20Z
Doctor_14,138,CASE-011,20260810,reader_round2_freeze_20260810,2026-08-10T03:43:20Z
Doctor_14,139,CASE-067,20260810,reader_round2_freeze_20260810,2026-08-10T03:43:20Z
Doctor_14,140,BM-011,20260810,reader_round2_freeze_20260810,2026-08-10T03:43:20Z
Doctor_14,141,CASE-087,20260810,reader_round2_freeze_20260810,2026-08-10T03:43:20Z
Doctor_14,142,BM-015,20260810,reader_round2_freeze_20260810,2026-08-10T03:43:20Z
Doctor_14,143,CASE-050,20260810,reader_round2_freeze_20260810,2026-08-10T03:43:20Z
Doctor_14,144,CASE-089,20260810,reader_round2_freeze_20260810,2026-08-10T03:43:20Z
Doctor_14,145,CASE-061,20260810,reader_round2_freeze_20260810,2026-08-10T03:43:20Z
Doctor_14,146,CASE-057,20260810,reader_round2_freeze_20260810,2026-08-10T03:43:20Z
Doctor_14,147,CASE-059,20260810,reader_round2_freeze_20260810,2026-08-10T03:43:20Z
Doctor_14,148,CASE-069,20260810,reader_round2_freeze_20260810,2026-08-10T03:43:20Z
Doctor_14,149,CASE-037,20260810,reader_round2_freeze_20260810,2026-08-10T03:43:20Z
Doctor_14,150,CASE-077,20260810,reader_round2_freeze_20260810,2026-08-10T03:43:20Z
Doctor_15,1,CASE-030,20260810,reader_round2_freeze_20260810,2026-08-10T03:43:20Z
Doctor_15,2,BM-007,20260810,reader_round2_freeze_20260810,2026-08-10T03:43:20Z
Doctor_15,3,CASE-005,20260810,reader_round2_freeze_20260810,2026-08-10T03:43:20Z
Doctor_15,4,BM-021,20260810,reader_round2_freeze_20260810,2026-08-10T03:43:20Z
Doctor_15,5,CASE-086,20260810,reader_round2_freeze_20260810,2026-08-10T03:43:20Z
Doctor_15,6,CASE-084,20260810,reader_round2_freeze_20260810,2026-08-10T03:43:20Z
Doctor_15,7,BM-001,20260810,reader_round2_freeze_20260810,2026-08-10T03:43:20Z
Doctor_15,8,CASE-078,20260810,reader_round2_freeze_20260810,2026-08-10T03:43:20Z
Doctor_15,9,CASE-040,20260810,reader_round2_freeze_20260810,2026-08-10T03:43:20Z
Doctor_15,10,CASE-088,20260810,reader_round2_freeze_20260810,2026-08-10T03:43:20Z
Doctor_15,11,BM-016,20260810,reader_round2_freeze_20260810,2026-08-10T03:43:20Z
Doctor_15,12,CASE-017,20260810,reader_round2_freeze_20260810,2026-08-10T03:43:20Z
Doctor_15,13,CASE-004,20260810,reader_round2_freeze_20260810,2026-08-10T03:43:20Z
Doctor_15,14,CASE-097,20260810,reader_round2_freeze_20260810,2026-08-10T03:43:20Z
Doctor_15,15,BM-031,20260810,reader_round2_freeze_20260810,2026-08-10T03:43:20Z
Doctor_15,16,CASE-053,20260810,reader_round2_freeze_20260810,2026-08-10T03:43:20Z
Doctor_15,17,BM-030,20260810,reader_round2_freeze_20260810,2026-08-10T03:43:20Z
Doctor_15,18,BM-035,20260810,reader_round2_freeze_20260810,2026-08-10T03:43:20Z
Doctor_15,19,CASE-083,20260810,reader_round2_freeze_20260810,2026-08-10T03:43:20Z
Doctor_15,20,BM-036,20260810,reader_round2_freeze_20260810,2026-08-10T03:43:20Z
Doctor_15,21,CASE-037,20260810,reader_round2_freeze_20260810,2026-08-10T03:43:20Z
Doctor_15,22,CASE-018,20260810,reader_round2_freeze_20260810,2026-08-10T03:43:20Z
Doctor_15,23,CASE-002,20260810,reader_round2_freeze_20260810,2026-08-10T03:43:20Z
Doctor_15,24,CASE-006,20260810,reader_round2_freeze_20260810,2026-08-10T03:43:20Z
Doctor_15,25,BM-044,20260810,reader_round2_freeze_20260810,2026-08-10T03:43:20Z
Doctor_15,26,BM-027,20260810,reader_round2_freeze_20260810,2026-08-10T03:43:20Z
Doctor_15,27,BM-009,20260810,reader_round2_freeze_20260810,2026-08-10T03:43:20Z
Doctor_15,28,CASE-096,20260810,reader_round2_freeze_20260810,2026-08-10T03:43:20Z
Doctor_15,29,CASE-093,20260810,reader_round2_freeze_20260810,2026-08-10T03:43:20Z
Doctor_15,30,CASE-089,20260810,reader_round2_freeze_20260810,2026-08-10T03:43:20Z
Doctor_15,31,CASE-020,20260810,reader_round2_freeze_20260810,2026-08-10T03:43:20Z
Doctor_15,32,CASE-063,20260810,reader_round2_freeze_20260810,2026-08-10T03:43:20Z
Doctor_15,33,CASE-060,20260810,reader_round2_freeze_20260810,2026-08-10T03:43:20Z
Doctor_15,34,BM-004,20260810,reader_round2_freeze_20260810,2026-08-10T03:43:20Z
Doctor_15,35,BM-039,20260810,reader_round2_freeze_20260810,2026-08-10T03:43:20Z
Doctor_15,36,CASE-012,20260810,reader_round2_freeze_20260810,2026-08-10T03:43:20Z
Doctor_15,37,CASE-067,20260810,reader_round2_freeze_20260810,2026-08-10T03:43:20Z
Doctor_15,38,CASE-044,20260810,reader_round2_freeze_20260810,2026-08-10T03:43:20Z
Doctor_15,39,BM-011,20260810,reader_round2_freeze_20260810,2026-08-10T03:43:20Z
Doctor_15,40,CASE-052,20260810,reader_round2_freeze_20260810,2026-08-10T03:43:20Z
Doctor_15,41,CASE-094,20260810,reader_round2_freeze_20260810,2026-08-10T03:43:20Z
Doctor_15,42,CASE-092,20260810,reader_round2_freeze_20260810,2026-08-10T03:43:20Z
Doctor_15,43,CASE-072,20260810,reader_round2_freeze_20260810,2026-08-10T03:43:20Z
Doctor_15,44,CASE-100,20260810,reader_round2_freeze_20260810,2026-08-10T03:43:20Z
Doctor_15,45,CASE-010,20260810,reader_round2_freeze_20260810,2026-08-10T03:43:20Z
Doctor_15,46,CASE-081,20260810,reader_round2_freeze_20260810,2026-08-10T03:43:20Z
Doctor_15,47,BM-023,20260810,reader_round2_freeze_20260810,2026-08-10T03:43:20Z
Doctor_15,48,CASE-099,20260810,reader_round2_freeze_20260810,2026-08-10T03:43:20Z
Doctor_15,49,CASE-087,20260810,reader_round2_freeze_20260810,2026-08-10T03:43:20Z
Doctor_15,50,BM-050,20260810,reader_round2_freeze_20260810,2026-08-10T03:43:20Z
Doctor_15,51,BM-010,20260810,reader_round2_freeze_20260810,2026-08-10T03:43:20Z
Doctor_15,52,BM-041,20260810,reader_round2_freeze_20260810,2026-08-10T03:43:20Z
Doctor_15,53,CASE-031,20260810,reader_round2_freeze_20260810,2026-08-10T03:43:20Z
Doctor_15,54,CASE-024,20260810,reader_round2_freeze_20260810,2026-08-10T03:43:20Z
Doctor_15,55,CASE-021,20260810,reader_round2_freeze_20260810,2026-08-10T03:43:20Z
Doctor_15,56,CASE-079,20260810,reader_round2_freeze_20260810,2026-08-10T03:43:20Z
Doctor_15,57,CASE-046,20260810,reader_round2_freeze_20260810,2026-08-10T03:43:20Z
Doctor_15,58,CASE-085,20260810,reader_round2_freeze_20260810,2026-08-10T03:43:20Z
Doctor_15,59,CASE-065,20260810,reader_round2_freeze_20260810,2026-08-10T03:43:20Z
Doctor_15,60,BM-034,20260810,reader_round2_freeze_20260810,2026-08-10T03:43:20Z
Doctor_15,61,BM-042,20260810,reader_round2_freeze_20260810,2026-08-10T03:43:20Z
Doctor_15,62,CASE-056,20260810,reader_round2_freeze_20260810,2026-08-10T03:43:20Z
Doctor_15,63,CASE-033,20260810,reader_round2_freeze_20260810,2026-08-10T03:43:20Z
Doctor_15,64,CASE-051,20260810,reader_round2_freeze_20260810,2026-08-10T03:43:20Z
Doctor_15,65,BM-040,20260810,reader_round2_freeze_20260810,2026-08-10T03:43:20Z
Doctor_15,66,CASE-001,20260810,reader_round2_freeze_20260810,2026-08-10T03:43:20Z
Doctor_15,67,CASE-095,20260810,reader_round2_freeze_20260810,2026-08-10T03:43:20Z
Doctor_15,68,CASE-042,20260810,reader_round2_freeze_20260810,2026-08-10T03:43:20Z
Doctor_15,69,CASE-034,20260810,reader_round2_freeze_20260810,2026-08-10T03:43:20Z
Doctor_15,70,CASE-050,20260810,reader_round2_freeze_20260810,2026-08-10T03:43:20Z
Doctor_15,71,BM-002,20260810,reader_round2_freeze_20260810,2026-08-10T03:43:20Z
Doctor_15,72,CASE-022,20260810,reader_round2_freeze_20260810,2026-08-10T03:43:20Z
Doctor_15,73,CASE-091,20260810,reader_round2_freeze_20260810,2026-08-10T03:43:20Z
Doctor_15,74,CASE-027,20260810,reader_round2_freeze_20260810,2026-08-10T03:43:20Z
Doctor_15,75,BM-047,20260810,reader_round2_freeze_20260810,2026-08-10T03:43:20Z
Doctor_15,76,CASE-058,20260810,reader_round2_freeze_20260810,2026-08-10T03:43:20Z
Doctor_15,77,CASE-069,20260810,reader_round2_freeze_20260810,2026-08-10T03:43:20Z
Doctor_15,78,CASE-008,20260810,reader_round2_freeze_20260810,2026-08-10T03:43:20Z
Doctor_15,79,CASE-035,20260810,reader_round2_freeze_20260810,2026-08-10T03:43:20Z
Doctor_15,80,BM-033,20260810,reader_round2_freeze_20260810,2026-08-10T03:43:20Z
Doctor_15,81,BM-026,20260810,reader_round2_freeze_20260810,2026-08-10T03:43:20Z
Doctor_15,82,BM-003,20260810,reader_round2_freeze_20260810,2026-08-10T03:43:20Z
Doctor_15,83,BM-022,20260810,reader_round2_freeze_20260810,2026-08-10T03:43:20Z
Doctor_15,84,CASE-013,20260810,reader_round2_freeze_20260810,2026-08-10T03:43:20Z
Doctor_15,85,CASE-049,20260810,reader_round2_freeze_20260810,2026-08-10T03:43:20Z
Doctor_15,86,CASE-045,20260810,reader_round2_freeze_20260810,2026-08-10T03:43:20Z
Doctor_15,87,CASE-029,20260810,reader_round2_freeze_20260810,2026-08-10T03:43:20Z
Doctor_15,88,CASE-014,20260810,reader_round2_freeze_20260810,2026-08-10T03:43:20Z
Doctor_15,89,CASE-019,20260810,reader_round2_freeze_20260810,2026-08-10T03:43:20Z
Doctor_15,90,CASE-073,20260810,reader_round2_freeze_20260810,2026-08-10T03:43:20Z
Doctor_15,91,CASE-055,20260810,reader_round2_freeze_20260810,2026-08-10T03:43:20Z
Doctor_15,92,BM-045,20260810,reader_round2_freeze_20260810,2026-08-10T03:43:20Z
Doctor_15,93,CASE-026,20260810,reader_round2_freeze_20260810,2026-08-10T03:43:20Z
Doctor_15,94,CASE-028,20260810,reader_round2_freeze_20260810,2026-08-10T03:43:20Z
Doctor_15,95,CASE-062,20260810,reader_round2_freeze_20260810,2026-08-10T03:43:20Z
Doctor_15,96,BM-049,20260810,reader_round2_freeze_20260810,2026-08-10T03:43:20Z
Doctor_15,97,CASE-036,20260810,reader_round2_freeze_20260810,2026-08-10T03:43:20Z
Doctor_15,98,BM-019,20260810,reader_round2_freeze_20260810,2026-08-10T03:43:20Z
Doctor_15,99,BM-020,20260810,reader_round2_freeze_20260810,2026-08-10T03:43:20Z
Doctor_15,100,CASE-098,20260810,reader_round2_freeze_20260810,2026-08-10T03:43:20Z
Doctor_15,101,BM-014,20260810,reader_round2_freeze_20260810,2026-08-10T03:43:20Z
Doctor_15,102,CASE-011,20260810,reader_round2_freeze_20260810,2026-08-10T03:43:20Z
Doctor_15,103,BM-012,20260810,reader_round2_freeze_20260810,2026-08-10T03:43:20Z
Doctor_15,104,BM-028,20260810,reader_round2_freeze_20260810,2026-08-10T03:43:20Z
Doctor_15,105,CASE-041,20260810,reader_round2_freeze_20260810,2026-08-10T03:43:20Z
Doctor_15,106,CASE-048,20260810,reader_round2_freeze_20260810,2026-08-10T03:43:20Z
Doctor_15,107,CASE-003,20260810,reader_round2_freeze_20260810,2026-08-10T03:43:20Z
Doctor_15,108,CASE-082,20260810,reader_round2_freeze_20260810,2026-08-10T03:43:20Z
Doctor_15,109,CASE-054,20260810,reader_round2_freeze_20260810,2026-08-10T03:43:20Z
Doctor_15,110,BM-017,20260810,reader_round2_freeze_20260810,2026-08-10T03:43:20Z
Doctor_15,111,BM-043,20260810,reader_round2_freeze_20260810,2026-08-10T03:43:20Z
Doctor_15,112,CASE-057,20260810,reader_round2_freeze_20260810,2026-08-10T03:43:20Z
Doctor_15,113,BM-013,20260810,reader_round2_freeze_20260810,2026-08-10T03:43:20Z
Doctor_15,114,CASE-032,20260810,reader_round2_freeze_20260810,2026-08-10T03:43:20Z
Doctor_15,115,CASE-066,20260810,reader_round2_freeze_20260810,2026-08-10T03:43:20Z
Doctor_15,116,CASE-076,20260810,reader_round2_freeze_20260810,2026-08-10T03:43:20Z
Doctor_15,117,BM-037,20260810,reader_round2_freeze_20260810,2026-08-10T03:43:20Z
Doctor_15,118,CASE-080,20260810,reader_round2_freeze_20260810,2026-08-10T03:43:20Z
Doctor_15,119,CASE-039,20260810,reader_round2_freeze_20260810,2026-08-10T03:43:20Z
Doctor_15,120,CASE-059,20260810,reader_round2_freeze_20260810,2026-08-10T03:43:20Z
Doctor_15,121,BM-018,20260810,reader_round2_freeze_20260810,2026-08-10T03:43:20Z
Doctor_15,122,CASE-068,20260810,reader_round2_freeze_20260810,2026-08-10T03:43:20Z
Doctor_15,123,CASE-070,20260810,reader_round2_freeze_20260810,2026-08-10T03:43:20Z
Doctor_15,124,BM-048,20260810,reader_round2_freeze_20260810,2026-08-10T03:43:20Z
Doctor_15,125,CASE-075,20260810,reader_round2_freeze_20260810,2026-08-10T03:43:20Z
Doctor_15,126,CASE-071,20260810,reader_round2_freeze_20260810,2026-08-10T03:43:20Z
Doctor_15,127,CASE-038,20260810,reader_round2_freeze_20260810,2026-08-10T03:43:20Z
Doctor_15,128,CASE-025,20260810,reader_round2_freeze_20260810,2026-08-10T03:43:20Z
Doctor_15,129,CASE-016,20260810,reader_round2_freeze_20260810,2026-08-10T03:43:20Z
Doctor_15,130,CASE-043,20260810,reader_round2_freeze_20260810,2026-08-10T03:43:20Z
Doctor_15,131,BM-025,20260810,reader_round2_freeze_20260810,2026-08-10T03:43:20Z
Doctor_15,132,BM-029,20260810,reader_round2_freeze_20260810,2026-08-10T03:43:20Z
Doctor_15,133,BM-006,20260810,reader_round2_freeze_20260810,2026-08-10T03:43:20Z
Doctor_15,134,BM-032,20260810,reader_round2_freeze_20260810,2026-08-10T03:43:20Z
Doctor_15,135,BM-046,20260810,reader_round2_freeze_20260810,2026-08-10T03:43:20Z
Doctor_15,136,CASE-007,20260810,reader_round2_freeze_20260810,2026-08-10T03:43:20Z
Doctor_15,137,BM-008,20260810,reader_round2_freeze_20260810,2026-08-10T03:43:20Z
Doctor_15,138,BM-024,20260810,reader_round2_freeze_20260810,2026-08-10T03:43:20Z
Doctor_15,139,CASE-061,20260810,reader_round2_freeze_20260810,2026-08-10T03:43:20Z
Doctor_15,140,CASE-009,20260810,reader_round2_freeze_20260810,2026-08-10T03:43:20Z
Doctor_15,141,CASE-090,20260810,reader_round2_freeze_20260810,2026-08-10T03:43:20Z
Doctor_15,142,BM-015,20260810,reader_round2_freeze_20260810,2026-08-10T03:43:20Z
Doctor_15,143,CASE-077,20260810,reader_round2_freeze_20260810,2026-08-10T03:43:20Z
Doctor_15,144,BM-005,20260810,reader_round2_freeze_20260810,2026-08-10T03:43:20Z
Doctor_15,145,CASE-064,20260810,reader_round2_freeze_20260810,2026-08-10T03:43:20Z
Doctor_15,146,CASE-047,20260810,reader_round2_freeze_20260810,2026-08-10T03:43:20Z
Doctor_15,147,CASE-023,20260810,reader_round2_freeze_20260810,2026-08-10T03:43:20Z
Doctor_15,148,BM-038,20260810,reader_round2_freeze_20260810,2026-08-10T03:43:20Z
Doctor_15,149,CASE-074,20260810,reader_round2_freeze_20260810,2026-08-10T03:43:20Z
Doctor_15,150,CASE-015,20260810,reader_round2_freeze_20260810,2026-08-10T03:43:20Z
Doctor_16,1,CASE-100,20260810,reader_round2_freeze_20260810,2026-08-10T03:43:20Z
Doctor_16,2,BM-029,20260810,reader_round2_freeze_20260810,2026-08-10T03:43:20Z
Doctor_16,3,BM-007,20260810,reader_round2_freeze_20260810,2026-08-10T03:43:20Z
Doctor_16,4,CASE-024,20260810,reader_round2_freeze_20260810,2026-08-10T03:43:20Z
Doctor_16,5,BM-016,20260810,reader_round2_freeze_20260810,2026-08-10T03:43:20Z
Doctor_16,6,CASE-048,20260810,reader_round2_freeze_20260810,2026-08-10T03:43:20Z
Doctor_16,7,CASE-031,20260810,reader_round2_freeze_20260810,2026-08-10T03:43:20Z
Doctor_16,8,CASE-041,20260810,reader_round2_freeze_20260810,2026-08-10T03:43:20Z
Doctor_16,9,BM-012,20260810,reader_round2_freeze_20260810,2026-08-10T03:43:20Z
Doctor_16,10,BM-028,20260810,reader_round2_freeze_20260810,2026-08-10T03:43:20Z
Doctor_16,11,CASE-069,20260810,reader_round2_freeze_20260810,2026-08-10T03:43:20Z
Doctor_16,12,BM-008,20260810,reader_round2_freeze_20260810,2026-08-10T03:43:20Z
Doctor_16,13,CASE-039,20260810,reader_round2_freeze_20260810,2026-08-10T03:43:20Z
Doctor_16,14,BM-023,20260810,reader_round2_freeze_20260810,2026-08-10T03:43:20Z
Doctor_16,15,CASE-023,20260810,reader_round2_freeze_20260810,2026-08-10T03:43:20Z
Doctor_16,16,CASE-006,20260810,reader_round2_freeze_20260810,2026-08-10T03:43:20Z
Doctor_16,17,CASE-012,20260810,reader_round2_freeze_20260810,2026-08-10T03:43:20Z
Doctor_16,18,CASE-002,20260810,reader_round2_freeze_20260810,2026-08-10T03:43:20Z
Doctor_16,19,BM-027,20260810,reader_round2_freeze_20260810,2026-08-10T03:43:20Z
Doctor_16,20,BM-017,20260810,reader_round2_freeze_20260810,2026-08-10T03:43:20Z
Doctor_16,21,CASE-035,20260810,reader_round2_freeze_20260810,2026-08-10T03:43:20Z
Doctor_16,22,CASE-059,20260810,reader_round2_freeze_20260810,2026-08-10T03:43:20Z
Doctor_16,23,CASE-018,20260810,reader_round2_freeze_20260810,2026-08-10T03:43:20Z
Doctor_16,24,CASE-014,20260810,reader_round2_freeze_20260810,2026-08-10T03:43:20Z
Doctor_16,25,CASE-095,20260810,reader_round2_freeze_20260810,2026-08-10T03:43:20Z
Doctor_16,26,BM-036,20260810,reader_round2_freeze_20260810,2026-08-10T03:43:20Z
Doctor_16,27,BM-006,20260810,reader_round2_freeze_20260810,2026-08-10T03:43:20Z
Doctor_16,28,CASE-062,20260810,reader_round2_freeze_20260810,2026-08-10T03:43:20Z
Doctor_16,29,BM-005,20260810,reader_round2_freeze_20260810,2026-08-10T03:43:20Z
Doctor_16,30,CASE-017,20260810,reader_round2_freeze_20260810,2026-08-10T03:43:20Z
Doctor_16,31,BM-047,20260810,reader_round2_freeze_20260810,2026-08-10T03:43:20Z
Doctor_16,32,CASE-091,20260810,reader_round2_freeze_20260810,2026-08-10T03:43:20Z
Doctor_16,33,CASE-044,20260810,reader_round2_freeze_20260810,2026-08-10T03:43:20Z
Doctor_16,34,CASE-070,20260810,reader_round2_freeze_20260810,2026-08-10T03:43:20Z
Doctor_16,35,CASE-050,20260810,reader_round2_freeze_20260810,2026-08-10T03:43:20Z
Doctor_16,36,CASE-099,20260810,reader_round2_freeze_20260810,2026-08-10T03:43:20Z
Doctor_16,37,CASE-054,20260810,reader_round2_freeze_20260810,2026-08-10T03:43:20Z
Doctor_16,38,BM-032,20260810,reader_round2_freeze_20260810,2026-08-10T03:43:20Z
Doctor_16,39,CASE-094,20260810,reader_round2_freeze_20260810,2026-08-10T03:43:20Z
Doctor_16,40,CASE-004,20260810,reader_round2_freeze_20260810,2026-08-10T03:43:20Z
Doctor_16,41,CASE-016,20260810,reader_round2_freeze_20260810,2026-08-10T03:43:20Z
Doctor_16,42,BM-011,20260810,reader_round2_freeze_20260810,2026-08-10T03:43:20Z
Doctor_16,43,BM-040,20260810,reader_round2_freeze_20260810,2026-08-10T03:43:20Z
Doctor_16,44,CASE-020,20260810,reader_round2_freeze_20260810,2026-08-10T03:43:20Z
Doctor_16,45,BM-043,20260810,reader_round2_freeze_20260810,2026-08-10T03:43:20Z
Doctor_16,46,CASE-033,20260810,reader_round2_freeze_20260810,2026-08-10T03:43:20Z
Doctor_16,47,CASE-058,20260810,reader_round2_freeze_20260810,2026-08-10T03:43:20Z
Doctor_16,48,CASE-071,20260810,reader_round2_freeze_20260810,2026-08-10T03:43:20Z
Doctor_16,49,BM-030,20260810,reader_round2_freeze_20260810,2026-08-10T03:43:20Z
Doctor_16,50,BM-014,20260810,reader_round2_freeze_20260810,2026-08-10T03:43:20Z
Doctor_16,51,BM-003,20260810,reader_round2_freeze_20260810,2026-08-10T03:43:20Z
Doctor_16,52,CASE-076,20260810,reader_round2_freeze_20260810,2026-08-10T03:43:20Z
Doctor_16,53,CASE-072,20260810,reader_round2_freeze_20260810,2026-08-10T03:43:20Z
Doctor_16,54,CASE-089,20260810,reader_round2_freeze_20260810,2026-08-10T03:43:20Z
Doctor_16,55,BM-045,20260810,reader_round2_freeze_20260810,2026-08-10T03:43:20Z
Doctor_16,56,CASE-027,20260810,reader_round2_freeze_20260810,2026-08-10T03:43:20Z
Doctor_16,57,CASE-036,20260810,reader_round2_freeze_20260810,2026-08-10T03:43:20Z
Doctor_16,58,CASE-009,20260810,reader_round2_freeze_20260810,2026-08-10T03:43:20Z
Doctor_16,59,BM-013,20260810,reader_round2_freeze_20260810,2026-08-10T03:43:20Z
Doctor_16,60,BM-049,20260810,reader_round2_freeze_20260810,2026-08-10T03:43:20Z
Doctor_16,61,CASE-030,20260810,reader_round2_freeze_20260810,2026-08-10T03:43:20Z
Doctor_16,62,CASE-040,20260810,reader_round2_freeze_20260810,2026-08-10T03:43:20Z
Doctor_16,63,BM-021,20260810,reader_round2_freeze_20260810,2026-08-10T03:43:20Z
Doctor_16,64,CASE-085,20260810,reader_round2_freeze_20260810,2026-08-10T03:43:20Z
Doctor_16,65,CASE-028,20260810,reader_round2_freeze_20260810,2026-08-10T03:43:20Z
Doctor_16,66,BM-042,20260810,reader_round2_freeze_20260810,2026-08-10T03:43:20Z
Doctor_16,67,CASE-074,20260810,reader_round2_freeze_20260810,2026-08-10T03:43:20Z
Doctor_16,68,CASE-007,20260810,reader_round2_freeze_20260810,2026-08-10T03:43:20Z
Doctor_16,69,BM-033,20260810,reader_round2_freeze_20260810,2026-08-10T03:43:20Z
Doctor_16,70,CASE-092,20260810,reader_round2_freeze_20260810,2026-08-10T03:43:20Z
Doctor_16,71,BM-050,20260810,reader_round2_freeze_20260810,2026-08-10T03:43:20Z
Doctor_16,72,CASE-043,20260810,reader_round2_freeze_20260810,2026-08-10T03:43:20Z
Doctor_16,73,CASE-088,20260810,reader_round2_freeze_20260810,2026-08-10T03:43:20Z
Doctor_16,74,BM-044,20260810,reader_round2_freeze_20260810,2026-08-10T03:43:20Z
Doctor_16,75,CASE-075,20260810,reader_round2_freeze_20260810,2026-08-10T03:43:20Z
Doctor_16,76,CASE-064,20260810,reader_round2_freeze_20260810,2026-08-10T03:43:20Z
Doctor_16,77,BM-037,20260810,reader_round2_freeze_20260810,2026-08-10T03:43:20Z
Doctor_16,78,CASE-015,20260810,reader_round2_freeze_20260810,2026-08-10T03:43:20Z
Doctor_16,79,CASE-077,20260810,reader_round2_freeze_20260810,2026-08-10T03:43:20Z
Doctor_16,80,BM-020,20260810,reader_round2_freeze_20260810,2026-08-10T03:43:20Z
Doctor_16,81,CASE-055,20260810,reader_round2_freeze_20260810,2026-08-10T03:43:20Z
Doctor_16,82,BM-009,20260810,reader_round2_freeze_20260810,2026-08-10T03:43:20Z
Doctor_16,83,CASE-021,20260810,reader_round2_freeze_20260810,2026-08-10T03:43:20Z
Doctor_16,84,CASE-057,20260810,reader_round2_freeze_20260810,2026-08-10T03:43:20Z
Doctor_16,85,CASE-096,20260810,reader_round2_freeze_20260810,2026-08-10T03:43:20Z
Doctor_16,86,CASE-084,20260810,reader_round2_freeze_20260810,2026-08-10T03:43:20Z
Doctor_16,87,CASE-098,20260810,reader_round2_freeze_20260810,2026-08-10T03:43:20Z
Doctor_16,88,BM-010,20260810,reader_round2_freeze_20260810,2026-08-10T03:43:20Z
Doctor_16,89,CASE-022,20260810,reader_round2_freeze_20260810,2026-08-10T03:43:20Z
Doctor_16,90,CASE-097,20260810,reader_round2_freeze_20260810,2026-08-10T03:43:20Z
Doctor_16,91,CASE-068,20260810,reader_round2_freeze_20260810,2026-08-10T03:43:20Z
Doctor_16,92,CASE-082,20260810,reader_round2_freeze_20260810,2026-08-10T03:43:20Z
Doctor_16,93,CASE-042,20260810,reader_round2_freeze_20260810,2026-08-10T03:43:20Z
Doctor_16,94,CASE-025,20260810,reader_round2_freeze_20260810,2026-08-10T03:43:20Z
Doctor_16,95,CASE-086,20260810,reader_round2_freeze_20260810,2026-08-10T03:43:20Z
Doctor_16,96,CASE-046,20260810,reader_round2_freeze_20260810,2026-08-10T03:43:20Z
Doctor_16,97,BM-041,20260810,reader_round2_freeze_20260810,2026-08-10T03:43:20Z
Doctor_16,98,CASE-005,20260810,reader_round2_freeze_20260810,2026-08-10T03:43:20Z
Doctor_16,99,CASE-051,20260810,reader_round2_freeze_20260810,2026-08-10T03:43:20Z
Doctor_16,100,BM-025,20260810,reader_round2_freeze_20260810,2026-08-10T03:43:20Z
Doctor_16,101,CASE-060,20260810,reader_round2_freeze_20260810,2026-08-10T03:43:20Z
Doctor_16,102,BM-024,20260810,reader_round2_freeze_20260810,2026-08-10T03:43:20Z
Doctor_16,103,BM-026,20260810,reader_round2_freeze_20260810,2026-08-10T03:43:20Z
Doctor_16,104,CASE-067,20260810,reader_round2_freeze_20260810,2026-08-10T03:43:20Z
Doctor_16,105,BM-018,20260810,reader_round2_freeze_20260810,2026-08-10T03:43:20Z
Doctor_16,106,CASE-063,20260810,reader_round2_freeze_20260810,2026-08-10T03:43:20Z
Doctor_16,107,BM-015,20260810,reader_round2_freeze_20260810,2026-08-10T03:43:20Z
Doctor_16,108,BM-031,20260810,reader_round2_freeze_20260810,2026-08-10T03:43:20Z
Doctor_16,109,CASE-066,20260810,reader_round2_freeze_20260810,2026-08-10T03:43:20Z
Doctor_16,110,CASE-013,20260810,reader_round2_freeze_20260810,2026-08-10T03:43:20Z
Doctor_16,111,BM-046,20260810,reader_round2_freeze_20260810,2026-08-10T03:43:20Z
Doctor_16,112,CASE-037,20260810,reader_round2_freeze_20260810,2026-08-10T03:43:20Z
Doctor_16,113,CASE-034,20260810,reader_round2_freeze_20260810,2026-08-10T03:43:20Z
Doctor_16,114,CASE-045,20260810,reader_round2_freeze_20260810,2026-08-10T03:43:20Z
Doctor_16,115,CASE-078,20260810,reader_round2_freeze_20260810,2026-08-10T03:43:20Z
Doctor_16,116,BM-001,20260810,reader_round2_freeze_20260810,2026-08-10T03:43:20Z
Doctor_16,117,CASE-052,20260810,reader_round2_freeze_20260810,2026-08-10T03:43:20Z
Doctor_16,118,BM-038,20260810,reader_round2_freeze_20260810,2026-08-10T03:43:20Z
Doctor_16,119,BM-002,20260810,reader_round2_freeze_20260810,2026-08-10T03:43:20Z
Doctor_16,120,CASE-029,20260810,reader_round2_freeze_20260810,2026-08-10T03:43:20Z
Doctor_16,121,CASE-083,20260810,reader_round2_freeze_20260810,2026-08-10T03:43:20Z
Doctor_16,122,CASE-047,20260810,reader_round2_freeze_20260810,2026-08-10T03:43:20Z
Doctor_16,123,CASE-056,20260810,reader_round2_freeze_20260810,2026-08-10T03:43:20Z
Doctor_16,124,CASE-081,20260810,reader_round2_freeze_20260810,2026-08-10T03:43:20Z
Doctor_16,125,CASE-019,20260810,reader_round2_freeze_20260810,2026-08-10T03:43:20Z
Doctor_16,126,CASE-093,20260810,reader_round2_freeze_20260810,2026-08-10T03:43:20Z
Doctor_16,127,CASE-008,20260810,reader_round2_freeze_20260810,2026-08-10T03:43:20Z
Doctor_16,128,BM-004,20260810,reader_round2_freeze_20260810,2026-08-10T03:43:20Z
Doctor_16,129,CASE-087,20260810,reader_round2_freeze_20260810,2026-08-10T03:43:20Z
Doctor_16,130,CASE-053,20260810,reader_round2_freeze_20260810,2026-08-10T03:43:20Z
Doctor_16,131,CASE-001,20260810,reader_round2_freeze_20260810,2026-08-10T03:43:20Z
Doctor_16,132,CASE-079,20260810,reader_round2_freeze_20260810,2026-08-10T03:43:20Z
Doctor_16,133,CASE-003,20260810,reader_round2_freeze_20260810,2026-08-10T03:43:20Z
Doctor_16,134,CASE-080,20260810,reader_round2_freeze_20260810,2026-08-10T03:43:20Z
Doctor_16,135,CASE-011,20260810,reader_round2_freeze_20260810,2026-08-10T03:43:20Z
Doctor_16,136,BM-039,20260810,reader_round2_freeze_20260810,2026-08-10T03:43:20Z
Doctor_16,137,CASE-073,20260810,reader_round2_freeze_20260810,2026-08-10T03:43:20Z
Doctor_16,138,BM-022,20260810,reader_round2_freeze_20260810,2026-08-10T03:43:20Z
Doctor_16,139,CASE-049,20260810,reader_round2_freeze_20260810,2026-08-10T03:43:20Z
Doctor_16,140,CASE-026,20260810,reader_round2_freeze_20260810,2026-08-10T03:43:20Z
Doctor_16,141,BM-019,20260810,reader_round2_freeze_20260810,2026-08-10T03:43:20Z
Doctor_16,142,CASE-010,20260810,reader_round2_freeze_20260810,2026-08-10T03:43:20Z
Doctor_16,143,CASE-065,20260810,reader_round2_freeze_20260810,2026-08-10T03:43:20Z
Doctor_16,144,CASE-090,20260810,reader_round2_freeze_20260810,2026-08-10T03:43:20Z
Doctor_16,145,CASE-061,20260810,reader_round2_freeze_20260810,2026-08-10T03:43:20Z
Doctor_16,146,BM-035,20260810,reader_round2_freeze_20260810,2026-08-10T03:43:20Z
Doctor_16,147,BM-034,20260810,reader_round2_freeze_20260810,2026-08-10T03:43:20Z
Doctor_16,148,CASE-038,20260810,reader_round2_freeze_20260810,2026-08-10T03:43:20Z
Doctor_16,149,CASE-032,20260810,reader_round2_freeze_20260810,2026-08-10T03:43:20Z
Doctor_16,150,BM-048,20260810,reader_round2_freeze_20260810,2026-08-10T03:43:20Z
Doctor_17,1,CASE-094,20260810,reader_round2_freeze_20260810,2026-08-10T03:43:20Z
Doctor_17,2,CASE-034,20260810,reader_round2_freeze_20260810,2026-08-10T03:43:20Z
Doctor_17,3,BM-044,20260810,reader_round2_freeze_20260810,2026-08-10T03:43:20Z
Doctor_17,4,CASE-039,20260810,reader_round2_freeze_20260810,2026-08-10T03:43:20Z
Doctor_17,5,CASE-072,20260810,reader_round2_freeze_20260810,2026-08-10T03:43:20Z
Doctor_17,6,BM-005,20260810,reader_round2_freeze_20260810,2026-08-10T03:43:20Z
Doctor_17,7,CASE-084,20260810,reader_round2_freeze_20260810,2026-08-10T03:43:20Z
Doctor_17,8,CASE-086,20260810,reader_round2_freeze_20260810,2026-08-10T03:43:20Z
Doctor_17,9,CASE-004,20260810,reader_round2_freeze_20260810,2026-08-10T03:43:20Z
Doctor_17,10,CASE-035,20260810,reader_round2_freeze_20260810,2026-08-10T03:43:20Z
Doctor_17,11,CASE-050,20260810,reader_round2_freeze_20260810,2026-08-10T03:43:20Z
Doctor_17,12,CASE-029,20260810,reader_round2_freeze_20260810,2026-08-10T03:43:20Z
Doctor_17,13,CASE-081,20260810,reader_round2_freeze_20260810,2026-08-10T03:43:20Z
Doctor_17,14,CASE-021,20260810,reader_round2_freeze_20260810,2026-08-10T03:43:20Z
Doctor_17,15,BM-002,20260810,reader_round2_freeze_20260810,2026-08-10T03:43:20Z
Doctor_17,16,BM-049,20260810,reader_round2_freeze_20260810,2026-08-10T03:43:20Z
Doctor_17,17,BM-027,20260810,reader_round2_freeze_20260810,2026-08-10T03:43:20Z
Doctor_17,18,CASE-008,20260810,reader_round2_freeze_20260810,2026-08-10T03:43:20Z
Doctor_17,19,CASE-085,20260810,reader_round2_freeze_20260810,2026-08-10T03:43:20Z
Doctor_17,20,CASE-076,20260810,reader_round2_freeze_20260810,2026-08-10T03:43:20Z
Doctor_17,21,BM-041,20260810,reader_round2_freeze_20260810,2026-08-10T03:43:20Z
Doctor_17,22,BM-036,20260810,reader_round2_freeze_20260810,2026-08-10T03:43:20Z
Doctor_17,23,CASE-073,20260810,reader_round2_freeze_20260810,2026-08-10T03:43:20Z
Doctor_17,24,CASE-026,20260810,reader_round2_freeze_20260810,2026-08-10T03:43:20Z
Doctor_17,25,CASE-033,20260810,reader_round2_freeze_20260810,2026-08-10T03:43:20Z
Doctor_17,26,BM-035,20260810,reader_round2_freeze_20260810,2026-08-10T03:43:20Z
Doctor_17,27,CASE-001,20260810,reader_round2_freeze_20260810,2026-08-10T03:43:20Z
Doctor_17,28,CASE-045,20260810,reader_round2_freeze_20260810,2026-08-10T03:43:20Z
Doctor_17,29,CASE-054,20260810,reader_round2_freeze_20260810,2026-08-10T03:43:20Z
Doctor_17,30,BM-034,20260810,reader_round2_freeze_20260810,2026-08-10T03:43:20Z
Doctor_17,31,CASE-024,20260810,reader_round2_freeze_20260810,2026-08-10T03:43:20Z
Doctor_17,32,CASE-091,20260810,reader_round2_freeze_20260810,2026-08-10T03:43:20Z
Doctor_17,33,CASE-036,20260810,reader_round2_freeze_20260810,2026-08-10T03:43:20Z
Doctor_17,34,BM-020,20260810,reader_round2_freeze_20260810,2026-08-10T03:43:20Z
Doctor_17,35,CASE-038,20260810,reader_round2_freeze_20260810,2026-08-10T03:43:20Z
Doctor_17,36,BM-008,20260810,reader_round2_freeze_20260810,2026-08-10T03:43:20Z
Doctor_17,37,CASE-019,20260810,reader_round2_freeze_20260810,2026-08-10T03:43:20Z
Doctor_17,38,CASE-052,20260810,reader_round2_freeze_20260810,2026-08-10T03:43:20Z
Doctor_17,39,CASE-051,20260810,reader_round2_freeze_20260810,2026-08-10T03:43:20Z
Doctor_17,40,BM-026,20260810,reader_round2_freeze_20260810,2026-08-10T03:43:20Z
Doctor_17,41,BM-019,20260810,reader_round2_freeze_20260810,2026-08-10T03:43:20Z
Doctor_17,42,CASE-007,20260810,reader_round2_freeze_20260810,2026-08-10T03:43:20Z
Doctor_17,43,CASE-027,20260810,reader_round2_freeze_20260810,2026-08-10T03:43:20Z
Doctor_17,44,BM-030,20260810,reader_round2_freeze_20260810,2026-08-10T03:43:20Z
Doctor_17,45,CASE-046,20260810,reader_round2_freeze_20260810,2026-08-10T03:43:20Z
Doctor_17,46,BM-040,20260810,reader_round2_freeze_20260810,2026-08-10T03:43:20Z
Doctor_17,47,BM-011,20260810,reader_round2_freeze_20260810,2026-08-10T03:43:20Z
Doctor_17,48,BM-022,20260810,reader_round2_freeze_20260810,2026-08-10T03:43:20Z
Doctor_17,49,BM-025,20260810,reader_round2_freeze_20260810,2026-08-10T03:43:20Z
Doctor_17,50,CASE-074,20260810,reader_round2_freeze_20260810,2026-08-10T03:43:20Z
Doctor_17,51,CASE-037,20260810,reader_round2_freeze_20260810,2026-08-10T03:43:20Z
Doctor_17,52,CASE-089,20260810,reader_round2_freeze_20260810,2026-08-10T03:43:20Z
Doctor_17,53,BM-015,20260810,reader_round2_freeze_20260810,2026-08-10T03:43:20Z
Doctor_17,54,CASE-100,20260810,reader_round2_freeze_20260810,2026-08-10T03:43:20Z
Doctor_17,55,CASE-041,20260810,reader_round2_freeze_20260810,2026-08-10T03:43:20Z
Doctor_17,56,CASE-087,20260810,reader_round2_freeze_20260810,2026-08-10T03:43:20Z
Doctor_17,57,BM-046,20260810,reader_round2_freeze_20260810,2026-08-10T03:43:20Z
Doctor_17,58,CASE-014,20260810,reader_round2_freeze_20260810,2026-08-10T03:43:20Z
Doctor_17,59,CASE-056,20260810,reader_round2_freeze_20260810,2026-08-10T03:43:20Z
Doctor_17,60,CASE-095,20260810,reader_round2_freeze_20260810,2026-08-10T03:43:20Z
Doctor_17,61,CASE-010,20260810,reader_round2_freeze_20260810,2026-08-10T03:43:20Z
Doctor_17,62,BM-032,20260810,reader_round2_freeze_20260810,2026-08-10T03:43:20Z
Doctor_17,63,CASE-093,20260810,reader_round2_freeze_20260810,2026-08-10T03:43:20Z
Doctor_17,64,BM-012,20260810,reader_round2_freeze_20260810,2026-08-10T03:43:20Z
Doctor_17,65,CASE-043,20260810,reader_round2_freeze_20260810,2026-08-10T03:43:20Z
Doctor_17,66,CASE-031,20260810,reader_round2_freeze_20260810,2026-08-10T03:43:20Z
Doctor_17,67,CASE-062,20260810,reader_round2_freeze_20260810,2026-08-10T03:43:20Z
Doctor_17,68,CASE-057,20260810,reader_round2_freeze_20260810,2026-08-10T03:43:20Z
Doctor_17,69,BM-031,20260810,reader_round2_freeze_20260810,2026-08-10T03:43:20Z
Doctor_17,70,BM-029,20260810,reader_round2_freeze_20260810,2026-08-10T03:43:20Z
Doctor_17,71,CASE-005,20260810,reader_round2_freeze_20260810,2026-08-10T03:43:20Z
Doctor_17,72,BM-010,20260810,reader_round2_freeze_20260810,2026-08-10T03:43:20Z
Doctor_17,73,BM-001,20260810,reader_round2_freeze_20260810,2026-08-10T03:43:20Z
Doctor_17,74,CASE-044,20260810,reader_round2_freeze_20260810,2026-08-10T03:43:20Z
Doctor_17,75,BM-038,20260810,reader_round2_freeze_20260810,2026-08-10T03:43:20Z
Doctor_17,76,CASE-059,20260810,reader_round2_freeze_20260810,2026-08-10T03:43:20Z
Doctor_17,77,BM-039,20260810,reader_round2_freeze_20260810,2026-08-10T03:43:20Z
Doctor_17,78,CASE-068,20260810,reader_round2_freeze_20260810,2026-08-10T03:43:20Z
Doctor_17,79,CASE-097,20260810,reader_round2_freeze_20260810,2026-08-10T03:43:20Z
Doctor_17,80,BM-018,20260810,reader_round2_freeze_20260810,2026-08-10T03:43:20Z
Doctor_17,81,CASE-047,20260810,reader_round2_freeze_20260810,2026-08-10T03:43:20Z
Doctor_17,82,CASE-032,20260810,reader_round2_freeze_20260810,2026-08-10T03:43:20Z
Doctor_17,83,CASE-083,20260810,reader_round2_freeze_20260810,2026-08-10T03:43:20Z
Doctor_17,84,BM-013,20260810,reader_round2_freeze_20260810,2026-08-10T03:43:20Z
Doctor_17,85,BM-003,20260810,reader_round2_freeze_20260810,2026-08-10T03:43:20Z
Doctor_17,86,BM-021,20260810,reader_round2_freeze_20260810,2026-08-10T03:43:20Z
Doctor_17,87,CASE-061,20260810,reader_round2_freeze_20260810,2026-08-10T03:43:20Z
Doctor_17,88,CASE-088,20260810,reader_round2_freeze_20260810,2026-08-10T03:43:20Z
Doctor_17,89,CASE-075,20260810,reader_round2_freeze_20260810,2026-08-10T03:43:20Z
Doctor_17,90,CASE-099,20260810,reader_round2_freeze_20260810,2026-08-10T03:43:20Z
Doctor_17,91,CASE-069,20260810,reader_round2_freeze_20260810,2026-08-10T03:43:20Z
Doctor_17,92,CASE-030,20260810,reader_round2_freeze_20260810,2026-08-10T03:43:20Z
Doctor_17,93,CASE-025,20260810,reader_round2_freeze_20260810,2026-08-10T03:43:20Z
Doctor_17,94,CASE-003,20260810,reader_round2_freeze_20260810,2026-08-10T03:43:20Z
Doctor_17,95,BM-004,20260810,reader_round2_freeze_20260810,2026-08-10T03:43:20Z
Doctor_17,96,BM-045,20260810,reader_round2_freeze_20260810,2026-08-10T03:43:20Z
Doctor_17,97,CASE-082,20260810,reader_round2_freeze_20260810,2026-08-10T03:43:20Z
Doctor_17,98,BM-016,20260810,reader_round2_freeze_20260810,2026-08-10T03:43:20Z
Doctor_17,99,CASE-015,20260810,reader_round2_freeze_20260810,2026-08-10T03:43:20Z
Doctor_17,100,CASE-055,20260810,reader_round2_freeze_20260810,2026-08-10T03:43:20Z
Doctor_17,101,BM-050,20260810,reader_round2_freeze_20260810,2026-08-10T03:43:20Z
Doctor_17,102,CASE-065,20260810,reader_round2_freeze_20260810,2026-08-10T03:43:20Z
Doctor_17,103,CASE-092,20260810,reader_round2_freeze_20260810,2026-08-10T03:43:20Z
Doctor_17,104,CASE-002,20260810,reader_round2_freeze_20260810,2026-08-10T03:43:20Z
Doctor_17,105,CASE-070,20260810,reader_round2_freeze_20260810,2026-08-10T03:43:20Z
Doctor_17,106,CASE-016,20260810,reader_round2_freeze_20260810,2026-08-10T03:43:20Z
Doctor_17,107,BM-033,20260810,reader_round2_freeze_20260810,2026-08-10T03:43:20Z
Doctor_17,108,CASE-028,20260810,reader_round2_freeze_20260810,2026-08-10T03:43:20Z
Doctor_17,109,CASE-012,20260810,reader_round2_freeze_20260810,2026-08-10T03:43:20Z
Doctor_17,110,CASE-060,20260810,reader_round2_freeze_20260810,2026-08-10T03:43:20Z
Doctor_17,111,CASE-020,20260810,reader_round2_freeze_20260810,2026-08-10T03:43:20Z
Doctor_17,112,BM-042,20260810,reader_round2_freeze_20260810,2026-08-10T03:43:20Z
Doctor_17,113,BM-024,20260810,reader_round2_freeze_20260810,2026-08-10T03:43:20Z
Doctor_17,114,BM-014,20260810,reader_round2_freeze_20260810,2026-08-10T03:43:20Z
Doctor_17,115,CASE-018,20260810,reader_round2_freeze_20260810,2026-08-10T03:43:20Z
Doctor_17,116,CASE-022,20260810,reader_round2_freeze_20260810,2026-08-10T03:43:20Z
Doctor_17,117,CASE-078,20260810,reader_round2_freeze_20260810,2026-08-10T03:43:20Z
Doctor_17,118,CASE-079,20260810,reader_round2_freeze_20260810,2026-08-10T03:43:20Z
Doctor_17,119,CASE-042,20260810,reader_round2_freeze_20260810,2026-08-10T03:43:20Z
Doctor_17,120,CASE-049,20260810,reader_round2_freeze_20260810,2026-08-10T03:43:20Z
Doctor_17,121,CASE-011,20260810,reader_round2_freeze_20260810,2026-08-10T03:43:20Z
Doctor_17,122,CASE-090,20260810,reader_round2_freeze_20260810,2026-08-10T03:43:20Z
Doctor_17,123,BM-006,20260810,reader_round2_freeze_20260810,2026-08-10T03:43:20Z
Doctor_17,124,CASE-096,20260810,reader_round2_freeze_20260810,2026-08-10T03:43:20Z
Doctor_17,125,CASE-006,20260810,reader_round2_freeze_20260810,2026-08-10T03:43:20Z
Doctor_17,126,BM-047,20260810,reader_round2_freeze_20260810,2026-08-10T03:43:20Z
Doctor_17,127,BM-023,20260810,reader_round2_freeze_20260810,2026-08-10T03:43:20Z
Doctor_17,128,CASE-064,20260810,reader_round2_freeze_20260810,2026-08-10T03:43:20Z
Doctor_17,129,BM-009,20260810,reader_round2_freeze_20260810,2026-08-10T03:43:20Z
Doctor_17,130,BM-017,20260810,reader_round2_freeze_20260810,2026-08-10T03:43:20Z
Doctor_17,131,CASE-017,20260810,reader_round2_freeze_20260810,2026-08-10T03:43:20Z
Doctor_17,132,CASE-063,20260810,reader_round2_freeze_20260810,2026-08-10T03:43:20Z
Doctor_17,133,CASE-080,20260810,reader_round2_freeze_20260810,2026-08-10T03:43:20Z
Doctor_17,134,CASE-077,20260810,reader_round2_freeze_20260810,2026-08-10T03:43:20Z
Doctor_17,135,CASE-040,20260810,reader_round2_freeze_20260810,2026-08-10T03:43:20Z
Doctor_17,136,CASE-053,20260810,reader_round2_freeze_20260810,2026-08-10T03:43:20Z
Doctor_17,137,BM-037,20260810,reader_round2_freeze_20260810,2026-08-10T03:43:20Z
Doctor_17,138,CASE-023,20260810,reader_round2_freeze_20260810,2026-08-10T03:43:20Z
Doctor_17,139,CASE-098,20260810,reader_round2_freeze_20260810,2026-08-10T03:43:20Z
Doctor_17,140,CASE-009,20260810,reader_round2_freeze_20260810,2026-08-10T03:43:20Z
Doctor_17,141,CASE-048,20260810,reader_round2_freeze_20260810,2026-08-10T03:43:20Z
Doctor_17,142,CASE-066,20260810,reader_round2_freeze_20260810,2026-08-10T03:43:20Z
Doctor_17,143,BM-043,20260810,reader_round2_freeze_20260810,2026-08-10T03:43:20Z
Doctor_17,144,BM-007,20260810,reader_round2_freeze_20260810,2026-08-10T03:43:20Z
Doctor_17,145,CASE-067,20260810,reader_round2_freeze_20260810,2026-08-10T03:43:20Z
Doctor_17,146,CASE-071,20260810,reader_round2_freeze_20260810,2026-08-10T03:43:20Z
Doctor_17,147,CASE-058,20260810,reader_round2_freeze_20260810,2026-08-10T03:43:20Z
Doctor_17,148,BM-048,20260810,reader_round2_freeze_20260810,2026-08-10T03:43:20Z
Doctor_17,149,BM-028,20260810,reader_round2_freeze_20260810,2026-08-10T03:43:20Z
Doctor_17,150,CASE-013,20260810,reader_round2_freeze_20260810,2026-08-10T03:43:20Z
