crop_ui,image,has_video,has_overlay,has_roi_mask,has_annotation,complete_quad,video,overlay,roi_mask,annotation
dataset/gastritis_external/processed_images/三明市第二医院/crop_ui,三明市第二医院__图片__三明市第二医院__图片__smyz6-7.jpg,0,1,1,1,0,,三明市第二医院__图片__三明市第二医院__图片__smyz6-7_overlay.jpg,三明市第二医院__图片__三明市第二医院__图片__smyz6-7.png,三明市第二医院__图片__三明市第二医院__图片__smyz6-7.json
dataset/gastritis_external/processed_images/三明市第二医院/crop_ui,三明市第二医院__图片__三明市第二医院__图片__smyz23-3.jpg,0,1,1,1,0,,三明市第二医院__图片__三明市第二医院__图片__smyz23-3_overlay.jpg,三明市第二医院__图片__三明市第二医院__图片__smyz23-3.png,三明市第二医院__图片__三明市第二医院__图片__smyz23-3.json
dataset/gastritis_external/processed_images/三明市第二医院/crop_ui,三明市第二医院__图片__三明市第二医院__图片__smyz4-3.jpg,0,1,1,1,0,,三明市第二医院__图片__三明市第二医院__图片__smyz4-3_overlay.jpg,三明市第二医院__图片__三明市第二医院__图片__smyz4-3.png,三明市第二医院__图片__三明市第二医院__图片__smyz4-3.json
dataset/gastritis_external/processed_images/三明市第二医院/crop_ui,三明市第二医院__图片__三明市第二医院__图片__smyz40-3.jpg,0,1,1,1,0,,三明市第二医院__图片__三明市第二医院__图片__smyz40-3_overlay.jpg,三明市第二医院__图片__三明市第二医院__图片__smyz40-3.png,三明市第二医院__图片__三明市第二医院__图片__smyz40-3.json
dataset/gastritis_external/processed_images/三明市第二医院/crop_ui,三明市第二医院__图片__三明市第二医院__图片__smyz2-3.jpg,0,1,1,1,0,,三明市第二医院__图片__三明市第二医院__图片__smyz2-3_overlay.jpg,三明市第二医院__图片__三明市第二医院__图片__smyz2-3.png,三明市第二医院__图片__三明市第二医院__图片__smyz2-3.json
dataset/gastritis_external/processed_images/三明市第二医院/crop_ui,三明市第二医院__图片__三明市第二医院__图片__smyz29-3.jpg,0,1,1,1,0,,三明市第二医院__图片__三明市第二医院__图片__smyz29-3_overlay.jpg,三明市第二医院__图片__三明市第二医院__图片__smyz29-3.png,三明市第二医院__图片__三明市第二医院__图片__smyz29-3.json
dataset/gastritis_external/processed_images/三明市第二医院/crop_ui,三明市第二医院__图片__三明市第二医院__图片__smyz54-2.jpg,0,1,1,1,0,,三明市第二医院__图片__三明市第二医院__图片__smyz54-2_overlay.jpg,三明市第二医院__图片__三明市第二医院__图片__smyz54-2.png,三明市第二医院__图片__三明市第二医院__图片__smyz54-2.json
dataset/gastritis_external/processed_images/三明市第二医院/crop_ui,三明市第二医院__图片__三明市第二医院__图片__smyz24-1.jpg,0,1,1,1,0,,三明市第二医院__图片__三明市第二医院__图片__smyz24-1_overlay.jpg,三明市第二医院__图片__三明市第二医院__图片__smyz24-1.png,三明市第二医院__图片__三明市第二医院__图片__smyz24-1.json
dataset/gastritis_external/processed_images/三明市第二医院/crop_ui,三明市第二医院__图片__三明市第二医院__图片__smyz2-1.jpg,0,1,1,1,0,,三明市第二医院__图片__三明市第二医院__图片__smyz2-1_overlay.jpg,三明市第二医院__图片__三明市第二医院__图片__smyz2-1.png,三明市第二医院__图片__三明市第二医院__图片__smyz2-1.json
dataset/gastritis_external/processed_images/三明市第二医院/crop_ui,三明市第二医院__图片__三明市第二医院__图片__smyz71-5.jpg,0,1,1,1,0,,三明市第二医院__图片__三明市第二医院__图片__smyz71-5_overlay.jpg,三明市第二医院__图片__三明市第二医院__图片__smyz71-5.png,三明市第二医院__图片__三明市第二医院__图片__smyz71-5.json
dataset/gastritis_external/processed_images/三明市第二医院/crop_ui,三明市第二医院__图片__三明市第二医院__图片__smyz28-3.jpg,0,1,1,1,0,,三明市第二医院__图片__三明市第二医院__图片__smyz28-3_overlay.jpg,三明市第二医院__图片__三明市第二医院__图片__smyz28-3.png,三明市第二医院__图片__三明市第二医院__图片__smyz28-3.json
dataset/gastritis_external/processed_images/三明市第二医院/crop_ui,三明市第二医院__图片__三明市第二医院__图片__smyz16-1.jpg,0,1,1,1,0,,三明市第二医院__图片__三明市第二医院__图片__smyz16-1_overlay.jpg,三明市第二医院__图片__三明市第二医院__图片__smyz16-1.png,三明市第二医院__图片__三明市第二医院__图片__smyz16-1.json
dataset/gastritis_external/processed_images/三明市第二医院/crop_ui,三明市第二医院__图片__三明市第二医院__图片__smyz59-2.jpg,0,1,1,1,0,,三明市第二医院__图片__三明市第二医院__图片__smyz59-2_overlay.jpg,三明市第二医院__图片__三明市第二医院__图片__smyz59-2.png,三明市第二医院__图片__三明市第二医院__图片__smyz59-2.json
dataset/gastritis_external/processed_images/三明市第二医院/crop_ui,三明市第二医院__图片__三明市第二医院__图片__smyz25-2.jpg,0,1,1,1,0,,三明市第二医院__图片__三明市第二医院__图片__smyz25-2_overlay.jpg,三明市第二医院__图片__三明市第二医院__图片__smyz25-2.png,三明市第二医院__图片__三明市第二医院__图片__smyz25-2.json
dataset/gastritis_external/processed_images/三明市第二医院/crop_ui,三明市第二医院__图片__三明市第二医院__图片__smyz34-2.jpg,0,1,1,1,0,,三明市第二医院__图片__三明市第二医院__图片__smyz34-2_overlay.jpg,三明市第二医院__图片__三明市第二医院__图片__smyz34-2.png,三明市第二医院__图片__三明市第二医院__图片__smyz34-2.json
dataset/gastritis_external/processed_images/三明市第二医院/crop_ui,三明市第二医院__图片__三明市第二医院__图片__smyz62-4.jpg,0,1,1,1,0,,三明市第二医院__图片__三明市第二医院__图片__smyz62-4_overlay.jpg,三明市第二医院__图片__三明市第二医院__图片__smyz62-4.png,三明市第二医院__图片__三明市第二医院__图片__smyz62-4.json
dataset/gastritis_external/processed_images/三明市第二医院/crop_ui,三明市第二医院__图片__三明市第二医院__图片__smyz5-4.jpg,0,1,1,1,0,,三明市第二医院__图片__三明市第二医院__图片__smyz5-4_overlay.jpg,三明市第二医院__图片__三明市第二医院__图片__smyz5-4.png,三明市第二医院__图片__三明市第二医院__图片__smyz5-4.json
dataset/gastritis_external/processed_images/三明市第二医院/crop_ui,三明市第二医院__图片__三明市第二医院__图片__smyz33-6.jpg,0,1,1,1,0,,三明市第二医院__图片__三明市第二医院__图片__smyz33-6_overlay.jpg,三明市第二医院__图片__三明市第二医院__图片__smyz33-6.png,三明市第二医院__图片__三明市第二医院__图片__smyz33-6.json
dataset/gastritis_external/processed_images/三明市第二医院/crop_ui,三明市第二医院__图片__三明市第二医院__图片__smyz46-2.jpg,0,1,1,1,0,,三明市第二医院__图片__三明市第二医院__图片__smyz46-2_overlay.jpg,三明市第二医院__图片__三明市第二医院__图片__smyz46-2.png,三明市第二医院__图片__三明市第二医院__图片__smyz46-2.json
dataset/gastritis_external/processed_images/三明市第二医院/crop_ui,三明市第二医院__图片__三明市第二医院__图片__smyz57-5.jpg,0,1,1,1,0,,三明市第二医院__图片__三明市第二医院__图片__smyz57-5_overlay.jpg,三明市第二医院__图片__三明市第二医院__图片__smyz57-5.png,三明市第二医院__图片__三明市第二医院__图片__smyz57-5.json
dataset/gastritis_external/processed_images/三明市第二医院/crop_ui,三明市第二医院__图片__三明市第二医院__图片__smyz26-1.jpg,0,1,1,1,0,,三明市第二医院__图片__三明市第二医院__图片__smyz26-1_overlay.jpg,三明市第二医院__图片__三明市第二医院__图片__smyz26-1.png,三明市第二医院__图片__三明市第二医院__图片__smyz26-1.json
dataset/gastritis_external/processed_images/三明市第二医院/crop_ui,三明市第二医院__图片__三明市第二医院__图片__smyz15-5.jpg,0,1,1,1,0,,三明市第二医院__图片__三明市第二医院__图片__smyz15-5_overlay.jpg,三明市第二医院__图片__三明市第二医院__图片__smyz15-5.png,三明市第二医院__图片__三明市第二医院__图片__smyz15-5.json
dataset/gastritis_external/processed_images/三明市第二医院/crop_ui,三明市第二医院__图片__三明市第二医院__图片__smyz65-1.jpg,0,1,1,1,0,,三明市第二医院__图片__三明市第二医院__图片__smyz65-1_overlay.jpg,三明市第二医院__图片__三明市第二医院__图片__smyz65-1.png,三明市第二医院__图片__三明市第二医院__图片__smyz65-1.json
dataset/gastritis_external/processed_images/三明市第二医院/crop_ui,三明市第二医院__图片__三明市第二医院__图片__smyz33-4.jpg,0,1,1,1,0,,三明市第二医院__图片__三明市第二医院__图片__smyz33-4_overlay.jpg,三明市第二医院__图片__三明市第二医院__图片__smyz33-4.png,三明市第二医院__图片__三明市第二医院__图片__smyz33-4.json
dataset/gastritis_external/processed_images/三明市第二医院/crop_ui,三明市第二医院__图片__三明市第二医院__图片__smyz66-1.jpg,0,1,1,1,0,,三明市第二医院__图片__三明市第二医院__图片__smyz66-1_overlay.jpg,三明市第二医院__图片__三明市第二医院__图片__smyz66-1.png,三明市第二医院__图片__三明市第二医院__图片__smyz66-1.json
dataset/gastritis_external/processed_images/三明市第二医院/crop_ui,三明市第二医院__图片__三明市第二医院__图片__smyz75-3.jpg,0,1,1,1,0,,三明市第二医院__图片__三明市第二医院__图片__smyz75-3_overlay.jpg,三明市第二医院__图片__三明市第二医院__图片__smyz75-3.png,三明市第二医院__图片__三明市第二医院__图片__smyz75-3.json
dataset/gastritis_external/processed_images/三明市第二医院/crop_ui,三明市第二医院__图片__三明市第二医院__图片__smyz53-4.jpg,0,1,1,1,0,,三明市第二医院__图片__三明市第二医院__图片__smyz53-4_overlay.jpg,三明市第二医院__图片__三明市第二医院__图片__smyz53-4.png,三明市第二医院__图片__三明市第二医院__图片__smyz53-4.json
dataset/gastritis_external/processed_images/三明市第二医院/crop_ui,三明市第二医院__图片__三明市第二医院__图片__smyz45-3.jpg,0,1,1,1,0,,三明市第二医院__图片__三明市第二医院__图片__smyz45-3_overlay.jpg,三明市第二医院__图片__三明市第二医院__图片__smyz45-3.png,三明市第二医院__图片__三明市第二医院__图片__smyz45-3.json
dataset/gastritis_external/processed_images/三明市第二医院/crop_ui,三明市第二医院__图片__三明市第二医院__图片__smyz33-5.jpg,0,1,1,1,0,,三明市第二医院__图片__三明市第二医院__图片__smyz33-5_overlay.jpg,三明市第二医院__图片__三明市第二医院__图片__smyz33-5.png,三明市第二医院__图片__三明市第二医院__图片__smyz33-5.json
dataset/gastritis_external/processed_images/三明市第二医院/crop_ui,三明市第二医院__图片__三明市第二医院__图片__smyz21-2.jpg,0,1,1,1,0,,三明市第二医院__图片__三明市第二医院__图片__smyz21-2_overlay.jpg,三明市第二医院__图片__三明市第二医院__图片__smyz21-2.png,三明市第二医院__图片__三明市第二医院__图片__smyz21-2.json
dataset/gastritis_external/processed_images/三明市第二医院/crop_ui,三明市第二医院__图片__三明市第二医院__图片__smyz41-5.jpg,0,1,1,1,0,,三明市第二医院__图片__三明市第二医院__图片__smyz41-5_overlay.jpg,三明市第二医院__图片__三明市第二医院__图片__smyz41-5.png,三明市第二医院__图片__三明市第二医院__图片__smyz41-5.json
dataset/gastritis_external/processed_images/三明市第二医院/crop_ui,三明市第二医院__图片__三明市第二医院__图片__smyz42-2.jpg,0,1,1,1,0,,三明市第二医院__图片__三明市第二医院__图片__smyz42-2_overlay.jpg,三明市第二医院__图片__三明市第二医院__图片__smyz42-2.png,三明市第二医院__图片__三明市第二医院__图片__smyz42-2.json
dataset/gastritis_external/processed_images/三明市第二医院/crop_ui,三明市第二医院__图片__三明市第二医院__图片__smyz30-2.jpg,0,1,1,1,0,,三明市第二医院__图片__三明市第二医院__图片__smyz30-2_overlay.jpg,三明市第二医院__图片__三明市第二医院__图片__smyz30-2.png,三明市第二医院__图片__三明市第二医院__图片__smyz30-2.json
dataset/gastritis_external/processed_images/三明市第二医院/crop_ui,三明市第二医院__图片__三明市第二医院__图片__smyz42-4.jpg,0,1,1,1,0,,三明市第二医院__图片__三明市第二医院__图片__smyz42-4_overlay.jpg,三明市第二医院__图片__三明市第二医院__图片__smyz42-4.png,三明市第二医院__图片__三明市第二医院__图片__smyz42-4.json
dataset/gastritis_external/processed_images/三明市第二医院/crop_ui,三明市第二医院__图片__三明市第二医院__图片__smyz18-6.jpg,0,1,1,1,0,,三明市第二医院__图片__三明市第二医院__图片__smyz18-6_overlay.jpg,三明市第二医院__图片__三明市第二医院__图片__smyz18-6.png,三明市第二医院__图片__三明市第二医院__图片__smyz18-6.json
dataset/gastritis_external/processed_images/三明市第二医院/crop_ui,三明市第二医院__图片__三明市第二医院__图片__smyz25-3.jpg,0,1,1,1,0,,三明市第二医院__图片__三明市第二医院__图片__smyz25-3_overlay.jpg,三明市第二医院__图片__三明市第二医院__图片__smyz25-3.png,三明市第二医院__图片__三明市第二医院__图片__smyz25-3.json
dataset/gastritis_external/processed_images/三明市第二医院/crop_ui,三明市第二医院__图片__三明市第二医院__图片__smyz3-6.jpg,0,1,1,1,0,,三明市第二医院__图片__三明市第二医院__图片__smyz3-6_overlay.jpg,三明市第二医院__图片__三明市第二医院__图片__smyz3-6.png,三明市第二医院__图片__三明市第二医院__图片__smyz3-6.json
dataset/gastritis_external/processed_images/三明市第二医院/crop_ui,三明市第二医院__图片__三明市第二医院__图片__smyz55-1.jpg,0,1,1,1,0,,三明市第二医院__图片__三明市第二医院__图片__smyz55-1_overlay.jpg,三明市第二医院__图片__三明市第二医院__图片__smyz55-1.png,三明市第二医院__图片__三明市第二医院__图片__smyz55-1.json
dataset/gastritis_external/processed_images/三明市第二医院/crop_ui,三明市第二医院__图片__三明市第二医院__图片__smyz55-2.jpg,0,1,1,1,0,,三明市第二医院__图片__三明市第二医院__图片__smyz55-2_overlay.jpg,三明市第二医院__图片__三明市第二医院__图片__smyz55-2.png,三明市第二医院__图片__三明市第二医院__图片__smyz55-2.json
dataset/gastritis_external/processed_images/三明市第二医院/crop_ui,三明市第二医院__图片__三明市第二医院__图片__smyz36-4.jpg,0,1,1,1,0,,三明市第二医院__图片__三明市第二医院__图片__smyz36-4_overlay.jpg,三明市第二医院__图片__三明市第二医院__图片__smyz36-4.png,三明市第二医院__图片__三明市第二医院__图片__smyz36-4.json
dataset/gastritis_external/processed_images/三明市第二医院/crop_ui,三明市第二医院__图片__三明市第二医院__图片__smyz5-9.jpg,0,1,1,1,0,,三明市第二医院__图片__三明市第二医院__图片__smyz5-9_overlay.jpg,三明市第二医院__图片__三明市第二医院__图片__smyz5-9.png,三明市第二医院__图片__三明市第二医院__图片__smyz5-9.json
dataset/gastritis_external/processed_images/三明市第二医院/crop_ui,三明市第二医院__图片__三明市第二医院__图片__smyz5-3.jpg,0,1,1,1,0,,三明市第二医院__图片__三明市第二医院__图片__smyz5-3_overlay.jpg,三明市第二医院__图片__三明市第二医院__图片__smyz5-3.png,三明市第二医院__图片__三明市第二医院__图片__smyz5-3.json
dataset/gastritis_external/processed_images/三明市第二医院/crop_ui,三明市第二医院__图片__三明市第二医院__图片__smyz15-1.jpg,0,1,1,1,0,,三明市第二医院__图片__三明市第二医院__图片__smyz15-1_overlay.jpg,三明市第二医院__图片__三明市第二医院__图片__smyz15-1.png,三明市第二医院__图片__三明市第二医院__图片__smyz15-1.json
dataset/gastritis_external/processed_images/三明市第二医院/crop_ui,三明市第二医院__图片__三明市第二医院__图片__smyz57-3.jpg,0,1,1,1,0,,三明市第二医院__图片__三明市第二医院__图片__smyz57-3_overlay.jpg,三明市第二医院__图片__三明市第二医院__图片__smyz57-3.png,三明市第二医院__图片__三明市第二医院__图片__smyz57-3.json
dataset/gastritis_external/processed_images/三明市第二医院/crop_ui,三明市第二医院__图片__三明市第二医院__图片__smyz15-3.jpg,0,1,1,1,0,,三明市第二医院__图片__三明市第二医院__图片__smyz15-3_overlay.jpg,三明市第二医院__图片__三明市第二医院__图片__smyz15-3.png,三明市第二医院__图片__三明市第二医院__图片__smyz15-3.json
dataset/gastritis_external/processed_images/三明市第二医院/crop_ui,三明市第二医院__图片__三明市第二医院__图片__smyz75-7.jpg,0,1,1,1,0,,三明市第二医院__图片__三明市第二医院__图片__smyz75-7_overlay.jpg,三明市第二医院__图片__三明市第二医院__图片__smyz75-7.png,三明市第二医院__图片__三明市第二医院__图片__smyz75-7.json
dataset/gastritis_external/processed_images/三明市第二医院/crop_ui,三明市第二医院__图片__三明市第二医院__图片__smyz58-1.jpg,0,1,1,1,0,,三明市第二医院__图片__三明市第二医院__图片__smyz58-1_overlay.jpg,三明市第二医院__图片__三明市第二医院__图片__smyz58-1.png,三明市第二医院__图片__三明市第二医院__图片__smyz58-1.json
dataset/gastritis_external/processed_images/三明市第二医院/crop_ui,三明市第二医院__图片__三明市第二医院__图片__smyz3-3.jpg,0,1,1,1,0,,三明市第二医院__图片__三明市第二医院__图片__smyz3-3_overlay.jpg,三明市第二医院__图片__三明市第二医院__图片__smyz3-3.png,三明市第二医院__图片__三明市第二医院__图片__smyz3-3.json
dataset/gastritis_external/processed_images/三明市第二医院/crop_ui,三明市第二医院__图片__三明市第二医院__图片__smyz73-4.jpg,0,1,1,1,0,,三明市第二医院__图片__三明市第二医院__图片__smyz73-4_overlay.jpg,三明市第二医院__图片__三明市第二医院__图片__smyz73-4.png,三明市第二医院__图片__三明市第二医院__图片__smyz73-4.json
dataset/gastritis_external/processed_images/三明市第二医院/crop_ui,三明市第二医院__图片__三明市第二医院__图片__smyz12-6.jpg,0,1,1,1,0,,三明市第二医院__图片__三明市第二医院__图片__smyz12-6_overlay.jpg,三明市第二医院__图片__三明市第二医院__图片__smyz12-6.png,三明市第二医院__图片__三明市第二医院__图片__smyz12-6.json
dataset/gastritis_external/processed_images/三明市第二医院/crop_ui,三明市第二医院__图片__三明市第二医院__图片__smyz73-1.jpg,0,1,1,1,0,,三明市第二医院__图片__三明市第二医院__图片__smyz73-1_overlay.jpg,三明市第二医院__图片__三明市第二医院__图片__smyz73-1.png,三明市第二医院__图片__三明市第二医院__图片__smyz73-1.json
dataset/gastritis_external/processed_images/三明市第二医院/crop_ui,三明市第二医院__图片__三明市第二医院__图片__smyz43-6.jpg,0,1,1,1,0,,三明市第二医院__图片__三明市第二医院__图片__smyz43-6_overlay.jpg,三明市第二医院__图片__三明市第二医院__图片__smyz43-6.png,三明市第二医院__图片__三明市第二医院__图片__smyz43-6.json
dataset/gastritis_external/processed_images/三明市第二医院/crop_ui,三明市第二医院__图片__三明市第二医院__图片__smyz31-2.jpg,0,1,1,1,0,,三明市第二医院__图片__三明市第二医院__图片__smyz31-2_overlay.jpg,三明市第二医院__图片__三明市第二医院__图片__smyz31-2.png,三明市第二医院__图片__三明市第二医院__图片__smyz31-2.json
dataset/gastritis_external/processed_images/三明市第二医院/crop_ui,三明市第二医院__图片__三明市第二医院__图片__smyz39-2.jpg,0,1,1,1,0,,三明市第二医院__图片__三明市第二医院__图片__smyz39-2_overlay.jpg,三明市第二医院__图片__三明市第二医院__图片__smyz39-2.png,三明市第二医院__图片__三明市第二医院__图片__smyz39-2.json
dataset/gastritis_external/processed_images/三明市第二医院/crop_ui,三明市第二医院__图片__三明市第二医院__图片__smyz6-5.jpg,0,1,1,1,0,,三明市第二医院__图片__三明市第二医院__图片__smyz6-5_overlay.jpg,三明市第二医院__图片__三明市第二医院__图片__smyz6-5.png,三明市第二医院__图片__三明市第二医院__图片__smyz6-5.json
dataset/gastritis_external/processed_images/三明市第二医院/crop_ui,三明市第二医院__图片__三明市第二医院__图片__smyz17-2.jpg,0,1,1,1,0,,三明市第二医院__图片__三明市第二医院__图片__smyz17-2_overlay.jpg,三明市第二医院__图片__三明市第二医院__图片__smyz17-2.png,三明市第二医院__图片__三明市第二医院__图片__smyz17-2.json
dataset/gastritis_external/processed_images/三明市第二医院/crop_ui,三明市第二医院__图片__三明市第二医院__图片__smyz22-3.jpg,0,1,1,1,0,,三明市第二医院__图片__三明市第二医院__图片__smyz22-3_overlay.jpg,三明市第二医院__图片__三明市第二医院__图片__smyz22-3.png,三明市第二医院__图片__三明市第二医院__图片__smyz22-3.json
dataset/gastritis_external/processed_images/三明市第二医院/crop_ui,三明市第二医院__图片__三明市第二医院__图片__smyz52-2.jpg,0,1,1,1,0,,三明市第二医院__图片__三明市第二医院__图片__smyz52-2_overlay.jpg,三明市第二医院__图片__三明市第二医院__图片__smyz52-2.png,三明市第二医院__图片__三明市第二医院__图片__smyz52-2.json
dataset/gastritis_external/processed_images/三明市第二医院/crop_ui,三明市第二医院__图片__三明市第二医院__图片__smyz64-1.jpg,0,1,1,1,0,,三明市第二医院__图片__三明市第二医院__图片__smyz64-1_overlay.jpg,三明市第二医院__图片__三明市第二医院__图片__smyz64-1.png,三明市第二医院__图片__三明市第二医院__图片__smyz64-1.json
dataset/gastritis_external/processed_images/三明市第二医院/crop_ui,三明市第二医院__图片__三明市第二医院__图片__smyz58-5.jpg,0,1,1,1,0,,三明市第二医院__图片__三明市第二医院__图片__smyz58-5_overlay.jpg,三明市第二医院__图片__三明市第二医院__图片__smyz58-5.png,三明市第二医院__图片__三明市第二医院__图片__smyz58-5.json
dataset/gastritis_external/processed_images/三明市第二医院/crop_ui,三明市第二医院__图片__三明市第二医院__图片__smyz15-2.jpg,0,1,1,1,0,,三明市第二医院__图片__三明市第二医院__图片__smyz15-2_overlay.jpg,三明市第二医院__图片__三明市第二医院__图片__smyz15-2.png,三明市第二医院__图片__三明市第二医院__图片__smyz15-2.json
dataset/gastritis_external/processed_images/三明市第二医院/crop_ui,三明市第二医院__图片__三明市第二医院__图片__smyz33-3.jpg,0,1,1,1,0,,三明市第二医院__图片__三明市第二医院__图片__smyz33-3_overlay.jpg,三明市第二医院__图片__三明市第二医院__图片__smyz33-3.png,三明市第二医院__图片__三明市第二医院__图片__smyz33-3.json
dataset/gastritis_external/processed_images/三明市第二医院/crop_ui,三明市第二医院__图片__三明市第二医院__图片__smyz29-1.jpg,0,1,1,1,0,,三明市第二医院__图片__三明市第二医院__图片__smyz29-1_overlay.jpg,三明市第二医院__图片__三明市第二医院__图片__smyz29-1.png,三明市第二医院__图片__三明市第二医院__图片__smyz29-1.json
dataset/gastritis_external/processed_images/三明市第二医院/crop_ui,三明市第二医院__图片__三明市第二医院__图片__smyz3-4.jpg,0,1,1,1,0,,三明市第二医院__图片__三明市第二医院__图片__smyz3-4_overlay.jpg,三明市第二医院__图片__三明市第二医院__图片__smyz3-4.png,三明市第二医院__图片__三明市第二医院__图片__smyz3-4.json
dataset/gastritis_external/processed_images/三明市第二医院/crop_ui,三明市第二医院__图片__三明市第二医院__图片__smyz45-1.jpg,0,1,1,1,0,,三明市第二医院__图片__三明市第二医院__图片__smyz45-1_overlay.jpg,三明市第二医院__图片__三明市第二医院__图片__smyz45-1.png,三明市第二医院__图片__三明市第二医院__图片__smyz45-1.json
dataset/gastritis_external/processed_images/三明市第二医院/crop_ui,三明市第二医院__图片__三明市第二医院__图片__smyz43-1.jpg,0,1,1,1,0,,三明市第二医院__图片__三明市第二医院__图片__smyz43-1_overlay.jpg,三明市第二医院__图片__三明市第二医院__图片__smyz43-1.png,三明市第二医院__图片__三明市第二医院__图片__smyz43-1.json
dataset/gastritis_external/processed_images/三明市第二医院/crop_ui,三明市第二医院__图片__三明市第二医院__图片__smyz13-4.jpg,0,1,1,1,0,,三明市第二医院__图片__三明市第二医院__图片__smyz13-4_overlay.jpg,三明市第二医院__图片__三明市第二医院__图片__smyz13-4.png,三明市第二医院__图片__三明市第二医院__图片__smyz13-4.json
dataset/gastritis_external/processed_images/三明市第二医院/crop_ui,三明市第二医院__图片__三明市第二医院__图片__smyz1-3.jpg,0,1,1,1,0,,三明市第二医院__图片__三明市第二医院__图片__smyz1-3_overlay.jpg,三明市第二医院__图片__三明市第二医院__图片__smyz1-3.png,三明市第二医院__图片__三明市第二医院__图片__smyz1-3.json
dataset/gastritis_external/processed_images/三明市第二医院/crop_ui,三明市第二医院__图片__三明市第二医院__图片__smyz13-3.jpg,0,1,1,1,0,,三明市第二医院__图片__三明市第二医院__图片__smyz13-3_overlay.jpg,三明市第二医院__图片__三明市第二医院__图片__smyz13-3.png,三明市第二医院__图片__三明市第二医院__图片__smyz13-3.json
dataset/gastritis_external/processed_images/三明市第二医院/crop_ui,三明市第二医院__图片__三明市第二医院__图片__smyz67.jpg,0,1,1,1,0,,三明市第二医院__图片__三明市第二医院__图片__smyz67_overlay.jpg,三明市第二医院__图片__三明市第二医院__图片__smyz67.png,三明市第二医院__图片__三明市第二医院__图片__smyz67.json
dataset/gastritis_external/processed_images/三明市第二医院/crop_ui,三明市第二医院__图片__三明市第二医院__图片__smyz12-5.jpg,0,1,1,1,0,,三明市第二医院__图片__三明市第二医院__图片__smyz12-5_overlay.jpg,三明市第二医院__图片__三明市第二医院__图片__smyz12-5.png,三明市第二医院__图片__三明市第二医院__图片__smyz12-5.json
dataset/gastritis_external/processed_images/三明市第二医院/crop_ui,三明市第二医院__图片__三明市第二医院__图片__smyz30-1.jpg,0,1,1,1,0,,三明市第二医院__图片__三明市第二医院__图片__smyz30-1_overlay.jpg,三明市第二医院__图片__三明市第二医院__图片__smyz30-1.png,三明市第二医院__图片__三明市第二医院__图片__smyz30-1.json
dataset/gastritis_external/processed_images/三明市第二医院/crop_ui,三明市第二医院__图片__三明市第二医院__图片__smyz21-1.jpg,0,1,1,1,0,,三明市第二医院__图片__三明市第二医院__图片__smyz21-1_overlay.jpg,三明市第二医院__图片__三明市第二医院__图片__smyz21-1.png,三明市第二医院__图片__三明市第二医院__图片__smyz21-1.json
dataset/gastritis_external/processed_images/三明市第二医院/crop_ui,三明市第二医院__图片__三明市第二医院__图片__smyz59-5.jpg,0,1,1,1,0,,三明市第二医院__图片__三明市第二医院__图片__smyz59-5_overlay.jpg,三明市第二医院__图片__三明市第二医院__图片__smyz59-5.png,三明市第二医院__图片__三明市第二医院__图片__smyz59-5.json
dataset/gastritis_external/processed_images/三明市第二医院/crop_ui,三明市第二医院__图片__三明市第二医院__图片__smyz23-7.jpg,0,1,1,1,0,,三明市第二医院__图片__三明市第二医院__图片__smyz23-7_overlay.jpg,三明市第二医院__图片__三明市第二医院__图片__smyz23-7.png,三明市第二医院__图片__三明市第二医院__图片__smyz23-7.json
dataset/gastritis_external/processed_images/三明市第二医院/crop_ui,三明市第二医院__图片__三明市第二医院__图片__smyz41-1.jpg,0,1,1,1,0,,三明市第二医院__图片__三明市第二医院__图片__smyz41-1_overlay.jpg,三明市第二医院__图片__三明市第二医院__图片__smyz41-1.png,三明市第二医院__图片__三明市第二医院__图片__smyz41-1.json
dataset/gastritis_external/processed_images/三明市第二医院/crop_ui,三明市第二医院__图片__三明市第二医院__图片__smyz37.jpg,0,1,1,1,0,,三明市第二医院__图片__三明市第二医院__图片__smyz37_overlay.jpg,三明市第二医院__图片__三明市第二医院__图片__smyz37.png,三明市第二医院__图片__三明市第二医院__图片__smyz37.json
dataset/gastritis_external/processed_images/三明市第二医院/crop_ui,三明市第二医院__图片__三明市第二医院__图片__smyz35-3.jpg,0,1,1,1,0,,三明市第二医院__图片__三明市第二医院__图片__smyz35-3_overlay.jpg,三明市第二医院__图片__三明市第二医院__图片__smyz35-3.png,三明市第二医院__图片__三明市第二医院__图片__smyz35-3.json
dataset/gastritis_external/processed_images/三明市第二医院/crop_ui,三明市第二医院__图片__三明市第二医院__图片__smyz39-1.jpg,0,1,1,1,0,,三明市第二医院__图片__三明市第二医院__图片__smyz39-1_overlay.jpg,三明市第二医院__图片__三明市第二医院__图片__smyz39-1.png,三明市第二医院__图片__三明市第二医院__图片__smyz39-1.json
dataset/gastritis_external/processed_images/三明市第二医院/crop_ui,三明市第二医院__图片__三明市第二医院__图片__smyz33-1.jpg,0,1,1,1,0,,三明市第二医院__图片__三明市第二医院__图片__smyz33-1_overlay.jpg,三明市第二医院__图片__三明市第二医院__图片__smyz33-1.png,三明市第二医院__图片__三明市第二医院__图片__smyz33-1.json
dataset/gastritis_external/processed_images/三明市第二医院/crop_ui,三明市第二医院__图片__三明市第二医院__图片__smyz68-4.jpg,0,1,1,1,0,,三明市第二医院__图片__三明市第二医院__图片__smyz68-4_overlay.jpg,三明市第二医院__图片__三明市第二医院__图片__smyz68-4.png,三明市第二医院__图片__三明市第二医院__图片__smyz68-4.json
dataset/gastritis_external/processed_images/三明市第二医院/crop_ui,三明市第二医院__图片__三明市第二医院__图片__smyz53-2.jpg,0,1,1,1,0,,三明市第二医院__图片__三明市第二医院__图片__smyz53-2_overlay.jpg,三明市第二医院__图片__三明市第二医院__图片__smyz53-2.png,三明市第二医院__图片__三明市第二医院__图片__smyz53-2.json
dataset/gastritis_external/processed_images/三明市第二医院/crop_ui,三明市第二医院__图片__三明市第二医院__图片__smyz19-1.jpg,0,1,1,1,0,,三明市第二医院__图片__三明市第二医院__图片__smyz19-1_overlay.jpg,三明市第二医院__图片__三明市第二医院__图片__smyz19-1.png,三明市第二医院__图片__三明市第二医院__图片__smyz19-1.json
dataset/gastritis_external/processed_images/三明市第二医院/crop_ui,三明市第二医院__图片__三明市第二医院__图片__smyz63-1.jpg,0,1,1,1,0,,三明市第二医院__图片__三明市第二医院__图片__smyz63-1_overlay.jpg,三明市第二医院__图片__三明市第二医院__图片__smyz63-1.png,三明市第二医院__图片__三明市第二医院__图片__smyz63-1.json
dataset/gastritis_external/processed_images/三明市第二医院/crop_ui,三明市第二医院__图片__三明市第二医院__图片__smyz27-5.jpg,0,1,1,1,0,,三明市第二医院__图片__三明市第二医院__图片__smyz27-5_overlay.jpg,三明市第二医院__图片__三明市第二医院__图片__smyz27-5.png,三明市第二医院__图片__三明市第二医院__图片__smyz27-5.json
dataset/gastritis_external/processed_images/三明市第二医院/crop_ui,三明市第二医院__图片__三明市第二医院__图片__smyz24-5.jpg,0,1,1,1,0,,三明市第二医院__图片__三明市第二医院__图片__smyz24-5_overlay.jpg,三明市第二医院__图片__三明市第二医院__图片__smyz24-5.png,三明市第二医院__图片__三明市第二医院__图片__smyz24-5.json
dataset/gastritis_external/processed_images/三明市第二医院/crop_ui,三明市第二医院__图片__三明市第二医院__图片__smyz20-4.jpg,0,1,1,1,0,,三明市第二医院__图片__三明市第二医院__图片__smyz20-4_overlay.jpg,三明市第二医院__图片__三明市第二医院__图片__smyz20-4.png,三明市第二医院__图片__三明市第二医院__图片__smyz20-4.json
dataset/gastritis_external/processed_images/三明市第二医院/crop_ui,三明市第二医院__图片__三明市第二医院__图片__smyz8-4.jpg,0,1,1,1,0,,三明市第二医院__图片__三明市第二医院__图片__smyz8-4_overlay.jpg,三明市第二医院__图片__三明市第二医院__图片__smyz8-4.png,三明市第二医院__图片__三明市第二医院__图片__smyz8-4.json
dataset/gastritis_external/processed_images/三明市第二医院/crop_ui,三明市第二医院__图片__三明市第二医院__图片__smyz12-4.jpg,0,1,1,1,0,,三明市第二医院__图片__三明市第二医院__图片__smyz12-4_overlay.jpg,三明市第二医院__图片__三明市第二医院__图片__smyz12-4.png,三明市第二医院__图片__三明市第二医院__图片__smyz12-4.json
dataset/gastritis_external/processed_images/三明市第二医院/crop_ui,三明市第二医院__图片__三明市第二医院__图片__smyz6-6.jpg,0,1,1,1,0,,三明市第二医院__图片__三明市第二医院__图片__smyz6-6_overlay.jpg,三明市第二医院__图片__三明市第二医院__图片__smyz6-6.png,三明市第二医院__图片__三明市第二医院__图片__smyz6-6.json
dataset/gastritis_external/processed_images/三明市第二医院/crop_ui,三明市第二医院__图片__三明市第二医院__图片__smyz65-5.jpg,0,1,1,1,0,,三明市第二医院__图片__三明市第二医院__图片__smyz65-5_overlay.jpg,三明市第二医院__图片__三明市第二医院__图片__smyz65-5.png,三明市第二医院__图片__三明市第二医院__图片__smyz65-5.json
dataset/gastritis_external/processed_images/三明市第二医院/crop_ui,三明市第二医院__图片__三明市第二医院__图片__smyz70-2.jpg,0,1,1,1,0,,三明市第二医院__图片__三明市第二医院__图片__smyz70-2_overlay.jpg,三明市第二医院__图片__三明市第二医院__图片__smyz70-2.png,三明市第二医院__图片__三明市第二医院__图片__smyz70-2.json
dataset/gastritis_external/processed_images/三明市第二医院/crop_ui,三明市第二医院__图片__三明市第二医院__图片__smyz54-1.jpg,0,1,1,1,0,,三明市第二医院__图片__三明市第二医院__图片__smyz54-1_overlay.jpg,三明市第二医院__图片__三明市第二医院__图片__smyz54-1.png,三明市第二医院__图片__三明市第二医院__图片__smyz54-1.json
dataset/gastritis_external/processed_images/三明市第二医院/crop_ui,三明市第二医院__图片__三明市第二医院__图片__smyz3-7.jpg,0,1,1,1,0,,三明市第二医院__图片__三明市第二医院__图片__smyz3-7_overlay.jpg,三明市第二医院__图片__三明市第二医院__图片__smyz3-7.png,三明市第二医院__图片__三明市第二医院__图片__smyz3-7.json
dataset/gastritis_external/processed_images/三明市第二医院/crop_ui,三明市第二医院__图片__三明市第二医院__图片__smyz54-4.jpg,0,1,1,1,0,,三明市第二医院__图片__三明市第二医院__图片__smyz54-4_overlay.jpg,三明市第二医院__图片__三明市第二医院__图片__smyz54-4.png,三明市第二医院__图片__三明市第二医院__图片__smyz54-4.json
dataset/gastritis_external/processed_images/三明市第二医院/crop_ui,三明市第二医院__图片__三明市第二医院__图片__smyz73-2.jpg,0,1,1,1,0,,三明市第二医院__图片__三明市第二医院__图片__smyz73-2_overlay.jpg,三明市第二医院__图片__三明市第二医院__图片__smyz73-2.png,三明市第二医院__图片__三明市第二医院__图片__smyz73-2.json
dataset/gastritis_external/processed_images/三明市第二医院/crop_ui,三明市第二医院__图片__三明市第二医院__图片__smyz72-4.jpg,0,1,1,1,0,,三明市第二医院__图片__三明市第二医院__图片__smyz72-4_overlay.jpg,三明市第二医院__图片__三明市第二医院__图片__smyz72-4.png,三明市第二医院__图片__三明市第二医院__图片__smyz72-4.json
dataset/gastritis_external/processed_images/三明市第二医院/crop_ui,三明市第二医院__图片__三明市第二医院__图片__smyz58-4.jpg,0,1,1,1,0,,三明市第二医院__图片__三明市第二医院__图片__smyz58-4_overlay.jpg,三明市第二医院__图片__三明市第二医院__图片__smyz58-4.png,三明市第二医院__图片__三明市第二医院__图片__smyz58-4.json
dataset/gastritis_external/processed_images/三明市第二医院/crop_ui,三明市第二医院__图片__三明市第二医院__图片__smyz23-5.jpg,0,1,1,1,0,,三明市第二医院__图片__三明市第二医院__图片__smyz23-5_overlay.jpg,三明市第二医院__图片__三明市第二医院__图片__smyz23-5.png,三明市第二医院__图片__三明市第二医院__图片__smyz23-5.json
dataset/gastritis_external/processed_images/三明市第二医院/crop_ui,三明市第二医院__图片__三明市第二医院__图片__smyz2-5.jpg,0,1,1,1,0,,三明市第二医院__图片__三明市第二医院__图片__smyz2-5_overlay.jpg,三明市第二医院__图片__三明市第二医院__图片__smyz2-5.png,三明市第二医院__图片__三明市第二医院__图片__smyz2-5.json
dataset/gastritis_external/processed_images/三明市第二医院/crop_ui,三明市第二医院__图片__三明市第二医院__图片__smyz58-3.jpg,0,1,1,1,0,,三明市第二医院__图片__三明市第二医院__图片__smyz58-3_overlay.jpg,三明市第二医院__图片__三明市第二医院__图片__smyz58-3.png,三明市第二医院__图片__三明市第二医院__图片__smyz58-3.json
dataset/gastritis_external/processed_images/三明市第二医院/crop_ui,三明市第二医院__图片__三明市第二医院__图片__smyz41-2.jpg,0,1,1,1,0,,三明市第二医院__图片__三明市第二医院__图片__smyz41-2_overlay.jpg,三明市第二医院__图片__三明市第二医院__图片__smyz41-2.png,三明市第二医院__图片__三明市第二医院__图片__smyz41-2.json
dataset/gastritis_external/processed_images/三明市第二医院/crop_ui,三明市第二医院__图片__三明市第二医院__图片__smyz40-2.jpg,0,1,1,1,0,,三明市第二医院__图片__三明市第二医院__图片__smyz40-2_overlay.jpg,三明市第二医院__图片__三明市第二医院__图片__smyz40-2.png,三明市第二医院__图片__三明市第二医院__图片__smyz40-2.json
dataset/gastritis_external/processed_images/三明市第二医院/crop_ui,三明市第二医院__图片__三明市第二医院__图片__smyz45-4.jpg,0,1,1,1,0,,三明市第二医院__图片__三明市第二医院__图片__smyz45-4_overlay.jpg,三明市第二医院__图片__三明市第二医院__图片__smyz45-4.png,三明市第二医院__图片__三明市第二医院__图片__smyz45-4.json
dataset/gastritis_external/processed_images/三明市第二医院/crop_ui,三明市第二医院__图片__三明市第二医院__图片__smyz9-6.jpg,0,1,1,1,0,,三明市第二医院__图片__三明市第二医院__图片__smyz9-6_overlay.jpg,三明市第二医院__图片__三明市第二医院__图片__smyz9-6.png,三明市第二医院__图片__三明市第二医院__图片__smyz9-6.json
dataset/gastritis_external/processed_images/三明市第二医院/crop_ui,三明市第二医院__图片__三明市第二医院__图片__smyz62-2.jpg,0,1,1,1,0,,三明市第二医院__图片__三明市第二医院__图片__smyz62-2_overlay.jpg,三明市第二医院__图片__三明市第二医院__图片__smyz62-2.png,三明市第二医院__图片__三明市第二医院__图片__smyz62-2.json
dataset/gastritis_external/processed_images/三明市第二医院/crop_ui,三明市第二医院__图片__三明市第二医院__图片__smyz12-2.jpg,0,1,1,1,0,,三明市第二医院__图片__三明市第二医院__图片__smyz12-2_overlay.jpg,三明市第二医院__图片__三明市第二医院__图片__smyz12-2.png,三明市第二医院__图片__三明市第二医院__图片__smyz12-2.json
dataset/gastritis_external/processed_images/三明市第二医院/crop_ui,三明市第二医院__图片__三明市第二医院__图片__smyz8-2.jpg,0,1,1,1,0,,三明市第二医院__图片__三明市第二医院__图片__smyz8-2_overlay.jpg,三明市第二医院__图片__三明市第二医院__图片__smyz8-2.png,三明市第二医院__图片__三明市第二医院__图片__smyz8-2.json
dataset/gastritis_external/processed_images/三明市第二医院/crop_ui,三明市第二医院__图片__三明市第二医院__图片__smyz18-1.jpg,0,1,1,1,0,,三明市第二医院__图片__三明市第二医院__图片__smyz18-1_overlay.jpg,三明市第二医院__图片__三明市第二医院__图片__smyz18-1.png,三明市第二医院__图片__三明市第二医院__图片__smyz18-1.json
dataset/gastritis_external/processed_images/三明市第二医院/crop_ui,三明市第二医院__图片__三明市第二医院__图片__smyz39-3.jpg,0,1,1,1,0,,三明市第二医院__图片__三明市第二医院__图片__smyz39-3_overlay.jpg,三明市第二医院__图片__三明市第二医院__图片__smyz39-3.png,三明市第二医院__图片__三明市第二医院__图片__smyz39-3.json
dataset/gastritis_external/processed_images/三明市第二医院/crop_ui,三明市第二医院__图片__三明市第二医院__图片__smyz68-3.jpg,0,1,1,1,0,,三明市第二医院__图片__三明市第二医院__图片__smyz68-3_overlay.jpg,三明市第二医院__图片__三明市第二医院__图片__smyz68-3.png,三明市第二医院__图片__三明市第二医院__图片__smyz68-3.json
dataset/gastritis_external/processed_images/三明市第二医院/crop_ui,三明市第二医院__图片__三明市第二医院__图片__smyz71-4.jpg,0,1,1,1,0,,三明市第二医院__图片__三明市第二医院__图片__smyz71-4_overlay.jpg,三明市第二医院__图片__三明市第二医院__图片__smyz71-4.png,三明市第二医院__图片__三明市第二医院__图片__smyz71-4.json
dataset/gastritis_external/processed_images/三明市第二医院/crop_ui,三明市第二医院__图片__三明市第二医院__图片__smyz29-2.jpg,0,1,1,1,0,,三明市第二医院__图片__三明市第二医院__图片__smyz29-2_overlay.jpg,三明市第二医院__图片__三明市第二医院__图片__smyz29-2.png,三明市第二医院__图片__三明市第二医院__图片__smyz29-2.json
dataset/gastritis_external/processed_images/三明市第二医院/crop_ui,三明市第二医院__图片__三明市第二医院__图片__smyz61-4.jpg,0,1,1,1,0,,三明市第二医院__图片__三明市第二医院__图片__smyz61-4_overlay.jpg,三明市第二医院__图片__三明市第二医院__图片__smyz61-4.png,三明市第二医院__图片__三明市第二医院__图片__smyz61-4.json
dataset/gastritis_external/processed_images/三明市第二医院/crop_ui,三明市第二医院__图片__三明市第二医院__图片__smyz62-1.jpg,0,1,1,1,0,,三明市第二医院__图片__三明市第二医院__图片__smyz62-1_overlay.jpg,三明市第二医院__图片__三明市第二医院__图片__smyz62-1.png,三明市第二医院__图片__三明市第二医院__图片__smyz62-1.json
dataset/gastritis_external/processed_images/三明市第二医院/crop_ui,三明市第二医院__图片__三明市第二医院__图片__smyz1-2.jpg,0,1,1,1,0,,三明市第二医院__图片__三明市第二医院__图片__smyz1-2_overlay.jpg,三明市第二医院__图片__三明市第二医院__图片__smyz1-2.png,三明市第二医院__图片__三明市第二医院__图片__smyz1-2.json
dataset/gastritis_external/processed_images/三明市第二医院/crop_ui,三明市第二医院__图片__三明市第二医院__图片__smyz13-5.jpg,0,1,1,1,0,,三明市第二医院__图片__三明市第二医院__图片__smyz13-5_overlay.jpg,三明市第二医院__图片__三明市第二医院__图片__smyz13-5.png,三明市第二医院__图片__三明市第二医院__图片__smyz13-5.json
dataset/gastritis_external/processed_images/三明市第二医院/crop_ui,三明市第二医院__图片__三明市第二医院__图片__smyz72-2.jpg,0,1,1,1,0,,三明市第二医院__图片__三明市第二医院__图片__smyz72-2_overlay.jpg,三明市第二医院__图片__三明市第二医院__图片__smyz72-2.png,三明市第二医院__图片__三明市第二医院__图片__smyz72-2.json
dataset/gastritis_external/processed_images/三明市第二医院/crop_ui,三明市第二医院__图片__三明市第二医院__图片__smyz12-1.jpg,0,1,1,1,0,,三明市第二医院__图片__三明市第二医院__图片__smyz12-1_overlay.jpg,三明市第二医院__图片__三明市第二医院__图片__smyz12-1.png,三明市第二医院__图片__三明市第二医院__图片__smyz12-1.json
dataset/gastritis_external/processed_images/三明市第二医院/crop_ui,三明市第二医院__图片__三明市第二医院__图片__smyz59-4.jpg,0,1,1,1,0,,三明市第二医院__图片__三明市第二医院__图片__smyz59-4_overlay.jpg,三明市第二医院__图片__三明市第二医院__图片__smyz59-4.png,三明市第二医院__图片__三明市第二医院__图片__smyz59-4.json
dataset/gastritis_external/processed_images/三明市第二医院/crop_ui,三明市第二医院__图片__三明市第二医院__图片__smyz66-4.jpg,0,1,1,1,0,,三明市第二医院__图片__三明市第二医院__图片__smyz66-4_overlay.jpg,三明市第二医院__图片__三明市第二医院__图片__smyz66-4.png,三明市第二医院__图片__三明市第二医院__图片__smyz66-4.json
dataset/gastritis_external/processed_images/三明市第二医院/crop_ui,三明市第二医院__图片__三明市第二医院__图片__smyz69-4.jpg,0,1,1,1,0,,三明市第二医院__图片__三明市第二医院__图片__smyz69-4_overlay.jpg,三明市第二医院__图片__三明市第二医院__图片__smyz69-4.png,三明市第二医院__图片__三明市第二医院__图片__smyz69-4.json
dataset/gastritis_external/processed_images/三明市第二医院/crop_ui,三明市第二医院__图片__三明市第二医院__图片__smyz5-1.jpg,0,1,1,1,0,,三明市第二医院__图片__三明市第二医院__图片__smyz5-1_overlay.jpg,三明市第二医院__图片__三明市第二医院__图片__smyz5-1.png,三明市第二医院__图片__三明市第二医院__图片__smyz5-1.json
dataset/gastritis_external/processed_images/三明市第二医院/crop_ui,三明市第二医院__图片__三明市第二医院__图片__smyz24-2.jpg,0,1,1,1,0,,三明市第二医院__图片__三明市第二医院__图片__smyz24-2_overlay.jpg,三明市第二医院__图片__三明市第二医院__图片__smyz24-2.png,三明市第二医院__图片__三明市第二医院__图片__smyz24-2.json
dataset/gastritis_external/processed_images/三明市第二医院/crop_ui,三明市第二医院__图片__三明市第二医院__图片__smyz7-1.jpg,0,1,1,1,0,,三明市第二医院__图片__三明市第二医院__图片__smyz7-1_overlay.jpg,三明市第二医院__图片__三明市第二医院__图片__smyz7-1.png,三明市第二医院__图片__三明市第二医院__图片__smyz7-1.json
dataset/gastritis_external/processed_images/三明市第二医院/crop_ui,三明市第二医院__图片__三明市第二医院__图片__smyz63-3.jpg,0,1,1,1,0,,三明市第二医院__图片__三明市第二医院__图片__smyz63-3_overlay.jpg,三明市第二医院__图片__三明市第二医院__图片__smyz63-3.png,三明市第二医院__图片__三明市第二医院__图片__smyz63-3.json
dataset/gastritis_external/processed_images/三明市第二医院/crop_ui,三明市第二医院__图片__三明市第二医院__图片__smyz41-6.jpg,0,1,1,1,0,,三明市第二医院__图片__三明市第二医院__图片__smyz41-6_overlay.jpg,三明市第二医院__图片__三明市第二医院__图片__smyz41-6.png,三明市第二医院__图片__三明市第二医院__图片__smyz41-6.json
dataset/gastritis_external/processed_images/三明市第二医院/crop_ui,三明市第二医院__图片__三明市第二医院__图片__smyz51-2.jpg,0,1,1,1,0,,三明市第二医院__图片__三明市第二医院__图片__smyz51-2_overlay.jpg,三明市第二医院__图片__三明市第二医院__图片__smyz51-2.png,三明市第二医院__图片__三明市第二医院__图片__smyz51-2.json
dataset/gastritis_external/processed_images/三明市第二医院/crop_ui,三明市第二医院__图片__三明市第二医院__图片__smyz19-4.jpg,0,1,1,1,0,,三明市第二医院__图片__三明市第二医院__图片__smyz19-4_overlay.jpg,三明市第二医院__图片__三明市第二医院__图片__smyz19-4.png,三明市第二医院__图片__三明市第二医院__图片__smyz19-4.json
dataset/gastritis_external/processed_images/三明市第二医院/crop_ui,三明市第二医院__图片__三明市第二医院__图片__smyz23-6.jpg,0,1,1,1,0,,三明市第二医院__图片__三明市第二医院__图片__smyz23-6_overlay.jpg,三明市第二医院__图片__三明市第二医院__图片__smyz23-6.png,三明市第二医院__图片__三明市第二医院__图片__smyz23-6.json
dataset/gastritis_external/processed_images/三明市第二医院/crop_ui,三明市第二医院__图片__三明市第二医院__图片__smyz48-4.jpg,0,1,1,1,0,,三明市第二医院__图片__三明市第二医院__图片__smyz48-4_overlay.jpg,三明市第二医院__图片__三明市第二医院__图片__smyz48-4.png,三明市第二医院__图片__三明市第二医院__图片__smyz48-4.json
dataset/gastritis_external/processed_images/三明市第二医院/crop_ui,三明市第二医院__图片__三明市第二医院__图片__smyz7-2.jpg,0,1,1,1,0,,三明市第二医院__图片__三明市第二医院__图片__smyz7-2_overlay.jpg,三明市第二医院__图片__三明市第二医院__图片__smyz7-2.png,三明市第二医院__图片__三明市第二医院__图片__smyz7-2.json
dataset/gastritis_external/processed_images/三明市第二医院/crop_ui,三明市第二医院__图片__三明市第二医院__图片__smyz70-3.jpg,0,1,1,1,0,,三明市第二医院__图片__三明市第二医院__图片__smyz70-3_overlay.jpg,三明市第二医院__图片__三明市第二医院__图片__smyz70-3.png,三明市第二医院__图片__三明市第二医院__图片__smyz70-3.json
dataset/gastritis_external/processed_images/三明市第二医院/crop_ui,三明市第二医院__图片__三明市第二医院__图片__smyz18-5.jpg,0,1,1,1,0,,三明市第二医院__图片__三明市第二医院__图片__smyz18-5_overlay.jpg,三明市第二医院__图片__三明市第二医院__图片__smyz18-5.png,三明市第二医院__图片__三明市第二医院__图片__smyz18-5.json
dataset/gastritis_external/processed_images/三明市第二医院/crop_ui,三明市第二医院__图片__三明市第二医院__图片__smyz7-6.jpg,0,1,1,1,0,,三明市第二医院__图片__三明市第二医院__图片__smyz7-6_overlay.jpg,三明市第二医院__图片__三明市第二医院__图片__smyz7-6.png,三明市第二医院__图片__三明市第二医院__图片__smyz7-6.json
dataset/gastritis_external/processed_images/三明市第二医院/crop_ui,三明市第二医院__图片__三明市第二医院__图片__smyz73-3.jpg,0,1,1,1,0,,三明市第二医院__图片__三明市第二医院__图片__smyz73-3_overlay.jpg,三明市第二医院__图片__三明市第二医院__图片__smyz73-3.png,三明市第二医院__图片__三明市第二医院__图片__smyz73-3.json
dataset/gastritis_external/processed_images/三明市第二医院/crop_ui,三明市第二医院__图片__三明市第二医院__图片__smyz64-4.jpg,0,1,1,1,0,,三明市第二医院__图片__三明市第二医院__图片__smyz64-4_overlay.jpg,三明市第二医院__图片__三明市第二医院__图片__smyz64-4.png,三明市第二医院__图片__三明市第二医院__图片__smyz64-4.json
dataset/gastritis_external/processed_images/三明市第二医院/crop_ui,三明市第二医院__图片__三明市第二医院__图片__smyz13-6.jpg,0,1,1,1,0,,三明市第二医院__图片__三明市第二医院__图片__smyz13-6_overlay.jpg,三明市第二医院__图片__三明市第二医院__图片__smyz13-6.png,三明市第二医院__图片__三明市第二医院__图片__smyz13-6.json
dataset/gastritis_external/processed_images/三明市第二医院/crop_ui,三明市第二医院__图片__三明市第二医院__图片__smyz72-1.jpg,0,1,1,1,0,,三明市第二医院__图片__三明市第二医院__图片__smyz72-1_overlay.jpg,三明市第二医院__图片__三明市第二医院__图片__smyz72-1.png,三明市第二医院__图片__三明市第二医院__图片__smyz72-1.json
dataset/gastritis_external/processed_images/三明市第二医院/crop_ui,三明市第二医院__图片__三明市第二医院__图片__smyz26-2.jpg,0,1,1,1,0,,三明市第二医院__图片__三明市第二医院__图片__smyz26-2_overlay.jpg,三明市第二医院__图片__三明市第二医院__图片__smyz26-2.png,三明市第二医院__图片__三明市第二医院__图片__smyz26-2.json
dataset/gastritis_external/processed_images/三明市第二医院/crop_ui,三明市第二医院__图片__三明市第二医院__图片__smyz71-3.jpg,0,1,1,1,0,,三明市第二医院__图片__三明市第二医院__图片__smyz71-3_overlay.jpg,三明市第二医院__图片__三明市第二医院__图片__smyz71-3.png,三明市第二医院__图片__三明市第二医院__图片__smyz71-3.json
dataset/gastritis_external/processed_images/三明市第二医院/crop_ui,三明市第二医院__图片__三明市第二医院__图片__smyz45-5.jpg,0,1,1,1,0,,三明市第二医院__图片__三明市第二医院__图片__smyz45-5_overlay.jpg,三明市第二医院__图片__三明市第二医院__图片__smyz45-5.png,三明市第二医院__图片__三明市第二医院__图片__smyz45-5.json
dataset/gastritis_external/processed_images/三明市第二医院/crop_ui,三明市第二医院__图片__三明市第二医院__图片__smyz65-4.jpg,0,1,1,1,0,,三明市第二医院__图片__三明市第二医院__图片__smyz65-4_overlay.jpg,三明市第二医院__图片__三明市第二医院__图片__smyz65-4.png,三明市第二医院__图片__三明市第二医院__图片__smyz65-4.json
dataset/gastritis_external/processed_images/三明市第二医院/crop_ui,三明市第二医院__图片__三明市第二医院__图片__smyz48-3.jpg,0,1,1,1,0,,三明市第二医院__图片__三明市第二医院__图片__smyz48-3_overlay.jpg,三明市第二医院__图片__三明市第二医院__图片__smyz48-3.png,三明市第二医院__图片__三明市第二医院__图片__smyz48-3.json
dataset/gastritis_external/processed_images/三明市第二医院/crop_ui,三明市第二医院__图片__三明市第二医院__图片__smyz70-1.jpg,0,1,1,1,0,,三明市第二医院__图片__三明市第二医院__图片__smyz70-1_overlay.jpg,三明市第二医院__图片__三明市第二医院__图片__smyz70-1.png,三明市第二医院__图片__三明市第二医院__图片__smyz70-1.json
dataset/gastritis_external/processed_images/三明市第二医院/crop_ui,三明市第二医院__图片__三明市第二医院__图片__smyz41-4.jpg,0,1,1,1,0,,三明市第二医院__图片__三明市第二医院__图片__smyz41-4_overlay.jpg,三明市第二医院__图片__三明市第二医院__图片__smyz41-4.png,三明市第二医院__图片__三明市第二医院__图片__smyz41-4.json
dataset/gastritis_external/processed_images/三明市第二医院/crop_ui,三明市第二医院__图片__三明市第二医院__图片__smyz4-4.jpg,0,1,1,1,0,,三明市第二医院__图片__三明市第二医院__图片__smyz4-4_overlay.jpg,三明市第二医院__图片__三明市第二医院__图片__smyz4-4.png,三明市第二医院__图片__三明市第二医院__图片__smyz4-4.json
dataset/gastritis_external/processed_images/三明市第二医院/crop_ui,三明市第二医院__图片__三明市第二医院__图片__smyz28-4.jpg,0,1,1,1,0,,三明市第二医院__图片__三明市第二医院__图片__smyz28-4_overlay.jpg,三明市第二医院__图片__三明市第二医院__图片__smyz28-4.png,三明市第二医院__图片__三明市第二医院__图片__smyz28-4.json
dataset/gastritis_external/processed_images/三明市第二医院/crop_ui,三明市第二医院__图片__三明市第二医院__图片__smyz56-1.jpg,0,1,1,1,0,,三明市第二医院__图片__三明市第二医院__图片__smyz56-1_overlay.jpg,三明市第二医院__图片__三明市第二医院__图片__smyz56-1.png,三明市第二医院__图片__三明市第二医院__图片__smyz56-1.json
dataset/gastritis_external/processed_images/三明市第二医院/crop_ui,三明市第二医院__图片__三明市第二医院__图片__smyz43-5.jpg,0,1,1,1,0,,三明市第二医院__图片__三明市第二医院__图片__smyz43-5_overlay.jpg,三明市第二医院__图片__三明市第二医院__图片__smyz43-5.png,三明市第二医院__图片__三明市第二医院__图片__smyz43-5.json
dataset/gastritis_external/processed_images/三明市第二医院/crop_ui,三明市第二医院__图片__三明市第二医院__图片__smyz8-6.jpg,0,1,1,1,0,,三明市第二医院__图片__三明市第二医院__图片__smyz8-6_overlay.jpg,三明市第二医院__图片__三明市第二医院__图片__smyz8-6.png,三明市第二医院__图片__三明市第二医院__图片__smyz8-6.json
dataset/gastritis_external/processed_images/三明市第二医院/crop_ui,三明市第二医院__图片__三明市第二医院__图片__smyz73-5.jpg,0,1,1,1,0,,三明市第二医院__图片__三明市第二医院__图片__smyz73-5_overlay.jpg,三明市第二医院__图片__三明市第二医院__图片__smyz73-5.png,三明市第二医院__图片__三明市第二医院__图片__smyz73-5.json
dataset/gastritis_external/processed_images/三明市第二医院/crop_ui,三明市第二医院__图片__三明市第二医院__图片__smyz9-5.jpg,0,1,1,1,0,,三明市第二医院__图片__三明市第二医院__图片__smyz9-5_overlay.jpg,三明市第二医院__图片__三明市第二医院__图片__smyz9-5.png,三明市第二医院__图片__三明市第二医院__图片__smyz9-5.json
dataset/gastritis_external/processed_images/三明市第二医院/crop_ui,三明市第二医院__图片__三明市第二医院__图片__smyz38-2.jpg,0,1,1,1,0,,三明市第二医院__图片__三明市第二医院__图片__smyz38-2_overlay.jpg,三明市第二医院__图片__三明市第二医院__图片__smyz38-2.png,三明市第二医院__图片__三明市第二医院__图片__smyz38-2.json
dataset/gastritis_external/processed_images/三明市第二医院/crop_ui,三明市第二医院__图片__三明市第二医院__图片__smyz53-1.jpg,0,1,1,1,0,,三明市第二医院__图片__三明市第二医院__图片__smyz53-1_overlay.jpg,三明市第二医院__图片__三明市第二医院__图片__smyz53-1.png,三明市第二医院__图片__三明市第二医院__图片__smyz53-1.json
dataset/gastritis_external/processed_images/三明市第二医院/crop_ui,三明市第二医院__图片__三明市第二医院__图片__smyz25-5.jpg,0,1,1,1,0,,三明市第二医院__图片__三明市第二医院__图片__smyz25-5_overlay.jpg,三明市第二医院__图片__三明市第二医院__图片__smyz25-5.png,三明市第二医院__图片__三明市第二医院__图片__smyz25-5.json
dataset/gastritis_external/processed_images/三明市第二医院/crop_ui,三明市第二医院__图片__三明市第二医院__图片__smyz16-4.jpg,0,1,1,1,0,,三明市第二医院__图片__三明市第二医院__图片__smyz16-4_overlay.jpg,三明市第二医院__图片__三明市第二医院__图片__smyz16-4.png,三明市第二医院__图片__三明市第二医院__图片__smyz16-4.json
dataset/gastritis_external/processed_images/三明市第二医院/crop_ui,三明市第二医院__图片__三明市第二医院__图片__smyz22-2.jpg,0,1,1,1,0,,三明市第二医院__图片__三明市第二医院__图片__smyz22-2_overlay.jpg,三明市第二医院__图片__三明市第二医院__图片__smyz22-2.png,三明市第二医院__图片__三明市第二医院__图片__smyz22-2.json
dataset/gastritis_external/processed_images/三明市第二医院/crop_ui,三明市第二医院__图片__三明市第二医院__图片__smyz68-1.jpg,0,1,1,1,0,,三明市第二医院__图片__三明市第二医院__图片__smyz68-1_overlay.jpg,三明市第二医院__图片__三明市第二医院__图片__smyz68-1.png,三明市第二医院__图片__三明市第二医院__图片__smyz68-1.json
dataset/gastritis_external/processed_images/三明市第二医院/crop_ui,三明市第二医院__图片__三明市第二医院__图片__smyz35-5.jpg,0,1,1,1,0,,三明市第二医院__图片__三明市第二医院__图片__smyz35-5_overlay.jpg,三明市第二医院__图片__三明市第二医院__图片__smyz35-5.png,三明市第二医院__图片__三明市第二医院__图片__smyz35-5.json
dataset/gastritis_external/processed_images/三明市第二医院/crop_ui,三明市第二医院__图片__三明市第二医院__图片__smyz4-5.jpg,0,1,1,1,0,,三明市第二医院__图片__三明市第二医院__图片__smyz4-5_overlay.jpg,三明市第二医院__图片__三明市第二医院__图片__smyz4-5.png,三明市第二医院__图片__三明市第二医院__图片__smyz4-5.json
dataset/gastritis_external/processed_images/三明市第二医院/crop_ui,三明市第二医院__图片__三明市第二医院__图片__smyz25-1.jpg,0,1,1,1,0,,三明市第二医院__图片__三明市第二医院__图片__smyz25-1_overlay.jpg,三明市第二医院__图片__三明市第二医院__图片__smyz25-1.png,三明市第二医院__图片__三明市第二医院__图片__smyz25-1.json
dataset/gastritis_external/processed_images/三明市第二医院/crop_ui,三明市第二医院__图片__三明市第二医院__图片__smyz26-3.jpg,0,1,1,1,0,,三明市第二医院__图片__三明市第二医院__图片__smyz26-3_overlay.jpg,三明市第二医院__图片__三明市第二医院__图片__smyz26-3.png,三明市第二医院__图片__三明市第二医院__图片__smyz26-3.json
dataset/gastritis_external/processed_images/三明市第二医院/crop_ui,三明市第二医院__图片__三明市第二医院__图片__smyz7-3.jpg,0,1,1,1,0,,三明市第二医院__图片__三明市第二医院__图片__smyz7-3_overlay.jpg,三明市第二医院__图片__三明市第二医院__图片__smyz7-3.png,三明市第二医院__图片__三明市第二医院__图片__smyz7-3.json
dataset/gastritis_external/processed_images/三明市第二医院/crop_ui,三明市第二医院__图片__三明市第二医院__图片__smyz35-2.jpg,0,1,1,1,0,,三明市第二医院__图片__三明市第二医院__图片__smyz35-2_overlay.jpg,三明市第二医院__图片__三明市第二医院__图片__smyz35-2.png,三明市第二医院__图片__三明市第二医院__图片__smyz35-2.json
dataset/gastritis_external/processed_images/三明市第二医院/crop_ui,三明市第二医院__图片__三明市第二医院__图片__smyz36-6.jpg,0,1,1,1,0,,三明市第二医院__图片__三明市第二医院__图片__smyz36-6_overlay.jpg,三明市第二医院__图片__三明市第二医院__图片__smyz36-6.png,三明市第二医院__图片__三明市第二医院__图片__smyz36-6.json
dataset/gastritis_external/processed_images/三明市第二医院/crop_ui,三明市第二医院__图片__三明市第二医院__图片__smyz31-3.jpg,0,1,1,1,0,,三明市第二医院__图片__三明市第二医院__图片__smyz31-3_overlay.jpg,三明市第二医院__图片__三明市第二医院__图片__smyz31-3.png,三明市第二医院__图片__三明市第二医院__图片__smyz31-3.json
dataset/gastritis_external/processed_images/三明市第二医院/crop_ui,三明市第二医院__图片__三明市第二医院__图片__smyz23-8.jpg,0,1,1,1,0,,三明市第二医院__图片__三明市第二医院__图片__smyz23-8_overlay.jpg,三明市第二医院__图片__三明市第二医院__图片__smyz23-8.png,三明市第二医院__图片__三明市第二医院__图片__smyz23-8.json
dataset/gastritis_external/processed_images/三明市第二医院/crop_ui,三明市第二医院__图片__三明市第二医院__图片__smyz70-6.jpg,0,1,1,1,0,,三明市第二医院__图片__三明市第二医院__图片__smyz70-6_overlay.jpg,三明市第二医院__图片__三明市第二医院__图片__smyz70-6.png,三明市第二医院__图片__三明市第二医院__图片__smyz70-6.json
dataset/gastritis_external/processed_images/三明市第二医院/crop_ui,三明市第二医院__图片__三明市第二医院__图片__smyz5-6.jpg,0,1,1,1,0,,三明市第二医院__图片__三明市第二医院__图片__smyz5-6_overlay.jpg,三明市第二医院__图片__三明市第二医院__图片__smyz5-6.png,三明市第二医院__图片__三明市第二医院__图片__smyz5-6.json
dataset/gastritis_external/processed_images/三明市第二医院/crop_ui,三明市第二医院__图片__三明市第二医院__图片__smyz36-3.jpg,0,1,1,1,0,,三明市第二医院__图片__三明市第二医院__图片__smyz36-3_overlay.jpg,三明市第二医院__图片__三明市第二医院__图片__smyz36-3.png,三明市第二医院__图片__三明市第二医院__图片__smyz36-3.json
dataset/gastritis_external/processed_images/三明市第二医院/crop_ui,三明市第二医院__图片__三明市第二医院__图片__smyz1-1.jpg,0,1,1,1,0,,三明市第二医院__图片__三明市第二医院__图片__smyz1-1_overlay.jpg,三明市第二医院__图片__三明市第二医院__图片__smyz1-1.png,三明市第二医院__图片__三明市第二医院__图片__smyz1-1.json
dataset/gastritis_external/processed_images/三明市第二医院/crop_ui,三明市第二医院__图片__三明市第二医院__图片__smyz68-5.jpg,0,1,1,1,0,,三明市第二医院__图片__三明市第二医院__图片__smyz68-5_overlay.jpg,三明市第二医院__图片__三明市第二医院__图片__smyz68-5.png,三明市第二医院__图片__三明市第二医院__图片__smyz68-5.json
dataset/gastritis_external/processed_images/三明市第二医院/crop_ui,三明市第二医院__图片__三明市第二医院__图片__smyz13-1.jpg,0,1,1,1,0,,三明市第二医院__图片__三明市第二医院__图片__smyz13-1_overlay.jpg,三明市第二医院__图片__三明市第二医院__图片__smyz13-1.png,三明市第二医院__图片__三明市第二医院__图片__smyz13-1.json
dataset/gastritis_external/processed_images/三明市第二医院/crop_ui,三明市第二医院__图片__三明市第二医院__图片__smyz2-4.jpg,0,1,1,1,0,,三明市第二医院__图片__三明市第二医院__图片__smyz2-4_overlay.jpg,三明市第二医院__图片__三明市第二医院__图片__smyz2-4.png,三明市第二医院__图片__三明市第二医院__图片__smyz2-4.json
dataset/gastritis_external/processed_images/三明市第二医院/crop_ui,三明市第二医院__图片__三明市第二医院__图片__smyz27-4.jpg,0,1,1,1,0,,三明市第二医院__图片__三明市第二医院__图片__smyz27-4_overlay.jpg,三明市第二医院__图片__三明市第二医院__图片__smyz27-4.png,三明市第二医院__图片__三明市第二医院__图片__smyz27-4.json
dataset/gastritis_external/processed_images/三明市第二医院/crop_ui,三明市第二医院__图片__三明市第二医院__图片__smyz11-2.jpg,0,1,1,1,0,,三明市第二医院__图片__三明市第二医院__图片__smyz11-2_overlay.jpg,三明市第二医院__图片__三明市第二医院__图片__smyz11-2.png,三明市第二医院__图片__三明市第二医院__图片__smyz11-2.json
dataset/gastritis_external/processed_images/三明市第二医院/crop_ui,三明市第二医院__图片__三明市第二医院__图片__smyz71-1.jpg,0,1,1,1,0,,三明市第二医院__图片__三明市第二医院__图片__smyz71-1_overlay.jpg,三明市第二医院__图片__三明市第二医院__图片__smyz71-1.png,三明市第二医院__图片__三明市第二医院__图片__smyz71-1.json
dataset/gastritis_external/processed_images/三明市第二医院/crop_ui,三明市第二医院__图片__三明市第二医院__图片__smyz6-4.jpg,0,1,1,1,0,,三明市第二医院__图片__三明市第二医院__图片__smyz6-4_overlay.jpg,三明市第二医院__图片__三明市第二医院__图片__smyz6-4.png,三明市第二医院__图片__三明市第二医院__图片__smyz6-4.json
dataset/gastritis_external/processed_images/三明市第二医院/crop_ui,三明市第二医院__图片__三明市第二医院__图片__smyz61-5.jpg,0,1,1,1,0,,三明市第二医院__图片__三明市第二医院__图片__smyz61-5_overlay.jpg,三明市第二医院__图片__三明市第二医院__图片__smyz61-5.png,三明市第二医院__图片__三明市第二医院__图片__smyz61-5.json
dataset/gastritis_external/processed_images/三明市第二医院/crop_ui,三明市第二医院__图片__三明市第二医院__图片__smyz34-3.jpg,0,1,1,1,0,,三明市第二医院__图片__三明市第二医院__图片__smyz34-3_overlay.jpg,三明市第二医院__图片__三明市第二医院__图片__smyz34-3.png,三明市第二医院__图片__三明市第二医院__图片__smyz34-3.json
dataset/gastritis_external/processed_images/三明市第二医院/crop_ui,三明市第二医院__图片__三明市第二医院__图片__smyz58-2.jpg,0,1,1,1,0,,三明市第二医院__图片__三明市第二医院__图片__smyz58-2_overlay.jpg,三明市第二医院__图片__三明市第二医院__图片__smyz58-2.png,三明市第二医院__图片__三明市第二医院__图片__smyz58-2.json
dataset/gastritis_external/processed_images/三明市第二医院/crop_ui,三明市第二医院__图片__三明市第二医院__图片__smyz53-3.jpg,0,1,1,1,0,,三明市第二医院__图片__三明市第二医院__图片__smyz53-3_overlay.jpg,三明市第二医院__图片__三明市第二医院__图片__smyz53-3.png,三明市第二医院__图片__三明市第二医院__图片__smyz53-3.json
dataset/gastritis_external/processed_images/三明市第二医院/crop_ui,三明市第二医院__图片__三明市第二医院__图片__smyz27-3.jpg,0,1,1,1,0,,三明市第二医院__图片__三明市第二医院__图片__smyz27-3_overlay.jpg,三明市第二医院__图片__三明市第二医院__图片__smyz27-3.png,三明市第二医院__图片__三明市第二医院__图片__smyz27-3.json
dataset/gastritis_external/processed_images/三明市第二医院/crop_ui,三明市第二医院__图片__三明市第二医院__图片__smyz20-6.jpg,0,1,1,1,0,,三明市第二医院__图片__三明市第二医院__图片__smyz20-6_overlay.jpg,三明市第二医院__图片__三明市第二医院__图片__smyz20-6.png,三明市第二医院__图片__三明市第二医院__图片__smyz20-6.json
dataset/gastritis_external/processed_images/三明市第二医院/crop_ui,三明市第二医院__图片__三明市第二医院__图片__smyz71-2.jpg,0,1,1,1,0,,三明市第二医院__图片__三明市第二医院__图片__smyz71-2_overlay.jpg,三明市第二医院__图片__三明市第二医院__图片__smyz71-2.png,三明市第二医院__图片__三明市第二医院__图片__smyz71-2.json
dataset/gastritis_external/processed_images/三明市第二医院/crop_ui,三明市第二医院__图片__三明市第二医院__图片__smyz50.jpg,0,1,1,1,0,,三明市第二医院__图片__三明市第二医院__图片__smyz50_overlay.jpg,三明市第二医院__图片__三明市第二医院__图片__smyz50.png,三明市第二医院__图片__三明市第二医院__图片__smyz50.json
dataset/gastritis_external/processed_images/三明市第二医院/crop_ui,三明市第二医院__图片__三明市第二医院__图片__smyz42-1.jpg,0,1,1,1,0,,三明市第二医院__图片__三明市第二医院__图片__smyz42-1_overlay.jpg,三明市第二医院__图片__三明市第二医院__图片__smyz42-1.png,三明市第二医院__图片__三明市第二医院__图片__smyz42-1.json
dataset/gastritis_external/processed_images/三明市第二医院/crop_ui,三明市第二医院__图片__三明市第二医院__图片__smyz31-5.jpg,0,1,1,1,0,,三明市第二医院__图片__三明市第二医院__图片__smyz31-5_overlay.jpg,三明市第二医院__图片__三明市第二医院__图片__smyz31-5.png,三明市第二医院__图片__三明市第二医院__图片__smyz31-5.json
dataset/gastritis_external/processed_images/三明市第二医院/crop_ui,三明市第二医院__图片__三明市第二医院__图片__smyz51-1.jpg,0,1,1,1,0,,三明市第二医院__图片__三明市第二医院__图片__smyz51-1_overlay.jpg,三明市第二医院__图片__三明市第二医院__图片__smyz51-1.png,三明市第二医院__图片__三明市第二医院__图片__smyz51-1.json
dataset/gastritis_external/processed_images/三明市第二医院/crop_ui,三明市第二医院__图片__三明市第二医院__图片__smyz12-3.jpg,0,1,1,1,0,,三明市第二医院__图片__三明市第二医院__图片__smyz12-3_overlay.jpg,三明市第二医院__图片__三明市第二医院__图片__smyz12-3.png,三明市第二医院__图片__三明市第二医院__图片__smyz12-3.json
dataset/gastritis_external/processed_images/三明市第二医院/crop_ui,三明市第二医院__图片__三明市第二医院__图片__smyz61-2.jpg,0,1,1,1,0,,三明市第二医院__图片__三明市第二医院__图片__smyz61-2_overlay.jpg,三明市第二医院__图片__三明市第二医院__图片__smyz61-2.png,三明市第二医院__图片__三明市第二医院__图片__smyz61-2.json
dataset/gastritis_external/processed_images/三明市第二医院/crop_ui,三明市第二医院__图片__三明市第二医院__图片__smyz69-5.jpg,0,1,1,1,0,,三明市第二医院__图片__三明市第二医院__图片__smyz69-5_overlay.jpg,三明市第二医院__图片__三明市第二医院__图片__smyz69-5.png,三明市第二医院__图片__三明市第二医院__图片__smyz69-5.json
dataset/gastritis_external/processed_images/三明市第二医院/crop_ui,三明市第二医院__图片__三明市第二医院__图片__smyz19-2.jpg,0,1,1,1,0,,三明市第二医院__图片__三明市第二医院__图片__smyz19-2_overlay.jpg,三明市第二医院__图片__三明市第二医院__图片__smyz19-2.png,三明市第二医院__图片__三明市第二医院__图片__smyz19-2.json
dataset/gastritis_external/processed_images/三明市第二医院/crop_ui,三明市第二医院__图片__三明市第二医院__图片__smyz15-4.jpg,0,1,1,1,0,,三明市第二医院__图片__三明市第二医院__图片__smyz15-4_overlay.jpg,三明市第二医院__图片__三明市第二医院__图片__smyz15-4.png,三明市第二医院__图片__三明市第二医院__图片__smyz15-4.json
dataset/gastritis_external/processed_images/三明市第二医院/crop_ui,三明市第二医院__图片__三明市第二医院__图片__smyz22-1.jpg,0,1,1,1,0,,三明市第二医院__图片__三明市第二医院__图片__smyz22-1_overlay.jpg,三明市第二医院__图片__三明市第二医院__图片__smyz22-1.png,三明市第二医院__图片__三明市第二医院__图片__smyz22-1.json
dataset/gastritis_external/processed_images/三明市第二医院/crop_ui,三明市第二医院__图片__三明市第二医院__图片__smyz29-5.jpg,0,1,1,1,0,,三明市第二医院__图片__三明市第二医院__图片__smyz29-5_overlay.jpg,三明市第二医院__图片__三明市第二医院__图片__smyz29-5.png,三明市第二医院__图片__三明市第二医院__图片__smyz29-5.json
dataset/gastritis_external/processed_images/三明市第二医院/crop_ui,三明市第二医院__图片__三明市第二医院__图片__smyz4-1.jpg,0,1,1,1,0,,三明市第二医院__图片__三明市第二医院__图片__smyz4-1_overlay.jpg,三明市第二医院__图片__三明市第二医院__图片__smyz4-1.png,三明市第二医院__图片__三明市第二医院__图片__smyz4-1.json
dataset/gastritis_external/processed_images/三明市第二医院/crop_ui,三明市第二医院__图片__三明市第二医院__图片__smyz39-5.jpg,0,1,1,1,0,,三明市第二医院__图片__三明市第二医院__图片__smyz39-5_overlay.jpg,三明市第二医院__图片__三明市第二医院__图片__smyz39-5.png,三明市第二医院__图片__三明市第二医院__图片__smyz39-5.json
dataset/gastritis_external/processed_images/三明市第二医院/crop_ui,三明市第二医院__图片__三明市第二医院__图片__smyz4-2.jpg,0,1,1,1,0,,三明市第二医院__图片__三明市第二医院__图片__smyz4-2_overlay.jpg,三明市第二医院__图片__三明市第二医院__图片__smyz4-2.png,三明市第二医院__图片__三明市第二医院__图片__smyz4-2.json
dataset/gastritis_external/processed_images/三明市第二医院/crop_ui,三明市第二医院__图片__三明市第二医院__图片__smyz9-4.jpg,0,1,1,1,0,,三明市第二医院__图片__三明市第二医院__图片__smyz9-4_overlay.jpg,三明市第二医院__图片__三明市第二医院__图片__smyz9-4.png,三明市第二医院__图片__三明市第二医院__图片__smyz9-4.json
dataset/gastritis_external/processed_images/三明市第二医院/crop_ui,三明市第二医院__图片__三明市第二医院__图片__smyz59-1.jpg,0,1,1,1,0,,三明市第二医院__图片__三明市第二医院__图片__smyz59-1_overlay.jpg,三明市第二医院__图片__三明市第二医院__图片__smyz59-1.png,三明市第二医院__图片__三明市第二医院__图片__smyz59-1.json
dataset/gastritis_external/processed_images/三明市第二医院/crop_ui,三明市第二医院__图片__三明市第二医院__图片__smyz64-2.jpg,0,1,1,1,0,,三明市第二医院__图片__三明市第二医院__图片__smyz64-2_overlay.jpg,三明市第二医院__图片__三明市第二医院__图片__smyz64-2.png,三明市第二医院__图片__三明市第二医院__图片__smyz64-2.json
dataset/gastritis_external/processed_images/三明市第二医院/crop_ui,三明市第二医院__图片__三明市第二医院__图片__smyz71-6.jpg,0,1,1,1,0,,三明市第二医院__图片__三明市第二医院__图片__smyz71-6_overlay.jpg,三明市第二医院__图片__三明市第二医院__图片__smyz71-6.png,三明市第二医院__图片__三明市第二医院__图片__smyz71-6.json
dataset/gastritis_external/processed_images/三明市第二医院/crop_ui,三明市第二医院__图片__三明市第二医院__图片__smyz9-1.jpg,0,1,1,1,0,,三明市第二医院__图片__三明市第二医院__图片__smyz9-1_overlay.jpg,三明市第二医院__图片__三明市第二医院__图片__smyz9-1.png,三明市第二医院__图片__三明市第二医院__图片__smyz9-1.json
dataset/gastritis_external/processed_images/三明市第二医院/crop_ui,三明市第二医院__图片__三明市第二医院__图片__smyz27-1.jpg,0,1,1,1,0,,三明市第二医院__图片__三明市第二医院__图片__smyz27-1_overlay.jpg,三明市第二医院__图片__三明市第二医院__图片__smyz27-1.png,三明市第二医院__图片__三明市第二医院__图片__smyz27-1.json
dataset/gastritis_external/processed_images/三明市第二医院/crop_ui,三明市第二医院__图片__三明市第二医院__图片__smyz64-3.jpg,0,1,1,1,0,,三明市第二医院__图片__三明市第二医院__图片__smyz64-3_overlay.jpg,三明市第二医院__图片__三明市第二医院__图片__smyz64-3.png,三明市第二医院__图片__三明市第二医院__图片__smyz64-3.json
dataset/gastritis_external/processed_images/三明市第二医院/crop_ui,三明市第二医院__图片__三明市第二医院__图片__smyz2-7.jpg,0,1,1,1,0,,三明市第二医院__图片__三明市第二医院__图片__smyz2-7_overlay.jpg,三明市第二医院__图片__三明市第二医院__图片__smyz2-7.png,三明市第二医院__图片__三明市第二医院__图片__smyz2-7.json
dataset/gastritis_external/processed_images/三明市第二医院/crop_ui,三明市第二医院__图片__三明市第二医院__图片__smyz14-1.jpg,0,1,1,1,0,,三明市第二医院__图片__三明市第二医院__图片__smyz14-1_overlay.jpg,三明市第二医院__图片__三明市第二医院__图片__smyz14-1.png,三明市第二医院__图片__三明市第二医院__图片__smyz14-1.json
dataset/gastritis_external/processed_images/三明市第二医院/crop_ui,三明市第二医院__图片__三明市第二医院__图片__smyz75-1.jpg,0,1,1,1,0,,三明市第二医院__图片__三明市第二医院__图片__smyz75-1_overlay.jpg,三明市第二医院__图片__三明市第二医院__图片__smyz75-1.png,三明市第二医院__图片__三明市第二医院__图片__smyz75-1.json
dataset/gastritis_external/processed_images/三明市第二医院/crop_ui,三明市第二医院__图片__三明市第二医院__图片__smyz8-5.jpg,0,1,1,1,0,,三明市第二医院__图片__三明市第二医院__图片__smyz8-5_overlay.jpg,三明市第二医院__图片__三明市第二医院__图片__smyz8-5.png,三明市第二医院__图片__三明市第二医院__图片__smyz8-5.json
dataset/gastritis_external/processed_images/三明市第二医院/crop_ui,三明市第二医院__图片__三明市第二医院__图片__smyz75-5.jpg,0,1,1,1,0,,三明市第二医院__图片__三明市第二医院__图片__smyz75-5_overlay.jpg,三明市第二医院__图片__三明市第二医院__图片__smyz75-5.png,三明市第二医院__图片__三明市第二医院__图片__smyz75-5.json
dataset/gastritis_external/processed_images/三明市第二医院/crop_ui,三明市第二医院__图片__三明市第二医院__图片__smyz56-3.jpg,0,1,1,1,0,,三明市第二医院__图片__三明市第二医院__图片__smyz56-3_overlay.jpg,三明市第二医院__图片__三明市第二医院__图片__smyz56-3.png,三明市第二医院__图片__三明市第二医院__图片__smyz56-3.json
dataset/gastritis_external/processed_images/三明市第二医院/crop_ui,三明市第二医院__图片__三明市第二医院__图片__smyz34-1.jpg,0,1,1,1,0,,三明市第二医院__图片__三明市第二医院__图片__smyz34-1_overlay.jpg,三明市第二医院__图片__三明市第二医院__图片__smyz34-1.png,三明市第二医院__图片__三明市第二医院__图片__smyz34-1.json
dataset/gastritis_external/processed_images/三明市第二医院/crop_ui,三明市第二医院__图片__三明市第二医院__图片__smyz24-4.jpg,0,1,1,1,0,,三明市第二医院__图片__三明市第二医院__图片__smyz24-4_overlay.jpg,三明市第二医院__图片__三明市第二医院__图片__smyz24-4.png,三明市第二医院__图片__三明市第二医院__图片__smyz24-4.json
dataset/gastritis_external/processed_images/三明市第二医院/crop_ui,三明市第二医院__图片__三明市第二医院__图片__smyz38-5.jpg,0,1,1,1,0,,三明市第二医院__图片__三明市第二医院__图片__smyz38-5_overlay.jpg,三明市第二医院__图片__三明市第二医院__图片__smyz38-5.png,三明市第二医院__图片__三明市第二医院__图片__smyz38-5.json
dataset/gastritis_external/processed_images/三明市第二医院/crop_ui,三明市第二医院__图片__三明市第二医院__图片__smyz17-1.jpg,0,1,1,1,0,,三明市第二医院__图片__三明市第二医院__图片__smyz17-1_overlay.jpg,三明市第二医院__图片__三明市第二医院__图片__smyz17-1.png,三明市第二医院__图片__三明市第二医院__图片__smyz17-1.json
dataset/gastritis_external/processed_images/三明市第二医院/crop_ui,三明市第二医院__图片__三明市第二医院__图片__smyz27-2.jpg,0,1,1,1,0,,三明市第二医院__图片__三明市第二医院__图片__smyz27-2_overlay.jpg,三明市第二医院__图片__三明市第二医院__图片__smyz27-2.png,三明市第二医院__图片__三明市第二医院__图片__smyz27-2.json
dataset/gastritis_external/processed_images/三明市第二医院/crop_ui,三明市第二医院__图片__三明市第二医院__图片__smyz28-2.jpg,0,1,1,1,0,,三明市第二医院__图片__三明市第二医院__图片__smyz28-2_overlay.jpg,三明市第二医院__图片__三明市第二医院__图片__smyz28-2.png,三明市第二医院__图片__三明市第二医院__图片__smyz28-2.json
dataset/gastritis_external/processed_images/三明市第二医院/crop_ui,三明市第二医院__图片__三明市第二医院__图片__smyz75-4.jpg,0,1,1,1,0,,三明市第二医院__图片__三明市第二医院__图片__smyz75-4_overlay.jpg,三明市第二医院__图片__三明市第二医院__图片__smyz75-4.png,三明市第二医院__图片__三明市第二医院__图片__smyz75-4.json
dataset/gastritis_external/processed_images/三明市第二医院/crop_ui,三明市第二医院__图片__三明市第二医院__图片__smyz66-3.jpg,0,1,1,1,0,,三明市第二医院__图片__三明市第二医院__图片__smyz66-3_overlay.jpg,三明市第二医院__图片__三明市第二医院__图片__smyz66-3.png,三明市第二医院__图片__三明市第二医院__图片__smyz66-3.json
dataset/gastritis_external/processed_images/三明市第二医院/crop_ui,三明市第二医院__图片__三明市第二医院__图片__smyz25-4.jpg,0,1,1,1,0,,三明市第二医院__图片__三明市第二医院__图片__smyz25-4_overlay.jpg,三明市第二医院__图片__三明市第二医院__图片__smyz25-4.png,三明市第二医院__图片__三明市第二医院__图片__smyz25-4.json
dataset/gastritis_external/processed_images/三明市第二医院/crop_ui,三明市第二医院__图片__三明市第二医院__图片__smyz75-2.jpg,0,1,1,1,0,,三明市第二医院__图片__三明市第二医院__图片__smyz75-2_overlay.jpg,三明市第二医院__图片__三明市第二医院__图片__smyz75-2.png,三明市第二医院__图片__三明市第二医院__图片__smyz75-2.json
dataset/gastritis_external/processed_images/三明市第二医院/crop_ui,三明市第二医院__图片__三明市第二医院__图片__smyz20-5.jpg,0,1,1,1,0,,三明市第二医院__图片__三明市第二医院__图片__smyz20-5_overlay.jpg,三明市第二医院__图片__三明市第二医院__图片__smyz20-5.png,三明市第二医院__图片__三明市第二医院__图片__smyz20-5.json
dataset/gastritis_external/processed_images/三明市第二医院/crop_ui,三明市第二医院__图片__三明市第二医院__图片__smyz20-2.jpg,0,1,1,1,0,,三明市第二医院__图片__三明市第二医院__图片__smyz20-2_overlay.jpg,三明市第二医院__图片__三明市第二医院__图片__smyz20-2.png,三明市第二医院__图片__三明市第二医院__图片__smyz20-2.json
dataset/gastritis_external/processed_images/三明市第二医院/crop_ui,三明市第二医院__图片__三明市第二医院__图片__smyz62-3.jpg,0,1,1,1,0,,三明市第二医院__图片__三明市第二医院__图片__smyz62-3_overlay.jpg,三明市第二医院__图片__三明市第二医院__图片__smyz62-3.png,三明市第二医院__图片__三明市第二医院__图片__smyz62-3.json
dataset/gastritis_external/processed_images/三明市第二医院/crop_ui,三明市第二医院__图片__三明市第二医院__图片__smyz52-3.jpg,0,1,1,1,0,,三明市第二医院__图片__三明市第二医院__图片__smyz52-3_overlay.jpg,三明市第二医院__图片__三明市第二医院__图片__smyz52-3.png,三明市第二医院__图片__三明市第二医院__图片__smyz52-3.json
dataset/gastritis_external/processed_images/三明市第二医院/crop_ui,三明市第二医院__图片__三明市第二医院__图片__smyz66-5.jpg,0,1,1,1,0,,三明市第二医院__图片__三明市第二医院__图片__smyz66-5_overlay.jpg,三明市第二医院__图片__三明市第二医院__图片__smyz66-5.png,三明市第二医院__图片__三明市第二医院__图片__smyz66-5.json
dataset/gastritis_external/processed_images/三明市第二医院/crop_ui,三明市第二医院__图片__三明市第二医院__图片__smyz51-4.jpg,0,1,1,1,0,,三明市第二医院__图片__三明市第二医院__图片__smyz51-4_overlay.jpg,三明市第二医院__图片__三明市第二医院__图片__smyz51-4.png,三明市第二医院__图片__三明市第二医院__图片__smyz51-4.json
dataset/gastritis_external/processed_images/三明市第二医院/crop_ui,三明市第二医院__图片__三明市第二医院__图片__smyz38-3.jpg,0,1,1,1,0,,三明市第二医院__图片__三明市第二医院__图片__smyz38-3_overlay.jpg,三明市第二医院__图片__三明市第二医院__图片__smyz38-3.png,三明市第二医院__图片__三明市第二医院__图片__smyz38-3.json
dataset/gastritis_external/processed_images/三明市第二医院/crop_ui,三明市第二医院__图片__三明市第二医院__图片__smyz69-2.jpg,0,1,1,1,0,,三明市第二医院__图片__三明市第二医院__图片__smyz69-2_overlay.jpg,三明市第二医院__图片__三明市第二医院__图片__smyz69-2.png,三明市第二医院__图片__三明市第二医院__图片__smyz69-2.json
dataset/gastritis_external/processed_images/三明市第二医院/crop_ui,三明市第二医院__图片__三明市第二医院__图片__smyz66-2.jpg,0,1,1,1,0,,三明市第二医院__图片__三明市第二医院__图片__smyz66-2_overlay.jpg,三明市第二医院__图片__三明市第二医院__图片__smyz66-2.png,三明市第二医院__图片__三明市第二医院__图片__smyz66-2.json
dataset/gastritis_external/processed_images/三明市第二医院/crop_ui,三明市第二医院__图片__三明市第二医院__图片__smyz35-1.jpg,0,1,1,1,0,,三明市第二医院__图片__三明市第二医院__图片__smyz35-1_overlay.jpg,三明市第二医院__图片__三明市第二医院__图片__smyz35-1.png,三明市第二医院__图片__三明市第二医院__图片__smyz35-1.json
dataset/gastritis_external/processed_images/三明市第二医院/crop_ui,三明市第二医院__图片__三明市第二医院__图片__smyz38-6.jpg,0,1,1,1,0,,三明市第二医院__图片__三明市第二医院__图片__smyz38-6_overlay.jpg,三明市第二医院__图片__三明市第二医院__图片__smyz38-6.png,三明市第二医院__图片__三明市第二医院__图片__smyz38-6.json
dataset/gastritis_external/processed_images/三明市第二医院/crop_ui,三明市第二医院__图片__三明市第二医院__图片__smyz48-2.jpg,0,1,1,1,0,,三明市第二医院__图片__三明市第二医院__图片__smyz48-2_overlay.jpg,三明市第二医院__图片__三明市第二医院__图片__smyz48-2.png,三明市第二医院__图片__三明市第二医院__图片__smyz48-2.json
dataset/gastritis_external/processed_images/三明市第二医院/crop_ui,三明市第二医院__图片__三明市第二医院__图片__smyz25-7.jpg,0,1,1,1,0,,三明市第二医院__图片__三明市第二医院__图片__smyz25-7_overlay.jpg,三明市第二医院__图片__三明市第二医院__图片__smyz25-7.png,三明市第二医院__图片__三明市第二医院__图片__smyz25-7.json
dataset/gastritis_external/processed_images/三明市第二医院/crop_ui,三明市第二医院__图片__三明市第二医院__图片__smyz39-4.jpg,0,1,1,1,0,,三明市第二医院__图片__三明市第二医院__图片__smyz39-4_overlay.jpg,三明市第二医院__图片__三明市第二医院__图片__smyz39-4.png,三明市第二医院__图片__三明市第二医院__图片__smyz39-4.json
dataset/gastritis_external/processed_images/三明市第二医院/crop_ui,三明市第二医院__图片__三明市第二医院__图片__smyz2-6.jpg,0,1,1,1,0,,三明市第二医院__图片__三明市第二医院__图片__smyz2-6_overlay.jpg,三明市第二医院__图片__三明市第二医院__图片__smyz2-6.png,三明市第二医院__图片__三明市第二医院__图片__smyz2-6.json
dataset/gastritis_external/processed_images/三明市第二医院/crop_ui,三明市第二医院__图片__三明市第二医院__图片__smyz43-2.jpg,0,1,1,1,0,,三明市第二医院__图片__三明市第二医院__图片__smyz43-2_overlay.jpg,三明市第二医院__图片__三明市第二医院__图片__smyz43-2.png,三明市第二医院__图片__三明市第二医院__图片__smyz43-2.json
dataset/gastritis_external/processed_images/三明市第二医院/crop_ui,三明市第二医院__图片__三明市第二医院__图片__smyz62-5.jpg,0,1,1,1,0,,三明市第二医院__图片__三明市第二医院__图片__smyz62-5_overlay.jpg,三明市第二医院__图片__三明市第二医院__图片__smyz62-5.png,三明市第二医院__图片__三明市第二医院__图片__smyz62-5.json
dataset/gastritis_external/processed_images/三明市第二医院/crop_ui,三明市第二医院__图片__三明市第二医院__图片__smyz20-1.jpg,0,1,1,1,0,,三明市第二医院__图片__三明市第二医院__图片__smyz20-1_overlay.jpg,三明市第二医院__图片__三明市第二医院__图片__smyz20-1.png,三明市第二医院__图片__三明市第二医院__图片__smyz20-1.json
dataset/gastritis_external/processed_images/三明市第二医院/crop_ui,三明市第二医院__图片__三明市第二医院__图片__smyz7-8.jpg,0,1,1,1,0,,三明市第二医院__图片__三明市第二医院__图片__smyz7-8_overlay.jpg,三明市第二医院__图片__三明市第二医院__图片__smyz7-8.png,三明市第二医院__图片__三明市第二医院__图片__smyz7-8.json
dataset/gastritis_external/processed_images/三明市第二医院/crop_ui,三明市第二医院__图片__三明市第二医院__图片__smyz69-3.jpg,0,1,1,1,0,,三明市第二医院__图片__三明市第二医院__图片__smyz69-3_overlay.jpg,三明市第二医院__图片__三明市第二医院__图片__smyz69-3.png,三明市第二医院__图片__三明市第二医院__图片__smyz69-3.json
dataset/gastritis_external/processed_images/三明市第二医院/crop_ui,三明市第二医院__图片__三明市第二医院__图片__smyz8-1.jpg,0,1,1,1,0,,三明市第二医院__图片__三明市第二医院__图片__smyz8-1_overlay.jpg,三明市第二医院__图片__三明市第二医院__图片__smyz8-1.png,三明市第二医院__图片__三明市第二医院__图片__smyz8-1.json
dataset/gastritis_external/processed_images/三明市第二医院/crop_ui,三明市第二医院__图片__三明市第二医院__图片__smyz28-1.jpg,0,1,1,1,0,,三明市第二医院__图片__三明市第二医院__图片__smyz28-1_overlay.jpg,三明市第二医院__图片__三明市第二医院__图片__smyz28-1.png,三明市第二医院__图片__三明市第二医院__图片__smyz28-1.json
dataset/gastritis_external/processed_images/三明市第二医院/crop_ui,三明市第二医院__图片__三明市第二医院__图片__smyz72-3.jpg,0,1,1,1,0,,三明市第二医院__图片__三明市第二医院__图片__smyz72-3_overlay.jpg,三明市第二医院__图片__三明市第二医院__图片__smyz72-3.png,三明市第二医院__图片__三明市第二医院__图片__smyz72-3.json
dataset/gastritis_external/processed_images/三明市第二医院/crop_ui,三明市第二医院__图片__三明市第二医院__图片__smyz64-5.jpg,0,1,1,1,0,,三明市第二医院__图片__三明市第二医院__图片__smyz64-5_overlay.jpg,三明市第二医院__图片__三明市第二医院__图片__smyz64-5.png,三明市第二医院__图片__三明市第二医院__图片__smyz64-5.json
dataset/gastritis_external/processed_images/三明市第二医院/crop_ui,三明市第二医院__图片__三明市第二医院__图片__smyz16-2.jpg,0,1,1,1,0,,三明市第二医院__图片__三明市第二医院__图片__smyz16-2_overlay.jpg,三明市第二医院__图片__三明市第二医院__图片__smyz16-2.png,三明市第二医院__图片__三明市第二医院__图片__smyz16-2.json
dataset/gastritis_external/processed_images/三明市第二医院/crop_ui,三明市第二医院__图片__三明市第二医院__图片__smyz35-4.jpg,0,1,1,1,0,,三明市第二医院__图片__三明市第二医院__图片__smyz35-4_overlay.jpg,三明市第二医院__图片__三明市第二医院__图片__smyz35-4.png,三明市第二医院__图片__三明市第二医院__图片__smyz35-4.json
dataset/gastritis_external/processed_images/三明市第二医院/crop_ui,三明市第二医院__图片__三明市第二医院__图片__smyz7-4.jpg,0,1,1,1,0,,三明市第二医院__图片__三明市第二医院__图片__smyz7-4_overlay.jpg,三明市第二医院__图片__三明市第二医院__图片__smyz7-4.png,三明市第二医院__图片__三明市第二医院__图片__smyz7-4.json
dataset/gastritis_external/processed_images/三明市第二医院/crop_ui,三明市第二医院__图片__三明市第二医院__图片__smyz45-2.jpg,0,1,1,1,0,,三明市第二医院__图片__三明市第二医院__图片__smyz45-2_overlay.jpg,三明市第二医院__图片__三明市第二医院__图片__smyz45-2.png,三明市第二医院__图片__三明市第二医院__图片__smyz45-2.json
dataset/gastritis_external/processed_images/三明市第二医院/crop_ui,三明市第二医院__图片__三明市第二医院__图片__smyz16-5.jpg,0,1,1,1,0,,三明市第二医院__图片__三明市第二医院__图片__smyz16-5_overlay.jpg,三明市第二医院__图片__三明市第二医院__图片__smyz16-5.png,三明市第二医院__图片__三明市第二医院__图片__smyz16-5.json
dataset/gastritis_external/processed_images/三明市第二医院/crop_ui,三明市第二医院__图片__三明市第二医院__图片__smyz38-1.jpg,0,1,1,1,0,,三明市第二医院__图片__三明市第二医院__图片__smyz38-1_overlay.jpg,三明市第二医院__图片__三明市第二医院__图片__smyz38-1.png,三明市第二医院__图片__三明市第二医院__图片__smyz38-1.json
dataset/gastritis_external/processed_images/三明市第二医院/crop_ui,三明市第二医院__图片__三明市第二医院__图片__smyz68-2.jpg,0,1,1,1,0,,三明市第二医院__图片__三明市第二医院__图片__smyz68-2_overlay.jpg,三明市第二医院__图片__三明市第二医院__图片__smyz68-2.png,三明市第二医院__图片__三明市第二医院__图片__smyz68-2.json
dataset/gastritis_external/processed_images/三明市第二医院/crop_ui,三明市第二医院__图片__三明市第二医院__图片__smyz2-9.jpg,0,1,1,1,0,,三明市第二医院__图片__三明市第二医院__图片__smyz2-9_overlay.jpg,三明市第二医院__图片__三明市第二医院__图片__smyz2-9.png,三明市第二医院__图片__三明市第二医院__图片__smyz2-9.json
dataset/gastritis_external/processed_images/三明市第二医院/crop_ui,三明市第二医院__图片__三明市第二医院__图片__smyz38-7.jpg,0,1,1,1,0,,三明市第二医院__图片__三明市第二医院__图片__smyz38-7_overlay.jpg,三明市第二医院__图片__三明市第二医院__图片__smyz38-7.png,三明市第二医院__图片__三明市第二医院__图片__smyz38-7.json
dataset/gastritis_external/processed_images/三明市第二医院/crop_ui,三明市第二医院__图片__三明市第二医院__图片__smyz3-5.jpg,0,1,1,1,0,,三明市第二医院__图片__三明市第二医院__图片__smyz3-5_overlay.jpg,三明市第二医院__图片__三明市第二医院__图片__smyz3-5.png,三明市第二医院__图片__三明市第二医院__图片__smyz3-5.json
dataset/gastritis_external/processed_images/三明市第二医院/crop_ui,三明市第二医院__图片__三明市第二医院__图片__smyz52-1.jpg,0,1,1,1,0,,三明市第二医院__图片__三明市第二医院__图片__smyz52-1_overlay.jpg,三明市第二医院__图片__三明市第二医院__图片__smyz52-1.png,三明市第二医院__图片__三明市第二医院__图片__smyz52-1.json
dataset/gastritis_external/processed_images/三明市第二医院/crop_ui,三明市第二医院__图片__三明市第二医院__图片__smyz5-8.jpg,0,1,1,1,0,,三明市第二医院__图片__三明市第二医院__图片__smyz5-8_overlay.jpg,三明市第二医院__图片__三明市第二医院__图片__smyz5-8.png,三明市第二医院__图片__三明市第二医院__图片__smyz5-8.json
dataset/gastritis_external/processed_images/三明市第二医院/crop_ui,三明市第二医院__图片__三明市第二医院__图片__smyz18-3.jpg,0,1,1,1,0,,三明市第二医院__图片__三明市第二医院__图片__smyz18-3_overlay.jpg,三明市第二医院__图片__三明市第二医院__图片__smyz18-3.png,三明市第二医院__图片__三明市第二医院__图片__smyz18-3.json
dataset/gastritis_external/processed_images/三明市第二医院/crop_ui,三明市第二医院__图片__三明市第二医院__图片__smyz59-3.jpg,0,1,1,1,0,,三明市第二医院__图片__三明市第二医院__图片__smyz59-3_overlay.jpg,三明市第二医院__图片__三明市第二医院__图片__smyz59-3.png,三明市第二医院__图片__三明市第二医院__图片__smyz59-3.json
dataset/gastritis_external/processed_images/三明市第二医院/crop_ui,三明市第二医院__图片__三明市第二医院__图片__smyz54-3.jpg,0,1,1,1,0,,三明市第二医院__图片__三明市第二医院__图片__smyz54-3_overlay.jpg,三明市第二医院__图片__三明市第二医院__图片__smyz54-3.png,三明市第二医院__图片__三明市第二医院__图片__smyz54-3.json
dataset/gastritis_external/processed_images/三明市第二医院/crop_ui,三明市第二医院__图片__三明市第二医院__图片__smyz70-4.jpg,0,1,1,1,0,,三明市第二医院__图片__三明市第二医院__图片__smyz70-4_overlay.jpg,三明市第二医院__图片__三明市第二医院__图片__smyz70-4.png,三明市第二医院__图片__三明市第二医院__图片__smyz70-4.json
dataset/gastritis_external/processed_images/三明市第二医院/crop_ui,三明市第二医院__图片__三明市第二医院__图片__smyz63-2.jpg,0,1,1,1,0,,三明市第二医院__图片__三明市第二医院__图片__smyz63-2_overlay.jpg,三明市第二医院__图片__三明市第二医院__图片__smyz63-2.png,三明市第二医院__图片__三明市第二医院__图片__smyz63-2.json
dataset/gastritis_external/processed_images/三明市第二医院/crop_ui,三明市第二医院__图片__三明市第二医院__图片__smyz43-3.jpg,0,1,1,1,0,,三明市第二医院__图片__三明市第二医院__图片__smyz43-3_overlay.jpg,三明市第二医院__图片__三明市第二医院__图片__smyz43-3.png,三明市第二医院__图片__三明市第二医院__图片__smyz43-3.json
dataset/gastritis_external/processed_images/三明市第二医院/crop_ui,三明市第二医院__图片__三明市第二医院__图片__smyz57-2.jpg,0,1,1,1,0,,三明市第二医院__图片__三明市第二医院__图片__smyz57-2_overlay.jpg,三明市第二医院__图片__三明市第二医院__图片__smyz57-2.png,三明市第二医院__图片__三明市第二医院__图片__smyz57-2.json
dataset/gastritis_external/processed_images/三明市第二医院/crop_ui,三明市第二医院__图片__三明市第二医院__图片__smyz65-3.jpg,0,1,1,1,0,,三明市第二医院__图片__三明市第二医院__图片__smyz65-3_overlay.jpg,三明市第二医院__图片__三明市第二医院__图片__smyz65-3.png,三明市第二医院__图片__三明市第二医院__图片__smyz65-3.json
dataset/gastritis_external/processed_images/三明市第二医院/crop_ui,三明市第二医院__图片__三明市第二医院__图片__smyz56-2.jpg,0,1,1,1,0,,三明市第二医院__图片__三明市第二医院__图片__smyz56-2_overlay.jpg,三明市第二医院__图片__三明市第二医院__图片__smyz56-2.png,三明市第二医院__图片__三明市第二医院__图片__smyz56-2.json
dataset/gastritis_external/processed_images/三明市第二医院/crop_ui,三明市第二医院__图片__三明市第二医院__图片__smyz18-2.jpg,0,1,1,1,0,,三明市第二医院__图片__三明市第二医院__图片__smyz18-2_overlay.jpg,三明市第二医院__图片__三明市第二医院__图片__smyz18-2.png,三明市第二医院__图片__三明市第二医院__图片__smyz18-2.json
dataset/gastritis_external/processed_images/三明市第二医院/crop_ui,三明市第二医院__图片__三明市第二医院__图片__smyz64-7.jpg,0,1,1,1,0,,三明市第二医院__图片__三明市第二医院__图片__smyz64-7_overlay.jpg,三明市第二医院__图片__三明市第二医院__图片__smyz64-7.png,三明市第二医院__图片__三明市第二医院__图片__smyz64-7.json
dataset/gastritis_external/processed_images/三明市第二医院/crop_ui,三明市第二医院__图片__三明市第二医院__图片__smyz3-1.jpg,0,1,1,1,0,,三明市第二医院__图片__三明市第二医院__图片__smyz3-1_overlay.jpg,三明市第二医院__图片__三明市第二医院__图片__smyz3-1.png,三明市第二医院__图片__三明市第二医院__图片__smyz3-1.json
dataset/gastritis_external/processed_images/三明市第二医院/crop_ui,三明市第二医院__图片__三明市第二医院__图片__smyz55-3.jpg,0,1,1,1,0,,三明市第二医院__图片__三明市第二医院__图片__smyz55-3_overlay.jpg,三明市第二医院__图片__三明市第二医院__图片__smyz55-3.png,三明市第二医院__图片__三明市第二医院__图片__smyz55-3.json
dataset/gastritis_external/processed_images/三明市第二医院/crop_ui,三明市第二医院__图片__三明市第二医院__图片__smyz23-1.jpg,0,1,1,1,0,,三明市第二医院__图片__三明市第二医院__图片__smyz23-1_overlay.jpg,三明市第二医院__图片__三明市第二医院__图片__smyz23-1.png,三明市第二医院__图片__三明市第二医院__图片__smyz23-1.json
dataset/gastritis_external/processed_images/三明市第二医院/crop_ui,三明市第二医院__图片__三明市第二医院__图片__smyz14-4.jpg,0,1,1,1,0,,三明市第二医院__图片__三明市第二医院__图片__smyz14-4_overlay.jpg,三明市第二医院__图片__三明市第二医院__图片__smyz14-4.png,三明市第二医院__图片__三明市第二医院__图片__smyz14-4.json
dataset/gastritis_external/processed_images/三明市第二医院/crop_ui,三明市第二医院__图片__三明市第二医院__图片__smyz5-2.jpg,0,1,1,1,0,,三明市第二医院__图片__三明市第二医院__图片__smyz5-2_overlay.jpg,三明市第二医院__图片__三明市第二医院__图片__smyz5-2.png,三明市第二医院__图片__三明市第二医院__图片__smyz5-2.json
dataset/gastritis_external/processed_images/三明市第二医院/crop_ui,三明市第二医院__图片__三明市第二医院__图片__smyz64-6.jpg,0,1,1,1,0,,三明市第二医院__图片__三明市第二医院__图片__smyz64-6_overlay.jpg,三明市第二医院__图片__三明市第二医院__图片__smyz64-6.png,三明市第二医院__图片__三明市第二医院__图片__smyz64-6.json
dataset/gastritis_external/processed_images/三明市第二医院/crop_ui,三明市第二医院__图片__三明市第二医院__图片__smyz61-3.jpg,0,1,1,1,0,,三明市第二医院__图片__三明市第二医院__图片__smyz61-3_overlay.jpg,三明市第二医院__图片__三明市第二医院__图片__smyz61-3.png,三明市第二医院__图片__三明市第二医院__图片__smyz61-3.json
dataset/gastritis_external/processed_images/三明市第二医院/crop_ui,三明市第二医院__图片__三明市第二医院__图片__smyz74-3.jpg,0,1,1,1,0,,三明市第二医院__图片__三明市第二医院__图片__smyz74-3_overlay.jpg,三明市第二医院__图片__三明市第二医院__图片__smyz74-3.png,三明市第二医院__图片__三明市第二医院__图片__smyz74-3.json
dataset/gastritis_external/processed_images/三明市第二医院/crop_ui,三明市第二医院__图片__三明市第二医院__图片__smyz47-3.jpg,0,1,1,1,0,,三明市第二医院__图片__三明市第二医院__图片__smyz47-3_overlay.jpg,三明市第二医院__图片__三明市第二医院__图片__smyz47-3.png,三明市第二医院__图片__三明市第二医院__图片__smyz47-3.json
dataset/gastritis_external/processed_images/三明市第二医院/crop_ui,三明市第二医院__图片__三明市第二医院__图片__smyz6-2.jpg,0,1,1,1,0,,三明市第二医院__图片__三明市第二医院__图片__smyz6-2_overlay.jpg,三明市第二医院__图片__三明市第二医院__图片__smyz6-2.png,三明市第二医院__图片__三明市第二医院__图片__smyz6-2.json
dataset/gastritis_external/processed_images/三明市第二医院/crop_ui,三明市第二医院__图片__三明市第二医院__图片__smyz33-2.jpg,0,1,1,1,0,,三明市第二医院__图片__三明市第二医院__图片__smyz33-2_overlay.jpg,三明市第二医院__图片__三明市第二医院__图片__smyz33-2.png,三明市第二医院__图片__三明市第二医院__图片__smyz33-2.json
dataset/gastritis_external/processed_images/三明市第二医院/crop_ui,三明市第二医院__图片__三明市第二医院__图片__smyz7-5.jpg,0,1,1,1,0,,三明市第二医院__图片__三明市第二医院__图片__smyz7-5_overlay.jpg,三明市第二医院__图片__三明市第二医院__图片__smyz7-5.png,三明市第二医院__图片__三明市第二医院__图片__smyz7-5.json
dataset/gastritis_external/processed_images/三明市第二医院/crop_ui,三明市第二医院__图片__三明市第二医院__图片__smyz19-3.jpg,0,1,1,1,0,,三明市第二医院__图片__三明市第二医院__图片__smyz19-3_overlay.jpg,三明市第二医院__图片__三明市第二医院__图片__smyz19-3.png,三明市第二医院__图片__三明市第二医院__图片__smyz19-3.json
dataset/gastritis_external/processed_images/三明市第二医院/crop_ui,三明市第二医院__图片__三明市第二医院__图片__smyz42-3.jpg,0,1,1,1,0,,三明市第二医院__图片__三明市第二医院__图片__smyz42-3_overlay.jpg,三明市第二医院__图片__三明市第二医院__图片__smyz42-3.png,三明市第二医院__图片__三明市第二医院__图片__smyz42-3.json
dataset/gastritis_external/processed_images/三明市第二医院/crop_ui,三明市第二医院__图片__三明市第二医院__图片__smyz65-2.jpg,0,1,1,1,0,,三明市第二医院__图片__三明市第二医院__图片__smyz65-2_overlay.jpg,三明市第二医院__图片__三明市第二医院__图片__smyz65-2.png,三明市第二医院__图片__三明市第二医院__图片__smyz65-2.json
dataset/gastritis_external/processed_images/三明市第二医院/crop_ui,三明市第二医院__图片__三明市第二医院__图片__smyz11-1.jpg,0,1,1,1,0,,三明市第二医院__图片__三明市第二医院__图片__smyz11-1_overlay.jpg,三明市第二医院__图片__三明市第二医院__图片__smyz11-1.png,三明市第二医院__图片__三明市第二医院__图片__smyz11-1.json
dataset/gastritis_external/processed_images/三明市第二医院/crop_ui,三明市第二医院__图片__三明市第二医院__图片__smyz43-4.jpg,0,1,1,1,0,,三明市第二医院__图片__三明市第二医院__图片__smyz43-4_overlay.jpg,三明市第二医院__图片__三明市第二医院__图片__smyz43-4.png,三明市第二医院__图片__三明市第二医院__图片__smyz43-4.json
dataset/gastritis_external/processed_images/三明市第二医院/crop_ui,三明市第二医院__图片__三明市第二医院__图片__smyz73-6.jpg,0,1,1,1,0,,三明市第二医院__图片__三明市第二医院__图片__smyz73-6_overlay.jpg,三明市第二医院__图片__三明市第二医院__图片__smyz73-6.png,三明市第二医院__图片__三明市第二医院__图片__smyz73-6.json
dataset/gastritis_external/processed_images/三明市第二医院/crop_ui,三明市第二医院__图片__三明市第二医院__图片__smyz36-1.jpg,0,1,1,1,0,,三明市第二医院__图片__三明市第二医院__图片__smyz36-1_overlay.jpg,三明市第二医院__图片__三明市第二医院__图片__smyz36-1.png,三明市第二医院__图片__三明市第二医院__图片__smyz36-1.json
dataset/gastritis_external/processed_images/三明市第二医院/crop_ui,三明市第二医院__图片__三明市第二医院__图片__smyz51-3.jpg,0,1,1,1,0,,三明市第二医院__图片__三明市第二医院__图片__smyz51-3_overlay.jpg,三明市第二医院__图片__三明市第二医院__图片__smyz51-3.png,三明市第二医院__图片__三明市第二医院__图片__smyz51-3.json
dataset/gastritis_external/processed_images/三明市第二医院/crop_ui,三明市第二医院__图片__三明市第二医院__图片__smyz3-2.jpg,0,1,1,1,0,,三明市第二医院__图片__三明市第二医院__图片__smyz3-2_overlay.jpg,三明市第二医院__图片__三明市第二医院__图片__smyz3-2.png,三明市第二医院__图片__三明市第二医院__图片__smyz3-2.json
dataset/gastritis_external/processed_images/三明市第二医院/crop_ui,三明市第二医院__图片__三明市第二医院__图片__smyz20-3.jpg,0,1,1,1,0,,三明市第二医院__图片__三明市第二医院__图片__smyz20-3_overlay.jpg,三明市第二医院__图片__三明市第二医院__图片__smyz20-3.png,三明市第二医院__图片__三明市第二医院__图片__smyz20-3.json
dataset/gastritis_external/processed_images/三明市第二医院/crop_ui,三明市第二医院__图片__三明市第二医院__图片__smyz8-3.jpg,0,1,1,1,0,,三明市第二医院__图片__三明市第二医院__图片__smyz8-3_overlay.jpg,三明市第二医院__图片__三明市第二医院__图片__smyz8-3.png,三明市第二医院__图片__三明市第二医院__图片__smyz8-3.json
dataset/gastritis_external/processed_images/三明市第二医院/crop_ui,三明市第二医院__图片__三明市第二医院__图片__smyz75-6.jpg,0,1,1,1,0,,三明市第二医院__图片__三明市第二医院__图片__smyz75-6_overlay.jpg,三明市第二医院__图片__三明市第二医院__图片__smyz75-6.png,三明市第二医院__图片__三明市第二医院__图片__smyz75-6.json
dataset/gastritis_external/processed_images/三明市第二医院/crop_ui,三明市第二医院__图片__三明市第二医院__图片__smyz34-4.jpg,0,1,1,1,0,,三明市第二医院__图片__三明市第二医院__图片__smyz34-4_overlay.jpg,三明市第二医院__图片__三明市第二医院__图片__smyz34-4.png,三明市第二医院__图片__三明市第二医院__图片__smyz34-4.json
dataset/gastritis_external/processed_images/三明市第二医院/crop_ui,三明市第二医院__图片__三明市第二医院__图片__smyz38-4.jpg,0,1,1,1,0,,三明市第二医院__图片__三明市第二医院__图片__smyz38-4_overlay.jpg,三明市第二医院__图片__三明市第二医院__图片__smyz38-4.png,三明市第二医院__图片__三明市第二医院__图片__smyz38-4.json
dataset/gastritis_external/processed_images/三明市第二医院/crop_ui,三明市第二医院__图片__三明市第二医院__图片__smyz13-2.jpg,0,1,1,1,0,,三明市第二医院__图片__三明市第二医院__图片__smyz13-2_overlay.jpg,三明市第二医院__图片__三明市第二医院__图片__smyz13-2.png,三明市第二医院__图片__三明市第二医院__图片__smyz13-2.json
dataset/gastritis_external/processed_images/三明市第二医院/crop_ui,三明市第二医院__图片__三明市第二医院__图片__smyz18-4.jpg,0,1,1,1,0,,三明市第二医院__图片__三明市第二医院__图片__smyz18-4_overlay.jpg,三明市第二医院__图片__三明市第二医院__图片__smyz18-4.png,三明市第二医院__图片__三明市第二医院__图片__smyz18-4.json
dataset/gastritis_external/processed_images/三明市第二医院/crop_ui,三明市第二医院__图片__三明市第二医院__图片__smyz5-7.jpg,0,1,1,1,0,,三明市第二医院__图片__三明市第二医院__图片__smyz5-7_overlay.jpg,三明市第二医院__图片__三明市第二医院__图片__smyz5-7.png,三明市第二医院__图片__三明市第二医院__图片__smyz5-7.json
dataset/gastritis_external/processed_images/三明市第二医院/crop_ui,三明市第二医院__图片__三明市第二医院__图片__smyz29-4.jpg,0,1,1,1,0,,三明市第二医院__图片__三明市第二医院__图片__smyz29-4_overlay.jpg,三明市第二医院__图片__三明市第二医院__图片__smyz29-4.png,三明市第二医院__图片__三明市第二医院__图片__smyz29-4.json
dataset/gastritis_external/processed_images/三明市第二医院/crop_ui,三明市第二医院__图片__三明市第二医院__图片__smyz2-8.jpg,0,1,1,1,0,,三明市第二医院__图片__三明市第二医院__图片__smyz2-8_overlay.jpg,三明市第二医院__图片__三明市第二医院__图片__smyz2-8.png,三明市第二医院__图片__三明市第二医院__图片__smyz2-8.json
dataset/gastritis_external/processed_images/三明市第二医院/crop_ui,三明市第二医院__图片__三明市第二医院__图片__smyz66-6.jpg,0,1,1,1,0,,三明市第二医院__图片__三明市第二医院__图片__smyz66-6_overlay.jpg,三明市第二医院__图片__三明市第二医院__图片__smyz66-6.png,三明市第二医院__图片__三明市第二医院__图片__smyz66-6.json
dataset/gastritis_external/processed_images/三明市第二医院/crop_ui,三明市第二医院__图片__三明市第二医院__图片__smyz66-7.jpg,0,1,1,1,0,,三明市第二医院__图片__三明市第二医院__图片__smyz66-7_overlay.jpg,三明市第二医院__图片__三明市第二医院__图片__smyz66-7.png,三明市第二医院__图片__三明市第二医院__图片__smyz66-7.json
dataset/gastritis_external/processed_images/三明市第二医院/crop_ui,三明市第二医院__图片__三明市第二医院__图片__smyz41-3.jpg,0,1,1,1,0,,三明市第二医院__图片__三明市第二医院__图片__smyz41-3_overlay.jpg,三明市第二医院__图片__三明市第二医院__图片__smyz41-3.png,三明市第二医院__图片__三明市第二医院__图片__smyz41-3.json
dataset/gastritis_external/processed_images/三明市第二医院/crop_ui,三明市第二医院__图片__三明市第二医院__图片__smyz47-2.jpg,0,1,1,1,0,,三明市第二医院__图片__三明市第二医院__图片__smyz47-2_overlay.jpg,三明市第二医院__图片__三明市第二医院__图片__smyz47-2.png,三明市第二医院__图片__三明市第二医院__图片__smyz47-2.json
dataset/gastritis_external/processed_images/三明市第二医院/crop_ui,三明市第二医院__图片__三明市第二医院__图片__smyz1-4.jpg,0,1,1,1,0,,三明市第二医院__图片__三明市第二医院__图片__smyz1-4_overlay.jpg,三明市第二医院__图片__三明市第二医院__图片__smyz1-4.png,三明市第二医院__图片__三明市第二医院__图片__smyz1-4.json
dataset/gastritis_external/processed_images/三明市第二医院/crop_ui,三明市第二医院__图片__三明市第二医院__图片__smyz14-3.jpg,0,1,1,1,0,,三明市第二医院__图片__三明市第二医院__图片__smyz14-3_overlay.jpg,三明市第二医院__图片__三明市第二医院__图片__smyz14-3.png,三明市第二医院__图片__三明市第二医院__图片__smyz14-3.json
dataset/gastritis_external/processed_images/三明市第二医院/crop_ui,三明市第二医院__图片__三明市第二医院__图片__smyz2-2.jpg,0,1,1,1,0,,三明市第二医院__图片__三明市第二医院__图片__smyz2-2_overlay.jpg,三明市第二医院__图片__三明市第二医院__图片__smyz2-2.png,三明市第二医院__图片__三明市第二医院__图片__smyz2-2.json
dataset/gastritis_external/processed_images/三明市第二医院/crop_ui,三明市第二医院__图片__三明市第二医院__图片__smyz36-2.jpg,0,1,1,1,0,,三明市第二医院__图片__三明市第二医院__图片__smyz36-2_overlay.jpg,三明市第二医院__图片__三明市第二医院__图片__smyz36-2.png,三明市第二医院__图片__三明市第二医院__图片__smyz36-2.json
dataset/gastritis_external/processed_images/三明市第二医院/crop_ui,三明市第二医院__图片__三明市第二医院__图片__smyz57-7.jpg,0,1,1,1,0,,三明市第二医院__图片__三明市第二医院__图片__smyz57-7_overlay.jpg,三明市第二医院__图片__三明市第二医院__图片__smyz57-7.png,三明市第二医院__图片__三明市第二医院__图片__smyz57-7.json
dataset/gastritis_external/processed_images/三明市第二医院/crop_ui,三明市第二医院__图片__三明市第二医院__图片__smyz25-6.jpg,0,1,1,1,0,,三明市第二医院__图片__三明市第二医院__图片__smyz25-6_overlay.jpg,三明市第二医院__图片__三明市第二医院__图片__smyz25-6.png,三明市第二医院__图片__三明市第二医院__图片__smyz25-6.json
dataset/gastritis_external/processed_images/三明市第二医院/crop_ui,三明市第二医院__图片__三明市第二医院__图片__smyz61-6.jpg,0,1,1,1,0,,三明市第二医院__图片__三明市第二医院__图片__smyz61-6_overlay.jpg,三明市第二医院__图片__三明市第二医院__图片__smyz61-6.png,三明市第二医院__图片__三明市第二医院__图片__smyz61-6.json
dataset/gastritis_external/processed_images/三明市第二医院/crop_ui,三明市第二医院__图片__三明市第二医院__图片__smyz74-1.jpg,0,1,1,1,0,,三明市第二医院__图片__三明市第二医院__图片__smyz74-1_overlay.jpg,三明市第二医院__图片__三明市第二医院__图片__smyz74-1.png,三明市第二医院__图片__三明市第二医院__图片__smyz74-1.json
dataset/gastritis_external/processed_images/三明市第二医院/crop_ui,三明市第二医院__图片__三明市第二医院__图片__smyz52-4.jpg,0,1,1,1,0,,三明市第二医院__图片__三明市第二医院__图片__smyz52-4_overlay.jpg,三明市第二医院__图片__三明市第二医院__图片__smyz52-4.png,三明市第二医院__图片__三明市第二医院__图片__smyz52-4.json
dataset/gastritis_external/processed_images/三明市第二医院/crop_ui,三明市第二医院__图片__三明市第二医院__图片__smyz57-1.jpg,0,1,1,1,0,,三明市第二医院__图片__三明市第二医院__图片__smyz57-1_overlay.jpg,三明市第二医院__图片__三明市第二医院__图片__smyz57-1.png,三明市第二医院__图片__三明市第二医院__图片__smyz57-1.json
dataset/gastritis_external/processed_images/三明市第二医院/crop_ui,三明市第二医院__图片__三明市第二医院__图片__smyz9-3.jpg,0,1,1,1,0,,三明市第二医院__图片__三明市第二医院__图片__smyz9-3_overlay.jpg,三明市第二医院__图片__三明市第二医院__图片__smyz9-3.png,三明市第二医院__图片__三明市第二医院__图片__smyz9-3.json
dataset/gastritis_external/processed_images/三明市第二医院/crop_ui,三明市第二医院__图片__三明市第二医院__图片__smyz48-1.jpg,0,1,1,1,0,,三明市第二医院__图片__三明市第二医院__图片__smyz48-1_overlay.jpg,三明市第二医院__图片__三明市第二医院__图片__smyz48-1.png,三明市第二医院__图片__三明市第二医院__图片__smyz48-1.json
dataset/gastritis_external/processed_images/三明市第二医院/crop_ui,三明市第二医院__图片__三明市第二医院__图片__smyz14-2.jpg,0,1,1,1,0,,三明市第二医院__图片__三明市第二医院__图片__smyz14-2_overlay.jpg,三明市第二医院__图片__三明市第二医院__图片__smyz14-2.png,三明市第二医院__图片__三明市第二医院__图片__smyz14-2.json
dataset/gastritis_external/processed_images/三明市第二医院/crop_ui,三明市第二医院__图片__三明市第二医院__图片__smyz61-1.jpg,0,1,1,1,0,,三明市第二医院__图片__三明市第二医院__图片__smyz61-1_overlay.jpg,三明市第二医院__图片__三明市第二医院__图片__smyz61-1.png,三明市第二医院__图片__三明市第二医院__图片__smyz61-1.json
dataset/gastritis_external/processed_images/三明市第二医院/crop_ui,三明市第二医院__图片__三明市第二医院__图片__smyz24-3.jpg,0,1,1,1,0,,三明市第二医院__图片__三明市第二医院__图片__smyz24-3_overlay.jpg,三明市第二医院__图片__三明市第二医院__图片__smyz24-3.png,三明市第二医院__图片__三明市第二医院__图片__smyz24-3.json
dataset/gastritis_external/processed_images/三明市第二医院/crop_ui,三明市第二医院__图片__三明市第二医院__图片__smyz47-1.jpg,0,1,1,1,0,,三明市第二医院__图片__三明市第二医院__图片__smyz47-1_overlay.jpg,三明市第二医院__图片__三明市第二医院__图片__smyz47-1.png,三明市第二医院__图片__三明市第二医院__图片__smyz47-1.json
dataset/gastritis_external/processed_images/三明市第二医院/crop_ui,三明市第二医院__图片__三明市第二医院__图片__smyz31-4.jpg,0,1,1,1,0,,三明市第二医院__图片__三明市第二医院__图片__smyz31-4_overlay.jpg,三明市第二医院__图片__三明市第二医院__图片__smyz31-4.png,三明市第二医院__图片__三明市第二医院__图片__smyz31-4.json
dataset/gastritis_external/processed_images/三明市第二医院/crop_ui,三明市第二医院__图片__三明市第二医院__图片__smyz57-4.jpg,0,1,1,1,0,,三明市第二医院__图片__三明市第二医院__图片__smyz57-4_overlay.jpg,三明市第二医院__图片__三明市第二医院__图片__smyz57-4.png,三明市第二医院__图片__三明市第二医院__图片__smyz57-4.json
dataset/gastritis_external/processed_images/三明市第二医院/crop_ui,三明市第二医院__图片__三明市第二医院__图片__smyz9-2.jpg,0,1,1,1,0,,三明市第二医院__图片__三明市第二医院__图片__smyz9-2_overlay.jpg,三明市第二医院__图片__三明市第二医院__图片__smyz9-2.png,三明市第二医院__图片__三明市第二医院__图片__smyz9-2.json
dataset/gastritis_external/processed_images/三明市第二医院/crop_ui,三明市第二医院__图片__三明市第二医院__图片__smyz69-1.jpg,0,1,1,1,0,,三明市第二医院__图片__三明市第二医院__图片__smyz69-1_overlay.jpg,三明市第二医院__图片__三明市第二医院__图片__smyz69-1.png,三明市第二医院__图片__三明市第二医院__图片__smyz69-1.json
dataset/gastritis_external/processed_images/三明市第二医院/crop_ui,三明市第二医院__图片__三明市第二医院__图片__smyz51-5.jpg,0,1,1,1,0,,三明市第二医院__图片__三明市第二医院__图片__smyz51-5_overlay.jpg,三明市第二医院__图片__三明市第二医院__图片__smyz51-5.png,三明市第二医院__图片__三明市第二医院__图片__smyz51-5.json
dataset/gastritis_external/processed_images/三明市第二医院/crop_ui,三明市第二医院__图片__三明市第二医院__图片__smyz6-8.jpg,0,1,1,1,0,,三明市第二医院__图片__三明市第二医院__图片__smyz6-8_overlay.jpg,三明市第二医院__图片__三明市第二医院__图片__smyz6-8.png,三明市第二医院__图片__三明市第二医院__图片__smyz6-8.json
dataset/gastritis_external/processed_images/三明市第二医院/crop_ui,三明市第二医院__图片__三明市第二医院__图片__smyz74-2.jpg,0,1,1,1,0,,三明市第二医院__图片__三明市第二医院__图片__smyz74-2_overlay.jpg,三明市第二医院__图片__三明市第二医院__图片__smyz74-2.png,三明市第二医院__图片__三明市第二医院__图片__smyz74-2.json
dataset/gastritis_external/processed_images/三明市第二医院/crop_ui,三明市第二医院__图片__三明市第二医院__图片__smyz57-6.jpg,0,1,1,1,0,,三明市第二医院__图片__三明市第二医院__图片__smyz57-6_overlay.jpg,三明市第二医院__图片__三明市第二医院__图片__smyz57-6.png,三明市第二医院__图片__三明市第二医院__图片__smyz57-6.json
dataset/gastritis_external/processed_images/三明市第二医院/crop_ui,三明市第二医院__图片__三明市第二医院__图片__smyz16-3.jpg,0,1,1,1,0,,三明市第二医院__图片__三明市第二医院__图片__smyz16-3_overlay.jpg,三明市第二医院__图片__三明市第二医院__图片__smyz16-3.png,三明市第二医院__图片__三明市第二医院__图片__smyz16-3.json
dataset/gastritis_external/processed_images/三明市第二医院/crop_ui,三明市第二医院__图片__三明市第二医院__图片__smyz46-1.jpg,0,1,1,1,0,,三明市第二医院__图片__三明市第二医院__图片__smyz46-1_overlay.jpg,三明市第二医院__图片__三明市第二医院__图片__smyz46-1.png,三明市第二医院__图片__三明市第二医院__图片__smyz46-1.json
dataset/gastritis_external/processed_images/三明市第二医院/crop_ui,三明市第二医院__图片__三明市第二医院__图片__smyz6-3.jpg,0,1,1,1,0,,三明市第二医院__图片__三明市第二医院__图片__smyz6-3_overlay.jpg,三明市第二医院__图片__三明市第二医院__图片__smyz6-3.png,三明市第二医院__图片__三明市第二医院__图片__smyz6-3.json
dataset/gastritis_external/processed_images/三明市第二医院/crop_ui,三明市第二医院__图片__三明市第二医院__图片__smyz36-5.jpg,0,1,1,1,0,,三明市第二医院__图片__三明市第二医院__图片__smyz36-5_overlay.jpg,三明市第二医院__图片__三明市第二医院__图片__smyz36-5.png,三明市第二医院__图片__三明市第二医院__图片__smyz36-5.json
dataset/gastritis_external/processed_images/三明市第二医院/crop_ui,三明市第二医院__图片__三明市第二医院__图片__smyz31-1.jpg,0,1,1,1,0,,三明市第二医院__图片__三明市第二医院__图片__smyz31-1_overlay.jpg,三明市第二医院__图片__三明市第二医院__图片__smyz31-1.png,三明市第二医院__图片__三明市第二医院__图片__smyz31-1.json
dataset/gastritis_external/processed_images/三明市第二医院/crop_ui,三明市第二医院__图片__三明市第二医院__图片__smyz6-1.jpg,0,1,1,1,0,,三明市第二医院__图片__三明市第二医院__图片__smyz6-1_overlay.jpg,三明市第二医院__图片__三明市第二医院__图片__smyz6-1.png,三明市第二医院__图片__三明市第二医院__图片__smyz6-1.json
dataset/gastritis_external/processed_images/三明市第二医院/crop_ui,三明市第二医院__图片__三明市第二医院__图片__smyz2-10.jpg,0,1,1,1,0,,三明市第二医院__图片__三明市第二医院__图片__smyz2-10_overlay.jpg,三明市第二医院__图片__三明市第二医院__图片__smyz2-10.png,三明市第二医院__图片__三明市第二医院__图片__smyz2-10.json
dataset/gastritis_external/processed_images/三明市第二医院/crop_ui,三明市第二医院__图片__三明市第二医院__图片__smyz23-2.jpg,0,1,1,1,0,,三明市第二医院__图片__三明市第二医院__图片__smyz23-2_overlay.jpg,三明市第二医院__图片__三明市第二医院__图片__smyz23-2.png,三明市第二医院__图片__三明市第二医院__图片__smyz23-2.json
dataset/gastritis_external/processed_images/三明市第二医院/crop_ui,三明市第二医院__图片__三明市第二医院__图片__smyz7-7.jpg,0,1,1,1,0,,三明市第二医院__图片__三明市第二医院__图片__smyz7-7_overlay.jpg,三明市第二医院__图片__三明市第二医院__图片__smyz7-7.png,三明市第二医院__图片__三明市第二医院__图片__smyz7-7.json
dataset/gastritis_external/processed_images/三明市第二医院/crop_ui,三明市第二医院__图片__三明市第二医院__图片__smyz70-5.jpg,0,1,1,1,0,,三明市第二医院__图片__三明市第二医院__图片__smyz70-5_overlay.jpg,三明市第二医院__图片__三明市第二医院__图片__smyz70-5.png,三明市第二医院__图片__三明市第二医院__图片__smyz70-5.json
dataset/gastritis_external/processed_images/三明市第二医院/crop_ui,三明市第二医院__图片__三明市第二医院__图片__smyz5-5.jpg,0,1,1,1,0,,三明市第二医院__图片__三明市第二医院__图片__smyz5-5_overlay.jpg,三明市第二医院__图片__三明市第二医院__图片__smyz5-5.png,三明市第二医院__图片__三明市第二医院__图片__smyz5-5.json
dataset/gastritis_external/processed_images/三明市第二医院/crop_ui,三明市第二医院__图片__三明市第二医院__图片__smyz23-4.jpg,0,1,1,1,0,,三明市第二医院__图片__三明市第二医院__图片__smyz23-4_overlay.jpg,三明市第二医院__图片__三明市第二医院__图片__smyz23-4.png,三明市第二医院__图片__三明市第二医院__图片__smyz23-4.json
dataset/gastritis_external/processed_images/三明市第二医院/crop_ui,三明市第二医院__图片__三明市第二医院__图片__smyz40-1.jpg,0,1,1,1,0,,三明市第二医院__图片__三明市第二医院__图片__smyz40-1_overlay.jpg,三明市第二医院__图片__三明市第二医院__图片__smyz40-1.png,三明市第二医院__图片__三明市第二医院__图片__smyz40-1.json
dataset/gastritis_external/processed_images/中核五〇四医院/crop_ui,中核五〇四医院__图片__中核五O四医院__湖北炎症__hbyz38-2.jpg,0,1,1,1,0,,中核五〇四医院__图片__中核五O四医院__湖北炎症__hbyz38-2_overlay.jpg,中核五〇四医院__图片__中核五O四医院__湖北炎症__hbyz38-2.png,中核五〇四医院__图片__中核五O四医院__湖北炎症__hbyz38-2.json
dataset/gastritis_external/processed_images/中核五〇四医院/crop_ui,中核五〇四医院__图片__中核五O四医院__湖北炎症__hbyz150-1.jpg,0,1,1,1,0,,中核五〇四医院__图片__中核五O四医院__湖北炎症__hbyz150-1_overlay.jpg,中核五〇四医院__图片__中核五O四医院__湖北炎症__hbyz150-1.png,中核五〇四医院__图片__中核五O四医院__湖北炎症__hbyz150-1.json
dataset/gastritis_external/processed_images/中核五〇四医院/crop_ui,中核五〇四医院__图片__中核五O四医院__湖北炎症__hbyz57.jpg,0,1,1,1,0,,中核五〇四医院__图片__中核五O四医院__湖北炎症__hbyz57_overlay.jpg,中核五〇四医院__图片__中核五O四医院__湖北炎症__hbyz57.png,中核五〇四医院__图片__中核五O四医院__湖北炎症__hbyz57.json
dataset/gastritis_external/processed_images/中核五〇四医院/crop_ui,中核五〇四医院__图片__中核五O四医院__湖北炎症__hbyz129-2.jpg,0,1,1,1,0,,中核五〇四医院__图片__中核五O四医院__湖北炎症__hbyz129-2_overlay.jpg,中核五〇四医院__图片__中核五O四医院__湖北炎症__hbyz129-2.png,中核五〇四医院__图片__中核五O四医院__湖北炎症__hbyz129-2.json
dataset/gastritis_external/processed_images/中核五〇四医院/crop_ui,中核五〇四医院__图片__中核五O四医院__湖北炎症__hbyz16-1.jpg,0,1,1,1,0,,中核五〇四医院__图片__中核五O四医院__湖北炎症__hbyz16-1_overlay.jpg,中核五〇四医院__图片__中核五O四医院__湖北炎症__hbyz16-1.png,中核五〇四医院__图片__中核五O四医院__湖北炎症__hbyz16-1.json
dataset/gastritis_external/processed_images/中核五〇四医院/crop_ui,中核五〇四医院__图片__中核五O四医院__湖北炎症__hbyz51.jpg,0,1,1,1,0,,中核五〇四医院__图片__中核五O四医院__湖北炎症__hbyz51_overlay.jpg,中核五〇四医院__图片__中核五O四医院__湖北炎症__hbyz51.png,中核五〇四医院__图片__中核五O四医院__湖北炎症__hbyz51.json
dataset/gastritis_external/processed_images/中核五〇四医院/crop_ui,中核五〇四医院__图片__中核五O四医院__湖北炎症__hbyz80-1.jpg,0,1,1,1,0,,中核五〇四医院__图片__中核五O四医院__湖北炎症__hbyz80-1_overlay.jpg,中核五〇四医院__图片__中核五O四医院__湖北炎症__hbyz80-1.png,中核五〇四医院__图片__中核五O四医院__湖北炎症__hbyz80-1.json
dataset/gastritis_external/processed_images/中核五〇四医院/crop_ui,中核五〇四医院__图片__中核五O四医院__湖北炎症__hbyz18.jpg,0,1,1,1,0,,中核五〇四医院__图片__中核五O四医院__湖北炎症__hbyz18_overlay.jpg,中核五〇四医院__图片__中核五O四医院__湖北炎症__hbyz18.png,中核五〇四医院__图片__中核五O四医院__湖北炎症__hbyz18.json
dataset/gastritis_external/processed_images/中核五〇四医院/crop_ui,中核五〇四医院__图片__中核五O四医院__湖北炎症__hbyz3-2.jpg,0,1,1,1,0,,中核五〇四医院__图片__中核五O四医院__湖北炎症__hbyz3-2_overlay.jpg,中核五〇四医院__图片__中核五O四医院__湖北炎症__hbyz3-2.png,中核五〇四医院__图片__中核五O四医院__湖北炎症__hbyz3-2.json
dataset/gastritis_external/processed_images/中核五〇四医院/crop_ui,中核五〇四医院__图片__中核五O四医院__湖北炎症__hbyz33.jpg,0,1,1,1,0,,中核五〇四医院__图片__中核五O四医院__湖北炎症__hbyz33_overlay.jpg,中核五〇四医院__图片__中核五O四医院__湖北炎症__hbyz33.png,中核五〇四医院__图片__中核五O四医院__湖北炎症__hbyz33.json
dataset/gastritis_external/processed_images/中核五〇四医院/crop_ui,中核五〇四医院__图片__中核五O四医院__湖北炎症__hbyz160-1.jpg,0,1,1,1,0,,中核五〇四医院__图片__中核五O四医院__湖北炎症__hbyz160-1_overlay.jpg,中核五〇四医院__图片__中核五O四医院__湖北炎症__hbyz160-1.png,中核五〇四医院__图片__中核五O四医院__湖北炎症__hbyz160-1.json
dataset/gastritis_external/processed_images/中核五〇四医院/crop_ui,中核五〇四医院__图片__中核五O四医院__湖北炎症__hbyz132.jpg,0,1,1,1,0,,中核五〇四医院__图片__中核五O四医院__湖北炎症__hbyz132_overlay.jpg,中核五〇四医院__图片__中核五O四医院__湖北炎症__hbyz132.png,中核五〇四医院__图片__中核五O四医院__湖北炎症__hbyz132.json
dataset/gastritis_external/processed_images/中核五〇四医院/crop_ui,中核五〇四医院__图片__中核五O四医院__湖北炎症__hbyz79-1.jpg,0,1,1,1,0,,中核五〇四医院__图片__中核五O四医院__湖北炎症__hbyz79-1_overlay.jpg,中核五〇四医院__图片__中核五O四医院__湖北炎症__hbyz79-1.png,中核五〇四医院__图片__中核五O四医院__湖北炎症__hbyz79-1.json
dataset/gastritis_external/processed_images/中核五〇四医院/crop_ui,中核五〇四医院__图片__中核五O四医院__湖北炎症__hbyz9-1.jpg,0,1,1,1,0,,中核五〇四医院__图片__中核五O四医院__湖北炎症__hbyz9-1_overlay.jpg,中核五〇四医院__图片__中核五O四医院__湖北炎症__hbyz9-1.png,中核五〇四医院__图片__中核五O四医院__湖北炎症__hbyz9-1.json
dataset/gastritis_external/processed_images/中核五〇四医院/crop_ui,中核五〇四医院__图片__中核五O四医院__湖北炎症__hbyz158-1.jpg,0,1,1,1,0,,中核五〇四医院__图片__中核五O四医院__湖北炎症__hbyz158-1_overlay.jpg,中核五〇四医院__图片__中核五O四医院__湖北炎症__hbyz158-1.png,中核五〇四医院__图片__中核五O四医院__湖北炎症__hbyz158-1.json
dataset/gastritis_external/processed_images/中核五〇四医院/crop_ui,中核五〇四医院__图片__中核五O四医院__湖北炎症__hbyz39-1.jpg,0,1,1,1,0,,中核五〇四医院__图片__中核五O四医院__湖北炎症__hbyz39-1_overlay.jpg,中核五〇四医院__图片__中核五O四医院__湖北炎症__hbyz39-1.png,中核五〇四医院__图片__中核五O四医院__湖北炎症__hbyz39-1.json
dataset/gastritis_external/processed_images/中核五〇四医院/crop_ui,中核五〇四医院__图片__湖北中西医结合医院__湖北中西医结合医院(1)__hbzxy9-4.jpg,0,1,1,1,0,,中核五〇四医院__图片__湖北中西医结合医院__湖北中西医结合医院(1)__hbzxy9-4_overlay.jpg,中核五〇四医院__图片__湖北中西医结合医院__湖北中西医结合医院(1)__hbzxy9-4.png,中核五〇四医院__图片__湖北中西医结合医院__湖北中西医结合医院(1)__hbzxy9-4.json
dataset/gastritis_external/processed_images/中核五〇四医院/crop_ui,中核五〇四医院__图片__中核五O四医院__湖北炎症__hbyz9-2.jpg,0,1,1,1,0,,中核五〇四医院__图片__中核五O四医院__湖北炎症__hbyz9-2_overlay.jpg,中核五〇四医院__图片__中核五O四医院__湖北炎症__hbyz9-2.png,中核五〇四医院__图片__中核五O四医院__湖北炎症__hbyz9-2.json
dataset/gastritis_external/processed_images/中核五〇四医院/crop_ui,中核五〇四医院__图片__中核五O四医院__湖北炎症__hbyz60-1.jpg,0,1,1,1,0,,中核五〇四医院__图片__中核五O四医院__湖北炎症__hbyz60-1_overlay.jpg,中核五〇四医院__图片__中核五O四医院__湖北炎症__hbyz60-1.png,中核五〇四医院__图片__中核五O四医院__湖北炎症__hbyz60-1.json
dataset/gastritis_external/processed_images/中核五〇四医院/crop_ui,中核五〇四医院__图片__中核五O四医院__湖北炎症__hbyz10-1.jpg,0,1,1,1,0,,中核五〇四医院__图片__中核五O四医院__湖北炎症__hbyz10-1_overlay.jpg,中核五〇四医院__图片__中核五O四医院__湖北炎症__hbyz10-1.png,中核五〇四医院__图片__中核五O四医院__湖北炎症__hbyz10-1.json
dataset/gastritis_external/processed_images/中核五〇四医院/crop_ui,中核五〇四医院__图片__中核五O四医院__湖北炎症__hbyz101-2.jpg,0,1,1,1,0,,中核五〇四医院__图片__中核五O四医院__湖北炎症__hbyz101-2_overlay.jpg,中核五〇四医院__图片__中核五O四医院__湖北炎症__hbyz101-2.png,中核五〇四医院__图片__中核五O四医院__湖北炎症__hbyz101-2.json
dataset/gastritis_external/processed_images/中核五〇四医院/crop_ui,中核五〇四医院__图片__中核五O四医院__湖北炎症__hbyz40-2.jpg,0,1,1,1,0,,中核五〇四医院__图片__中核五O四医院__湖北炎症__hbyz40-2_overlay.jpg,中核五〇四医院__图片__中核五O四医院__湖北炎症__hbyz40-2.png,中核五〇四医院__图片__中核五O四医院__湖北炎症__hbyz40-2.json
dataset/gastritis_external/processed_images/中核五〇四医院/crop_ui,中核五〇四医院__图片__中核五O四医院__湖北炎症__hbyz38-1.jpg,0,1,1,1,0,,中核五〇四医院__图片__中核五O四医院__湖北炎症__hbyz38-1_overlay.jpg,中核五〇四医院__图片__中核五O四医院__湖北炎症__hbyz38-1.png,中核五〇四医院__图片__中核五O四医院__湖北炎症__hbyz38-1.json
dataset/gastritis_external/processed_images/中核五〇四医院/crop_ui,中核五〇四医院__图片__中核五O四医院__湖北炎症__hbyz34-1.jpg,0,1,1,1,0,,中核五〇四医院__图片__中核五O四医院__湖北炎症__hbyz34-1_overlay.jpg,中核五〇四医院__图片__中核五O四医院__湖北炎症__hbyz34-1.png,中核五〇四医院__图片__中核五O四医院__湖北炎症__hbyz34-1.json
dataset/gastritis_external/processed_images/中核五〇四医院/crop_ui,中核五〇四医院__图片__中核五O四医院__湖北炎症__hbyz105-1.jpg,0,1,1,1,0,,中核五〇四医院__图片__中核五O四医院__湖北炎症__hbyz105-1_overlay.jpg,中核五〇四医院__图片__中核五O四医院__湖北炎症__hbyz105-1.png,中核五〇四医院__图片__中核五O四医院__湖北炎症__hbyz105-1.json
dataset/gastritis_external/processed_images/中核五〇四医院/crop_ui,中核五〇四医院__图片__中核五O四医院__湖北炎症__hbyz158-2.jpg,0,1,1,1,0,,中核五〇四医院__图片__中核五O四医院__湖北炎症__hbyz158-2_overlay.jpg,中核五〇四医院__图片__中核五O四医院__湖北炎症__hbyz158-2.png,中核五〇四医院__图片__中核五O四医院__湖北炎症__hbyz158-2.json
dataset/gastritis_external/processed_images/中核五〇四医院/crop_ui,中核五〇四医院__图片__湖北中西医结合医院__湖北中西医结合医院(1)__hbzxy9-6.jpg,0,1,1,1,0,,中核五〇四医院__图片__湖北中西医结合医院__湖北中西医结合医院(1)__hbzxy9-6_overlay.jpg,中核五〇四医院__图片__湖北中西医结合医院__湖北中西医结合医院(1)__hbzxy9-6.png,中核五〇四医院__图片__湖北中西医结合医院__湖北中西医结合医院(1)__hbzxy9-6.json
dataset/gastritis_external/processed_images/中核五〇四医院/crop_ui,中核五〇四医院__图片__中核五O四医院__湖北炎症__hbyz159-2.jpg,0,1,1,1,0,,中核五〇四医院__图片__中核五O四医院__湖北炎症__hbyz159-2_overlay.jpg,中核五〇四医院__图片__中核五O四医院__湖北炎症__hbyz159-2.png,中核五〇四医院__图片__中核五O四医院__湖北炎症__hbyz159-2.json
dataset/gastritis_external/processed_images/中核五〇四医院/crop_ui,中核五〇四医院__图片__中核五O四医院__湖北炎症__hbyz45.jpg,0,1,1,1,0,,中核五〇四医院__图片__中核五O四医院__湖北炎症__hbyz45_overlay.jpg,中核五〇四医院__图片__中核五O四医院__湖北炎症__hbyz45.png,中核五〇四医院__图片__中核五O四医院__湖北炎症__hbyz45.json
dataset/gastritis_external/processed_images/中核五〇四医院/crop_ui,中核五〇四医院__图片__中核五O四医院__湖北炎症__hbyz63.jpg,0,1,1,1,0,,中核五〇四医院__图片__中核五O四医院__湖北炎症__hbyz63_overlay.jpg,中核五〇四医院__图片__中核五O四医院__湖北炎症__hbyz63.png,中核五〇四医院__图片__中核五O四医院__湖北炎症__hbyz63.json
dataset/gastritis_external/processed_images/中核五〇四医院/crop_ui,中核五〇四医院__图片__中核五O四医院__湖北炎症__hbyz7-2.jpg,0,1,1,1,0,,中核五〇四医院__图片__中核五O四医院__湖北炎症__hbyz7-2_overlay.jpg,中核五〇四医院__图片__中核五O四医院__湖北炎症__hbyz7-2.png,中核五〇四医院__图片__中核五O四医院__湖北炎症__hbyz7-2.json
dataset/gastritis_external/processed_images/中核五〇四医院/crop_ui,中核五〇四医院__图片__中核五O四医院__湖北炎症__hbyz121-2.jpg,0,1,1,1,0,,中核五〇四医院__图片__中核五O四医院__湖北炎症__hbyz121-2_overlay.jpg,中核五〇四医院__图片__中核五O四医院__湖北炎症__hbyz121-2.png,中核五〇四医院__图片__中核五O四医院__湖北炎症__hbyz121-2.json
dataset/gastritis_external/processed_images/中核五〇四医院/crop_ui,中核五〇四医院__图片__中核五O四医院__湖北炎症__hbyz11-2.jpg,0,1,1,1,0,,中核五〇四医院__图片__中核五O四医院__湖北炎症__hbyz11-2_overlay.jpg,中核五〇四医院__图片__中核五O四医院__湖北炎症__hbyz11-2.png,中核五〇四医院__图片__中核五O四医院__湖北炎症__hbyz11-2.json
dataset/gastritis_external/processed_images/中核五〇四医院/crop_ui,中核五〇四医院__图片__中核五O四医院__湖北炎症__hbyz19-2.jpg,0,1,1,1,0,,中核五〇四医院__图片__中核五O四医院__湖北炎症__hbyz19-2_overlay.jpg,中核五〇四医院__图片__中核五O四医院__湖北炎症__hbyz19-2.png,中核五〇四医院__图片__中核五O四医院__湖北炎症__hbyz19-2.json
dataset/gastritis_external/processed_images/中核五〇四医院/crop_ui,中核五〇四医院__图片__中核五O四医院__湖北炎症__hbyz79-2.jpg,0,1,1,1,0,,中核五〇四医院__图片__中核五O四医院__湖北炎症__hbyz79-2_overlay.jpg,中核五〇四医院__图片__中核五O四医院__湖北炎症__hbyz79-2.png,中核五〇四医院__图片__中核五O四医院__湖北炎症__hbyz79-2.json
dataset/gastritis_external/processed_images/中核五〇四医院/crop_ui,中核五〇四医院__图片__中核五O四医院__湖北炎症__hbyz5-2.jpg,0,1,1,1,0,,中核五〇四医院__图片__中核五O四医院__湖北炎症__hbyz5-2_overlay.jpg,中核五〇四医院__图片__中核五O四医院__湖北炎症__hbyz5-2.png,中核五〇四医院__图片__中核五O四医院__湖北炎症__hbyz5-2.json
dataset/gastritis_external/processed_images/中核五〇四医院/crop_ui,中核五〇四医院__图片__中核五O四医院__湖北炎症__hbyz28.jpg,0,1,1,1,0,,中核五〇四医院__图片__中核五O四医院__湖北炎症__hbyz28_overlay.jpg,中核五〇四医院__图片__中核五O四医院__湖北炎症__hbyz28.png,中核五〇四医院__图片__中核五O四医院__湖北炎症__hbyz28.json
dataset/gastritis_external/processed_images/中核五〇四医院/crop_ui,中核五〇四医院__图片__中核五O四医院__湖北炎症__hbyz81-2.jpg,0,1,1,1,0,,中核五〇四医院__图片__中核五O四医院__湖北炎症__hbyz81-2_overlay.jpg,中核五〇四医院__图片__中核五O四医院__湖北炎症__hbyz81-2.png,中核五〇四医院__图片__中核五O四医院__湖北炎症__hbyz81-2.json
dataset/gastritis_external/processed_images/中核五〇四医院/crop_ui,中核五〇四医院__图片__中核五O四医院__湖北炎症__hbyz97-2.jpg,0,1,1,1,0,,中核五〇四医院__图片__中核五O四医院__湖北炎症__hbyz97-2_overlay.jpg,中核五〇四医院__图片__中核五O四医院__湖北炎症__hbyz97-2.png,中核五〇四医院__图片__中核五O四医院__湖北炎症__hbyz97-2.json
dataset/gastritis_external/processed_images/中核五〇四医院/crop_ui,中核五〇四医院__图片__湖北中西医结合医院__湖北中西医结合医院(1)__hbzxy9-3.jpg,0,1,1,1,0,,中核五〇四医院__图片__湖北中西医结合医院__湖北中西医结合医院(1)__hbzxy9-3_overlay.jpg,中核五〇四医院__图片__湖北中西医结合医院__湖北中西医结合医院(1)__hbzxy9-3.png,中核五〇四医院__图片__湖北中西医结合医院__湖北中西医结合医院(1)__hbzxy9-3.json
dataset/gastritis_external/processed_images/中核五〇四医院/crop_ui,中核五〇四医院__图片__湖北中西医结合医院__湖北中西医结合医院(1)__hbzxy9-2.jpg,0,1,1,1,0,,中核五〇四医院__图片__湖北中西医结合医院__湖北中西医结合医院(1)__hbzxy9-2_overlay.jpg,中核五〇四医院__图片__湖北中西医结合医院__湖北中西医结合医院(1)__hbzxy9-2.png,中核五〇四医院__图片__湖北中西医结合医院__湖北中西医结合医院(1)__hbzxy9-2.json
dataset/gastritis_external/processed_images/中核五〇四医院/crop_ui,中核五〇四医院__图片__中核五O四医院__湖北炎症__hbyz92-1.jpg,0,1,1,1,0,,中核五〇四医院__图片__中核五O四医院__湖北炎症__hbyz92-1_overlay.jpg,中核五〇四医院__图片__中核五O四医院__湖北炎症__hbyz92-1.png,中核五〇四医院__图片__中核五O四医院__湖北炎症__hbyz92-1.json
dataset/gastritis_external/processed_images/中核五〇四医院/crop_ui,中核五〇四医院__图片__中核五O四医院__湖北炎症__hbyz12-1.jpg,0,1,1,1,0,,中核五〇四医院__图片__中核五O四医院__湖北炎症__hbyz12-1_overlay.jpg,中核五〇四医院__图片__中核五O四医院__湖北炎症__hbyz12-1.png,中核五〇四医院__图片__中核五O四医院__湖北炎症__hbyz12-1.json
dataset/gastritis_external/processed_images/中核五〇四医院/crop_ui,中核五〇四医院__图片__中核五O四医院__湖北炎症__hbyz96.jpg,0,1,1,1,0,,中核五〇四医院__图片__中核五O四医院__湖北炎症__hbyz96_overlay.jpg,中核五〇四医院__图片__中核五O四医院__湖北炎症__hbyz96.png,中核五〇四医院__图片__中核五O四医院__湖北炎症__hbyz96.json
dataset/gastritis_external/processed_images/中核五〇四医院/crop_ui,中核五〇四医院__图片__中核五O四医院__湖北炎症__hbyz65-2.jpg,0,1,1,1,0,,中核五〇四医院__图片__中核五O四医院__湖北炎症__hbyz65-2_overlay.jpg,中核五〇四医院__图片__中核五O四医院__湖北炎症__hbyz65-2.png,中核五〇四医院__图片__中核五O四医院__湖北炎症__hbyz65-2.json
dataset/gastritis_external/processed_images/中核五〇四医院/crop_ui,中核五〇四医院__图片__湖北中西医结合医院__湖北中西医结合医院(1)__hbzxy1-3.jpg,0,1,1,1,0,,中核五〇四医院__图片__湖北中西医结合医院__湖北中西医结合医院(1)__hbzxy1-3_overlay.jpg,中核五〇四医院__图片__湖北中西医结合医院__湖北中西医结合医院(1)__hbzxy1-3.png,中核五〇四医院__图片__湖北中西医结合医院__湖北中西医结合医院(1)__hbzxy1-3.json
dataset/gastritis_external/processed_images/中核五〇四医院/crop_ui,中核五〇四医院__图片__中核五O四医院__湖北炎症__hbyz61-1.jpg,0,1,1,1,0,,中核五〇四医院__图片__中核五O四医院__湖北炎症__hbyz61-1_overlay.jpg,中核五〇四医院__图片__中核五O四医院__湖北炎症__hbyz61-1.png,中核五〇四医院__图片__中核五O四医院__湖北炎症__hbyz61-1.json
dataset/gastritis_external/processed_images/中核五〇四医院/crop_ui,中核五〇四医院__图片__中核五O四医院__湖北炎症__hbyz25.jpg,0,1,1,1,0,,中核五〇四医院__图片__中核五O四医院__湖北炎症__hbyz25_overlay.jpg,中核五〇四医院__图片__中核五O四医院__湖北炎症__hbyz25.png,中核五〇四医院__图片__中核五O四医院__湖北炎症__hbyz25.json
dataset/gastritis_external/processed_images/中核五〇四医院/crop_ui,中核五〇四医院__图片__中核五O四医院__湖北炎症__hbyz7-1.jpg,0,1,1,1,0,,中核五〇四医院__图片__中核五O四医院__湖北炎症__hbyz7-1_overlay.jpg,中核五〇四医院__图片__中核五O四医院__湖北炎症__hbyz7-1.png,中核五〇四医院__图片__中核五O四医院__湖北炎症__hbyz7-1.json
dataset/gastritis_external/processed_images/中核五〇四医院/crop_ui,中核五〇四医院__图片__中核五O四医院__湖北炎症__hbyz24-1.jpg,0,1,1,1,0,,中核五〇四医院__图片__中核五O四医院__湖北炎症__hbyz24-1_overlay.jpg,中核五〇四医院__图片__中核五O四医院__湖北炎症__hbyz24-1.png,中核五〇四医院__图片__中核五O四医院__湖北炎症__hbyz24-1.json
dataset/gastritis_external/processed_images/中核五〇四医院/crop_ui,中核五〇四医院__图片__中核五O四医院__湖北炎症__hbyz157-1.jpg,0,1,1,1,0,,中核五〇四医院__图片__中核五O四医院__湖北炎症__hbyz157-1_overlay.jpg,中核五〇四医院__图片__中核五O四医院__湖北炎症__hbyz157-1.png,中核五〇四医院__图片__中核五O四医院__湖北炎症__hbyz157-1.json
dataset/gastritis_external/processed_images/中核五〇四医院/crop_ui,中核五〇四医院__图片__中核五O四医院__湖北炎症__hbyz153-1.jpg,0,1,1,1,0,,中核五〇四医院__图片__中核五O四医院__湖北炎症__hbyz153-1_overlay.jpg,中核五〇四医院__图片__中核五O四医院__湖北炎症__hbyz153-1.png,中核五〇四医院__图片__中核五O四医院__湖北炎症__hbyz153-1.json
dataset/gastritis_external/processed_images/中核五〇四医院/crop_ui,中核五〇四医院__图片__中核五O四医院__湖北炎症__hbyz48.jpg,0,1,1,1,0,,中核五〇四医院__图片__中核五O四医院__湖北炎症__hbyz48_overlay.jpg,中核五〇四医院__图片__中核五O四医院__湖北炎症__hbyz48.png,中核五〇四医院__图片__中核五O四医院__湖北炎症__hbyz48.json
dataset/gastritis_external/processed_images/中核五〇四医院/crop_ui,中核五〇四医院__图片__中核五O四医院__湖北炎症__hbyz26-2.jpg,0,1,1,1,0,,中核五〇四医院__图片__中核五O四医院__湖北炎症__hbyz26-2_overlay.jpg,中核五〇四医院__图片__中核五O四医院__湖北炎症__hbyz26-2.png,中核五〇四医院__图片__中核五O四医院__湖北炎症__hbyz26-2.json
dataset/gastritis_external/processed_images/中核五〇四医院/crop_ui,中核五〇四医院__图片__中核五O四医院__湖北炎症__hbyz44.jpg,0,1,1,1,0,,中核五〇四医院__图片__中核五O四医院__湖北炎症__hbyz44_overlay.jpg,中核五〇四医院__图片__中核五O四医院__湖北炎症__hbyz44.png,中核五〇四医院__图片__中核五O四医院__湖北炎症__hbyz44.json
dataset/gastritis_external/processed_images/中核五〇四医院/crop_ui,中核五〇四医院__图片__中核五O四医院__湖北炎症__hbyz150-2.jpg,0,1,1,1,0,,中核五〇四医院__图片__中核五O四医院__湖北炎症__hbyz150-2_overlay.jpg,中核五〇四医院__图片__中核五O四医院__湖北炎症__hbyz150-2.png,中核五〇四医院__图片__中核五O四医院__湖北炎症__hbyz150-2.json
dataset/gastritis_external/processed_images/中核五〇四医院/crop_ui,中核五〇四医院__图片__中核五O四医院__湖北炎症__hbyz62-2.jpg,0,1,1,1,0,,中核五〇四医院__图片__中核五O四医院__湖北炎症__hbyz62-2_overlay.jpg,中核五〇四医院__图片__中核五O四医院__湖北炎症__hbyz62-2.png,中核五〇四医院__图片__中核五O四医院__湖北炎症__hbyz62-2.json
dataset/gastritis_external/processed_images/中核五〇四医院/crop_ui,中核五〇四医院__图片__中核五O四医院__湖北炎症__hbyz157-2.jpg,0,1,1,1,0,,中核五〇四医院__图片__中核五O四医院__湖北炎症__hbyz157-2_overlay.jpg,中核五〇四医院__图片__中核五O四医院__湖北炎症__hbyz157-2.png,中核五〇四医院__图片__中核五O四医院__湖北炎症__hbyz157-2.json
dataset/gastritis_external/processed_images/中核五〇四医院/crop_ui,中核五〇四医院__图片__中核五O四医院__湖北炎症__hbyz125-2.jpg,0,1,1,1,0,,中核五〇四医院__图片__中核五O四医院__湖北炎症__hbyz125-2_overlay.jpg,中核五〇四医院__图片__中核五O四医院__湖北炎症__hbyz125-2.png,中核五〇四医院__图片__中核五O四医院__湖北炎症__hbyz125-2.json
dataset/gastritis_external/processed_images/中核五〇四医院/crop_ui,中核五〇四医院__图片__中核五O四医院__湖北炎症__hbyz11-1.jpg,0,1,1,1,0,,中核五〇四医院__图片__中核五O四医院__湖北炎症__hbyz11-1_overlay.jpg,中核五〇四医院__图片__中核五O四医院__湖北炎症__hbyz11-1.png,中核五〇四医院__图片__中核五O四医院__湖北炎症__hbyz11-1.json
dataset/gastritis_external/processed_images/中核五〇四医院/crop_ui,中核五〇四医院__图片__中核五O四医院__湖北炎症__hbyz15-1.jpg,0,1,1,1,0,,中核五〇四医院__图片__中核五O四医院__湖北炎症__hbyz15-1_overlay.jpg,中核五〇四医院__图片__中核五O四医院__湖北炎症__hbyz15-1.png,中核五〇四医院__图片__中核五O四医院__湖北炎症__hbyz15-1.json
dataset/gastritis_external/processed_images/中核五〇四医院/crop_ui,中核五〇四医院__图片__中核五O四医院__湖北炎症__hbyz41-1.jpg,0,1,1,1,0,,中核五〇四医院__图片__中核五O四医院__湖北炎症__hbyz41-1_overlay.jpg,中核五〇四医院__图片__中核五O四医院__湖北炎症__hbyz41-1.png,中核五〇四医院__图片__中核五O四医院__湖北炎症__hbyz41-1.json
dataset/gastritis_external/processed_images/中核五〇四医院/crop_ui,中核五〇四医院__图片__中核五O四医院__湖北炎症__hbyz56-2.jpg,0,1,1,1,0,,中核五〇四医院__图片__中核五O四医院__湖北炎症__hbyz56-2_overlay.jpg,中核五〇四医院__图片__中核五O四医院__湖北炎症__hbyz56-2.png,中核五〇四医院__图片__中核五O四医院__湖北炎症__hbyz56-2.json
dataset/gastritis_external/processed_images/中核五〇四医院/crop_ui,中核五〇四医院__图片__中核五O四医院__湖北炎症__hbyz162.jpg,0,1,1,1,0,,中核五〇四医院__图片__中核五O四医院__湖北炎症__hbyz162_overlay.jpg,中核五〇四医院__图片__中核五O四医院__湖北炎症__hbyz162.png,中核五〇四医院__图片__中核五O四医院__湖北炎症__hbyz162.json
dataset/gastritis_external/processed_images/中核五〇四医院/crop_ui,中核五〇四医院__图片__中核五O四医院__湖北炎症__hbyz126-1.jpg,0,1,1,1,0,,中核五〇四医院__图片__中核五O四医院__湖北炎症__hbyz126-1_overlay.jpg,中核五〇四医院__图片__中核五O四医院__湖北炎症__hbyz126-1.png,中核五〇四医院__图片__中核五O四医院__湖北炎症__hbyz126-1.json
dataset/gastritis_external/processed_images/中核五〇四医院/crop_ui,中核五〇四医院__图片__中核五O四医院__湖北炎症__hbyz97-1.jpg,0,1,1,1,0,,中核五〇四医院__图片__中核五O四医院__湖北炎症__hbyz97-1_overlay.jpg,中核五〇四医院__图片__中核五O四医院__湖北炎症__hbyz97-1.png,中核五〇四医院__图片__中核五O四医院__湖北炎症__hbyz97-1.json
dataset/gastritis_external/processed_images/中核五〇四医院/crop_ui,中核五〇四医院__图片__中核五O四医院__湖北炎症__hbyz34-2.jpg,0,1,1,1,0,,中核五〇四医院__图片__中核五O四医院__湖北炎症__hbyz34-2_overlay.jpg,中核五〇四医院__图片__中核五O四医院__湖北炎症__hbyz34-2.png,中核五〇四医院__图片__中核五O四医院__湖北炎症__hbyz34-2.json
dataset/gastritis_external/processed_images/中核五〇四医院/crop_ui,中核五〇四医院__图片__中核五O四医院__湖北炎症__hbyz137-1.jpg,0,1,1,1,0,,中核五〇四医院__图片__中核五O四医院__湖北炎症__hbyz137-1_overlay.jpg,中核五〇四医院__图片__中核五O四医院__湖北炎症__hbyz137-1.png,中核五〇四医院__图片__中核五O四医院__湖北炎症__hbyz137-1.json
dataset/gastritis_external/processed_images/中核五〇四医院/crop_ui,中核五〇四医院__图片__中核五O四医院__湖北炎症__hbyz30.jpg,0,1,1,1,0,,中核五〇四医院__图片__中核五O四医院__湖北炎症__hbyz30_overlay.jpg,中核五〇四医院__图片__中核五O四医院__湖北炎症__hbyz30.png,中核五〇四医院__图片__中核五O四医院__湖北炎症__hbyz30.json
dataset/gastritis_external/processed_images/中核五〇四医院/crop_ui,中核五〇四医院__图片__中核五O四医院__湖北炎症__hbyz153-2.jpg,0,1,1,1,0,,中核五〇四医院__图片__中核五O四医院__湖北炎症__hbyz153-2_overlay.jpg,中核五〇四医院__图片__中核五O四医院__湖北炎症__hbyz153-2.png,中核五〇四医院__图片__中核五O四医院__湖北炎症__hbyz153-2.json
dataset/gastritis_external/processed_images/中核五〇四医院/crop_ui,中核五〇四医院__图片__湖北中西医结合医院__湖北中西医结合医院(1)__hbzxy7-5.jpg,0,1,1,1,0,,中核五〇四医院__图片__湖北中西医结合医院__湖北中西医结合医院(1)__hbzxy7-5_overlay.jpg,中核五〇四医院__图片__湖北中西医结合医院__湖北中西医结合医院(1)__hbzxy7-5.png,中核五〇四医院__图片__湖北中西医结合医院__湖北中西医结合医院(1)__hbzxy7-5.json
dataset/gastritis_external/processed_images/中核五〇四医院/crop_ui,中核五〇四医院__图片__中核五O四医院__湖北炎症__hbyz144-1.jpg,0,1,1,1,0,,中核五〇四医院__图片__中核五O四医院__湖北炎症__hbyz144-1_overlay.jpg,中核五〇四医院__图片__中核五O四医院__湖北炎症__hbyz144-1.png,中核五〇四医院__图片__中核五O四医院__湖北炎症__hbyz144-1.json
dataset/gastritis_external/processed_images/中核五〇四医院/crop_ui,中核五〇四医院__图片__中核五O四医院__湖北炎症__hbyz161-1.jpg,0,1,1,1,0,,中核五〇四医院__图片__中核五O四医院__湖北炎症__hbyz161-1_overlay.jpg,中核五〇四医院__图片__中核五O四医院__湖北炎症__hbyz161-1.png,中核五〇四医院__图片__中核五O四医院__湖北炎症__hbyz161-1.json
dataset/gastritis_external/processed_images/中核五〇四医院/crop_ui,中核五〇四医院__图片__中核五O四医院__湖北炎症__hbyz8-1.jpg,0,1,1,1,0,,中核五〇四医院__图片__中核五O四医院__湖北炎症__hbyz8-1_overlay.jpg,中核五〇四医院__图片__中核五O四医院__湖北炎症__hbyz8-1.png,中核五〇四医院__图片__中核五O四医院__湖北炎症__hbyz8-1.json
dataset/gastritis_external/processed_images/中核五〇四医院/crop_ui,中核五〇四医院__图片__中核五O四医院__湖北炎症__hbyz61-2.jpg,0,1,1,1,0,,中核五〇四医院__图片__中核五O四医院__湖北炎症__hbyz61-2_overlay.jpg,中核五〇四医院__图片__中核五O四医院__湖北炎症__hbyz61-2.png,中核五〇四医院__图片__中核五O四医院__湖北炎症__hbyz61-2.json
dataset/gastritis_external/processed_images/中核五〇四医院/crop_ui,中核五〇四医院__图片__中核五O四医院__湖北炎症__hbyz119-1.jpg,0,1,1,1,0,,中核五〇四医院__图片__中核五O四医院__湖北炎症__hbyz119-1_overlay.jpg,中核五〇四医院__图片__中核五O四医院__湖北炎症__hbyz119-1.png,中核五〇四医院__图片__中核五O四医院__湖北炎症__hbyz119-1.json
dataset/gastritis_external/processed_images/中核五〇四医院/crop_ui,中核五〇四医院__图片__中核五O四医院__湖北炎症__hbyz145.jpg,0,1,1,1,0,,中核五〇四医院__图片__中核五O四医院__湖北炎症__hbyz145_overlay.jpg,中核五〇四医院__图片__中核五O四医院__湖北炎症__hbyz145.png,中核五〇四医院__图片__中核五O四医院__湖北炎症__hbyz145.json
dataset/gastritis_external/processed_images/中核五〇四医院/crop_ui,中核五〇四医院__图片__中核五O四医院__湖北炎症__hbyz60-2.jpg,0,1,1,1,0,,中核五〇四医院__图片__中核五O四医院__湖北炎症__hbyz60-2_overlay.jpg,中核五〇四医院__图片__中核五O四医院__湖北炎症__hbyz60-2.png,中核五〇四医院__图片__中核五O四医院__湖北炎症__hbyz60-2.json
dataset/gastritis_external/processed_images/中核五〇四医院/crop_ui,中核五〇四医院__图片__中核五O四医院__湖北炎症__hbyz130-1.jpg,0,1,1,1,0,,中核五〇四医院__图片__中核五O四医院__湖北炎症__hbyz130-1_overlay.jpg,中核五〇四医院__图片__中核五O四医院__湖北炎症__hbyz130-1.png,中核五〇四医院__图片__中核五O四医院__湖北炎症__hbyz130-1.json
dataset/gastritis_external/processed_images/中核五〇四医院/crop_ui,中核五〇四医院__图片__中核五O四医院__湖北炎症__hbyz89-1.jpg,0,1,1,1,0,,中核五〇四医院__图片__中核五O四医院__湖北炎症__hbyz89-1_overlay.jpg,中核五〇四医院__图片__中核五O四医院__湖北炎症__hbyz89-1.png,中核五〇四医院__图片__中核五O四医院__湖北炎症__hbyz89-1.json
dataset/gastritis_external/processed_images/中核五〇四医院/crop_ui,中核五〇四医院__图片__中核五O四医院__湖北炎症__hbyz113.jpg,0,1,1,1,0,,中核五〇四医院__图片__中核五O四医院__湖北炎症__hbyz113_overlay.jpg,中核五〇四医院__图片__中核五O四医院__湖北炎症__hbyz113.png,中核五〇四医院__图片__中核五O四医院__湖北炎症__hbyz113.json
dataset/gastritis_external/processed_images/中核五〇四医院/crop_ui,中核五〇四医院__图片__中核五O四医院__湖北炎症__hbyz58-2.jpg,0,1,1,1,0,,中核五〇四医院__图片__中核五O四医院__湖北炎症__hbyz58-2_overlay.jpg,中核五〇四医院__图片__中核五O四医院__湖北炎症__hbyz58-2.png,中核五〇四医院__图片__中核五O四医院__湖北炎症__hbyz58-2.json
dataset/gastritis_external/processed_images/中核五〇四医院/crop_ui,中核五〇四医院__图片__中核五O四医院__湖北炎症__hbyz116-2.jpg,0,1,1,1,0,,中核五〇四医院__图片__中核五O四医院__湖北炎症__hbyz116-2_overlay.jpg,中核五〇四医院__图片__中核五O四医院__湖北炎症__hbyz116-2.png,中核五〇四医院__图片__中核五O四医院__湖北炎症__hbyz116-2.json
dataset/gastritis_external/processed_images/中核五〇四医院/crop_ui,中核五〇四医院__图片__中核五O四医院__湖北炎症__hbyz88.jpg,0,1,1,1,0,,中核五〇四医院__图片__中核五O四医院__湖北炎症__hbyz88_overlay.jpg,中核五〇四医院__图片__中核五O四医院__湖北炎症__hbyz88.png,中核五〇四医院__图片__中核五O四医院__湖北炎症__hbyz88.json
dataset/gastritis_external/processed_images/中核五〇四医院/crop_ui,中核五〇四医院__图片__中核五O四医院__湖北炎症__hbyz53-1.jpg,0,1,1,1,0,,中核五〇四医院__图片__中核五O四医院__湖北炎症__hbyz53-1_overlay.jpg,中核五〇四医院__图片__中核五O四医院__湖北炎症__hbyz53-1.png,中核五〇四医院__图片__中核五O四医院__湖北炎症__hbyz53-1.json
dataset/gastritis_external/processed_images/中核五〇四医院/crop_ui,中核五〇四医院__图片__中核五O四医院__湖北炎症__hbyz59-2.jpg,0,1,1,1,0,,中核五〇四医院__图片__中核五O四医院__湖北炎症__hbyz59-2_overlay.jpg,中核五〇四医院__图片__中核五O四医院__湖北炎症__hbyz59-2.png,中核五〇四医院__图片__中核五O四医院__湖北炎症__hbyz59-2.json
dataset/gastritis_external/processed_images/中核五〇四医院/crop_ui,中核五〇四医院__图片__中核五O四医院__湖北炎症__hbyz69-1.jpg,0,1,1,1,0,,中核五〇四医院__图片__中核五O四医院__湖北炎症__hbyz69-1_overlay.jpg,中核五〇四医院__图片__中核五O四医院__湖北炎症__hbyz69-1.png,中核五〇四医院__图片__中核五O四医院__湖北炎症__hbyz69-1.json
dataset/gastritis_external/processed_images/中核五〇四医院/crop_ui,中核五〇四医院__图片__中核五O四医院__湖北炎症__hbyz135-2.jpg,0,1,1,1,0,,中核五〇四医院__图片__中核五O四医院__湖北炎症__hbyz135-2_overlay.jpg,中核五〇四医院__图片__中核五O四医院__湖北炎症__hbyz135-2.png,中核五〇四医院__图片__中核五O四医院__湖北炎症__hbyz135-2.json
dataset/gastritis_external/processed_images/中核五〇四医院/crop_ui,中核五〇四医院__图片__中核五O四医院__湖北炎症__hbyz90-2.jpg,0,1,1,1,0,,中核五〇四医院__图片__中核五O四医院__湖北炎症__hbyz90-2_overlay.jpg,中核五〇四医院__图片__中核五O四医院__湖北炎症__hbyz90-2.png,中核五〇四医院__图片__中核五O四医院__湖北炎症__hbyz90-2.json
dataset/gastritis_external/processed_images/中核五〇四医院/crop_ui,中核五〇四医院__图片__中核五O四医院__湖北炎症__hbyz122.jpg,0,1,1,1,0,,中核五〇四医院__图片__中核五O四医院__湖北炎症__hbyz122_overlay.jpg,中核五〇四医院__图片__中核五O四医院__湖北炎症__hbyz122.png,中核五〇四医院__图片__中核五O四医院__湖北炎症__hbyz122.json
dataset/gastritis_external/processed_images/中核五〇四医院/crop_ui,中核五〇四医院__图片__中核五O四医院__湖北炎症__hbyz149-1.jpg,0,1,1,1,0,,中核五〇四医院__图片__中核五O四医院__湖北炎症__hbyz149-1_overlay.jpg,中核五〇四医院__图片__中核五O四医院__湖北炎症__hbyz149-1.png,中核五〇四医院__图片__中核五O四医院__湖北炎症__hbyz149-1.json
dataset/gastritis_external/processed_images/中核五〇四医院/crop_ui,中核五〇四医院__图片__中核五O四医院__湖北炎症__hbyz90-1.jpg,0,1,1,1,0,,中核五〇四医院__图片__中核五O四医院__湖北炎症__hbyz90-1_overlay.jpg,中核五〇四医院__图片__中核五O四医院__湖北炎症__hbyz90-1.png,中核五〇四医院__图片__中核五O四医院__湖北炎症__hbyz90-1.json
dataset/gastritis_external/processed_images/中核五〇四医院/crop_ui,中核五〇四医院__图片__中核五O四医院__湖北炎症__hbyz52-1.jpg,0,1,1,1,0,,中核五〇四医院__图片__中核五O四医院__湖北炎症__hbyz52-1_overlay.jpg,中核五〇四医院__图片__中核五O四医院__湖北炎症__hbyz52-1.png,中核五〇四医院__图片__中核五O四医院__湖北炎症__hbyz52-1.json
dataset/gastritis_external/processed_images/中核五〇四医院/crop_ui,中核五〇四医院__图片__中核五O四医院__湖北炎症__hbyz144-2.jpg,0,1,1,1,0,,中核五〇四医院__图片__中核五O四医院__湖北炎症__hbyz144-2_overlay.jpg,中核五〇四医院__图片__中核五O四医院__湖北炎症__hbyz144-2.png,中核五〇四医院__图片__中核五O四医院__湖北炎症__hbyz144-2.json
dataset/gastritis_external/processed_images/中核五〇四医院/crop_ui,中核五〇四医院__图片__中核五O四医院__湖北炎症__hbyz10-2.jpg,0,1,1,1,0,,中核五〇四医院__图片__中核五O四医院__湖北炎症__hbyz10-2_overlay.jpg,中核五〇四医院__图片__中核五O四医院__湖北炎症__hbyz10-2.png,中核五〇四医院__图片__中核五O四医院__湖北炎症__hbyz10-2.json
dataset/gastritis_external/processed_images/中核五〇四医院/crop_ui,中核五〇四医院__图片__中核五O四医院__湖北炎症__hbyz37.jpg,0,1,1,1,0,,中核五〇四医院__图片__中核五O四医院__湖北炎症__hbyz37_overlay.jpg,中核五〇四医院__图片__中核五O四医院__湖北炎症__hbyz37.png,中核五〇四医院__图片__中核五O四医院__湖北炎症__hbyz37.json
dataset/gastritis_external/processed_images/中核五〇四医院/crop_ui,中核五〇四医院__图片__中核五O四医院__湖北炎症__hbyz58-1.jpg,0,1,1,1,0,,中核五〇四医院__图片__中核五O四医院__湖北炎症__hbyz58-1_overlay.jpg,中核五〇四医院__图片__中核五O四医院__湖北炎症__hbyz58-1.png,中核五〇四医院__图片__中核五O四医院__湖北炎症__hbyz58-1.json
dataset/gastritis_external/processed_images/中核五〇四医院/crop_ui,中核五〇四医院__图片__中核五O四医院__湖北炎症__hbyz83.jpg,0,1,1,1,0,,中核五〇四医院__图片__中核五O四医院__湖北炎症__hbyz83_overlay.jpg,中核五〇四医院__图片__中核五O四医院__湖北炎症__hbyz83.png,中核五〇四医院__图片__中核五O四医院__湖北炎症__hbyz83.json
dataset/gastritis_external/processed_images/中核五〇四医院/crop_ui,中核五〇四医院__图片__中核五O四医院__湖北炎症__hbyz107.jpg,0,1,1,1,0,,中核五〇四医院__图片__中核五O四医院__湖北炎症__hbyz107_overlay.jpg,中核五〇四医院__图片__中核五O四医院__湖北炎症__hbyz107.png,中核五〇四医院__图片__中核五O四医院__湖北炎症__hbyz107.json
dataset/gastritis_external/processed_images/中核五〇四医院/crop_ui,中核五〇四医院__图片__中核五O四医院__湖北炎症__hbyz121-1.jpg,0,1,1,1,0,,中核五〇四医院__图片__中核五O四医院__湖北炎症__hbyz121-1_overlay.jpg,中核五〇四医院__图片__中核五O四医院__湖北炎症__hbyz121-1.png,中核五〇四医院__图片__中核五O四医院__湖北炎症__hbyz121-1.json
dataset/gastritis_external/processed_images/中核五〇四医院/crop_ui,中核五〇四医院__图片__中核五O四医院__湖北炎症__hbyz86-2.jpg,0,1,1,1,0,,中核五〇四医院__图片__中核五O四医院__湖北炎症__hbyz86-2_overlay.jpg,中核五〇四医院__图片__中核五O四医院__湖北炎症__hbyz86-2.png,中核五〇四医院__图片__中核五O四医院__湖北炎症__hbyz86-2.json
dataset/gastritis_external/processed_images/中核五〇四医院/crop_ui,中核五〇四医院__图片__中核五O四医院__湖北炎症__hbyz108.jpg,0,1,1,1,0,,中核五〇四医院__图片__中核五O四医院__湖北炎症__hbyz108_overlay.jpg,中核五〇四医院__图片__中核五O四医院__湖北炎症__hbyz108.png,中核五〇四医院__图片__中核五O四医院__湖北炎症__hbyz108.json
dataset/gastritis_external/processed_images/中核五〇四医院/crop_ui,中核五〇四医院__图片__中核五O四医院__湖北炎症__hbyz139.jpg,0,1,1,1,0,,中核五〇四医院__图片__中核五O四医院__湖北炎症__hbyz139_overlay.jpg,中核五〇四医院__图片__中核五O四医院__湖北炎症__hbyz139.png,中核五〇四医院__图片__中核五O四医院__湖北炎症__hbyz139.json
dataset/gastritis_external/processed_images/中核五〇四医院/crop_ui,中核五〇四医院__图片__中核五O四医院__湖北炎症__hbyz3-1.jpg,0,1,1,1,0,,中核五〇四医院__图片__中核五O四医院__湖北炎症__hbyz3-1_overlay.jpg,中核五〇四医院__图片__中核五O四医院__湖北炎症__hbyz3-1.png,中核五〇四医院__图片__中核五O四医院__湖北炎症__hbyz3-1.json
dataset/gastritis_external/processed_images/中核五〇四医院/crop_ui,中核五〇四医院__图片__中核五O四医院__湖北炎症__hbyz164.jpg,0,1,1,1,0,,中核五〇四医院__图片__中核五O四医院__湖北炎症__hbyz164_overlay.jpg,中核五〇四医院__图片__中核五O四医院__湖北炎症__hbyz164.png,中核五〇四医院__图片__中核五O四医院__湖北炎症__hbyz164.json
dataset/gastritis_external/processed_images/中核五〇四医院/crop_ui,中核五〇四医院__图片__中核五O四医院__湖北炎症__hbyz73-1.jpg,0,1,1,1,0,,中核五〇四医院__图片__中核五O四医院__湖北炎症__hbyz73-1_overlay.jpg,中核五〇四医院__图片__中核五O四医院__湖北炎症__hbyz73-1.png,中核五〇四医院__图片__中核五O四医院__湖北炎症__hbyz73-1.json
dataset/gastritis_external/processed_images/中核五〇四医院/crop_ui,中核五〇四医院__图片__中核五O四医院__湖北炎症__hbyz82.jpg,0,1,1,1,0,,中核五〇四医院__图片__中核五O四医院__湖北炎症__hbyz82_overlay.jpg,中核五〇四医院__图片__中核五O四医院__湖北炎症__hbyz82.png,中核五〇四医院__图片__中核五O四医院__湖北炎症__hbyz82.json
dataset/gastritis_external/processed_images/中核五〇四医院/crop_ui,中核五〇四医院__图片__中核五O四医院__湖北炎症__hbyz106.jpg,0,1,1,1,0,,中核五〇四医院__图片__中核五O四医院__湖北炎症__hbyz106_overlay.jpg,中核五〇四医院__图片__中核五O四医院__湖北炎症__hbyz106.png,中核五〇四医院__图片__中核五O四医院__湖北炎症__hbyz106.json
dataset/gastritis_external/processed_images/中核五〇四医院/crop_ui,中核五〇四医院__图片__中核五O四医院__湖北炎症__hbyz42-1.jpg,0,1,1,1,0,,中核五〇四医院__图片__中核五O四医院__湖北炎症__hbyz42-1_overlay.jpg,中核五〇四医院__图片__中核五O四医院__湖北炎症__hbyz42-1.png,中核五〇四医院__图片__中核五O四医院__湖北炎症__hbyz42-1.json
dataset/gastritis_external/processed_images/中核五〇四医院/crop_ui,中核五〇四医院__图片__中核五O四医院__湖北炎症__hbyz2-2.jpg,0,1,1,1,0,,中核五〇四医院__图片__中核五O四医院__湖北炎症__hbyz2-2_overlay.jpg,中核五〇四医院__图片__中核五O四医院__湖北炎症__hbyz2-2.png,中核五〇四医院__图片__中核五O四医院__湖北炎症__hbyz2-2.json
dataset/gastritis_external/processed_images/中核五〇四医院/crop_ui,中核五〇四医院__图片__中核五O四医院__湖北炎症__hbyz68-2.jpg,0,1,1,1,0,,中核五〇四医院__图片__中核五O四医院__湖北炎症__hbyz68-2_overlay.jpg,中核五〇四医院__图片__中核五O四医院__湖北炎症__hbyz68-2.png,中核五〇四医院__图片__中核五O四医院__湖北炎症__hbyz68-2.json
dataset/gastritis_external/processed_images/中核五〇四医院/crop_ui,中核五〇四医院__图片__中核五O四医院__湖北炎症__hbyz29.jpg,0,1,1,1,0,,中核五〇四医院__图片__中核五O四医院__湖北炎症__hbyz29_overlay.jpg,中核五〇四医院__图片__中核五O四医院__湖北炎症__hbyz29.png,中核五〇四医院__图片__中核五O四医院__湖北炎症__hbyz29.json
dataset/gastritis_external/processed_images/中核五〇四医院/crop_ui,中核五〇四医院__图片__中核五O四医院__湖北炎症__hbyz133-1.jpg,0,1,1,1,0,,中核五〇四医院__图片__中核五O四医院__湖北炎症__hbyz133-1_overlay.jpg,中核五〇四医院__图片__中核五O四医院__湖北炎症__hbyz133-1.png,中核五〇四医院__图片__中核五O四医院__湖北炎症__hbyz133-1.json
dataset/gastritis_external/processed_images/中核五〇四医院/crop_ui,中核五〇四医院__图片__中核五O四医院__湖北炎症__hbyz142-2.jpg,0,1,1,1,0,,中核五〇四医院__图片__中核五O四医院__湖北炎症__hbyz142-2_overlay.jpg,中核五〇四医院__图片__中核五O四医院__湖北炎症__hbyz142-2.png,中核五〇四医院__图片__中核五O四医院__湖北炎症__hbyz142-2.json
dataset/gastritis_external/processed_images/中核五〇四医院/crop_ui,中核五〇四医院__图片__湖北中西医结合医院__湖北中西医结合医院(1)__hbzxy7-4.jpg,0,1,1,1,0,,中核五〇四医院__图片__湖北中西医结合医院__湖北中西医结合医院(1)__hbzxy7-4_overlay.jpg,中核五〇四医院__图片__湖北中西医结合医院__湖北中西医结合医院(1)__hbzxy7-4.png,中核五〇四医院__图片__湖北中西医结合医院__湖北中西医结合医院(1)__hbzxy7-4.json
dataset/gastritis_external/processed_images/中核五〇四医院/crop_ui,中核五〇四医院__图片__中核五O四医院__湖北炎症__hbyz32.jpg,0,1,1,1,0,,中核五〇四医院__图片__中核五O四医院__湖北炎症__hbyz32_overlay.jpg,中核五〇四医院__图片__中核五O四医院__湖北炎症__hbyz32.png,中核五〇四医院__图片__中核五O四医院__湖北炎症__hbyz32.json
dataset/gastritis_external/processed_images/中核五〇四医院/crop_ui,中核五〇四医院__图片__中核五O四医院__湖北炎症__hbyz72-1.jpg,0,1,1,1,0,,中核五〇四医院__图片__中核五O四医院__湖北炎症__hbyz72-1_overlay.jpg,中核五〇四医院__图片__中核五O四医院__湖北炎症__hbyz72-1.png,中核五〇四医院__图片__中核五O四医院__湖北炎症__hbyz72-1.json
dataset/gastritis_external/processed_images/中核五〇四医院/crop_ui,中核五〇四医院__图片__中核五O四医院__湖北炎症__hbyz163-2.jpg,0,1,1,1,0,,中核五〇四医院__图片__中核五O四医院__湖北炎症__hbyz163-2_overlay.jpg,中核五〇四医院__图片__中核五O四医院__湖北炎症__hbyz163-2.png,中核五〇四医院__图片__中核五O四医院__湖北炎症__hbyz163-2.json
dataset/gastritis_external/processed_images/中核五〇四医院/crop_ui,中核五〇四医院__图片__中核五O四医院__湖北炎症__hbyz124-2.jpg,0,1,1,1,0,,中核五〇四医院__图片__中核五O四医院__湖北炎症__hbyz124-2_overlay.jpg,中核五〇四医院__图片__中核五O四医院__湖北炎症__hbyz124-2.png,中核五〇四医院__图片__中核五O四医院__湖北炎症__hbyz124-2.json
dataset/gastritis_external/processed_images/中核五〇四医院/crop_ui,中核五〇四医院__图片__中核五O四医院__湖北炎症__hbyz99.jpg,0,1,1,1,0,,中核五〇四医院__图片__中核五O四医院__湖北炎症__hbyz99_overlay.jpg,中核五〇四医院__图片__中核五O四医院__湖北炎症__hbyz99.png,中核五〇四医院__图片__中核五O四医院__湖北炎症__hbyz99.json
dataset/gastritis_external/processed_images/中核五〇四医院/crop_ui,中核五〇四医院__图片__湖北中西医结合医院__湖北中西医结合医院(1)__hbzxy6-2.jpg,0,1,1,1,0,,中核五〇四医院__图片__湖北中西医结合医院__湖北中西医结合医院(1)__hbzxy6-2_overlay.jpg,中核五〇四医院__图片__湖北中西医结合医院__湖北中西医结合医院(1)__hbzxy6-2.png,中核五〇四医院__图片__湖北中西医结合医院__湖北中西医结合医院(1)__hbzxy6-2.json
dataset/gastritis_external/processed_images/中核五〇四医院/crop_ui,中核五〇四医院__图片__中核五O四医院__湖北炎症__hbyz17-1.jpg,0,1,1,1,0,,中核五〇四医院__图片__中核五O四医院__湖北炎症__hbyz17-1_overlay.jpg,中核五〇四医院__图片__中核五O四医院__湖北炎症__hbyz17-1.png,中核五〇四医院__图片__中核五O四医院__湖北炎症__hbyz17-1.json
dataset/gastritis_external/processed_images/中核五〇四医院/crop_ui,中核五〇四医院__图片__中核五O四医院__湖北炎症__hbyz155.jpg,0,1,1,1,0,,中核五〇四医院__图片__中核五O四医院__湖北炎症__hbyz155_overlay.jpg,中核五〇四医院__图片__中核五O四医院__湖北炎症__hbyz155.png,中核五〇四医院__图片__中核五O四医院__湖北炎症__hbyz155.json
dataset/gastritis_external/processed_images/中核五〇四医院/crop_ui,中核五〇四医院__图片__中核五O四医院__湖北炎症__hbyz95-2.jpg,0,1,1,1,0,,中核五〇四医院__图片__中核五O四医院__湖北炎症__hbyz95-2_overlay.jpg,中核五〇四医院__图片__中核五O四医院__湖北炎症__hbyz95-2.png,中核五〇四医院__图片__中核五O四医院__湖北炎症__hbyz95-2.json
dataset/gastritis_external/processed_images/中核五〇四医院/crop_ui,中核五〇四医院__图片__中核五O四医院__湖北炎症__hbyz55.jpg,0,1,1,1,0,,中核五〇四医院__图片__中核五O四医院__湖北炎症__hbyz55_overlay.jpg,中核五〇四医院__图片__中核五O四医院__湖北炎症__hbyz55.png,中核五〇四医院__图片__中核五O四医院__湖北炎症__hbyz55.json
dataset/gastritis_external/processed_images/中核五〇四医院/crop_ui,中核五〇四医院__图片__中核五O四医院__湖北炎症__hbyz104-1.jpg,0,1,1,1,0,,中核五〇四医院__图片__中核五O四医院__湖北炎症__hbyz104-1_overlay.jpg,中核五〇四医院__图片__中核五O四医院__湖北炎症__hbyz104-1.png,中核五〇四医院__图片__中核五O四医院__湖北炎症__hbyz104-1.json
dataset/gastritis_external/processed_images/中核五〇四医院/crop_ui,中核五〇四医院__图片__中核五O四医院__湖北炎症__hbyz59-1.jpg,0,1,1,1,0,,中核五〇四医院__图片__中核五O四医院__湖北炎症__hbyz59-1_overlay.jpg,中核五〇四医院__图片__中核五O四医院__湖北炎症__hbyz59-1.png,中核五〇四医院__图片__中核五O四医院__湖北炎症__hbyz59-1.json
dataset/gastritis_external/processed_images/中核五〇四医院/crop_ui,中核五〇四医院__图片__中核五O四医院__湖北炎症__hbyz78-1.jpg,0,1,1,1,0,,中核五〇四医院__图片__中核五O四医院__湖北炎症__hbyz78-1_overlay.jpg,中核五〇四医院__图片__中核五O四医院__湖北炎症__hbyz78-1.png,中核五〇四医院__图片__中核五O四医院__湖北炎症__hbyz78-1.json
dataset/gastritis_external/processed_images/中核五〇四医院/crop_ui,中核五〇四医院__图片__中核五O四医院__湖北炎症__hbyz95-1.jpg,0,1,1,1,0,,中核五〇四医院__图片__中核五O四医院__湖北炎症__hbyz95-1_overlay.jpg,中核五〇四医院__图片__中核五O四医院__湖北炎症__hbyz95-1.png,中核五〇四医院__图片__中核五O四医院__湖北炎症__hbyz95-1.json
dataset/gastritis_external/processed_images/中核五〇四医院/crop_ui,中核五〇四医院__图片__中核五O四医院__湖北炎症__hbyz31.jpg,0,1,1,1,0,,中核五〇四医院__图片__中核五O四医院__湖北炎症__hbyz31_overlay.jpg,中核五〇四医院__图片__中核五O四医院__湖北炎症__hbyz31.png,中核五〇四医院__图片__中核五O四医院__湖北炎症__hbyz31.json
dataset/gastritis_external/processed_images/中核五〇四医院/crop_ui,中核五〇四医院__图片__中核五O四医院__湖北炎症__hbyz159-1.jpg,0,1,1,1,0,,中核五〇四医院__图片__中核五O四医院__湖北炎症__hbyz159-1_overlay.jpg,中核五〇四医院__图片__中核五O四医院__湖北炎症__hbyz159-1.png,中核五〇四医院__图片__中核五O四医院__湖北炎症__hbyz159-1.json
dataset/gastritis_external/processed_images/中核五〇四医院/crop_ui,中核五〇四医院__图片__中核五O四医院__湖北炎症__hbyz109-2.jpg,0,1,1,1,0,,中核五〇四医院__图片__中核五O四医院__湖北炎症__hbyz109-2_overlay.jpg,中核五〇四医院__图片__中核五O四医院__湖北炎症__hbyz109-2.png,中核五〇四医院__图片__中核五O四医院__湖北炎症__hbyz109-2.json
dataset/gastritis_external/processed_images/中核五〇四医院/crop_ui,中核五〇四医院__图片__中核五O四医院__湖北炎症__hbyz147-1.jpg,0,1,1,1,0,,中核五〇四医院__图片__中核五O四医院__湖北炎症__hbyz147-1_overlay.jpg,中核五〇四医院__图片__中核五O四医院__湖北炎症__hbyz147-1.png,中核五〇四医院__图片__中核五O四医院__湖北炎症__hbyz147-1.json
dataset/gastritis_external/processed_images/中核五〇四医院/crop_ui,中核五〇四医院__图片__中核五O四医院__湖北炎症__hbyz75-2.jpg,0,1,1,1,0,,中核五〇四医院__图片__中核五O四医院__湖北炎症__hbyz75-2_overlay.jpg,中核五〇四医院__图片__中核五O四医院__湖北炎症__hbyz75-2.png,中核五〇四医院__图片__中核五O四医院__湖北炎症__hbyz75-2.json
dataset/gastritis_external/processed_images/中核五〇四医院/crop_ui,中核五〇四医院__图片__中核五O四医院__湖北炎症__hbyz143-2.jpg,0,1,1,1,0,,中核五〇四医院__图片__中核五O四医院__湖北炎症__hbyz143-2_overlay.jpg,中核五〇四医院__图片__中核五O四医院__湖北炎症__hbyz143-2.png,中核五〇四医院__图片__中核五O四医院__湖北炎症__hbyz143-2.json
dataset/gastritis_external/processed_images/中核五〇四医院/crop_ui,中核五〇四医院__图片__中核五O四医院__湖北炎症__hbyz69-2.jpg,0,1,1,1,0,,中核五〇四医院__图片__中核五O四医院__湖北炎症__hbyz69-2_overlay.jpg,中核五〇四医院__图片__中核五O四医院__湖北炎症__hbyz69-2.png,中核五〇四医院__图片__中核五O四医院__湖北炎症__hbyz69-2.json
dataset/gastritis_external/processed_images/中核五〇四医院/crop_ui,中核五〇四医院__图片__中核五O四医院__湖北炎症__hbyz1-2.jpg,0,1,1,1,0,,中核五〇四医院__图片__中核五O四医院__湖北炎症__hbyz1-2_overlay.jpg,中核五〇四医院__图片__中核五O四医院__湖北炎症__hbyz1-2.png,中核五〇四医院__图片__中核五O四医院__湖北炎症__hbyz1-2.json
dataset/gastritis_external/processed_images/中核五〇四医院/crop_ui,中核五〇四医院__图片__中核五O四医院__湖北炎症__hbyz77.jpg,0,1,1,1,0,,中核五〇四医院__图片__中核五O四医院__湖北炎症__hbyz77_overlay.jpg,中核五〇四医院__图片__中核五O四医院__湖北炎症__hbyz77.png,中核五〇四医院__图片__中核五O四医院__湖北炎症__hbyz77.json
dataset/gastritis_external/processed_images/中核五〇四医院/crop_ui,中核五〇四医院__图片__中核五O四医院__湖北炎症__hbyz12-2.jpg,0,1,1,1,0,,中核五〇四医院__图片__中核五O四医院__湖北炎症__hbyz12-2_overlay.jpg,中核五〇四医院__图片__中核五O四医院__湖北炎症__hbyz12-2.png,中核五〇四医院__图片__中核五O四医院__湖北炎症__hbyz12-2.json
dataset/gastritis_external/processed_images/中核五〇四医院/crop_ui,中核五〇四医院__图片__中核五O四医院__湖北炎症__hbyz66-2.jpg,0,1,1,1,0,,中核五〇四医院__图片__中核五O四医院__湖北炎症__hbyz66-2_overlay.jpg,中核五〇四医院__图片__中核五O四医院__湖北炎症__hbyz66-2.png,中核五〇四医院__图片__中核五O四医院__湖北炎症__hbyz66-2.json
dataset/gastritis_external/processed_images/中核五〇四医院/crop_ui,中核五〇四医院__图片__中核五O四医院__湖北炎症__hbyz49-2.jpg,0,1,1,1,0,,中核五〇四医院__图片__中核五O四医院__湖北炎症__hbyz49-2_overlay.jpg,中核五〇四医院__图片__中核五O四医院__湖北炎症__hbyz49-2.png,中核五〇四医院__图片__中核五O四医院__湖北炎症__hbyz49-2.json
dataset/gastritis_external/processed_images/中核五〇四医院/crop_ui,中核五〇四医院__图片__中核五O四医院__湖北炎症__hbyz151-1.jpg,0,1,1,1,0,,中核五〇四医院__图片__中核五O四医院__湖北炎症__hbyz151-1_overlay.jpg,中核五〇四医院__图片__中核五O四医院__湖北炎症__hbyz151-1.png,中核五〇四医院__图片__中核五O四医院__湖北炎症__hbyz151-1.json
dataset/gastritis_external/processed_images/中核五〇四医院/crop_ui,中核五〇四医院__图片__中核五O四医院__湖北炎症__hbyz137-2.jpg,0,1,1,1,0,,中核五〇四医院__图片__中核五O四医院__湖北炎症__hbyz137-2_overlay.jpg,中核五〇四医院__图片__中核五O四医院__湖北炎症__hbyz137-2.png,中核五〇四医院__图片__中核五O四医院__湖北炎症__hbyz137-2.json
dataset/gastritis_external/processed_images/中核五〇四医院/crop_ui,中核五〇四医院__图片__中核五O四医院__湖北炎症__hbyz53-2.jpg,0,1,1,1,0,,中核五〇四医院__图片__中核五O四医院__湖北炎症__hbyz53-2_overlay.jpg,中核五〇四医院__图片__中核五O四医院__湖北炎症__hbyz53-2.png,中核五〇四医院__图片__中核五O四医院__湖北炎症__hbyz53-2.json
dataset/gastritis_external/processed_images/中核五〇四医院/crop_ui,中核五〇四医院__图片__中核五O四医院__湖北炎症__hbyz14-2.jpg,0,1,1,1,0,,中核五〇四医院__图片__中核五O四医院__湖北炎症__hbyz14-2_overlay.jpg,中核五〇四医院__图片__中核五O四医院__湖北炎症__hbyz14-2.png,中核五〇四医院__图片__中核五O四医院__湖北炎症__hbyz14-2.json
dataset/gastritis_external/processed_images/中核五〇四医院/crop_ui,中核五〇四医院__图片__中核五O四医院__湖北炎症__hbyz1-1.jpg,0,1,1,1,0,,中核五〇四医院__图片__中核五O四医院__湖北炎症__hbyz1-1_overlay.jpg,中核五〇四医院__图片__中核五O四医院__湖北炎症__hbyz1-1.png,中核五〇四医院__图片__中核五O四医院__湖北炎症__hbyz1-1.json
dataset/gastritis_external/processed_images/中核五〇四医院/crop_ui,中核五〇四医院__图片__中核五O四医院__湖北炎症__hbyz134-2.jpg,0,1,1,1,0,,中核五〇四医院__图片__中核五O四医院__湖北炎症__hbyz134-2_overlay.jpg,中核五〇四医院__图片__中核五O四医院__湖北炎症__hbyz134-2.png,中核五〇四医院__图片__中核五O四医院__湖北炎症__hbyz134-2.json
dataset/gastritis_external/processed_images/中核五〇四医院/crop_ui,中核五〇四医院__图片__中核五O四医院__湖北炎症__hbyz149-2.jpg,0,1,1,1,0,,中核五〇四医院__图片__中核五O四医院__湖北炎症__hbyz149-2_overlay.jpg,中核五〇四医院__图片__中核五O四医院__湖北炎症__hbyz149-2.png,中核五〇四医院__图片__中核五O四医院__湖北炎症__hbyz149-2.json
dataset/gastritis_external/processed_images/中核五〇四医院/crop_ui,中核五〇四医院__图片__中核五O四医院__湖北炎症__hbyz52-2.jpg,0,1,1,1,0,,中核五〇四医院__图片__中核五O四医院__湖北炎症__hbyz52-2_overlay.jpg,中核五〇四医院__图片__中核五O四医院__湖北炎症__hbyz52-2.png,中核五〇四医院__图片__中核五O四医院__湖北炎症__hbyz52-2.json
dataset/gastritis_external/processed_images/中核五〇四医院/crop_ui,中核五〇四医院__图片__中核五O四医院__湖北炎症__hbyz133-2.jpg,0,1,1,1,0,,中核五〇四医院__图片__中核五O四医院__湖北炎症__hbyz133-2_overlay.jpg,中核五〇四医院__图片__中核五O四医院__湖北炎症__hbyz133-2.png,中核五〇四医院__图片__中核五O四医院__湖北炎症__hbyz133-2.json
dataset/gastritis_external/processed_images/中核五〇四医院/crop_ui,中核五〇四医院__图片__中核五O四医院__湖北炎症__hbyz75-1.jpg,0,1,1,1,0,,中核五〇四医院__图片__中核五O四医院__湖北炎症__hbyz75-1_overlay.jpg,中核五〇四医院__图片__中核五O四医院__湖北炎症__hbyz75-1.png,中核五〇四医院__图片__中核五O四医院__湖北炎症__hbyz75-1.json
dataset/gastritis_external/processed_images/中核五〇四医院/crop_ui,中核五〇四医院__图片__中核五O四医院__湖北炎症__hbyz67-1.jpg,0,1,1,1,0,,中核五〇四医院__图片__中核五O四医院__湖北炎症__hbyz67-1_overlay.jpg,中核五〇四医院__图片__中核五O四医院__湖北炎症__hbyz67-1.png,中核五〇四医院__图片__中核五O四医院__湖北炎症__hbyz67-1.json
dataset/gastritis_external/processed_images/中核五〇四医院/crop_ui,中核五〇四医院__图片__湖北中西医结合医院__湖北中西医结合医院(1)__hbzxy8-4.jpg,0,1,1,1,0,,中核五〇四医院__图片__湖北中西医结合医院__湖北中西医结合医院(1)__hbzxy8-4_overlay.jpg,中核五〇四医院__图片__湖北中西医结合医院__湖北中西医结合医院(1)__hbzxy8-4.png,中核五〇四医院__图片__湖北中西医结合医院__湖北中西医结合医院(1)__hbzxy8-4.json
dataset/gastritis_external/processed_images/中核五〇四医院/crop_ui,中核五〇四医院__图片__中核五O四医院__湖北炎症__hbyz110-1.jpg,0,1,1,1,0,,中核五〇四医院__图片__中核五O四医院__湖北炎症__hbyz110-1_overlay.jpg,中核五〇四医院__图片__中核五O四医院__湖北炎症__hbyz110-1.png,中核五〇四医院__图片__中核五O四医院__湖北炎症__hbyz110-1.json
dataset/gastritis_external/processed_images/中核五〇四医院/crop_ui,中核五〇四医院__图片__中核五O四医院__湖北炎症__hbyz74-2.jpg,0,1,1,1,0,,中核五〇四医院__图片__中核五O四医院__湖北炎症__hbyz74-2_overlay.jpg,中核五〇四医院__图片__中核五O四医院__湖北炎症__hbyz74-2.png,中核五〇四医院__图片__中核五O四医院__湖北炎症__hbyz74-2.json
dataset/gastritis_external/processed_images/中核五〇四医院/crop_ui,中核五〇四医院__图片__中核五O四医院__湖北炎症__hbyz70.jpg,0,1,1,1,0,,中核五〇四医院__图片__中核五O四医院__湖北炎症__hbyz70_overlay.jpg,中核五〇四医院__图片__中核五O四医院__湖北炎症__hbyz70.png,中核五〇四医院__图片__中核五O四医院__湖北炎症__hbyz70.json
dataset/gastritis_external/processed_images/中核五〇四医院/crop_ui,中核五〇四医院__图片__中核五O四医院__湖北炎症__hbyz68-1.jpg,0,1,1,1,0,,中核五〇四医院__图片__中核五O四医院__湖北炎症__hbyz68-1_overlay.jpg,中核五〇四医院__图片__中核五O四医院__湖北炎症__hbyz68-1.png,中核五〇四医院__图片__中核五O四医院__湖北炎症__hbyz68-1.json
dataset/gastritis_external/processed_images/中核五〇四医院/crop_ui,中核五〇四医院__图片__中核五O四医院__湖北炎症__hbyz104-2.jpg,0,1,1,1,0,,中核五〇四医院__图片__中核五O四医院__湖北炎症__hbyz104-2_overlay.jpg,中核五〇四医院__图片__中核五O四医院__湖北炎症__hbyz104-2.png,中核五〇四医院__图片__中核五O四医院__湖北炎症__hbyz104-2.json
dataset/gastritis_external/processed_images/中核五〇四医院/crop_ui,中核五〇四医院__图片__中核五O四医院__湖北炎症__hbyz112.jpg,0,1,1,1,0,,中核五〇四医院__图片__中核五O四医院__湖北炎症__hbyz112_overlay.jpg,中核五〇四医院__图片__中核五O四医院__湖北炎症__hbyz112.png,中核五〇四医院__图片__中核五O四医院__湖北炎症__hbyz112.json
dataset/gastritis_external/processed_images/中核五〇四医院/crop_ui,中核五〇四医院__图片__中核五O四医院__湖北炎症__hbyz13-2.jpg,0,1,1,1,0,,中核五〇四医院__图片__中核五O四医院__湖北炎症__hbyz13-2_overlay.jpg,中核五〇四医院__图片__中核五O四医院__湖北炎症__hbyz13-2.png,中核五〇四医院__图片__中核五O四医院__湖北炎症__hbyz13-2.json
dataset/gastritis_external/processed_images/中核五〇四医院/crop_ui,中核五〇四医院__图片__中核五O四医院__湖北炎症__hbyz76.jpg,0,1,1,1,0,,中核五〇四医院__图片__中核五O四医院__湖北炎症__hbyz76_overlay.jpg,中核五〇四医院__图片__中核五O四医院__湖北炎症__hbyz76.png,中核五〇四医院__图片__中核五O四医院__湖北炎症__hbyz76.json
dataset/gastritis_external/processed_images/中核五〇四医院/crop_ui,中核五〇四医院__图片__中核五O四医院__湖北炎症__hbyz35-1.jpg,0,1,1,1,0,,中核五〇四医院__图片__中核五O四医院__湖北炎症__hbyz35-1_overlay.jpg,中核五〇四医院__图片__中核五O四医院__湖北炎症__hbyz35-1.png,中核五〇四医院__图片__中核五O四医院__湖北炎症__hbyz35-1.json
dataset/gastritis_external/processed_images/中核五〇四医院/crop_ui,中核五〇四医院__图片__中核五O四医院__湖北炎症__hbyz123-1.jpg,0,1,1,1,0,,中核五〇四医院__图片__中核五O四医院__湖北炎症__hbyz123-1_overlay.jpg,中核五〇四医院__图片__中核五O四医院__湖北炎症__hbyz123-1.png,中核五〇四医院__图片__中核五O四医院__湖北炎症__hbyz123-1.json
dataset/gastritis_external/processed_images/中核五〇四医院/crop_ui,中核五〇四医院__图片__中核五O四医院__湖北炎症__hbyz50.jpg,0,1,1,1,0,,中核五〇四医院__图片__中核五O四医院__湖北炎症__hbyz50_overlay.jpg,中核五〇四医院__图片__中核五O四医院__湖北炎症__hbyz50.png,中核五〇四医院__图片__中核五O四医院__湖北炎症__hbyz50.json
dataset/gastritis_external/processed_images/中核五〇四医院/crop_ui,中核五〇四医院__图片__中核五O四医院__湖北炎症__hbyz86-1.jpg,0,1,1,1,0,,中核五〇四医院__图片__中核五O四医院__湖北炎症__hbyz86-1_overlay.jpg,中核五〇四医院__图片__中核五O四医院__湖北炎症__hbyz86-1.png,中核五〇四医院__图片__中核五O四医院__湖北炎症__hbyz86-1.json
dataset/gastritis_external/processed_images/中核五〇四医院/crop_ui,中核五〇四医院__图片__中核五O四医院__湖北炎症__hbyz62-1.jpg,0,1,1,1,0,,中核五〇四医院__图片__中核五O四医院__湖北炎症__hbyz62-1_overlay.jpg,中核五〇四医院__图片__中核五O四医院__湖北炎症__hbyz62-1.png,中核五〇四医院__图片__中核五O四医院__湖北炎症__hbyz62-1.json
dataset/gastritis_external/processed_images/中核五〇四医院/crop_ui,中核五〇四医院__图片__中核五O四医院__湖北炎症__hbyz73-2.jpg,0,1,1,1,0,,中核五〇四医院__图片__中核五O四医院__湖北炎症__hbyz73-2_overlay.jpg,中核五〇四医院__图片__中核五O四医院__湖北炎症__hbyz73-2.png,中核五〇四医院__图片__中核五O四医院__湖北炎症__hbyz73-2.json
dataset/gastritis_external/processed_images/中核五〇四医院/crop_ui,中核五〇四医院__图片__中核五O四医院__湖北炎症__hbyz93-2.jpg,0,1,1,1,0,,中核五〇四医院__图片__中核五O四医院__湖北炎症__hbyz93-2_overlay.jpg,中核五〇四医院__图片__中核五O四医院__湖北炎症__hbyz93-2.png,中核五〇四医院__图片__中核五O四医院__湖北炎症__hbyz93-2.json
dataset/gastritis_external/processed_images/中核五〇四医院/crop_ui,中核五〇四医院__图片__中核五O四医院__湖北炎症__hbyz46-2.jpg,0,1,1,1,0,,中核五〇四医院__图片__中核五O四医院__湖北炎症__hbyz46-2_overlay.jpg,中核五〇四医院__图片__中核五O四医院__湖北炎症__hbyz46-2.png,中核五〇四医院__图片__中核五O四医院__湖北炎症__hbyz46-2.json
dataset/gastritis_external/processed_images/中核五〇四医院/crop_ui,中核五〇四医院__图片__中核五O四医院__湖北炎症__hbyz80-2.jpg,0,1,1,1,0,,中核五〇四医院__图片__中核五O四医院__湖北炎症__hbyz80-2_overlay.jpg,中核五〇四医院__图片__中核五O四医院__湖北炎症__hbyz80-2.png,中核五〇四医院__图片__中核五O四医院__湖北炎症__hbyz80-2.json
dataset/gastritis_external/processed_images/中核五〇四医院/crop_ui,中核五〇四医院__图片__中核五O四医院__湖北炎症__hbyz156.jpg,0,1,1,1,0,,中核五〇四医院__图片__中核五O四医院__湖北炎症__hbyz156_overlay.jpg,中核五〇四医院__图片__中核五O四医院__湖北炎症__hbyz156.png,中核五〇四医院__图片__中核五O四医院__湖北炎症__hbyz156.json
dataset/gastritis_external/processed_images/中核五〇四医院/crop_ui,中核五〇四医院__图片__中核五O四医院__湖北炎症__hbyz87-1.jpg,0,1,1,1,0,,中核五〇四医院__图片__中核五O四医院__湖北炎症__hbyz87-1_overlay.jpg,中核五〇四医院__图片__中核五O四医院__湖北炎症__hbyz87-1.png,中核五〇四医院__图片__中核五O四医院__湖北炎症__hbyz87-1.json
dataset/gastritis_external/processed_images/中核五〇四医院/crop_ui,中核五〇四医院__图片__中核五O四医院__湖北炎症__hbyz47.jpg,0,1,1,1,0,,中核五〇四医院__图片__中核五O四医院__湖北炎症__hbyz47_overlay.jpg,中核五〇四医院__图片__中核五O四医院__湖北炎症__hbyz47.png,中核五〇四医院__图片__中核五O四医院__湖北炎症__hbyz47.json
dataset/gastritis_external/processed_images/中核五〇四医院/crop_ui,中核五〇四医院__图片__湖北中西医结合医院__湖北中西医结合医院(1)__hbzxy8-2.jpg,0,1,1,1,0,,中核五〇四医院__图片__湖北中西医结合医院__湖北中西医结合医院(1)__hbzxy8-2_overlay.jpg,中核五〇四医院__图片__湖北中西医结合医院__湖北中西医结合医院(1)__hbzxy8-2.png,中核五〇四医院__图片__湖北中西医结合医院__湖北中西医结合医院(1)__hbzxy8-2.json
dataset/gastritis_external/processed_images/中核五〇四医院/crop_ui,中核五〇四医院__图片__中核五O四医院__湖北炎症__hbyz136-2.jpg,0,1,1,1,0,,中核五〇四医院__图片__中核五O四医院__湖北炎症__hbyz136-2_overlay.jpg,中核五〇四医院__图片__中核五O四医院__湖北炎症__hbyz136-2.png,中核五〇四医院__图片__中核五O四医院__湖北炎症__hbyz136-2.json
dataset/gastritis_external/processed_images/中核五〇四医院/crop_ui,中核五〇四医院__图片__中核五O四医院__湖北炎症__hbyz14-1.jpg,0,1,1,1,0,,中核五〇四医院__图片__中核五O四医院__湖北炎症__hbyz14-1_overlay.jpg,中核五〇四医院__图片__中核五O四医院__湖北炎症__hbyz14-1.png,中核五〇四医院__图片__中核五O四医院__湖北炎症__hbyz14-1.json
dataset/gastritis_external/processed_images/中核五〇四医院/crop_ui,中核五〇四医院__图片__中核五O四医院__湖北炎症__hbyz124-1.jpg,0,1,1,1,0,,中核五〇四医院__图片__中核五O四医院__湖北炎症__hbyz124-1_overlay.jpg,中核五〇四医院__图片__中核五O四医院__湖北炎症__hbyz124-1.png,中核五〇四医院__图片__中核五O四医院__湖北炎症__hbyz124-1.json
dataset/gastritis_external/processed_images/中核五〇四医院/crop_ui,中核五〇四医院__图片__中核五O四医院__湖北炎症__hbyz120.jpg,0,1,1,1,0,,中核五〇四医院__图片__中核五O四医院__湖北炎症__hbyz120_overlay.jpg,中核五〇四医院__图片__中核五O四医院__湖北炎症__hbyz120.png,中核五〇四医院__图片__中核五O四医院__湖北炎症__hbyz120.json
dataset/gastritis_external/processed_images/中核五〇四医院/crop_ui,中核五〇四医院__图片__中核五O四医院__湖北炎症__hbyz2-1.jpg,0,1,1,1,0,,中核五〇四医院__图片__中核五O四医院__湖北炎症__hbyz2-1_overlay.jpg,中核五〇四医院__图片__中核五O四医院__湖北炎症__hbyz2-1.png,中核五〇四医院__图片__中核五O四医院__湖北炎症__hbyz2-1.json
dataset/gastritis_external/processed_images/中核五〇四医院/crop_ui,中核五〇四医院__图片__中核五O四医院__湖北炎症__hbyz146.jpg,0,1,1,1,0,,中核五〇四医院__图片__中核五O四医院__湖北炎症__hbyz146_overlay.jpg,中核五〇四医院__图片__中核五O四医院__湖北炎症__hbyz146.png,中核五〇四医院__图片__中核五O四医院__湖北炎症__hbyz146.json
dataset/gastritis_external/processed_images/中核五〇四医院/crop_ui,中核五〇四医院__图片__中核五O四医院__湖北炎症__hbyz15-2.jpg,0,1,1,1,0,,中核五〇四医院__图片__中核五O四医院__湖北炎症__hbyz15-2_overlay.jpg,中核五〇四医院__图片__中核五O四医院__湖北炎症__hbyz15-2.png,中核五〇四医院__图片__中核五O四医院__湖北炎症__hbyz15-2.json
dataset/gastritis_external/processed_images/中核五〇四医院/crop_ui,中核五〇四医院__图片__中核五O四医院__湖北炎症__hbyz147-2.jpg,0,1,1,1,0,,中核五〇四医院__图片__中核五O四医院__湖北炎症__hbyz147-2_overlay.jpg,中核五〇四医院__图片__中核五O四医院__湖北炎症__hbyz147-2.png,中核五〇四医院__图片__中核五O四医院__湖北炎症__hbyz147-2.json
dataset/gastritis_external/processed_images/中核五〇四医院/crop_ui,中核五〇四医院__图片__中核五O四医院__湖北炎症__hbyz84.jpg,0,1,1,1,0,,中核五〇四医院__图片__中核五O四医院__湖北炎症__hbyz84_overlay.jpg,中核五〇四医院__图片__中核五O四医院__湖北炎症__hbyz84.png,中核五〇四医院__图片__中核五O四医院__湖北炎症__hbyz84.json
dataset/gastritis_external/processed_images/中核五〇四医院/crop_ui,中核五〇四医院__图片__中核五O四医院__湖北炎症__hbyz160-2.jpg,0,1,1,1,0,,中核五〇四医院__图片__中核五O四医院__湖北炎症__hbyz160-2_overlay.jpg,中核五〇四医院__图片__中核五O四医院__湖北炎症__hbyz160-2.png,中核五〇四医院__图片__中核五O四医院__湖北炎症__hbyz160-2.json
dataset/gastritis_external/processed_images/中核五〇四医院/crop_ui,中核五〇四医院__图片__湖北中西医结合医院__湖北中西医结合医院(1)__hbzxy6-1.jpg,0,1,1,1,0,,中核五〇四医院__图片__湖北中西医结合医院__湖北中西医结合医院(1)__hbzxy6-1_overlay.jpg,中核五〇四医院__图片__湖北中西医结合医院__湖北中西医结合医院(1)__hbzxy6-1.png,中核五〇四医院__图片__湖北中西医结合医院__湖北中西医结合医院(1)__hbzxy6-1.json
dataset/gastritis_external/processed_images/中核五〇四医院/crop_ui,中核五〇四医院__图片__中核五O四医院__湖北炎症__hbyz26-1.jpg,0,1,1,1,0,,中核五〇四医院__图片__中核五O四医院__湖北炎症__hbyz26-1_overlay.jpg,中核五〇四医院__图片__中核五O四医院__湖北炎症__hbyz26-1.png,中核五〇四医院__图片__中核五O四医院__湖北炎症__hbyz26-1.json
dataset/gastritis_external/processed_images/中核五〇四医院/crop_ui,中核五〇四医院__图片__中核五O四医院__湖北炎症__hbyz22.jpg,0,1,1,1,0,,中核五〇四医院__图片__中核五O四医院__湖北炎症__hbyz22_overlay.jpg,中核五〇四医院__图片__中核五O四医院__湖北炎症__hbyz22.png,中核五〇四医院__图片__中核五O四医院__湖北炎症__hbyz22.json
dataset/gastritis_external/processed_images/中核五〇四医院/crop_ui,中核五〇四医院__图片__中核五O四医院__湖北炎症__hbyz6.jpg,0,1,1,1,0,,中核五〇四医院__图片__中核五O四医院__湖北炎症__hbyz6_overlay.jpg,中核五〇四医院__图片__中核五O四医院__湖北炎症__hbyz6.png,中核五〇四医院__图片__中核五O四医院__湖北炎症__hbyz6.json
dataset/gastritis_external/processed_images/中核五〇四医院/crop_ui,中核五〇四医院__图片__中核五O四医院__湖北炎症__hbyz23.jpg,0,1,1,1,0,,中核五〇四医院__图片__中核五O四医院__湖北炎症__hbyz23_overlay.jpg,中核五〇四医院__图片__中核五O四医院__湖北炎症__hbyz23.png,中核五〇四医院__图片__中核五O四医院__湖北炎症__hbyz23.json
dataset/gastritis_external/processed_images/中核五〇四医院/crop_ui,中核五〇四医院__图片__中核五O四医院__湖北炎症__hbyz64-2.jpg,0,1,1,1,0,,中核五〇四医院__图片__中核五O四医院__湖北炎症__hbyz64-2_overlay.jpg,中核五〇四医院__图片__中核五O四医院__湖北炎症__hbyz64-2.png,中核五〇四医院__图片__中核五O四医院__湖北炎症__hbyz64-2.json
dataset/gastritis_external/processed_images/中核五〇四医院/crop_ui,中核五〇四医院__图片__中核五O四医院__湖北炎症__hbyz39-2.jpg,0,1,1,1,0,,中核五〇四医院__图片__中核五O四医院__湖北炎症__hbyz39-2_overlay.jpg,中核五〇四医院__图片__中核五O四医院__湖北炎症__hbyz39-2.png,中核五〇四医院__图片__中核五O四医院__湖北炎症__hbyz39-2.json
dataset/gastritis_external/processed_images/中核五〇四医院/crop_ui,中核五〇四医院__图片__中核五O四医院__湖北炎症__hbyz129-1.jpg,0,1,1,1,0,,中核五〇四医院__图片__中核五O四医院__湖北炎症__hbyz129-1_overlay.jpg,中核五〇四医院__图片__中核五O四医院__湖北炎症__hbyz129-1.png,中核五〇四医院__图片__中核五O四医院__湖北炎症__hbyz129-1.json
dataset/gastritis_external/processed_images/中核五〇四医院/crop_ui,中核五〇四医院__图片__湖北中西医结合医院__湖北中西医结合医院(1)__hbzxy7-6.jpg,0,1,1,1,0,,中核五〇四医院__图片__湖北中西医结合医院__湖北中西医结合医院(1)__hbzxy7-6_overlay.jpg,中核五〇四医院__图片__湖北中西医结合医院__湖北中西医结合医院(1)__hbzxy7-6.png,中核五〇四医院__图片__湖北中西医结合医院__湖北中西医结合医院(1)__hbzxy7-6.json
dataset/gastritis_external/processed_images/中核五〇四医院/crop_ui,中核五〇四医院__图片__湖北中西医结合医院__湖北中西医结合医院(1)__hbzxy9-1.jpg,0,1,1,1,0,,中核五〇四医院__图片__湖北中西医结合医院__湖北中西医结合医院(1)__hbzxy9-1_overlay.jpg,中核五〇四医院__图片__湖北中西医结合医院__湖北中西医结合医院(1)__hbzxy9-1.png,中核五〇四医院__图片__湖北中西医结合医院__湖北中西医结合医院(1)__hbzxy9-1.json
dataset/gastritis_external/processed_images/中核五〇四医院/crop_ui,中核五〇四医院__图片__中核五O四医院__湖北炎症__hbyz67-2.jpg,0,1,1,1,0,,中核五〇四医院__图片__中核五O四医院__湖北炎症__hbyz67-2_overlay.jpg,中核五〇四医院__图片__中核五O四医院__湖北炎症__hbyz67-2.png,中核五〇四医院__图片__中核五O四医院__湖北炎症__hbyz67-2.json
dataset/gastritis_external/processed_images/中核五〇四医院/crop_ui,中核五〇四医院__图片__中核五O四医院__湖北炎症__hbyz8-2.jpg,0,1,1,1,0,,中核五〇四医院__图片__中核五O四医院__湖北炎症__hbyz8-2_overlay.jpg,中核五〇四医院__图片__中核五O四医院__湖北炎症__hbyz8-2.png,中核五〇四医院__图片__中核五O四医院__湖北炎症__hbyz8-2.json
dataset/gastritis_external/processed_images/中核五〇四医院/crop_ui,中核五〇四医院__图片__中核五O四医院__湖北炎症__hbyz127.jpg,0,1,1,1,0,,中核五〇四医院__图片__中核五O四医院__湖北炎症__hbyz127_overlay.jpg,中核五〇四医院__图片__中核五O四医院__湖北炎症__hbyz127.png,中核五〇四医院__图片__中核五O四医院__湖北炎症__hbyz127.json
dataset/gastritis_external/processed_images/中核五〇四医院/crop_ui,中核五〇四医院__图片__中核五O四医院__湖北炎症__hbyz130-2.jpg,0,1,1,1,0,,中核五〇四医院__图片__中核五O四医院__湖北炎症__hbyz130-2_overlay.jpg,中核五〇四医院__图片__中核五O四医院__湖北炎症__hbyz130-2.png,中核五〇四医院__图片__中核五O四医院__湖北炎症__hbyz130-2.json
dataset/gastritis_external/processed_images/中核五〇四医院/crop_ui,中核五〇四医院__图片__中核五O四医院__湖北炎症__hbyz94-2.jpg,0,1,1,1,0,,中核五〇四医院__图片__中核五O四医院__湖北炎症__hbyz94-2_overlay.jpg,中核五〇四医院__图片__中核五O四医院__湖北炎症__hbyz94-2.png,中核五〇四医院__图片__中核五O四医院__湖北炎症__hbyz94-2.json
dataset/gastritis_external/processed_images/中核五〇四医院/crop_ui,中核五〇四医院__图片__中核五O四医院__湖北炎症__hbyz20.jpg,0,1,1,1,0,,中核五〇四医院__图片__中核五O四医院__湖北炎症__hbyz20_overlay.jpg,中核五〇四医院__图片__中核五O四医院__湖北炎症__hbyz20.png,中核五〇四医院__图片__中核五O四医院__湖北炎症__hbyz20.json
dataset/gastritis_external/processed_images/中核五〇四医院/crop_ui,中核五〇四医院__图片__中核五O四医院__湖北炎症__hbyz151-2.jpg,0,1,1,1,0,,中核五〇四医院__图片__中核五O四医院__湖北炎症__hbyz151-2_overlay.jpg,中核五〇四医院__图片__中核五O四医院__湖北炎症__hbyz151-2.png,中核五〇四医院__图片__中核五O四医院__湖北炎症__hbyz151-2.json
dataset/gastritis_external/processed_images/中核五〇四医院/crop_ui,中核五〇四医院__图片__中核五O四医院__湖北炎症__hbyz125-1.jpg,0,1,1,1,0,,中核五〇四医院__图片__中核五O四医院__湖北炎症__hbyz125-1_overlay.jpg,中核五〇四医院__图片__中核五O四医院__湖北炎症__hbyz125-1.png,中核五〇四医院__图片__中核五O四医院__湖北炎症__hbyz125-1.json
dataset/gastritis_external/processed_images/中核五〇四医院/crop_ui,中核五〇四医院__图片__中核五O四医院__湖北炎症__hbyz40-1.jpg,0,1,1,1,0,,中核五〇四医院__图片__中核五O四医院__湖北炎症__hbyz40-1_overlay.jpg,中核五〇四医院__图片__中核五O四医院__湖北炎症__hbyz40-1.png,中核五〇四医院__图片__中核五O四医院__湖北炎症__hbyz40-1.json
dataset/gastritis_external/processed_images/中核五〇四医院/crop_ui,中核五〇四医院__图片__中核五O四医院__湖北炎症__hbyz16-2.jpg,0,1,1,1,0,,中核五〇四医院__图片__中核五O四医院__湖北炎症__hbyz16-2_overlay.jpg,中核五〇四医院__图片__中核五O四医院__湖北炎症__hbyz16-2.png,中核五〇四医院__图片__中核五O四医院__湖北炎症__hbyz16-2.json
dataset/gastritis_external/processed_images/中核五〇四医院/crop_ui,中核五〇四医院__图片__中核五O四医院__湖北炎症__hbyz98-2.jpg,0,1,1,1,0,,中核五〇四医院__图片__中核五O四医院__湖北炎症__hbyz98-2_overlay.jpg,中核五〇四医院__图片__中核五O四医院__湖北炎症__hbyz98-2.png,中核五〇四医院__图片__中核五O四医院__湖北炎症__hbyz98-2.json
dataset/gastritis_external/processed_images/中核五〇四医院/crop_ui,中核五〇四医院__图片__中核五O四医院__湖北炎症__hbyz54-1.jpg,0,1,1,1,0,,中核五〇四医院__图片__中核五O四医院__湖北炎症__hbyz54-1_overlay.jpg,中核五〇四医院__图片__中核五O四医院__湖北炎症__hbyz54-1.png,中核五〇四医院__图片__中核五O四医院__湖北炎症__hbyz54-1.json
dataset/gastritis_external/processed_images/中核五〇四医院/crop_ui,中核五〇四医院__图片__中核五O四医院__湖北炎症__hbyz102-2.jpg,0,1,1,1,0,,中核五〇四医院__图片__中核五O四医院__湖北炎症__hbyz102-2_overlay.jpg,中核五〇四医院__图片__中核五O四医院__湖北炎症__hbyz102-2.png,中核五〇四医院__图片__中核五O四医院__湖北炎症__hbyz102-2.json
dataset/gastritis_external/processed_images/中核五〇四医院/crop_ui,中核五〇四医院__图片__中核五O四医院__湖北炎症__hbyz101-1.jpg,0,1,1,1,0,,中核五〇四医院__图片__中核五O四医院__湖北炎症__hbyz101-1_overlay.jpg,中核五〇四医院__图片__中核五O四医院__湖北炎症__hbyz101-1.png,中核五〇四医院__图片__中核五O四医院__湖北炎症__hbyz101-1.json
dataset/gastritis_external/processed_images/中核五〇四医院/crop_ui,中核五〇四医院__图片__湖北中西医结合医院__湖北中西医结合医院(1)__hbzxy8-3.jpg,0,1,1,1,0,,中核五〇四医院__图片__湖北中西医结合医院__湖北中西医结合医院(1)__hbzxy8-3_overlay.jpg,中核五〇四医院__图片__湖北中西医结合医院__湖北中西医结合医院(1)__hbzxy8-3.png,中核五〇四医院__图片__湖北中西医结合医院__湖北中西医结合医院(1)__hbzxy8-3.json
dataset/gastritis_external/processed_images/中核五〇四医院/crop_ui,中核五〇四医院__图片__中核五O四医院__湖北炎症__hbyz165-2.jpg,0,1,1,1,0,,中核五〇四医院__图片__中核五O四医院__湖北炎症__hbyz165-2_overlay.jpg,中核五〇四医院__图片__中核五O四医院__湖北炎症__hbyz165-2.png,中核五〇四医院__图片__中核五O四医院__湖北炎症__hbyz165-2.json
dataset/gastritis_external/processed_images/中核五〇四医院/crop_ui,中核五〇四医院__图片__中核五O四医院__湖北炎症__hbyz5-1.jpg,0,1,1,1,0,,中核五〇四医院__图片__中核五O四医院__湖北炎症__hbyz5-1_overlay.jpg,中核五〇四医院__图片__中核五O四医院__湖北炎症__hbyz5-1.png,中核五〇四医院__图片__中核五O四医院__湖北炎症__hbyz5-1.json
dataset/gastritis_external/processed_images/中核五〇四医院/crop_ui,中核五〇四医院__图片__中核五O四医院__湖北炎症__hbyz43.jpg,0,1,1,1,0,,中核五〇四医院__图片__中核五O四医院__湖北炎症__hbyz43_overlay.jpg,中核五〇四医院__图片__中核五O四医院__湖北炎症__hbyz43.png,中核五〇四医院__图片__中核五O四医院__湖北炎症__hbyz43.json
dataset/gastritis_external/processed_images/中核五〇四医院/crop_ui,中核五〇四医院__图片__中核五O四医院__湖北炎症__hbyz92-2.jpg,0,1,1,1,0,,中核五〇四医院__图片__中核五O四医院__湖北炎症__hbyz92-2_overlay.jpg,中核五〇四医院__图片__中核五O四医院__湖北炎症__hbyz92-2.png,中核五〇四医院__图片__中核五O四医院__湖北炎症__hbyz92-2.json
dataset/gastritis_external/processed_images/中核五〇四医院/crop_ui,中核五〇四医院__图片__中核五O四医院__湖北炎症__hbyz110-2.jpg,0,1,1,1,0,,中核五〇四医院__图片__中核五O四医院__湖北炎症__hbyz110-2_overlay.jpg,中核五〇四医院__图片__中核五O四医院__湖北炎症__hbyz110-2.png,中核五〇四医院__图片__中核五O四医院__湖北炎症__hbyz110-2.json
dataset/gastritis_external/processed_images/中核五〇四医院/crop_ui,中核五〇四医院__图片__中核五O四医院__湖北炎症__hbyz103-1.jpg,0,1,1,1,0,,中核五〇四医院__图片__中核五O四医院__湖北炎症__hbyz103-1_overlay.jpg,中核五〇四医院__图片__中核五O四医院__湖北炎症__hbyz103-1.png,中核五〇四医院__图片__中核五O四医院__湖北炎症__hbyz103-1.json
dataset/gastritis_external/processed_images/中核五〇四医院/crop_ui,中核五〇四医院__图片__中核五O四医院__湖北炎症__hbyz140.jpg,0,1,1,1,0,,中核五〇四医院__图片__中核五O四医院__湖北炎症__hbyz140_overlay.jpg,中核五〇四医院__图片__中核五O四医院__湖北炎症__hbyz140.png,中核五〇四医院__图片__中核五O四医院__湖北炎症__hbyz140.json
dataset/gastritis_external/processed_images/中核五〇四医院/crop_ui,中核五〇四医院__图片__中核五O四医院__湖北炎症__hbyz152.jpg,0,1,1,1,0,,中核五〇四医院__图片__中核五O四医院__湖北炎症__hbyz152_overlay.jpg,中核五〇四医院__图片__中核五O四医院__湖北炎症__hbyz152.png,中核五〇四医院__图片__中核五O四医院__湖北炎症__hbyz152.json
dataset/gastritis_external/processed_images/中核五〇四医院/crop_ui,中核五〇四医院__图片__中核五O四医院__湖北炎症__hbyz138.jpg,0,1,1,1,0,,中核五〇四医院__图片__中核五O四医院__湖北炎症__hbyz138_overlay.jpg,中核五〇四医院__图片__中核五O四医院__湖北炎症__hbyz138.png,中核五〇四医院__图片__中核五O四医院__湖北炎症__hbyz138.json
dataset/gastritis_external/processed_images/中核五〇四医院/crop_ui,中核五〇四医院__图片__中核五O四医院__湖北炎症__hbyz19-1.jpg,0,1,1,1,0,,中核五〇四医院__图片__中核五O四医院__湖北炎症__hbyz19-1_overlay.jpg,中核五〇四医院__图片__中核五O四医院__湖北炎症__hbyz19-1.png,中核五〇四医院__图片__中核五O四医院__湖北炎症__hbyz19-1.json
dataset/gastritis_external/processed_images/中核五〇四医院/crop_ui,中核五〇四医院__图片__中核五O四医院__湖北炎症__hbyz71.jpg,0,1,1,1,0,,中核五〇四医院__图片__中核五O四医院__湖北炎症__hbyz71_overlay.jpg,中核五〇四医院__图片__中核五O四医院__湖北炎症__hbyz71.png,中核五〇四医院__图片__中核五O四医院__湖北炎症__hbyz71.json
dataset/gastritis_external/processed_images/中核五〇四医院/crop_ui,中核五〇四医院__图片__中核五O四医院__湖北炎症__hbyz136-1.jpg,0,1,1,1,0,,中核五〇四医院__图片__中核五O四医院__湖北炎症__hbyz136-1_overlay.jpg,中核五〇四医院__图片__中核五O四医院__湖北炎症__hbyz136-1.png,中核五〇四医院__图片__中核五O四医院__湖北炎症__hbyz136-1.json
dataset/gastritis_external/processed_images/中核五〇四医院/crop_ui,中核五〇四医院__图片__湖北中西医结合医院__湖北中西医结合医院(1)__hbzxy1-1.jpg,0,1,1,1,0,,中核五〇四医院__图片__湖北中西医结合医院__湖北中西医结合医院(1)__hbzxy1-1_overlay.jpg,中核五〇四医院__图片__湖北中西医结合医院__湖北中西医结合医院(1)__hbzxy1-1.png,中核五〇四医院__图片__湖北中西医结合医院__湖北中西医结合医院(1)__hbzxy1-1.json
dataset/gastritis_external/processed_images/中核五〇四医院/crop_ui,中核五〇四医院__图片__中核五O四医院__湖北炎症__hbyz93-1.jpg,0,1,1,1,0,,中核五〇四医院__图片__中核五O四医院__湖北炎症__hbyz93-1_overlay.jpg,中核五〇四医院__图片__中核五O四医院__湖北炎症__hbyz93-1.png,中核五〇四医院__图片__中核五O四医院__湖北炎症__hbyz93-1.json
dataset/gastritis_external/processed_images/中核五〇四医院/crop_ui,中核五〇四医院__图片__中核五O四医院__湖北炎症__hbyz161-2.jpg,0,1,1,1,0,,中核五〇四医院__图片__中核五O四医院__湖北炎症__hbyz161-2_overlay.jpg,中核五〇四医院__图片__中核五O四医院__湖北炎症__hbyz161-2.png,中核五〇四医院__图片__中核五O四医院__湖北炎症__hbyz161-2.json
dataset/gastritis_external/processed_images/中核五〇四医院/crop_ui,中核五〇四医院__图片__中核五O四医院__湖北炎症__hbyz65-1.jpg,0,1,1,1,0,,中核五〇四医院__图片__中核五O四医院__湖北炎症__hbyz65-1_overlay.jpg,中核五〇四医院__图片__中核五O四医院__湖北炎症__hbyz65-1.png,中核五〇四医院__图片__中核五O四医院__湖北炎症__hbyz65-1.json
dataset/gastritis_external/processed_images/中核五〇四医院/crop_ui,中核五〇四医院__图片__中核五O四医院__湖北炎症__hbyz85.jpg,0,1,1,1,0,,中核五〇四医院__图片__中核五O四医院__湖北炎症__hbyz85_overlay.jpg,中核五〇四医院__图片__中核五O四医院__湖北炎症__hbyz85.png,中核五〇四医院__图片__中核五O四医院__湖北炎症__hbyz85.json
dataset/gastritis_external/processed_images/中核五〇四医院/crop_ui,中核五〇四医院__图片__中核五O四医院__湖北炎症__hbyz119-2.jpg,0,1,1,1,0,,中核五〇四医院__图片__中核五O四医院__湖北炎症__hbyz119-2_overlay.jpg,中核五〇四医院__图片__中核五O四医院__湖北炎症__hbyz119-2.png,中核五〇四医院__图片__中核五O四医院__湖北炎症__hbyz119-2.json
dataset/gastritis_external/processed_images/中核五〇四医院/crop_ui,中核五〇四医院__图片__中核五O四医院__湖北炎症__hbyz49-1.jpg,0,1,1,1,0,,中核五〇四医院__图片__中核五O四医院__湖北炎症__hbyz49-1_overlay.jpg,中核五〇四医院__图片__中核五O四医院__湖北炎症__hbyz49-1.png,中核五〇四医院__图片__中核五O四医院__湖北炎症__hbyz49-1.json
dataset/gastritis_external/processed_images/中核五〇四医院/crop_ui,中核五〇四医院__图片__中核五O四医院__湖北炎症__hbyz131-2.jpg,0,1,1,1,0,,中核五〇四医院__图片__中核五O四医院__湖北炎症__hbyz131-2_overlay.jpg,中核五〇四医院__图片__中核五O四医院__湖北炎症__hbyz131-2.png,中核五〇四医院__图片__中核五O四医院__湖北炎症__hbyz131-2.json
dataset/gastritis_external/processed_images/中核五〇四医院/crop_ui,中核五〇四医院__图片__中核五O四医院__湖北炎症__hbyz98-1.jpg,0,1,1,1,0,,中核五〇四医院__图片__中核五O四医院__湖北炎症__hbyz98-1_overlay.jpg,中核五〇四医院__图片__中核五O四医院__湖北炎症__hbyz98-1.png,中核五〇四医院__图片__中核五O四医院__湖北炎症__hbyz98-1.json
dataset/gastritis_external/processed_images/中核五〇四医院/crop_ui,中核五〇四医院__图片__中核五O四医院__湖北炎症__hbyz27-1.jpg,0,1,1,1,0,,中核五〇四医院__图片__中核五O四医院__湖北炎症__hbyz27-1_overlay.jpg,中核五〇四医院__图片__中核五O四医院__湖北炎症__hbyz27-1.png,中核五〇四医院__图片__中核五O四医院__湖北炎症__hbyz27-1.json
dataset/gastritis_external/processed_images/中核五〇四医院/crop_ui,中核五〇四医院__图片__中核五O四医院__湖北炎症__hbyz105-2.jpg,0,1,1,1,0,,中核五〇四医院__图片__中核五O四医院__湖北炎症__hbyz105-2_overlay.jpg,中核五〇四医院__图片__中核五O四医院__湖北炎症__hbyz105-2.png,中核五〇四医院__图片__中核五O四医院__湖北炎症__hbyz105-2.json
dataset/gastritis_external/processed_images/中核五〇四医院/crop_ui,中核五〇四医院__图片__中核五O四医院__湖北炎症__hbyz35-2.jpg,0,1,1,1,0,,中核五〇四医院__图片__中核五O四医院__湖北炎症__hbyz35-2_overlay.jpg,中核五〇四医院__图片__中核五O四医院__湖北炎症__hbyz35-2.png,中核五〇四医院__图片__中核五O四医院__湖北炎症__hbyz35-2.json
dataset/gastritis_external/processed_images/中核五〇四医院/crop_ui,中核五〇四医院__图片__中核五O四医院__湖北炎症__hbyz72-2.jpg,0,1,1,1,0,,中核五〇四医院__图片__中核五O四医院__湖北炎症__hbyz72-2_overlay.jpg,中核五〇四医院__图片__中核五O四医院__湖北炎症__hbyz72-2.png,中核五〇四医院__图片__中核五O四医院__湖北炎症__hbyz72-2.json
dataset/gastritis_external/processed_images/中核五〇四医院/crop_ui,中核五〇四医院__图片__中核五O四医院__湖北炎症__hbyz163-1.jpg,0,1,1,1,0,,中核五〇四医院__图片__中核五O四医院__湖北炎症__hbyz163-1_overlay.jpg,中核五〇四医院__图片__中核五O四医院__湖北炎症__hbyz163-1.png,中核五〇四医院__图片__中核五O四医院__湖北炎症__hbyz163-1.json
dataset/gastritis_external/processed_images/中核五〇四医院/crop_ui,中核五〇四医院__图片__中核五O四医院__湖北炎症__hbyz109-1.jpg,0,1,1,1,0,,中核五〇四医院__图片__中核五O四医院__湖北炎症__hbyz109-1_overlay.jpg,中核五〇四医院__图片__中核五O四医院__湖北炎症__hbyz109-1.png,中核五〇四医院__图片__中核五O四医院__湖北炎症__hbyz109-1.json
dataset/gastritis_external/processed_images/中核五〇四医院/crop_ui,中核五〇四医院__图片__湖北中西医结合医院__湖北中西医结合医院(1)__hbzxy8-5.jpg,0,1,1,1,0,,中核五〇四医院__图片__湖北中西医结合医院__湖北中西医结合医院(1)__hbzxy8-5_overlay.jpg,中核五〇四医院__图片__湖北中西医结合医院__湖北中西医结合医院(1)__hbzxy8-5.png,中核五〇四医院__图片__湖北中西医结合医院__湖北中西医结合医院(1)__hbzxy8-5.json
dataset/gastritis_external/processed_images/中核五〇四医院/crop_ui,中核五〇四医院__图片__中核五O四医院__湖北炎症__hbyz66-1.jpg,0,1,1,1,0,,中核五〇四医院__图片__中核五O四医院__湖北炎症__hbyz66-1_overlay.jpg,中核五〇四医院__图片__中核五O四医院__湖北炎症__hbyz66-1.png,中核五〇四医院__图片__中核五O四医院__湖北炎症__hbyz66-1.json
dataset/gastritis_external/processed_images/中核五〇四医院/crop_ui,中核五〇四医院__图片__中核五O四医院__湖北炎症__hbyz118.jpg,0,1,1,1,0,,中核五〇四医院__图片__中核五O四医院__湖北炎症__hbyz118_overlay.jpg,中核五〇四医院__图片__中核五O四医院__湖北炎症__hbyz118.png,中核五〇四医院__图片__中核五O四医院__湖北炎症__hbyz118.json
dataset/gastritis_external/processed_images/中核五〇四医院/crop_ui,中核五〇四医院__图片__中核五O四医院__湖北炎症__hbyz134-1.jpg,0,1,1,1,0,,中核五〇四医院__图片__中核五O四医院__湖北炎症__hbyz134-1_overlay.jpg,中核五〇四医院__图片__中核五O四医院__湖北炎症__hbyz134-1.png,中核五〇四医院__图片__中核五O四医院__湖北炎症__hbyz134-1.json
dataset/gastritis_external/processed_images/中核五〇四医院/crop_ui,中核五〇四医院__图片__中核五O四医院__湖北炎症__hbyz126-2.jpg,0,1,1,1,0,,中核五〇四医院__图片__中核五O四医院__湖北炎症__hbyz126-2_overlay.jpg,中核五〇四医院__图片__中核五O四医院__湖北炎症__hbyz126-2.png,中核五〇四医院__图片__中核五O四医院__湖北炎症__hbyz126-2.json
dataset/gastritis_external/processed_images/中核五〇四医院/crop_ui,中核五〇四医院__图片__中核五O四医院__湖北炎症__hbyz135-1.jpg,0,1,1,1,0,,中核五〇四医院__图片__中核五O四医院__湖北炎症__hbyz135-1_overlay.jpg,中核五〇四医院__图片__中核五O四医院__湖北炎症__hbyz135-1.png,中核五〇四医院__图片__中核五O四医院__湖北炎症__hbyz135-1.json
dataset/gastritis_external/processed_images/中核五〇四医院/crop_ui,中核五〇四医院__图片__中核五O四医院__湖北炎症__hbyz115.jpg,0,1,1,1,0,,中核五〇四医院__图片__中核五O四医院__湖北炎症__hbyz115_overlay.jpg,中核五〇四医院__图片__中核五O四医院__湖北炎症__hbyz115.png,中核五〇四医院__图片__中核五O四医院__湖北炎症__hbyz115.json
dataset/gastritis_external/processed_images/中核五〇四医院/crop_ui,中核五〇四医院__图片__中核五O四医院__湖北炎症__hbyz46-1.jpg,0,1,1,1,0,,中核五〇四医院__图片__中核五O四医院__湖北炎症__hbyz46-1_overlay.jpg,中核五〇四医院__图片__中核五O四医院__湖北炎症__hbyz46-1.png,中核五〇四医院__图片__中核五O四医院__湖北炎症__hbyz46-1.json
dataset/gastritis_external/processed_images/中核五〇四医院/crop_ui,中核五〇四医院__图片__中核五O四医院__湖北炎症__hbyz21.jpg,0,1,1,1,0,,中核五〇四医院__图片__中核五O四医院__湖北炎症__hbyz21_overlay.jpg,中核五〇四医院__图片__中核五O四医院__湖北炎症__hbyz21.png,中核五〇四医院__图片__中核五O四医院__湖北炎症__hbyz21.json
dataset/gastritis_external/processed_images/中核五〇四医院/crop_ui,中核五〇四医院__图片__湖北中西医结合医院__湖北中西医结合医院(1)__hbzxy8-1.jpg,0,1,1,1,0,,中核五〇四医院__图片__湖北中西医结合医院__湖北中西医结合医院(1)__hbzxy8-1_overlay.jpg,中核五〇四医院__图片__湖北中西医结合医院__湖北中西医结合医院(1)__hbzxy8-1.png,中核五〇四医院__图片__湖北中西医结合医院__湖北中西医结合医院(1)__hbzxy8-1.json
dataset/gastritis_external/processed_images/中核五〇四医院/crop_ui,中核五〇四医院__图片__中核五O四医院__湖北炎症__hbyz54-2.jpg,0,1,1,1,0,,中核五〇四医院__图片__中核五O四医院__湖北炎症__hbyz54-2_overlay.jpg,中核五〇四医院__图片__中核五O四医院__湖北炎症__hbyz54-2.png,中核五〇四医院__图片__中核五O四医院__湖北炎症__hbyz54-2.json
dataset/gastritis_external/processed_images/中核五〇四医院/crop_ui,中核五〇四医院__图片__中核五O四医院__湖北炎症__hbyz4.jpg,0,1,1,1,0,,中核五〇四医院__图片__中核五O四医院__湖北炎症__hbyz4_overlay.jpg,中核五〇四医院__图片__中核五O四医院__湖北炎症__hbyz4.png,中核五〇四医院__图片__中核五O四医院__湖北炎症__hbyz4.json
dataset/gastritis_external/processed_images/中核五〇四医院/crop_ui,中核五〇四医院__图片__中核五O四医院__湖北炎症__hbyz100.jpg,0,1,1,1,0,,中核五〇四医院__图片__中核五O四医院__湖北炎症__hbyz100_overlay.jpg,中核五〇四医院__图片__中核五O四医院__湖北炎症__hbyz100.png,中核五〇四医院__图片__中核五O四医院__湖北炎症__hbyz100.json
dataset/gastritis_external/processed_images/中核五〇四医院/crop_ui,中核五〇四医院__图片__中核五O四医院__湖北炎症__hbyz41-2.jpg,0,1,1,1,0,,中核五〇四医院__图片__中核五O四医院__湖北炎症__hbyz41-2_overlay.jpg,中核五〇四医院__图片__中核五O四医院__湖北炎症__hbyz41-2.png,中核五〇四医院__图片__中核五O四医院__湖北炎症__hbyz41-2.json
dataset/gastritis_external/processed_images/中核五〇四医院/crop_ui,中核五〇四医院__图片__中核五O四医院__湖北炎症__hbyz27-2.jpg,0,1,1,1,0,,中核五〇四医院__图片__中核五O四医院__湖北炎症__hbyz27-2_overlay.jpg,中核五〇四医院__图片__中核五O四医院__湖北炎症__hbyz27-2.png,中核五〇四医院__图片__中核五O四医院__湖北炎症__hbyz27-2.json
dataset/gastritis_external/processed_images/中核五〇四医院/crop_ui,中核五〇四医院__图片__中核五O四医院__湖北炎症__hbyz142-1.jpg,0,1,1,1,0,,中核五〇四医院__图片__中核五O四医院__湖北炎症__hbyz142-1_overlay.jpg,中核五〇四医院__图片__中核五O四医院__湖北炎症__hbyz142-1.png,中核五〇四医院__图片__中核五O四医院__湖北炎症__hbyz142-1.json
dataset/gastritis_external/processed_images/中核五〇四医院/crop_ui,中核五〇四医院__图片__中核五O四医院__湖北炎症__hbyz143-1.jpg,0,1,1,1,0,,中核五〇四医院__图片__中核五O四医院__湖北炎症__hbyz143-1_overlay.jpg,中核五〇四医院__图片__中核五O四医院__湖北炎症__hbyz143-1.png,中核五〇四医院__图片__中核五O四医院__湖北炎症__hbyz143-1.json
dataset/gastritis_external/processed_images/中核五〇四医院/crop_ui,中核五〇四医院__图片__中核五O四医院__湖北炎症__hbyz94-1.jpg,0,1,1,1,0,,中核五〇四医院__图片__中核五O四医院__湖北炎症__hbyz94-1_overlay.jpg,中核五〇四医院__图片__中核五O四医院__湖北炎症__hbyz94-1.png,中核五〇四医院__图片__中核五O四医院__湖北炎症__hbyz94-1.json
dataset/gastritis_external/processed_images/中核五〇四医院/crop_ui,中核五〇四医院__图片__中核五O四医院__湖北炎症__hbyz131-1.jpg,0,1,1,1,0,,中核五〇四医院__图片__中核五O四医院__湖北炎症__hbyz131-1_overlay.jpg,中核五〇四医院__图片__中核五O四医院__湖北炎症__hbyz131-1.png,中核五〇四医院__图片__中核五O四医院__湖北炎症__hbyz131-1.json
dataset/gastritis_external/processed_images/中核五〇四医院/crop_ui,中核五〇四医院__图片__中核五O四医院__湖北炎症__hbyz87-2.jpg,0,1,1,1,0,,中核五〇四医院__图片__中核五O四医院__湖北炎症__hbyz87-2_overlay.jpg,中核五〇四医院__图片__中核五O四医院__湖北炎症__hbyz87-2.png,中核五〇四医院__图片__中核五O四医院__湖北炎症__hbyz87-2.json
dataset/gastritis_external/processed_images/中核五〇四医院/crop_ui,中核五〇四医院__图片__中核五O四医院__湖北炎症__hbyz148.jpg,0,1,1,1,0,,中核五〇四医院__图片__中核五O四医院__湖北炎症__hbyz148_overlay.jpg,中核五〇四医院__图片__中核五O四医院__湖北炎症__hbyz148.png,中核五〇四医院__图片__中核五O四医院__湖北炎症__hbyz148.json
dataset/gastritis_external/processed_images/中核五〇四医院/crop_ui,中核五〇四医院__图片__中核五O四医院__湖北炎症__hbyz103-2.jpg,0,1,1,1,0,,中核五〇四医院__图片__中核五O四医院__湖北炎症__hbyz103-2_overlay.jpg,中核五〇四医院__图片__中核五O四医院__湖北炎症__hbyz103-2.png,中核五〇四医院__图片__中核五O四医院__湖北炎症__hbyz103-2.json
dataset/gastritis_external/processed_images/中核五〇四医院/crop_ui,中核五〇四医院__图片__中核五O四医院__湖北炎症__hbyz116-1.jpg,0,1,1,1,0,,中核五〇四医院__图片__中核五O四医院__湖北炎症__hbyz116-1_overlay.jpg,中核五〇四医院__图片__中核五O四医院__湖北炎症__hbyz116-1.png,中核五〇四医院__图片__中核五O四医院__湖北炎症__hbyz116-1.json
dataset/gastritis_external/processed_images/中核五〇四医院/crop_ui,中核五〇四医院__图片__中核五O四医院__湖北炎症__hbyz74-1.jpg,0,1,1,1,0,,中核五〇四医院__图片__中核五O四医院__湖北炎症__hbyz74-1_overlay.jpg,中核五〇四医院__图片__中核五O四医院__湖北炎症__hbyz74-1.png,中核五〇四医院__图片__中核五O四医院__湖北炎症__hbyz74-1.json
dataset/gastritis_external/processed_images/中核五〇四医院/crop_ui,中核五〇四医院__图片__中核五O四医院__湖北炎症__hbyz36.jpg,0,1,1,1,0,,中核五〇四医院__图片__中核五O四医院__湖北炎症__hbyz36_overlay.jpg,中核五〇四医院__图片__中核五O四医院__湖北炎症__hbyz36.png,中核五〇四医院__图片__中核五O四医院__湖北炎症__hbyz36.json
dataset/gastritis_external/processed_images/中核五〇四医院/crop_ui,中核五〇四医院__图片__中核五O四医院__湖北炎症__hbyz117.jpg,0,1,1,1,0,,中核五〇四医院__图片__中核五O四医院__湖北炎症__hbyz117_overlay.jpg,中核五〇四医院__图片__中核五O四医院__湖北炎症__hbyz117.png,中核五〇四医院__图片__中核五O四医院__湖北炎症__hbyz117.json
dataset/gastritis_external/processed_images/中核五〇四医院/crop_ui,中核五〇四医院__图片__中核五O四医院__湖北炎症__hbyz78-2.jpg,0,1,1,1,0,,中核五〇四医院__图片__中核五O四医院__湖北炎症__hbyz78-2_overlay.jpg,中核五〇四医院__图片__中核五O四医院__湖北炎症__hbyz78-2.png,中核五〇四医院__图片__中核五O四医院__湖北炎症__hbyz78-2.json
dataset/gastritis_external/processed_images/中核五〇四医院/crop_ui,中核五〇四医院__图片__中核五O四医院__湖北炎症__hbyz81-1.jpg,0,1,1,1,0,,中核五〇四医院__图片__中核五O四医院__湖北炎症__hbyz81-1_overlay.jpg,中核五〇四医院__图片__中核五O四医院__湖北炎症__hbyz81-1.png,中核五〇四医院__图片__中核五O四医院__湖北炎症__hbyz81-1.json
dataset/gastritis_external/processed_images/中核五〇四医院/crop_ui,中核五〇四医院__图片__中核五O四医院__湖北炎症__hbyz24-2.jpg,0,1,1,1,0,,中核五〇四医院__图片__中核五O四医院__湖北炎症__hbyz24-2_overlay.jpg,中核五〇四医院__图片__中核五O四医院__湖北炎症__hbyz24-2.png,中核五〇四医院__图片__中核五O四医院__湖北炎症__hbyz24-2.json
dataset/gastritis_external/processed_images/中核五〇四医院/crop_ui,中核五〇四医院__图片__中核五O四医院__湖北炎症__hbyz141.jpg,0,1,1,1,0,,中核五〇四医院__图片__中核五O四医院__湖北炎症__hbyz141_overlay.jpg,中核五〇四医院__图片__中核五O四医院__湖北炎症__hbyz141.png,中核五〇四医院__图片__中核五O四医院__湖北炎症__hbyz141.json
dataset/gastritis_external/processed_images/中核五〇四医院/crop_ui,中核五〇四医院__图片__中核五O四医院__湖北炎症__hbyz111.jpg,0,1,1,1,0,,中核五〇四医院__图片__中核五O四医院__湖北炎症__hbyz111_overlay.jpg,中核五〇四医院__图片__中核五O四医院__湖北炎症__hbyz111.png,中核五〇四医院__图片__中核五O四医院__湖北炎症__hbyz111.json
dataset/gastritis_external/processed_images/中核五〇四医院/crop_ui,中核五〇四医院__图片__中核五O四医院__湖北炎症__hbyz165-1.jpg,0,1,1,1,0,,中核五〇四医院__图片__中核五O四医院__湖北炎症__hbyz165-1_overlay.jpg,中核五〇四医院__图片__中核五O四医院__湖北炎症__hbyz165-1.png,中核五〇四医院__图片__中核五O四医院__湖北炎症__hbyz165-1.json
dataset/gastritis_external/processed_images/中核五〇四医院/crop_ui,中核五〇四医院__图片__中核五O四医院__湖北炎症__hbyz114.jpg,0,1,1,1,0,,中核五〇四医院__图片__中核五O四医院__湖北炎症__hbyz114_overlay.jpg,中核五〇四医院__图片__中核五O四医院__湖北炎症__hbyz114.png,中核五〇四医院__图片__中核五O四医院__湖北炎症__hbyz114.json
dataset/gastritis_external/processed_images/中核五〇四医院/crop_ui,中核五〇四医院__图片__湖北中西医结合医院__湖北中西医结合医院(1)__hbzxy1-2.jpg,0,1,1,1,0,,中核五〇四医院__图片__湖北中西医结合医院__湖北中西医结合医院(1)__hbzxy1-2_overlay.jpg,中核五〇四医院__图片__湖北中西医结合医院__湖北中西医结合医院(1)__hbzxy1-2.png,中核五〇四医院__图片__湖北中西医结合医院__湖北中西医结合医院(1)__hbzxy1-2.json
dataset/gastritis_external/processed_images/中核五〇四医院/crop_ui,中核五〇四医院__图片__中核五O四医院__湖北炎症__hbyz123-2.jpg,0,1,1,1,0,,中核五〇四医院__图片__中核五O四医院__湖北炎症__hbyz123-2_overlay.jpg,中核五〇四医院__图片__中核五O四医院__湖北炎症__hbyz123-2.png,中核五〇四医院__图片__中核五O四医院__湖北炎症__hbyz123-2.json
dataset/gastritis_external/processed_images/中核五〇四医院/crop_ui,中核五〇四医院__图片__中核五O四医院__湖北炎症__hbyz102-1.jpg,0,1,1,1,0,,中核五〇四医院__图片__中核五O四医院__湖北炎症__hbyz102-1_overlay.jpg,中核五〇四医院__图片__中核五O四医院__湖北炎症__hbyz102-1.png,中核五〇四医院__图片__中核五O四医院__湖北炎症__hbyz102-1.json
dataset/gastritis_external/processed_images/中核五〇四医院/crop_ui,中核五〇四医院__图片__中核五O四医院__湖北炎症__hbyz128.jpg,0,1,1,1,0,,中核五〇四医院__图片__中核五O四医院__湖北炎症__hbyz128_overlay.jpg,中核五〇四医院__图片__中核五O四医院__湖北炎症__hbyz128.png,中核五〇四医院__图片__中核五O四医院__湖北炎症__hbyz128.json
dataset/gastritis_external/processed_images/中核五〇四医院/crop_ui,中核五〇四医院__图片__中核五O四医院__湖北炎症__hbyz17-2.jpg,0,1,1,1,0,,中核五〇四医院__图片__中核五O四医院__湖北炎症__hbyz17-2_overlay.jpg,中核五〇四医院__图片__中核五O四医院__湖北炎症__hbyz17-2.png,中核五〇四医院__图片__中核五O四医院__湖北炎症__hbyz17-2.json
dataset/gastritis_external/processed_images/中核五〇四医院/crop_ui,中核五〇四医院__图片__中核五O四医院__湖北炎症__hbyz13-1.jpg,0,1,1,1,0,,中核五〇四医院__图片__中核五O四医院__湖北炎症__hbyz13-1_overlay.jpg,中核五〇四医院__图片__中核五O四医院__湖北炎症__hbyz13-1.png,中核五〇四医院__图片__中核五O四医院__湖北炎症__hbyz13-1.json
dataset/gastritis_external/processed_images/中核五〇四医院/crop_ui,中核五〇四医院__图片__中核五O四医院__湖北炎症__hbyz42-2.jpg,0,1,1,1,0,,中核五〇四医院__图片__中核五O四医院__湖北炎症__hbyz42-2_overlay.jpg,中核五〇四医院__图片__中核五O四医院__湖北炎症__hbyz42-2.png,中核五〇四医院__图片__中核五O四医院__湖北炎症__hbyz42-2.json
dataset/gastritis_external/processed_images/中核五〇四医院/crop_ui,中核五〇四医院__图片__中核五O四医院__湖北炎症__hbyz89-2.jpg,0,1,1,1,0,,中核五〇四医院__图片__中核五O四医院__湖北炎症__hbyz89-2_overlay.jpg,中核五〇四医院__图片__中核五O四医院__湖北炎症__hbyz89-2.png,中核五〇四医院__图片__中核五O四医院__湖北炎症__hbyz89-2.json
dataset/gastritis_external/processed_images/中核五〇四医院/crop_ui,中核五〇四医院__图片__中核五O四医院__湖北炎症__hbyz91.jpg,0,1,1,1,0,,中核五〇四医院__图片__中核五O四医院__湖北炎症__hbyz91_overlay.jpg,中核五〇四医院__图片__中核五O四医院__湖北炎症__hbyz91.png,中核五〇四医院__图片__中核五O四医院__湖北炎症__hbyz91.json
dataset/gastritis_external/processed_images/中核五〇四医院/crop_ui,中核五〇四医院__图片__中核五O四医院__湖北炎症__hbyz154.jpg,0,1,1,1,0,,中核五〇四医院__图片__中核五O四医院__湖北炎症__hbyz154_overlay.jpg,中核五〇四医院__图片__中核五O四医院__湖北炎症__hbyz154.png,中核五〇四医院__图片__中核五O四医院__湖北炎症__hbyz154.json
dataset/gastritis_external/processed_images/中核五〇四医院/crop_ui,中核五〇四医院__图片__中核五O四医院__湖北炎症__hbyz64-1.jpg,0,1,1,1,0,,中核五〇四医院__图片__中核五O四医院__湖北炎症__hbyz64-1_overlay.jpg,中核五〇四医院__图片__中核五O四医院__湖北炎症__hbyz64-1.png,中核五〇四医院__图片__中核五O四医院__湖北炎症__hbyz64-1.json
dataset/gastritis_external/processed_images/宁德市医院/crop_ui,宁德市医院__图片__宁德市医院__ndyz(1)__ndyz__ndyz11-1.jpg,0,1,1,1,0,,宁德市医院__图片__宁德市医院__ndyz(1)__ndyz__ndyz11-1_overlay.jpg,宁德市医院__图片__宁德市医院__ndyz(1)__ndyz__ndyz11-1.png,宁德市医院__图片__宁德市医院__ndyz(1)__ndyz__ndyz11-1.json
dataset/gastritis_external/processed_images/宁德市医院/crop_ui,宁德市医院__图片__宁德市医院__ndyz(1)__ndyz__ndyz43.jpg,0,1,1,1,0,,宁德市医院__图片__宁德市医院__ndyz(1)__ndyz__ndyz43_overlay.jpg,宁德市医院__图片__宁德市医院__ndyz(1)__ndyz__ndyz43.png,宁德市医院__图片__宁德市医院__ndyz(1)__ndyz__ndyz43.json
dataset/gastritis_external/processed_images/宁德市医院/crop_ui,宁德市医院__图片__宁德市医院__ndyz(1)__ndyz__ndyz15-1.jpg,0,1,1,1,0,,宁德市医院__图片__宁德市医院__ndyz(1)__ndyz__ndyz15-1_overlay.jpg,宁德市医院__图片__宁德市医院__ndyz(1)__ndyz__ndyz15-1.png,宁德市医院__图片__宁德市医院__ndyz(1)__ndyz__ndyz15-1.json
dataset/gastritis_external/processed_images/宁德市医院/crop_ui,宁德市医院__图片__宁德市医院__ndyz(1)__ndyz__ndyz42.jpg,0,1,1,1,0,,宁德市医院__图片__宁德市医院__ndyz(1)__ndyz__ndyz42_overlay.jpg,宁德市医院__图片__宁德市医院__ndyz(1)__ndyz__ndyz42.png,宁德市医院__图片__宁德市医院__ndyz(1)__ndyz__ndyz42.json
dataset/gastritis_external/processed_images/宁德市医院/crop_ui,宁德市医院__图片__宁德市医院__ndyz(1)__ndyz__ndyz12-2.jpg,0,1,1,1,0,,宁德市医院__图片__宁德市医院__ndyz(1)__ndyz__ndyz12-2_overlay.jpg,宁德市医院__图片__宁德市医院__ndyz(1)__ndyz__ndyz12-2.png,宁德市医院__图片__宁德市医院__ndyz(1)__ndyz__ndyz12-2.json
dataset/gastritis_external/processed_images/宁德市医院/crop_ui,宁德市医院__图片__宁德市医院__ndyz(1)__ndyz__ndyz135.jpg,0,1,1,1,0,,宁德市医院__图片__宁德市医院__ndyz(1)__ndyz__ndyz135_overlay.jpg,宁德市医院__图片__宁德市医院__ndyz(1)__ndyz__ndyz135.png,宁德市医院__图片__宁德市医院__ndyz(1)__ndyz__ndyz135.json
dataset/gastritis_external/processed_images/宁德市医院/crop_ui,宁德市医院__图片__宁德市医院__ndyz(1)__ndyz__ndyz126.jpg,0,1,1,1,0,,宁德市医院__图片__宁德市医院__ndyz(1)__ndyz__ndyz126_overlay.jpg,宁德市医院__图片__宁德市医院__ndyz(1)__ndyz__ndyz126.png,宁德市医院__图片__宁德市医院__ndyz(1)__ndyz__ndyz126.json
dataset/gastritis_external/processed_images/宁德市医院/crop_ui,宁德市医院__图片__宁德市医院__ndyz(1)__ndyz__ndyz41.jpg,0,1,1,1,0,,宁德市医院__图片__宁德市医院__ndyz(1)__ndyz__ndyz41_overlay.jpg,宁德市医院__图片__宁德市医院__ndyz(1)__ndyz__ndyz41.png,宁德市医院__图片__宁德市医院__ndyz(1)__ndyz__ndyz41.json
dataset/gastritis_external/processed_images/宁德市医院/crop_ui,宁德市医院__图片__宁德市医院__ndyz(1)__ndyz__ndyz193.jpg,0,1,1,1,0,,宁德市医院__图片__宁德市医院__ndyz(1)__ndyz__ndyz193_overlay.jpg,宁德市医院__图片__宁德市医院__ndyz(1)__ndyz__ndyz193.png,宁德市医院__图片__宁德市医院__ndyz(1)__ndyz__ndyz193.json
dataset/gastritis_external/processed_images/宁德市医院/crop_ui,宁德市医院__图片__宁德市医院__ndyz(1)__ndyz__ndyz148.jpg,0,1,1,1,0,,宁德市医院__图片__宁德市医院__ndyz(1)__ndyz__ndyz148_overlay.jpg,宁德市医院__图片__宁德市医院__ndyz(1)__ndyz__ndyz148.png,宁德市医院__图片__宁德市医院__ndyz(1)__ndyz__ndyz148.json
dataset/gastritis_external/processed_images/宁德市医院/crop_ui,宁德市医院__图片__宁德市医院__ndyz(1)__ndyz__ndyz184.jpg,0,1,1,1,0,,宁德市医院__图片__宁德市医院__ndyz(1)__ndyz__ndyz184_overlay.jpg,宁德市医院__图片__宁德市医院__ndyz(1)__ndyz__ndyz184.png,宁德市医院__图片__宁德市医院__ndyz(1)__ndyz__ndyz184.json
dataset/gastritis_external/processed_images/宁德市医院/crop_ui,宁德市医院__图片__宁德市医院__ndyz(1)__ndyz__ndyz183.jpg,0,1,1,1,0,,宁德市医院__图片__宁德市医院__ndyz(1)__ndyz__ndyz183_overlay.jpg,宁德市医院__图片__宁德市医院__ndyz(1)__ndyz__ndyz183.png,宁德市医院__图片__宁德市医院__ndyz(1)__ndyz__ndyz183.json
dataset/gastritis_external/processed_images/宁德市医院/crop_ui,宁德市医院__图片__宁德市医院__ndyz(1)__ndyz__ndyz17-1.jpg,0,1,1,1,0,,宁德市医院__图片__宁德市医院__ndyz(1)__ndyz__ndyz17-1_overlay.jpg,宁德市医院__图片__宁德市医院__ndyz(1)__ndyz__ndyz17-1.png,宁德市医院__图片__宁德市医院__ndyz(1)__ndyz__ndyz17-1.json
dataset/gastritis_external/processed_images/宁德市医院/crop_ui,宁德市医院__图片__宁德市医院__ndyz(1)__ndyz__ndyz32-1.jpg,0,1,1,1,0,,宁德市医院__图片__宁德市医院__ndyz(1)__ndyz__ndyz32-1_overlay.jpg,宁德市医院__图片__宁德市医院__ndyz(1)__ndyz__ndyz32-1.png,宁德市医院__图片__宁德市医院__ndyz(1)__ndyz__ndyz32-1.json
dataset/gastritis_external/processed_images/宁德市医院/crop_ui,宁德市医院__图片__宁德市医院__ndyz(1)__ndyz__ndyz38-1.jpg,0,1,1,1,0,,宁德市医院__图片__宁德市医院__ndyz(1)__ndyz__ndyz38-1_overlay.jpg,宁德市医院__图片__宁德市医院__ndyz(1)__ndyz__ndyz38-1.png,宁德市医院__图片__宁德市医院__ndyz(1)__ndyz__ndyz38-1.json
dataset/gastritis_external/processed_images/宁德市医院/crop_ui,宁德市医院__图片__宁德市医院__ndyz(1)__ndyz__ndyz04-3.jpg,0,1,1,1,0,,宁德市医院__图片__宁德市医院__ndyz(1)__ndyz__ndyz04-3_overlay.jpg,宁德市医院__图片__宁德市医院__ndyz(1)__ndyz__ndyz04-3.png,宁德市医院__图片__宁德市医院__ndyz(1)__ndyz__ndyz04-3.json
dataset/gastritis_external/processed_images/宁德市医院/crop_ui,宁德市医院__图片__宁德市医院__ndyz(1)__ndyz__ndyz16-2.jpg,0,1,1,1,0,,宁德市医院__图片__宁德市医院__ndyz(1)__ndyz__ndyz16-2_overlay.jpg,宁德市医院__图片__宁德市医院__ndyz(1)__ndyz__ndyz16-2.png,宁德市医院__图片__宁德市医院__ndyz(1)__ndyz__ndyz16-2.json
dataset/gastritis_external/processed_images/宁德市医院/crop_ui,宁德市医院__图片__宁德市医院__ndyz(1)__ndyz__ndyz40-1.jpg,0,1,1,1,0,,宁德市医院__图片__宁德市医院__ndyz(1)__ndyz__ndyz40-1_overlay.jpg,宁德市医院__图片__宁德市医院__ndyz(1)__ndyz__ndyz40-1.png,宁德市医院__图片__宁德市医院__ndyz(1)__ndyz__ndyz40-1.json
dataset/gastritis_external/processed_images/宁德市医院/crop_ui,宁德市医院__图片__宁德市医院__ndyz(1)__ndyz__ndyz232.jpg,0,1,1,1,0,,宁德市医院__图片__宁德市医院__ndyz(1)__ndyz__ndyz232_overlay.jpg,宁德市医院__图片__宁德市医院__ndyz(1)__ndyz__ndyz232.png,宁德市医院__图片__宁德市医院__ndyz(1)__ndyz__ndyz232.json
dataset/gastritis_external/processed_images/宁德市医院/crop_ui,宁德市医院__图片__宁德市医院__ndyz(1)__ndyz__ndyz151.jpg,0,1,1,1,0,,宁德市医院__图片__宁德市医院__ndyz(1)__ndyz__ndyz151_overlay.jpg,宁德市医院__图片__宁德市医院__ndyz(1)__ndyz__ndyz151.png,宁德市医院__图片__宁德市医院__ndyz(1)__ndyz__ndyz151.json
dataset/gastritis_external/processed_images/宁德市医院/crop_ui,宁德市医院__图片__宁德市医院__ndyz(1)__ndyz__ndyz134.jpg,0,1,1,1,0,,宁德市医院__图片__宁德市医院__ndyz(1)__ndyz__ndyz134_overlay.jpg,宁德市医院__图片__宁德市医院__ndyz(1)__ndyz__ndyz134.png,宁德市医院__图片__宁德市医院__ndyz(1)__ndyz__ndyz134.json
dataset/gastritis_external/processed_images/宁德市医院/crop_ui,宁德市医院__图片__宁德市医院__ndyz(1)__ndyz__ndyz04-2.jpg,0,1,1,1,0,,宁德市医院__图片__宁德市医院__ndyz(1)__ndyz__ndyz04-2_overlay.jpg,宁德市医院__图片__宁德市医院__ndyz(1)__ndyz__ndyz04-2.png,宁德市医院__图片__宁德市医院__ndyz(1)__ndyz__ndyz04-2.json
dataset/gastritis_external/processed_images/宁德市医院/crop_ui,宁德市医院__图片__宁德市医院__ndyz(1)__ndyz__ndyz45.jpg,0,1,1,1,0,,宁德市医院__图片__宁德市医院__ndyz(1)__ndyz__ndyz45_overlay.jpg,宁德市医院__图片__宁德市医院__ndyz(1)__ndyz__ndyz45.png,宁德市医院__图片__宁德市医院__ndyz(1)__ndyz__ndyz45.json
dataset/gastritis_external/processed_images/宁德市医院/crop_ui,宁德市医院__图片__宁德市医院__ndyz(1)__ndyz__ndyz11-2.jpg,0,1,1,1,0,,宁德市医院__图片__宁德市医院__ndyz(1)__ndyz__ndyz11-2_overlay.jpg,宁德市医院__图片__宁德市医院__ndyz(1)__ndyz__ndyz11-2.png,宁德市医院__图片__宁德市医院__ndyz(1)__ndyz__ndyz11-2.json
dataset/gastritis_external/processed_images/宁德市医院/crop_ui,宁德市医院__图片__宁德市医院__ndyz(1)__ndyz__ndyz95.jpg,0,1,1,1,0,,宁德市医院__图片__宁德市医院__ndyz(1)__ndyz__ndyz95_overlay.jpg,宁德市医院__图片__宁德市医院__ndyz(1)__ndyz__ndyz95.png,宁德市医院__图片__宁德市医院__ndyz(1)__ndyz__ndyz95.json
dataset/gastritis_external/processed_images/宁德市医院/crop_ui,宁德市医院__图片__宁德市医院__ndyz(1)__ndyz__ndyz140.jpg,0,1,1,1,0,,宁德市医院__图片__宁德市医院__ndyz(1)__ndyz__ndyz140_overlay.jpg,宁德市医院__图片__宁德市医院__ndyz(1)__ndyz__ndyz140.png,宁德市医院__图片__宁德市医院__ndyz(1)__ndyz__ndyz140.json
dataset/gastritis_external/processed_images/宁德市医院/crop_ui,宁德市医院__图片__宁德市医院__ndyz(1)__ndyz__ndyz136.jpg,0,1,1,1,0,,宁德市医院__图片__宁德市医院__ndyz(1)__ndyz__ndyz136_overlay.jpg,宁德市医院__图片__宁德市医院__ndyz(1)__ndyz__ndyz136.png,宁德市医院__图片__宁德市医院__ndyz(1)__ndyz__ndyz136.json
dataset/gastritis_external/processed_images/宁德市医院/crop_ui,宁德市医院__图片__宁德市医院__ndyz(1)__ndyz__ndyz17-2.jpg,0,1,1,1,0,,宁德市医院__图片__宁德市医院__ndyz(1)__ndyz__ndyz17-2_overlay.jpg,宁德市医院__图片__宁德市医院__ndyz(1)__ndyz__ndyz17-2.png,宁德市医院__图片__宁德市医院__ndyz(1)__ndyz__ndyz17-2.json
dataset/gastritis_external/processed_images/宁德市医院/crop_ui,宁德市医院__图片__宁德市医院__ndyz(1)__ndyz__ndyz04-4.jpg,0,1,1,1,0,,宁德市医院__图片__宁德市医院__ndyz(1)__ndyz__ndyz04-4_overlay.jpg,宁德市医院__图片__宁德市医院__ndyz(1)__ndyz__ndyz04-4.png,宁德市医院__图片__宁德市医院__ndyz(1)__ndyz__ndyz04-4.json
dataset/gastritis_external/processed_images/宁德市医院/crop_ui,宁德市医院__图片__宁德市医院__ndyz(1)__ndyz__ndyz39-1.jpg,0,1,1,1,0,,宁德市医院__图片__宁德市医院__ndyz(1)__ndyz__ndyz39-1_overlay.jpg,宁德市医院__图片__宁德市医院__ndyz(1)__ndyz__ndyz39-1.png,宁德市医院__图片__宁德市医院__ndyz(1)__ndyz__ndyz39-1.json
dataset/gastritis_external/processed_images/宁德市医院/crop_ui,宁德市医院__图片__宁德市医院__ndyz(1)__ndyz__ndyz141.jpg,0,1,1,1,0,,宁德市医院__图片__宁德市医院__ndyz(1)__ndyz__ndyz141_overlay.jpg,宁德市医院__图片__宁德市医院__ndyz(1)__ndyz__ndyz141.png,宁德市医院__图片__宁德市医院__ndyz(1)__ndyz__ndyz141.json
dataset/gastritis_external/processed_images/宁德市医院/crop_ui,宁德市医院__图片__宁德市医院__ndyz(1)__ndyz__ndyz159.jpg,0,1,1,1,0,,宁德市医院__图片__宁德市医院__ndyz(1)__ndyz__ndyz159_overlay.jpg,宁德市医院__图片__宁德市医院__ndyz(1)__ndyz__ndyz159.png,宁德市医院__图片__宁德市医院__ndyz(1)__ndyz__ndyz159.json
dataset/gastritis_external/processed_images/宁德市医院/crop_ui,宁德市医院__图片__宁德市医院__ndyz(1)__ndyz__ndyz33.jpg,0,1,1,1,0,,宁德市医院__图片__宁德市医院__ndyz(1)__ndyz__ndyz33_overlay.jpg,宁德市医院__图片__宁德市医院__ndyz(1)__ndyz__ndyz33.png,宁德市医院__图片__宁德市医院__ndyz(1)__ndyz__ndyz33.json
dataset/gastritis_external/processed_images/宁德市医院/crop_ui,宁德市医院__图片__宁德市医院__ndyz(1)__ndyz__ndyz132.jpg,0,1,1,1,0,,宁德市医院__图片__宁德市医院__ndyz(1)__ndyz__ndyz132_overlay.jpg,宁德市医院__图片__宁德市医院__ndyz(1)__ndyz__ndyz132.png,宁德市医院__图片__宁德市医院__ndyz(1)__ndyz__ndyz132.json
dataset/gastritis_external/processed_images/宁德市医院/crop_ui,宁德市医院__图片__宁德市医院__ndyz(1)__ndyz__ndyz155.jpg,0,1,1,1,0,,宁德市医院__图片__宁德市医院__ndyz(1)__ndyz__ndyz155_overlay.jpg,宁德市医院__图片__宁德市医院__ndyz(1)__ndyz__ndyz155.png,宁德市医院__图片__宁德市医院__ndyz(1)__ndyz__ndyz155.json
dataset/gastritis_external/processed_images/宁德市医院/crop_ui,宁德市医院__图片__宁德市医院__ndyz(1)__ndyz__ndyz12-1.jpg,0,1,1,1,0,,宁德市医院__图片__宁德市医院__ndyz(1)__ndyz__ndyz12-1_overlay.jpg,宁德市医院__图片__宁德市医院__ndyz(1)__ndyz__ndyz12-1.png,宁德市医院__图片__宁德市医院__ndyz(1)__ndyz__ndyz12-1.json
dataset/gastritis_external/processed_images/宁德市医院/crop_ui,宁德市医院__图片__宁德市医院__ndyz(1)__ndyz__ndyz158.jpg,0,1,1,1,0,,宁德市医院__图片__宁德市医院__ndyz(1)__ndyz__ndyz158_overlay.jpg,宁德市医院__图片__宁德市医院__ndyz(1)__ndyz__ndyz158.png,宁德市医院__图片__宁德市医院__ndyz(1)__ndyz__ndyz158.json
dataset/gastritis_external/processed_images/宁德市医院/crop_ui,宁德市医院__图片__宁德市医院__ndyz(1)__ndyz__ndyz116.jpg,0,1,1,1,0,,宁德市医院__图片__宁德市医院__ndyz(1)__ndyz__ndyz116_overlay.jpg,宁德市医院__图片__宁德市医院__ndyz(1)__ndyz__ndyz116.png,宁德市医院__图片__宁德市医院__ndyz(1)__ndyz__ndyz116.json
dataset/gastritis_external/processed_images/宁德市医院/crop_ui,宁德市医院__图片__宁德市医院__ndyz(1)__ndyz__ndyz44.jpg,0,1,1,1,0,,宁德市医院__图片__宁德市医院__ndyz(1)__ndyz__ndyz44_overlay.jpg,宁德市医院__图片__宁德市医院__ndyz(1)__ndyz__ndyz44.png,宁德市医院__图片__宁德市医院__ndyz(1)__ndyz__ndyz44.json
dataset/gastritis_external/processed_images/宁德市医院/crop_ui,宁德市医院__图片__宁德市医院__ndyz(1)__ndyz__ndyz29.jpg,0,1,1,1,0,,宁德市医院__图片__宁德市医院__ndyz(1)__ndyz__ndyz29_overlay.jpg,宁德市医院__图片__宁德市医院__ndyz(1)__ndyz__ndyz29.png,宁德市医院__图片__宁德市医院__ndyz(1)__ndyz__ndyz29.json
dataset/gastritis_external/processed_images/宁德市医院/crop_ui,宁德市医院__图片__宁德市医院__ndyz(1)__ndyz__ndyz156.jpg,0,1,1,1,0,,宁德市医院__图片__宁德市医院__ndyz(1)__ndyz__ndyz156_overlay.jpg,宁德市医院__图片__宁德市医院__ndyz(1)__ndyz__ndyz156.png,宁德市医院__图片__宁德市医院__ndyz(1)__ndyz__ndyz156.json
dataset/gastritis_external/processed_images/宁德市医院/crop_ui,宁德市医院__图片__宁德市医院__ndyz(1)__ndyz__ndyz39-2.jpg,0,1,1,1,0,,宁德市医院__图片__宁德市医院__ndyz(1)__ndyz__ndyz39-2_overlay.jpg,宁德市医院__图片__宁德市医院__ndyz(1)__ndyz__ndyz39-2.png,宁德市医院__图片__宁德市医院__ndyz(1)__ndyz__ndyz39-2.json
dataset/gastritis_external/processed_images/宁德市医院/crop_ui,宁德市医院__图片__宁德市医院__ndyz(1)__ndyz__ndyz109.jpg,0,1,1,1,0,,宁德市医院__图片__宁德市医院__ndyz(1)__ndyz__ndyz109_overlay.jpg,宁德市医院__图片__宁德市医院__ndyz(1)__ndyz__ndyz109.png,宁德市医院__图片__宁德市医院__ndyz(1)__ndyz__ndyz109.json
dataset/gastritis_external/processed_images/宁德市医院/crop_ui,宁德市医院__图片__宁德市医院__ndyz(1)__ndyz__ndyz128.jpg,0,1,1,1,0,,宁德市医院__图片__宁德市医院__ndyz(1)__ndyz__ndyz128_overlay.jpg,宁德市医院__图片__宁德市医院__ndyz(1)__ndyz__ndyz128.png,宁德市医院__图片__宁德市医院__ndyz(1)__ndyz__ndyz128.json
dataset/gastritis_external/processed_images/宁德市医院/crop_ui,宁德市医院__图片__宁德市医院__ndyz(1)__ndyz__ndyz157.jpg,0,1,1,1,0,,宁德市医院__图片__宁德市医院__ndyz(1)__ndyz__ndyz157_overlay.jpg,宁德市医院__图片__宁德市医院__ndyz(1)__ndyz__ndyz157.png,宁德市医院__图片__宁德市医院__ndyz(1)__ndyz__ndyz157.json
dataset/gastritis_external/processed_images/宁德市医院/crop_ui,宁德市医院__图片__宁德市医院__ndyz(1)__ndyz__ndyz142.jpg,0,1,1,1,0,,宁德市医院__图片__宁德市医院__ndyz(1)__ndyz__ndyz142_overlay.jpg,宁德市医院__图片__宁德市医院__ndyz(1)__ndyz__ndyz142.png,宁德市医院__图片__宁德市医院__ndyz(1)__ndyz__ndyz142.json
dataset/gastritis_external/processed_images/宁德市医院/crop_ui,宁德市医院__图片__宁德市医院__ndyz(1)__ndyz__ndyz15-2.jpg,0,1,1,1,0,,宁德市医院__图片__宁德市医院__ndyz(1)__ndyz__ndyz15-2_overlay.jpg,宁德市医院__图片__宁德市医院__ndyz(1)__ndyz__ndyz15-2.png,宁德市医院__图片__宁德市医院__ndyz(1)__ndyz__ndyz15-2.json
dataset/gastritis_external/processed_images/宁德市医院/crop_ui,宁德市医院__图片__宁德市医院__ndyz(1)__ndyz__ndyz16-1.jpg,0,1,1,1,0,,宁德市医院__图片__宁德市医院__ndyz(1)__ndyz__ndyz16-1_overlay.jpg,宁德市医院__图片__宁德市医院__ndyz(1)__ndyz__ndyz16-1.png,宁德市医院__图片__宁德市医院__ndyz(1)__ndyz__ndyz16-1.json
dataset/gastritis_external/processed_images/宁德市医院/crop_ui,宁德市医院__图片__宁德市医院__ndyz(1)__ndyz__ndyz224.jpg,0,1,1,1,0,,宁德市医院__图片__宁德市医院__ndyz(1)__ndyz__ndyz224_overlay.jpg,宁德市医院__图片__宁德市医院__ndyz(1)__ndyz__ndyz224.png,宁德市医院__图片__宁德市医院__ndyz(1)__ndyz__ndyz224.json
dataset/gastritis_external/processed_images/宁德市医院/crop_ui,宁德市医院__图片__宁德市医院__ndyz(1)__ndyz__ndyz201.jpg,0,1,1,1,0,,宁德市医院__图片__宁德市医院__ndyz(1)__ndyz__ndyz201_overlay.jpg,宁德市医院__图片__宁德市医院__ndyz(1)__ndyz__ndyz201.png,宁德市医院__图片__宁德市医院__ndyz(1)__ndyz__ndyz201.json
dataset/gastritis_external/processed_images/宁德市医院/crop_ui,宁德市医院__图片__宁德市医院__ndyz(1)__ndyz__ndyz96.jpg,0,1,1,1,0,,宁德市医院__图片__宁德市医院__ndyz(1)__ndyz__ndyz96_overlay.jpg,宁德市医院__图片__宁德市医院__ndyz(1)__ndyz__ndyz96.png,宁德市医院__图片__宁德市医院__ndyz(1)__ndyz__ndyz96.json
dataset/gastritis_external/processed_images/福建省德化县医院/crop_ui,福建省德化县医院__图片__福建省德化县医院__dhyz(1)__dhyz__dh42-3.jpg,0,1,1,1,0,,福建省德化县医院__图片__福建省德化县医院__dhyz(1)__dhyz__dh42-3_overlay.jpg,福建省德化县医院__图片__福建省德化县医院__dhyz(1)__dhyz__dh42-3.png,福建省德化县医院__图片__福建省德化县医院__dhyz(1)__dhyz__dh42-3.json
dataset/gastritis_external/processed_images/福建省德化县医院/crop_ui,福建省德化县医院__图片__福建省德化县医院__dhyz(1)__dhyz__dh10-3.jpg,0,1,1,1,0,,福建省德化县医院__图片__福建省德化县医院__dhyz(1)__dhyz__dh10-3_overlay.jpg,福建省德化县医院__图片__福建省德化县医院__dhyz(1)__dhyz__dh10-3.png,福建省德化县医院__图片__福建省德化县医院__dhyz(1)__dhyz__dh10-3.json
dataset/gastritis_external/processed_images/福建省德化县医院/crop_ui,福建省德化县医院__图片__福建省德化县医院__dhyz(1)__dhyz__dh40-3.jpg,0,1,1,1,0,,福建省德化县医院__图片__福建省德化县医院__dhyz(1)__dhyz__dh40-3_overlay.jpg,福建省德化县医院__图片__福建省德化县医院__dhyz(1)__dhyz__dh40-3.png,福建省德化县医院__图片__福建省德化县医院__dhyz(1)__dhyz__dh40-3.json
dataset/gastritis_external/processed_images/福建省德化县医院/crop_ui,福建省德化县医院__图片__福建省德化县医院__dhyz(1)__dhyz__dh11-4.jpg,0,1,1,1,0,,福建省德化县医院__图片__福建省德化县医院__dhyz(1)__dhyz__dh11-4_overlay.jpg,福建省德化县医院__图片__福建省德化县医院__dhyz(1)__dhyz__dh11-4.png,福建省德化县医院__图片__福建省德化县医院__dhyz(1)__dhyz__dh11-4.json
dataset/gastritis_external/processed_images/福建省德化县医院/crop_ui,福建省德化县医院__图片__福建省德化县医院__dhyz(1)__dhyz__dh17-3.jpg,0,1,1,1,0,,福建省德化县医院__图片__福建省德化县医院__dhyz(1)__dhyz__dh17-3_overlay.jpg,福建省德化县医院__图片__福建省德化县医院__dhyz(1)__dhyz__dh17-3.png,福建省德化县医院__图片__福建省德化县医院__dhyz(1)__dhyz__dh17-3.json
dataset/gastritis_external/processed_images/福建省德化县医院/crop_ui,福建省德化县医院__图片__福建省德化县医院__dhyz(1)__dhyz__dh44-1.jpg,0,1,1,1,0,,福建省德化县医院__图片__福建省德化县医院__dhyz(1)__dhyz__dh44-1_overlay.jpg,福建省德化县医院__图片__福建省德化县医院__dhyz(1)__dhyz__dh44-1.png,福建省德化县医院__图片__福建省德化县医院__dhyz(1)__dhyz__dh44-1.json
dataset/gastritis_external/processed_images/福建省德化县医院/crop_ui,福建省德化县医院__图片__福建省德化县医院__dhyz(1)__dhyz__dh55-1.jpg,0,1,1,1,0,,福建省德化县医院__图片__福建省德化县医院__dhyz(1)__dhyz__dh55-1_overlay.jpg,福建省德化县医院__图片__福建省德化县医院__dhyz(1)__dhyz__dh55-1.png,福建省德化县医院__图片__福建省德化县医院__dhyz(1)__dhyz__dh55-1.json
dataset/gastritis_external/processed_images/福建省德化县医院/crop_ui,福建省德化县医院__图片__福建省德化县医院__dhyz(1)__dhyz__dh61-1.jpg,0,1,1,1,0,,福建省德化县医院__图片__福建省德化县医院__dhyz(1)__dhyz__dh61-1_overlay.jpg,福建省德化县医院__图片__福建省德化县医院__dhyz(1)__dhyz__dh61-1.png,福建省德化县医院__图片__福建省德化县医院__dhyz(1)__dhyz__dh61-1.json
dataset/gastritis_external/processed_images/福建省德化县医院/crop_ui,福建省德化县医院__图片__福建省德化县医院__dhyz(1)__dhyz__dh49-3.jpg,0,1,1,1,0,,福建省德化县医院__图片__福建省德化县医院__dhyz(1)__dhyz__dh49-3_overlay.jpg,福建省德化县医院__图片__福建省德化县医院__dhyz(1)__dhyz__dh49-3.png,福建省德化县医院__图片__福建省德化县医院__dhyz(1)__dhyz__dh49-3.json
dataset/gastritis_external/processed_images/福建省德化县医院/crop_ui,福建省德化县医院__图片__福建省德化县医院__dhyz(1)__dhyz__dh07-2.jpg,0,1,1,1,0,,福建省德化县医院__图片__福建省德化县医院__dhyz(1)__dhyz__dh07-2_overlay.jpg,福建省德化县医院__图片__福建省德化县医院__dhyz(1)__dhyz__dh07-2.png,福建省德化县医院__图片__福建省德化县医院__dhyz(1)__dhyz__dh07-2.json
dataset/gastritis_external/processed_images/福建省德化县医院/crop_ui,福建省德化县医院__图片__福建省德化县医院__dhyz(1)__dhyz__dh52-3.jpg,0,1,1,1,0,,福建省德化县医院__图片__福建省德化县医院__dhyz(1)__dhyz__dh52-3_overlay.jpg,福建省德化县医院__图片__福建省德化县医院__dhyz(1)__dhyz__dh52-3.png,福建省德化县医院__图片__福建省德化县医院__dhyz(1)__dhyz__dh52-3.json
dataset/gastritis_external/processed_images/福建省德化县医院/crop_ui,福建省德化县医院__图片__福建省德化县医院__dhyz(1)__dhyz__dh52-1.jpg,0,1,1,1,0,,福建省德化县医院__图片__福建省德化县医院__dhyz(1)__dhyz__dh52-1_overlay.jpg,福建省德化县医院__图片__福建省德化县医院__dhyz(1)__dhyz__dh52-1.png,福建省德化县医院__图片__福建省德化县医院__dhyz(1)__dhyz__dh52-1.json
dataset/gastritis_external/processed_images/福建省德化县医院/crop_ui,福建省德化县医院__图片__福建省德化县医院__dhyz(1)__dhyz__dh22-2.jpg,0,1,1,1,0,,福建省德化县医院__图片__福建省德化县医院__dhyz(1)__dhyz__dh22-2_overlay.jpg,福建省德化县医院__图片__福建省德化县医院__dhyz(1)__dhyz__dh22-2.png,福建省德化县医院__图片__福建省德化县医院__dhyz(1)__dhyz__dh22-2.json
dataset/gastritis_external/processed_images/福建省德化县医院/crop_ui,福建省德化县医院__图片__福建省德化县医院__dhyz(1)__dhyz__dh40-2.jpg,0,1,1,1,0,,福建省德化县医院__图片__福建省德化县医院__dhyz(1)__dhyz__dh40-2_overlay.jpg,福建省德化县医院__图片__福建省德化县医院__dhyz(1)__dhyz__dh40-2.png,福建省德化县医院__图片__福建省德化县医院__dhyz(1)__dhyz__dh40-2.json
dataset/gastritis_external/processed_images/福建省德化县医院/crop_ui,福建省德化县医院__图片__福建省德化县医院__dhyz(1)__dhyz__dh12-2.jpg,0,1,1,1,0,,福建省德化县医院__图片__福建省德化县医院__dhyz(1)__dhyz__dh12-2_overlay.jpg,福建省德化县医院__图片__福建省德化县医院__dhyz(1)__dhyz__dh12-2.png,福建省德化县医院__图片__福建省德化县医院__dhyz(1)__dhyz__dh12-2.json
dataset/gastritis_external/processed_images/福建省德化县医院/crop_ui,福建省德化县医院__图片__福建省德化县医院__dhyz(1)__dhyz__dh15-3.jpg,0,1,1,1,0,,福建省德化县医院__图片__福建省德化县医院__dhyz(1)__dhyz__dh15-3_overlay.jpg,福建省德化县医院__图片__福建省德化县医院__dhyz(1)__dhyz__dh15-3.png,福建省德化县医院__图片__福建省德化县医院__dhyz(1)__dhyz__dh15-3.json
dataset/gastritis_external/processed_images/福建省德化县医院/crop_ui,福建省德化县医院__图片__福建省德化县医院__dhyz(1)__dhyz__dh09-2.jpg,0,1,1,1,0,,福建省德化县医院__图片__福建省德化县医院__dhyz(1)__dhyz__dh09-2_overlay.jpg,福建省德化县医院__图片__福建省德化县医院__dhyz(1)__dhyz__dh09-2.png,福建省德化县医院__图片__福建省德化县医院__dhyz(1)__dhyz__dh09-2.json
dataset/gastritis_external/processed_images/福建省德化县医院/crop_ui,福建省德化县医院__图片__福建省德化县医院__dhyz(1)__dhyz__dh25-2.jpg,0,1,1,1,0,,福建省德化县医院__图片__福建省德化县医院__dhyz(1)__dhyz__dh25-2_overlay.jpg,福建省德化县医院__图片__福建省德化县医院__dhyz(1)__dhyz__dh25-2.png,福建省德化县医院__图片__福建省德化县医院__dhyz(1)__dhyz__dh25-2.json
dataset/gastritis_external/processed_images/福建省德化县医院/crop_ui,福建省德化县医院__图片__福建省德化县医院__dhyz(1)__dhyz__dh49-1.jpg,0,1,1,1,0,,福建省德化县医院__图片__福建省德化县医院__dhyz(1)__dhyz__dh49-1_overlay.jpg,福建省德化县医院__图片__福建省德化县医院__dhyz(1)__dhyz__dh49-1.png,福建省德化县医院__图片__福建省德化县医院__dhyz(1)__dhyz__dh49-1.json
dataset/gastritis_external/processed_images/福建省德化县医院/crop_ui,福建省德化县医院__图片__福建省德化县医院__dhyz(1)__dhyz__dh48-4.jpg,0,1,1,1,0,,福建省德化县医院__图片__福建省德化县医院__dhyz(1)__dhyz__dh48-4_overlay.jpg,福建省德化县医院__图片__福建省德化县医院__dhyz(1)__dhyz__dh48-4.png,福建省德化县医院__图片__福建省德化县医院__dhyz(1)__dhyz__dh48-4.json
dataset/gastritis_external/processed_images/福建省德化县医院/crop_ui,福建省德化县医院__图片__福建省德化县医院__dhyz(1)__dhyz__dh20-2.jpg,0,1,1,1,0,,福建省德化县医院__图片__福建省德化县医院__dhyz(1)__dhyz__dh20-2_overlay.jpg,福建省德化县医院__图片__福建省德化县医院__dhyz(1)__dhyz__dh20-2.png,福建省德化县医院__图片__福建省德化县医院__dhyz(1)__dhyz__dh20-2.json
dataset/gastritis_external/processed_images/福建省德化县医院/crop_ui,福建省德化县医院__图片__福建省德化县医院__dhyz(1)__dhyz__dh21.jpg,0,1,1,1,0,,福建省德化县医院__图片__福建省德化县医院__dhyz(1)__dhyz__dh21_overlay.jpg,福建省德化县医院__图片__福建省德化县医院__dhyz(1)__dhyz__dh21.png,福建省德化县医院__图片__福建省德化县医院__dhyz(1)__dhyz__dh21.json
dataset/gastritis_external/processed_images/福建省德化县医院/crop_ui,福建省德化县医院__图片__福建省德化县医院__dhyz(1)__dhyz__dh47-2.jpg,0,1,1,1,0,,福建省德化县医院__图片__福建省德化县医院__dhyz(1)__dhyz__dh47-2_overlay.jpg,福建省德化县医院__图片__福建省德化县医院__dhyz(1)__dhyz__dh47-2.png,福建省德化县医院__图片__福建省德化县医院__dhyz(1)__dhyz__dh47-2.json
dataset/gastritis_external/processed_images/福建省德化县医院/crop_ui,福建省德化县医院__图片__福建省德化县医院__dhyz(1)__dhyz__dh06-2.jpg,0,1,1,1,0,,福建省德化县医院__图片__福建省德化县医院__dhyz(1)__dhyz__dh06-2_overlay.jpg,福建省德化县医院__图片__福建省德化县医院__dhyz(1)__dhyz__dh06-2.png,福建省德化县医院__图片__福建省德化县医院__dhyz(1)__dhyz__dh06-2.json
dataset/gastritis_external/processed_images/福建省德化县医院/crop_ui,福建省德化县医院__图片__福建省德化县医院__dhyz(1)__dhyz__dh47-3.jpg,0,1,1,1,0,,福建省德化县医院__图片__福建省德化县医院__dhyz(1)__dhyz__dh47-3_overlay.jpg,福建省德化县医院__图片__福建省德化县医院__dhyz(1)__dhyz__dh47-3.png,福建省德化县医院__图片__福建省德化县医院__dhyz(1)__dhyz__dh47-3.json
dataset/gastritis_external/processed_images/福建省德化县医院/crop_ui,福建省德化县医院__图片__福建省德化县医院__dhyz(1)__dhyz__dh44-2.jpg,0,1,1,1,0,,福建省德化县医院__图片__福建省德化县医院__dhyz(1)__dhyz__dh44-2_overlay.jpg,福建省德化县医院__图片__福建省德化县医院__dhyz(1)__dhyz__dh44-2.png,福建省德化县医院__图片__福建省德化县医院__dhyz(1)__dhyz__dh44-2.json
dataset/gastritis_external/processed_images/福建省德化县医院/crop_ui,福建省德化县医院__图片__福建省德化县医院__dhyz(1)__dhyz__dh13-5.jpg,0,1,1,1,0,,福建省德化县医院__图片__福建省德化县医院__dhyz(1)__dhyz__dh13-5_overlay.jpg,福建省德化县医院__图片__福建省德化县医院__dhyz(1)__dhyz__dh13-5.png,福建省德化县医院__图片__福建省德化县医院__dhyz(1)__dhyz__dh13-5.json
dataset/gastritis_external/processed_images/福建省德化县医院/crop_ui,福建省德化县医院__图片__福建省德化县医院__dhyz(1)__dhyz__dh54-3.jpg,0,1,1,1,0,,福建省德化县医院__图片__福建省德化县医院__dhyz(1)__dhyz__dh54-3_overlay.jpg,福建省德化县医院__图片__福建省德化县医院__dhyz(1)__dhyz__dh54-3.png,福建省德化县医院__图片__福建省德化县医院__dhyz(1)__dhyz__dh54-3.json
dataset/gastritis_external/processed_images/福建省德化县医院/crop_ui,福建省德化县医院__图片__福建省德化县医院__dhyz(1)__dhyz__dh02-1.jpg,0,1,1,1,0,,福建省德化县医院__图片__福建省德化县医院__dhyz(1)__dhyz__dh02-1_overlay.jpg,福建省德化县医院__图片__福建省德化县医院__dhyz(1)__dhyz__dh02-1.png,福建省德化县医院__图片__福建省德化县医院__dhyz(1)__dhyz__dh02-1.json
dataset/gastritis_external/processed_images/福建省德化县医院/crop_ui,福建省德化县医院__图片__福建省德化县医院__dhyz(1)__dhyz__dh26-1.jpg,0,1,1,1,0,,福建省德化县医院__图片__福建省德化县医院__dhyz(1)__dhyz__dh26-1_overlay.jpg,福建省德化县医院__图片__福建省德化县医院__dhyz(1)__dhyz__dh26-1.png,福建省德化县医院__图片__福建省德化县医院__dhyz(1)__dhyz__dh26-1.json
dataset/gastritis_external/processed_images/福建省德化县医院/crop_ui,福建省德化县医院__图片__福建省德化县医院__dhyz(1)__dhyz__dh06-3.jpg,0,1,1,1,0,,福建省德化县医院__图片__福建省德化县医院__dhyz(1)__dhyz__dh06-3_overlay.jpg,福建省德化县医院__图片__福建省德化县医院__dhyz(1)__dhyz__dh06-3.png,福建省德化县医院__图片__福建省德化县医院__dhyz(1)__dhyz__dh06-3.json
dataset/gastritis_external/processed_images/福建省德化县医院/crop_ui,福建省德化县医院__图片__福建省德化县医院__dhyz(1)__dhyz__dh58-1.jpg,0,1,1,1,0,,福建省德化县医院__图片__福建省德化县医院__dhyz(1)__dhyz__dh58-1_overlay.jpg,福建省德化县医院__图片__福建省德化县医院__dhyz(1)__dhyz__dh58-1.png,福建省德化县医院__图片__福建省德化县医院__dhyz(1)__dhyz__dh58-1.json
dataset/gastritis_external/processed_images/福建省德化县医院/crop_ui,福建省德化县医院__图片__福建省德化县医院__dhyz(1)__dhyz__dh11-3.jpg,0,1,1,1,0,,福建省德化县医院__图片__福建省德化县医院__dhyz(1)__dhyz__dh11-3_overlay.jpg,福建省德化县医院__图片__福建省德化县医院__dhyz(1)__dhyz__dh11-3.png,福建省德化县医院__图片__福建省德化县医院__dhyz(1)__dhyz__dh11-3.json
dataset/gastritis_external/processed_images/福建省德化县医院/crop_ui,福建省德化县医院__图片__福建省德化县医院__dhyz(1)__dhyz__dh32-1.jpg,0,1,1,1,0,,福建省德化县医院__图片__福建省德化县医院__dhyz(1)__dhyz__dh32-1_overlay.jpg,福建省德化县医院__图片__福建省德化县医院__dhyz(1)__dhyz__dh32-1.png,福建省德化县医院__图片__福建省德化县医院__dhyz(1)__dhyz__dh32-1.json
dataset/gastritis_external/processed_images/福建省德化县医院/crop_ui,福建省德化县医院__图片__福建省德化县医院__dhyz(1)__dhyz__dh43-4.jpg,0,1,1,1,0,,福建省德化县医院__图片__福建省德化县医院__dhyz(1)__dhyz__dh43-4_overlay.jpg,福建省德化县医院__图片__福建省德化县医院__dhyz(1)__dhyz__dh43-4.png,福建省德化县医院__图片__福建省德化县医院__dhyz(1)__dhyz__dh43-4.json
dataset/gastritis_external/processed_images/福建省德化县医院/crop_ui,福建省德化县医院__图片__福建省德化县医院__dhyz(1)__dhyz__dh05-1.jpg,0,1,1,1,0,,福建省德化县医院__图片__福建省德化县医院__dhyz(1)__dhyz__dh05-1_overlay.jpg,福建省德化县医院__图片__福建省德化县医院__dhyz(1)__dhyz__dh05-1.png,福建省德化县医院__图片__福建省德化县医院__dhyz(1)__dhyz__dh05-1.json
dataset/gastritis_external/processed_images/福建省德化县医院/crop_ui,福建省德化县医院__图片__福建省德化县医院__dhyz(1)__dhyz__dh58-2.jpg,0,1,1,1,0,,福建省德化县医院__图片__福建省德化县医院__dhyz(1)__dhyz__dh58-2_overlay.jpg,福建省德化县医院__图片__福建省德化县医院__dhyz(1)__dhyz__dh58-2.png,福建省德化县医院__图片__福建省德化县医院__dhyz(1)__dhyz__dh58-2.json
dataset/gastritis_external/processed_images/福建省德化县医院/crop_ui,福建省德化县医院__图片__福建省德化县医院__dhyz(1)__dhyz__dh53-3.jpg,0,1,1,1,0,,福建省德化县医院__图片__福建省德化县医院__dhyz(1)__dhyz__dh53-3_overlay.jpg,福建省德化县医院__图片__福建省德化县医院__dhyz(1)__dhyz__dh53-3.png,福建省德化县医院__图片__福建省德化县医院__dhyz(1)__dhyz__dh53-3.json
dataset/gastritis_external/processed_images/福建省德化县医院/crop_ui,福建省德化县医院__图片__福建省德化县医院__dhyz(1)__dhyz__dh55-2.jpg,0,1,1,1,0,,福建省德化县医院__图片__福建省德化县医院__dhyz(1)__dhyz__dh55-2_overlay.jpg,福建省德化县医院__图片__福建省德化县医院__dhyz(1)__dhyz__dh55-2.png,福建省德化县医院__图片__福建省德化县医院__dhyz(1)__dhyz__dh55-2.json
dataset/gastritis_external/processed_images/福建省德化县医院/crop_ui,福建省德化县医院__图片__福建省德化县医院__dhyz(1)__dhyz__dh03-2.jpg,0,1,1,1,0,,福建省德化县医院__图片__福建省德化县医院__dhyz(1)__dhyz__dh03-2_overlay.jpg,福建省德化县医院__图片__福建省德化县医院__dhyz(1)__dhyz__dh03-2.png,福建省德化县医院__图片__福建省德化县医院__dhyz(1)__dhyz__dh03-2.json
dataset/gastritis_external/processed_images/福建省德化县医院/crop_ui,福建省德化县医院__图片__福建省德化县医院__dhyz(1)__dhyz__dh47-1.jpg,0,1,1,1,0,,福建省德化县医院__图片__福建省德化县医院__dhyz(1)__dhyz__dh47-1_overlay.jpg,福建省德化县医院__图片__福建省德化县医院__dhyz(1)__dhyz__dh47-1.png,福建省德化县医院__图片__福建省德化县医院__dhyz(1)__dhyz__dh47-1.json
dataset/gastritis_external/processed_images/福建省德化县医院/crop_ui,福建省德化县医院__图片__福建省德化县医院__dhyz(1)__dhyz__dh27-1.jpg,0,1,1,1,0,,福建省德化县医院__图片__福建省德化县医院__dhyz(1)__dhyz__dh27-1_overlay.jpg,福建省德化县医院__图片__福建省德化县医院__dhyz(1)__dhyz__dh27-1.png,福建省德化县医院__图片__福建省德化县医院__dhyz(1)__dhyz__dh27-1.json
dataset/gastritis_external/processed_images/福建省德化县医院/crop_ui,福建省德化县医院__图片__福建省德化县医院__dhyz(1)__dhyz__dh52-2.jpg,0,1,1,1,0,,福建省德化县医院__图片__福建省德化县医院__dhyz(1)__dhyz__dh52-2_overlay.jpg,福建省德化县医院__图片__福建省德化县医院__dhyz(1)__dhyz__dh52-2.png,福建省德化县医院__图片__福建省德化县医院__dhyz(1)__dhyz__dh52-2.json
dataset/gastritis_external/processed_images/福建省德化县医院/crop_ui,福建省德化县医院__图片__福建省德化县医院__dhyz(1)__dhyz__dh18-2.jpg,0,1,1,1,0,,福建省德化县医院__图片__福建省德化县医院__dhyz(1)__dhyz__dh18-2_overlay.jpg,福建省德化县医院__图片__福建省德化县医院__dhyz(1)__dhyz__dh18-2.png,福建省德化县医院__图片__福建省德化县医院__dhyz(1)__dhyz__dh18-2.json
dataset/gastritis_external/processed_images/福建省德化县医院/crop_ui,福建省德化县医院__图片__福建省德化县医院__dhyz(1)__dhyz__dh12-3.jpg,0,1,1,1,0,,福建省德化县医院__图片__福建省德化县医院__dhyz(1)__dhyz__dh12-3_overlay.jpg,福建省德化县医院__图片__福建省德化县医院__dhyz(1)__dhyz__dh12-3.png,福建省德化县医院__图片__福建省德化县医院__dhyz(1)__dhyz__dh12-3.json
dataset/gastritis_external/processed_images/福建省德化县医院/crop_ui,福建省德化县医院__图片__福建省德化县医院__dhyz(1)__dhyz__dh30-5.jpg,0,1,1,1,0,,福建省德化县医院__图片__福建省德化县医院__dhyz(1)__dhyz__dh30-5_overlay.jpg,福建省德化县医院__图片__福建省德化县医院__dhyz(1)__dhyz__dh30-5.png,福建省德化县医院__图片__福建省德化县医院__dhyz(1)__dhyz__dh30-5.json
dataset/gastritis_external/processed_images/福建省德化县医院/crop_ui,福建省德化县医院__图片__福建省德化县医院__dhyz(1)__dhyz__dh19-4.jpg,0,1,1,1,0,,福建省德化县医院__图片__福建省德化县医院__dhyz(1)__dhyz__dh19-4_overlay.jpg,福建省德化县医院__图片__福建省德化县医院__dhyz(1)__dhyz__dh19-4.png,福建省德化县医院__图片__福建省德化县医院__dhyz(1)__dhyz__dh19-4.json
dataset/gastritis_external/processed_images/福建省德化县医院/crop_ui,福建省德化县医院__图片__福建省德化县医院__dhyz(1)__dhyz__dh40-1.jpg,0,1,1,1,0,,福建省德化县医院__图片__福建省德化县医院__dhyz(1)__dhyz__dh40-1_overlay.jpg,福建省德化县医院__图片__福建省德化县医院__dhyz(1)__dhyz__dh40-1.png,福建省德化县医院__图片__福建省德化县医院__dhyz(1)__dhyz__dh40-1.json
dataset/gastritis_external/processed_images/福建省德化县医院/crop_ui,福建省德化县医院__图片__福建省德化县医院__dhyz(1)__dhyz__dh10-2.jpg,0,1,1,1,0,,福建省德化县医院__图片__福建省德化县医院__dhyz(1)__dhyz__dh10-2_overlay.jpg,福建省德化县医院__图片__福建省德化县医院__dhyz(1)__dhyz__dh10-2.png,福建省德化县医院__图片__福建省德化县医院__dhyz(1)__dhyz__dh10-2.json
dataset/gastritis_external/processed_images/福建省德化县医院/crop_ui,福建省德化县医院__图片__福建省德化县医院__dhyz(1)__dhyz__dh30-1.jpg,0,1,1,1,0,,福建省德化县医院__图片__福建省德化县医院__dhyz(1)__dhyz__dh30-1_overlay.jpg,福建省德化县医院__图片__福建省德化县医院__dhyz(1)__dhyz__dh30-1.png,福建省德化县医院__图片__福建省德化县医院__dhyz(1)__dhyz__dh30-1.json
dataset/gastritis_external/processed_images/福建省德化县医院/crop_ui,福建省德化县医院__图片__福建省德化县医院__dhyz(1)__dhyz__dh25-1.jpg,0,1,1,1,0,,福建省德化县医院__图片__福建省德化县医院__dhyz(1)__dhyz__dh25-1_overlay.jpg,福建省德化县医院__图片__福建省德化县医院__dhyz(1)__dhyz__dh25-1.png,福建省德化县医院__图片__福建省德化县医院__dhyz(1)__dhyz__dh25-1.json
dataset/gastritis_external/processed_images/福建省德化县医院/crop_ui,福建省德化县医院__图片__福建省德化县医院__dhyz(1)__dhyz__dh09-5.jpg,0,1,1,1,0,,福建省德化县医院__图片__福建省德化县医院__dhyz(1)__dhyz__dh09-5_overlay.jpg,福建省德化县医院__图片__福建省德化县医院__dhyz(1)__dhyz__dh09-5.png,福建省德化县医院__图片__福建省德化县医院__dhyz(1)__dhyz__dh09-5.json
dataset/gastritis_external/processed_images/福建省德化县医院/crop_ui,福建省德化县医院__图片__福建省德化县医院__dhyz(1)__dhyz__dh17-1.jpg,0,1,1,1,0,,福建省德化县医院__图片__福建省德化县医院__dhyz(1)__dhyz__dh17-1_overlay.jpg,福建省德化县医院__图片__福建省德化县医院__dhyz(1)__dhyz__dh17-1.png,福建省德化县医院__图片__福建省德化县医院__dhyz(1)__dhyz__dh17-1.json
dataset/gastritis_external/processed_images/福建省德化县医院/crop_ui,福建省德化县医院__图片__福建省德化县医院__dhyz(1)__dhyz__dh14-1.jpg,0,1,1,1,0,,福建省德化县医院__图片__福建省德化县医院__dhyz(1)__dhyz__dh14-1_overlay.jpg,福建省德化县医院__图片__福建省德化县医院__dhyz(1)__dhyz__dh14-1.png,福建省德化县医院__图片__福建省德化县医院__dhyz(1)__dhyz__dh14-1.json
dataset/gastritis_external/processed_images/福建省德化县医院/crop_ui,福建省德化县医院__图片__福建省德化县医院__dhyz(1)__dhyz__dh46-4.jpg,0,1,1,1,0,,福建省德化县医院__图片__福建省德化县医院__dhyz(1)__dhyz__dh46-4_overlay.jpg,福建省德化县医院__图片__福建省德化县医院__dhyz(1)__dhyz__dh46-4.png,福建省德化县医院__图片__福建省德化县医院__dhyz(1)__dhyz__dh46-4.json
dataset/gastritis_external/processed_images/福建省德化县医院/crop_ui,福建省德化县医院__图片__福建省德化县医院__dhyz(1)__dhyz__dh03-3.jpg,0,1,1,1,0,,福建省德化县医院__图片__福建省德化县医院__dhyz(1)__dhyz__dh03-3_overlay.jpg,福建省德化县医院__图片__福建省德化县医院__dhyz(1)__dhyz__dh03-3.png,福建省德化县医院__图片__福建省德化县医院__dhyz(1)__dhyz__dh03-3.json
dataset/gastritis_external/processed_images/福建省德化县医院/crop_ui,福建省德化县医院__图片__福建省德化县医院__dhyz(1)__dhyz__dh30-2.jpg,0,1,1,1,0,,福建省德化县医院__图片__福建省德化县医院__dhyz(1)__dhyz__dh30-2_overlay.jpg,福建省德化县医院__图片__福建省德化县医院__dhyz(1)__dhyz__dh30-2.png,福建省德化县医院__图片__福建省德化县医院__dhyz(1)__dhyz__dh30-2.json
dataset/gastritis_external/processed_images/福建省德化县医院/crop_ui,福建省德化县医院__图片__福建省德化县医院__dhyz(1)__dhyz__dh18-4.jpg,0,1,1,1,0,,福建省德化县医院__图片__福建省德化县医院__dhyz(1)__dhyz__dh18-4_overlay.jpg,福建省德化县医院__图片__福建省德化县医院__dhyz(1)__dhyz__dh18-4.png,福建省德化县医院__图片__福建省德化县医院__dhyz(1)__dhyz__dh18-4.json
dataset/gastritis_external/processed_images/福建省德化县医院/crop_ui,福建省德化县医院__图片__福建省德化县医院__dhyz(1)__dhyz__dh39-2.jpg,0,1,1,1,0,,福建省德化县医院__图片__福建省德化县医院__dhyz(1)__dhyz__dh39-2_overlay.jpg,福建省德化县医院__图片__福建省德化县医院__dhyz(1)__dhyz__dh39-2.png,福建省德化县医院__图片__福建省德化县医院__dhyz(1)__dhyz__dh39-2.json
dataset/gastritis_external/processed_images/福建省德化县医院/crop_ui,福建省德化县医院__图片__福建省德化县医院__dhyz(1)__dhyz__dh64.jpg,0,1,1,1,0,,福建省德化县医院__图片__福建省德化县医院__dhyz(1)__dhyz__dh64_overlay.jpg,福建省德化县医院__图片__福建省德化县医院__dhyz(1)__dhyz__dh64.png,福建省德化县医院__图片__福建省德化县医院__dhyz(1)__dhyz__dh64.json
dataset/gastritis_external/processed_images/福建省德化县医院/crop_ui,福建省德化县医院__图片__福建省德化县医院__dhyz(1)__dhyz__dh04-3.jpg,0,1,1,1,0,,福建省德化县医院__图片__福建省德化县医院__dhyz(1)__dhyz__dh04-3_overlay.jpg,福建省德化县医院__图片__福建省德化县医院__dhyz(1)__dhyz__dh04-3.png,福建省德化县医院__图片__福建省德化县医院__dhyz(1)__dhyz__dh04-3.json
dataset/gastritis_external/processed_images/福建省德化县医院/crop_ui,福建省德化县医院__图片__福建省德化县医院__dhyz(1)__dhyz__dh06-1.jpg,0,1,1,1,0,,福建省德化县医院__图片__福建省德化县医院__dhyz(1)__dhyz__dh06-1_overlay.jpg,福建省德化县医院__图片__福建省德化县医院__dhyz(1)__dhyz__dh06-1.png,福建省德化县医院__图片__福建省德化县医院__dhyz(1)__dhyz__dh06-1.json
dataset/gastritis_external/processed_images/福建省德化县医院/crop_ui,福建省德化县医院__图片__福建省德化县医院__dhyz(1)__dhyz__dh61-2.jpg,0,1,1,1,0,,福建省德化县医院__图片__福建省德化县医院__dhyz(1)__dhyz__dh61-2_overlay.jpg,福建省德化县医院__图片__福建省德化县医院__dhyz(1)__dhyz__dh61-2.png,福建省德化县医院__图片__福建省德化县医院__dhyz(1)__dhyz__dh61-2.json
dataset/gastritis_external/processed_images/福建省德化县医院/crop_ui,福建省德化县医院__图片__福建省德化县医院__dhyz(1)__dhyz__dh31-2.jpg,0,1,1,1,0,,福建省德化县医院__图片__福建省德化县医院__dhyz(1)__dhyz__dh31-2_overlay.jpg,福建省德化县医院__图片__福建省德化县医院__dhyz(1)__dhyz__dh31-2.png,福建省德化县医院__图片__福建省德化县医院__dhyz(1)__dhyz__dh31-2.json
dataset/gastritis_external/processed_images/福建省德化县医院/crop_ui,福建省德化县医院__图片__福建省德化县医院__dhyz(1)__dhyz__dh22-4.jpg,0,1,1,1,0,,福建省德化县医院__图片__福建省德化县医院__dhyz(1)__dhyz__dh22-4_overlay.jpg,福建省德化县医院__图片__福建省德化县医院__dhyz(1)__dhyz__dh22-4.png,福建省德化县医院__图片__福建省德化县医院__dhyz(1)__dhyz__dh22-4.json
dataset/gastritis_external/processed_images/福建省德化县医院/crop_ui,福建省德化县医院__图片__福建省德化县医院__dhyz(1)__dhyz__dh34-2.jpg,0,1,1,1,0,,福建省德化县医院__图片__福建省德化县医院__dhyz(1)__dhyz__dh34-2_overlay.jpg,福建省德化县医院__图片__福建省德化县医院__dhyz(1)__dhyz__dh34-2.png,福建省德化县医院__图片__福建省德化县医院__dhyz(1)__dhyz__dh34-2.json
dataset/gastritis_external/processed_images/福建省德化县医院/crop_ui,福建省德化县医院__图片__福建省德化县医院__dhyz(1)__dhyz__dh46-1.jpg,0,1,1,1,0,,福建省德化县医院__图片__福建省德化县医院__dhyz(1)__dhyz__dh46-1_overlay.jpg,福建省德化县医院__图片__福建省德化县医院__dhyz(1)__dhyz__dh46-1.png,福建省德化县医院__图片__福建省德化县医院__dhyz(1)__dhyz__dh46-1.json
dataset/gastritis_external/processed_images/福建省德化县医院/crop_ui,福建省德化县医院__图片__福建省德化县医院__dhyz(1)__dhyz__dh41-5.jpg,0,1,1,1,0,,福建省德化县医院__图片__福建省德化县医院__dhyz(1)__dhyz__dh41-5_overlay.jpg,福建省德化县医院__图片__福建省德化县医院__dhyz(1)__dhyz__dh41-5.png,福建省德化县医院__图片__福建省德化县医院__dhyz(1)__dhyz__dh41-5.json
dataset/gastritis_external/processed_images/福建省德化县医院/crop_ui,福建省德化县医院__图片__福建省德化县医院__dhyz(1)__dhyz__dh49-2.jpg,0,1,1,1,0,,福建省德化县医院__图片__福建省德化县医院__dhyz(1)__dhyz__dh49-2_overlay.jpg,福建省德化县医院__图片__福建省德化县医院__dhyz(1)__dhyz__dh49-2.png,福建省德化县医院__图片__福建省德化县医院__dhyz(1)__dhyz__dh49-2.json
dataset/gastritis_external/processed_images/福建省德化县医院/crop_ui,福建省德化县医院__图片__福建省德化县医院__dhyz(1)__dhyz__dh42-1.jpg,0,1,1,1,0,,福建省德化县医院__图片__福建省德化县医院__dhyz(1)__dhyz__dh42-1_overlay.jpg,福建省德化县医院__图片__福建省德化县医院__dhyz(1)__dhyz__dh42-1.png,福建省德化县医院__图片__福建省德化县医院__dhyz(1)__dhyz__dh42-1.json
dataset/gastritis_external/processed_images/福建省德化县医院/crop_ui,福建省德化县医院__图片__福建省德化县医院__dhyz(1)__dhyz__dh01-2.jpg,0,1,1,1,0,,福建省德化县医院__图片__福建省德化县医院__dhyz(1)__dhyz__dh01-2_overlay.jpg,福建省德化县医院__图片__福建省德化县医院__dhyz(1)__dhyz__dh01-2.png,福建省德化县医院__图片__福建省德化县医院__dhyz(1)__dhyz__dh01-2.json
dataset/gastritis_external/processed_images/福建省德化县医院/crop_ui,福建省德化县医院__图片__福建省德化县医院__dhyz(1)__dhyz__dh48-2.jpg,0,1,1,1,0,,福建省德化县医院__图片__福建省德化县医院__dhyz(1)__dhyz__dh48-2_overlay.jpg,福建省德化县医院__图片__福建省德化县医院__dhyz(1)__dhyz__dh48-2.png,福建省德化县医院__图片__福建省德化县医院__dhyz(1)__dhyz__dh48-2.json
dataset/gastritis_external/processed_images/福建省德化县医院/crop_ui,福建省德化县医院__图片__福建省德化县医院__dhyz(1)__dhyz__dh54-4.jpg,0,1,1,1,0,,福建省德化县医院__图片__福建省德化县医院__dhyz(1)__dhyz__dh54-4_overlay.jpg,福建省德化县医院__图片__福建省德化县医院__dhyz(1)__dhyz__dh54-4.png,福建省德化县医院__图片__福建省德化县医院__dhyz(1)__dhyz__dh54-4.json
dataset/gastritis_external/processed_images/福建省德化县医院/crop_ui,福建省德化县医院__图片__福建省德化县医院__dhyz(1)__dhyz__dh30-4.jpg,0,1,1,1,0,,福建省德化县医院__图片__福建省德化县医院__dhyz(1)__dhyz__dh30-4_overlay.jpg,福建省德化县医院__图片__福建省德化县医院__dhyz(1)__dhyz__dh30-4.png,福建省德化县医院__图片__福建省德化县医院__dhyz(1)__dhyz__dh30-4.json
dataset/gastritis_external/processed_images/福建省德化县医院/crop_ui,福建省德化县医院__图片__福建省德化县医院__dhyz(1)__dhyz__dh02-6.jpg,0,1,1,1,0,,福建省德化县医院__图片__福建省德化县医院__dhyz(1)__dhyz__dh02-6_overlay.jpg,福建省德化县医院__图片__福建省德化县医院__dhyz(1)__dhyz__dh02-6.png,福建省德化县医院__图片__福建省德化县医院__dhyz(1)__dhyz__dh02-6.json
dataset/gastritis_external/processed_images/福建省德化县医院/crop_ui,福建省德化县医院__图片__福建省德化县医院__dhyz(1)__dhyz__dh11-2.jpg,0,1,1,1,0,,福建省德化县医院__图片__福建省德化县医院__dhyz(1)__dhyz__dh11-2_overlay.jpg,福建省德化县医院__图片__福建省德化县医院__dhyz(1)__dhyz__dh11-2.png,福建省德化县医院__图片__福建省德化县医院__dhyz(1)__dhyz__dh11-2.json
dataset/gastritis_external/processed_images/福建省德化县医院/crop_ui,福建省德化县医院__图片__福建省德化县医院__dhyz(1)__dhyz__dh46-3.jpg,0,1,1,1,0,,福建省德化县医院__图片__福建省德化县医院__dhyz(1)__dhyz__dh46-3_overlay.jpg,福建省德化县医院__图片__福建省德化县医院__dhyz(1)__dhyz__dh46-3.png,福建省德化县医院__图片__福建省德化县医院__dhyz(1)__dhyz__dh46-3.json
dataset/gastritis_external/processed_images/福建省德化县医院/crop_ui,福建省德化县医院__图片__福建省德化县医院__dhyz(1)__dhyz__dh45-2.jpg,0,1,1,1,0,,福建省德化县医院__图片__福建省德化县医院__dhyz(1)__dhyz__dh45-2_overlay.jpg,福建省德化县医院__图片__福建省德化县医院__dhyz(1)__dhyz__dh45-2.png,福建省德化县医院__图片__福建省德化县医院__dhyz(1)__dhyz__dh45-2.json
dataset/gastritis_external/processed_images/福建省德化县医院/crop_ui,福建省德化县医院__图片__福建省德化县医院__dhyz(1)__dhyz__dh43-1.jpg,0,1,1,1,0,,福建省德化县医院__图片__福建省德化县医院__dhyz(1)__dhyz__dh43-1_overlay.jpg,福建省德化县医院__图片__福建省德化县医院__dhyz(1)__dhyz__dh43-1.png,福建省德化县医院__图片__福建省德化县医院__dhyz(1)__dhyz__dh43-1.json
dataset/gastritis_external/processed_images/福建省德化县医院/crop_ui,福建省德化县医院__图片__福建省德化县医院__dhyz(1)__dhyz__dh12-4.jpg,0,1,1,1,0,,福建省德化县医院__图片__福建省德化县医院__dhyz(1)__dhyz__dh12-4_overlay.jpg,福建省德化县医院__图片__福建省德化县医院__dhyz(1)__dhyz__dh12-4.png,福建省德化县医院__图片__福建省德化县医院__dhyz(1)__dhyz__dh12-4.json
dataset/gastritis_external/processed_images/福建省德化县医院/crop_ui,福建省德化县医院__图片__福建省德化县医院__dhyz(1)__dhyz__dh08-3.jpg,0,1,1,1,0,,福建省德化县医院__图片__福建省德化县医院__dhyz(1)__dhyz__dh08-3_overlay.jpg,福建省德化县医院__图片__福建省德化县医院__dhyz(1)__dhyz__dh08-3.png,福建省德化县医院__图片__福建省德化县医院__dhyz(1)__dhyz__dh08-3.json
dataset/gastritis_external/processed_images/福建省德化县医院/crop_ui,福建省德化县医院__图片__福建省德化县医院__dhyz(1)__dhyz__dh35-2.jpg,0,1,1,1,0,,福建省德化县医院__图片__福建省德化县医院__dhyz(1)__dhyz__dh35-2_overlay.jpg,福建省德化县医院__图片__福建省德化县医院__dhyz(1)__dhyz__dh35-2.png,福建省德化县医院__图片__福建省德化县医院__dhyz(1)__dhyz__dh35-2.json
dataset/gastritis_external/processed_images/福建省德化县医院/crop_ui,福建省德化县医院__图片__福建省德化县医院__dhyz(1)__dhyz__dh15-1.jpg,0,1,1,1,0,,福建省德化县医院__图片__福建省德化县医院__dhyz(1)__dhyz__dh15-1_overlay.jpg,福建省德化县医院__图片__福建省德化县医院__dhyz(1)__dhyz__dh15-1.png,福建省德化县医院__图片__福建省德化县医院__dhyz(1)__dhyz__dh15-1.json
dataset/gastritis_external/processed_images/福建省德化县医院/crop_ui,福建省德化县医院__图片__福建省德化县医院__dhyz(1)__dhyz__dh35-1.jpg,0,1,1,1,0,,福建省德化县医院__图片__福建省德化县医院__dhyz(1)__dhyz__dh35-1_overlay.jpg,福建省德化县医院__图片__福建省德化县医院__dhyz(1)__dhyz__dh35-1.png,福建省德化县医院__图片__福建省德化县医院__dhyz(1)__dhyz__dh35-1.json
dataset/gastritis_external/processed_images/福建省德化县医院/crop_ui,福建省德化县医院__图片__福建省德化县医院__dhyz(1)__dhyz__dh12-5.jpg,0,1,1,1,0,,福建省德化县医院__图片__福建省德化县医院__dhyz(1)__dhyz__dh12-5_overlay.jpg,福建省德化县医院__图片__福建省德化县医院__dhyz(1)__dhyz__dh12-5.png,福建省德化县医院__图片__福建省德化县医院__dhyz(1)__dhyz__dh12-5.json
dataset/gastritis_external/processed_images/福建省德化县医院/crop_ui,福建省德化县医院__图片__福建省德化县医院__dhyz(1)__dhyz__dh24-2.jpg,0,1,1,1,0,,福建省德化县医院__图片__福建省德化县医院__dhyz(1)__dhyz__dh24-2_overlay.jpg,福建省德化县医院__图片__福建省德化县医院__dhyz(1)__dhyz__dh24-2.png,福建省德化县医院__图片__福建省德化县医院__dhyz(1)__dhyz__dh24-2.json
dataset/gastritis_external/processed_images/福建省德化县医院/crop_ui,福建省德化县医院__图片__福建省德化县医院__dhyz(1)__dhyz__dh08-1.jpg,0,1,1,1,0,,福建省德化县医院__图片__福建省德化县医院__dhyz(1)__dhyz__dh08-1_overlay.jpg,福建省德化县医院__图片__福建省德化县医院__dhyz(1)__dhyz__dh08-1.png,福建省德化县医院__图片__福建省德化县医院__dhyz(1)__dhyz__dh08-1.json
dataset/gastritis_external/processed_images/福建省德化县医院/crop_ui,福建省德化县医院__图片__福建省德化县医院__dhyz(1)__dhyz__dh31-3.jpg,0,1,1,1,0,,福建省德化县医院__图片__福建省德化县医院__dhyz(1)__dhyz__dh31-3_overlay.jpg,福建省德化县医院__图片__福建省德化县医院__dhyz(1)__dhyz__dh31-3.png,福建省德化县医院__图片__福建省德化县医院__dhyz(1)__dhyz__dh31-3.json
dataset/gastritis_external/processed_images/福建省德化县医院/crop_ui,福建省德化县医院__图片__福建省德化县医院__dhyz(1)__dhyz__dh63.jpg,0,1,1,1,0,,福建省德化县医院__图片__福建省德化县医院__dhyz(1)__dhyz__dh63_overlay.jpg,福建省德化县医院__图片__福建省德化县医院__dhyz(1)__dhyz__dh63.png,福建省德化县医院__图片__福建省德化县医院__dhyz(1)__dhyz__dh63.json
dataset/gastritis_external/processed_images/福建省德化县医院/crop_ui,福建省德化县医院__图片__福建省德化县医院__dhyz(1)__dhyz__dh30-3.jpg,0,1,1,1,0,,福建省德化县医院__图片__福建省德化县医院__dhyz(1)__dhyz__dh30-3_overlay.jpg,福建省德化县医院__图片__福建省德化县医院__dhyz(1)__dhyz__dh30-3.png,福建省德化县医院__图片__福建省德化县医院__dhyz(1)__dhyz__dh30-3.json
dataset/gastritis_external/processed_images/福建省德化县医院/crop_ui,福建省德化县医院__图片__福建省德化县医院__dhyz(1)__dhyz__dh02-3.jpg,0,1,1,1,0,,福建省德化县医院__图片__福建省德化县医院__dhyz(1)__dhyz__dh02-3_overlay.jpg,福建省德化县医院__图片__福建省德化县医院__dhyz(1)__dhyz__dh02-3.png,福建省德化县医院__图片__福建省德化县医院__dhyz(1)__dhyz__dh02-3.json
dataset/gastritis_external/processed_images/福建省德化县医院/crop_ui,福建省德化县医院__图片__福建省德化县医院__dhyz(1)__dhyz__dh13-4.jpg,0,1,1,1,0,,福建省德化县医院__图片__福建省德化县医院__dhyz(1)__dhyz__dh13-4_overlay.jpg,福建省德化县医院__图片__福建省德化县医院__dhyz(1)__dhyz__dh13-4.png,福建省德化县医院__图片__福建省德化县医院__dhyz(1)__dhyz__dh13-4.json
dataset/gastritis_external/processed_images/福建省德化县医院/crop_ui,福建省德化县医院__图片__福建省德化县医院__dhyz(1)__dhyz__dh48-3.jpg,0,1,1,1,0,,福建省德化县医院__图片__福建省德化县医院__dhyz(1)__dhyz__dh48-3_overlay.jpg,福建省德化县医院__图片__福建省德化县医院__dhyz(1)__dhyz__dh48-3.png,福建省德化县医院__图片__福建省德化县医院__dhyz(1)__dhyz__dh48-3.json
dataset/gastritis_external/processed_images/福建省德化县医院/crop_ui,福建省德化县医院__图片__福建省德化县医院__dhyz(1)__dhyz__dh17-5.jpg,0,1,1,1,0,,福建省德化县医院__图片__福建省德化县医院__dhyz(1)__dhyz__dh17-5_overlay.jpg,福建省德化县医院__图片__福建省德化县医院__dhyz(1)__dhyz__dh17-5.png,福建省德化县医院__图片__福建省德化县医院__dhyz(1)__dhyz__dh17-5.json
dataset/gastritis_external/processed_images/福建省德化县医院/crop_ui,福建省德化县医院__图片__福建省德化县医院__dhyz(1)__dhyz__dh13-2.jpg,0,1,1,1,0,,福建省德化县医院__图片__福建省德化县医院__dhyz(1)__dhyz__dh13-2_overlay.jpg,福建省德化县医院__图片__福建省德化县医院__dhyz(1)__dhyz__dh13-2.png,福建省德化县医院__图片__福建省德化县医院__dhyz(1)__dhyz__dh13-2.json
dataset/gastritis_external/processed_images/福建省德化县医院/crop_ui,福建省德化县医院__图片__福建省德化县医院__dhyz(1)__dhyz__dh08-2.jpg,0,1,1,1,0,,福建省德化县医院__图片__福建省德化县医院__dhyz(1)__dhyz__dh08-2_overlay.jpg,福建省德化县医院__图片__福建省德化县医院__dhyz(1)__dhyz__dh08-2.png,福建省德化县医院__图片__福建省德化县医院__dhyz(1)__dhyz__dh08-2.json
dataset/gastritis_external/processed_images/福建省德化县医院/crop_ui,福建省德化县医院__图片__福建省德化县医院__dhyz(1)__dhyz__dh05-3.jpg,0,1,1,1,0,,福建省德化县医院__图片__福建省德化县医院__dhyz(1)__dhyz__dh05-3_overlay.jpg,福建省德化县医院__图片__福建省德化县医院__dhyz(1)__dhyz__dh05-3.png,福建省德化县医院__图片__福建省德化县医院__dhyz(1)__dhyz__dh05-3.json
dataset/gastritis_external/processed_images/福建省德化县医院/crop_ui,福建省德化县医院__图片__福建省德化县医院__dhyz(1)__dhyz__dh49-5.jpg,0,1,1,1,0,,福建省德化县医院__图片__福建省德化县医院__dhyz(1)__dhyz__dh49-5_overlay.jpg,福建省德化县医院__图片__福建省德化县医院__dhyz(1)__dhyz__dh49-5.png,福建省德化县医院__图片__福建省德化县医院__dhyz(1)__dhyz__dh49-5.json
dataset/gastritis_external/processed_images/福建省德化县医院/crop_ui,福建省德化县医院__图片__福建省德化县医院__dhyz(1)__dhyz__dh19-3.jpg,0,1,1,1,0,,福建省德化县医院__图片__福建省德化县医院__dhyz(1)__dhyz__dh19-3_overlay.jpg,福建省德化县医院__图片__福建省德化县医院__dhyz(1)__dhyz__dh19-3.png,福建省德化县医院__图片__福建省德化县医院__dhyz(1)__dhyz__dh19-3.json
dataset/gastritis_external/processed_images/福建省德化县医院/crop_ui,福建省德化县医院__图片__福建省德化县医院__dhyz(1)__dhyz__dh10-1.jpg,0,1,1,1,0,,福建省德化县医院__图片__福建省德化县医院__dhyz(1)__dhyz__dh10-1_overlay.jpg,福建省德化县医院__图片__福建省德化县医院__dhyz(1)__dhyz__dh10-1.png,福建省德化县医院__图片__福建省德化县医院__dhyz(1)__dhyz__dh10-1.json
dataset/gastritis_external/processed_images/福建省德化县医院/crop_ui,福建省德化县医院__图片__福建省德化县医院__dhyz(1)__dhyz__dh55-3.jpg,0,1,1,1,0,,福建省德化县医院__图片__福建省德化县医院__dhyz(1)__dhyz__dh55-3_overlay.jpg,福建省德化县医院__图片__福建省德化县医院__dhyz(1)__dhyz__dh55-3.png,福建省德化县医院__图片__福建省德化县医院__dhyz(1)__dhyz__dh55-3.json
dataset/gastritis_external/processed_images/福建省德化县医院/crop_ui,福建省德化县医院__图片__福建省德化县医院__dhyz(1)__dhyz__dh04-2.jpg,0,1,1,1,0,,福建省德化县医院__图片__福建省德化县医院__dhyz(1)__dhyz__dh04-2_overlay.jpg,福建省德化县医院__图片__福建省德化县医院__dhyz(1)__dhyz__dh04-2.png,福建省德化县医院__图片__福建省德化县医院__dhyz(1)__dhyz__dh04-2.json
dataset/gastritis_external/processed_images/福建省德化县医院/crop_ui,福建省德化县医院__图片__福建省德化县医院__dhyz(1)__dhyz__dh24-3.jpg,0,1,1,1,0,,福建省德化县医院__图片__福建省德化县医院__dhyz(1)__dhyz__dh24-3_overlay.jpg,福建省德化县医院__图片__福建省德化县医院__dhyz(1)__dhyz__dh24-3.png,福建省德化县医院__图片__福建省德化县医院__dhyz(1)__dhyz__dh24-3.json
dataset/gastritis_external/processed_images/福建省德化县医院/crop_ui,福建省德化县医院__图片__福建省德化县医院__dhyz(1)__dhyz__dh19-1.jpg,0,1,1,1,0,,福建省德化县医院__图片__福建省德化县医院__dhyz(1)__dhyz__dh19-1_overlay.jpg,福建省德化县医院__图片__福建省德化县医院__dhyz(1)__dhyz__dh19-1.png,福建省德化县医院__图片__福建省德化县医院__dhyz(1)__dhyz__dh19-1.json
dataset/gastritis_external/processed_images/福建省德化县医院/crop_ui,福建省德化县医院__图片__福建省德化县医院__dhyz(1)__dhyz__dh38-3.jpg,0,1,1,1,0,,福建省德化县医院__图片__福建省德化县医院__dhyz(1)__dhyz__dh38-3_overlay.jpg,福建省德化县医院__图片__福建省德化县医院__dhyz(1)__dhyz__dh38-3.png,福建省德化县医院__图片__福建省德化县医院__dhyz(1)__dhyz__dh38-3.json
dataset/gastritis_external/processed_images/福建省德化县医院/crop_ui,福建省德化县医院__图片__福建省德化县医院__dhyz(1)__dhyz__dh50-1.jpg,0,1,1,1,0,,福建省德化县医院__图片__福建省德化县医院__dhyz(1)__dhyz__dh50-1_overlay.jpg,福建省德化县医院__图片__福建省德化县医院__dhyz(1)__dhyz__dh50-1.png,福建省德化县医院__图片__福建省德化县医院__dhyz(1)__dhyz__dh50-1.json
dataset/gastritis_external/processed_images/福建省德化县医院/crop_ui,福建省德化县医院__图片__福建省德化县医院__dhyz(1)__dhyz__dh54-1.jpg,0,1,1,1,0,,福建省德化县医院__图片__福建省德化县医院__dhyz(1)__dhyz__dh54-1_overlay.jpg,福建省德化县医院__图片__福建省德化县医院__dhyz(1)__dhyz__dh54-1.png,福建省德化县医院__图片__福建省德化县医院__dhyz(1)__dhyz__dh54-1.json
dataset/gastritis_external/processed_images/福建省德化县医院/crop_ui,福建省德化县医院__图片__福建省德化县医院__dhyz(1)__dhyz__dh13-3.jpg,0,1,1,1,0,,福建省德化县医院__图片__福建省德化县医院__dhyz(1)__dhyz__dh13-3_overlay.jpg,福建省德化县医院__图片__福建省德化县医院__dhyz(1)__dhyz__dh13-3.png,福建省德化县医院__图片__福建省德化县医院__dhyz(1)__dhyz__dh13-3.json
dataset/gastritis_external/processed_images/福建省德化县医院/crop_ui,福建省德化县医院__图片__福建省德化县医院__dhyz(1)__dhyz__dh24-1.jpg,0,1,1,1,0,,福建省德化县医院__图片__福建省德化县医院__dhyz(1)__dhyz__dh24-1_overlay.jpg,福建省德化县医院__图片__福建省德化县医院__dhyz(1)__dhyz__dh24-1.png,福建省德化县医院__图片__福建省德化县医院__dhyz(1)__dhyz__dh24-1.json
dataset/gastritis_external/processed_images/福建省德化县医院/crop_ui,福建省德化县医院__图片__福建省德化县医院__dhyz(1)__dhyz__dh36-3.jpg,0,1,1,1,0,,福建省德化县医院__图片__福建省德化县医院__dhyz(1)__dhyz__dh36-3_overlay.jpg,福建省德化县医院__图片__福建省德化县医院__dhyz(1)__dhyz__dh36-3.png,福建省德化县医院__图片__福建省德化县医院__dhyz(1)__dhyz__dh36-3.json
dataset/gastritis_external/processed_images/福建省德化县医院/crop_ui,福建省德化县医院__图片__福建省德化县医院__dhyz(1)__dhyz__dh19-2.jpg,0,1,1,1,0,,福建省德化县医院__图片__福建省德化县医院__dhyz(1)__dhyz__dh19-2_overlay.jpg,福建省德化县医院__图片__福建省德化县医院__dhyz(1)__dhyz__dh19-2.png,福建省德化县医院__图片__福建省德化县医院__dhyz(1)__dhyz__dh19-2.json
dataset/gastritis_external/processed_images/福建省德化县医院/crop_ui,福建省德化县医院__图片__福建省德化县医院__dhyz(1)__dhyz__dh04-4.jpg,0,1,1,1,0,,福建省德化县医院__图片__福建省德化县医院__dhyz(1)__dhyz__dh04-4_overlay.jpg,福建省德化县医院__图片__福建省德化县医院__dhyz(1)__dhyz__dh04-4.png,福建省德化县医院__图片__福建省德化县医院__dhyz(1)__dhyz__dh04-4.json
dataset/gastritis_external/processed_images/福建省德化县医院/crop_ui,福建省德化县医院__图片__福建省德化县医院__dhyz(1)__dhyz__dh09-1.jpg,0,1,1,1,0,,福建省德化县医院__图片__福建省德化县医院__dhyz(1)__dhyz__dh09-1_overlay.jpg,福建省德化县医院__图片__福建省德化县医院__dhyz(1)__dhyz__dh09-1.png,福建省德化县医院__图片__福建省德化县医院__dhyz(1)__dhyz__dh09-1.json
dataset/gastritis_external/processed_images/福建省德化县医院/crop_ui,福建省德化县医院__图片__福建省德化县医院__dhyz(1)__dhyz__dh53-1.jpg,0,1,1,1,0,,福建省德化县医院__图片__福建省德化县医院__dhyz(1)__dhyz__dh53-1_overlay.jpg,福建省德化县医院__图片__福建省德化县医院__dhyz(1)__dhyz__dh53-1.png,福建省德化县医院__图片__福建省德化县医院__dhyz(1)__dhyz__dh53-1.json
dataset/gastritis_external/processed_images/福建省德化县医院/crop_ui,福建省德化县医院__图片__福建省德化县医院__dhyz(1)__dhyz__dh41-4.jpg,0,1,1,1,0,,福建省德化县医院__图片__福建省德化县医院__dhyz(1)__dhyz__dh41-4_overlay.jpg,福建省德化县医院__图片__福建省德化县医院__dhyz(1)__dhyz__dh41-4.png,福建省德化县医院__图片__福建省德化县医院__dhyz(1)__dhyz__dh41-4.json
dataset/gastritis_external/processed_images/福建省德化县医院/crop_ui,福建省德化县医院__图片__福建省德化县医院__dhyz(1)__dhyz__dh57-2.jpg,0,1,1,1,0,,福建省德化县医院__图片__福建省德化县医院__dhyz(1)__dhyz__dh57-2_overlay.jpg,福建省德化县医院__图片__福建省德化县医院__dhyz(1)__dhyz__dh57-2.png,福建省德化县医院__图片__福建省德化县医院__dhyz(1)__dhyz__dh57-2.json
dataset/gastritis_external/processed_images/福建省德化县医院/crop_ui,福建省德化县医院__图片__福建省德化县医院__dhyz(1)__dhyz__dh09-4.jpg,0,1,1,1,0,,福建省德化县医院__图片__福建省德化县医院__dhyz(1)__dhyz__dh09-4_overlay.jpg,福建省德化县医院__图片__福建省德化县医院__dhyz(1)__dhyz__dh09-4.png,福建省德化县医院__图片__福建省德化县医院__dhyz(1)__dhyz__dh09-4.json
dataset/gastritis_external/processed_images/福建省德化县医院/crop_ui,福建省德化县医院__图片__福建省德化县医院__dhyz(1)__dhyz__dh16-1.jpg,0,1,1,1,0,,福建省德化县医院__图片__福建省德化县医院__dhyz(1)__dhyz__dh16-1_overlay.jpg,福建省德化县医院__图片__福建省德化县医院__dhyz(1)__dhyz__dh16-1.png,福建省德化县医院__图片__福建省德化县医院__dhyz(1)__dhyz__dh16-1.json
dataset/gastritis_external/processed_images/福建省德化县医院/crop_ui,福建省德化县医院__图片__福建省德化县医院__dhyz(1)__dhyz__dh15-2.jpg,0,1,1,1,0,,福建省德化县医院__图片__福建省德化县医院__dhyz(1)__dhyz__dh15-2_overlay.jpg,福建省德化县医院__图片__福建省德化县医院__dhyz(1)__dhyz__dh15-2.png,福建省德化县医院__图片__福建省德化县医院__dhyz(1)__dhyz__dh15-2.json
dataset/gastritis_external/processed_images/福建省德化县医院/crop_ui,福建省德化县医院__图片__福建省德化县医院__dhyz(1)__dhyz__dh61-3.jpg,0,1,1,1,0,,福建省德化县医院__图片__福建省德化县医院__dhyz(1)__dhyz__dh61-3_overlay.jpg,福建省德化县医院__图片__福建省德化县医院__dhyz(1)__dhyz__dh61-3.png,福建省德化县医院__图片__福建省德化县医院__dhyz(1)__dhyz__dh61-3.json
dataset/gastritis_external/processed_images/福建省德化县医院/crop_ui,福建省德化县医院__图片__福建省德化县医院__dhyz(1)__dhyz__dh03-1.jpg,0,1,1,1,0,,福建省德化县医院__图片__福建省德化县医院__dhyz(1)__dhyz__dh03-1_overlay.jpg,福建省德化县医院__图片__福建省德化县医院__dhyz(1)__dhyz__dh03-1.png,福建省德化县医院__图片__福建省德化县医院__dhyz(1)__dhyz__dh03-1.json
dataset/gastritis_external/processed_images/福建省德化县医院/crop_ui,福建省德化县医院__图片__福建省德化县医院__dhyz(1)__dhyz__dh20-1.jpg,0,1,1,1,0,,福建省德化县医院__图片__福建省德化县医院__dhyz(1)__dhyz__dh20-1_overlay.jpg,福建省德化县医院__图片__福建省德化县医院__dhyz(1)__dhyz__dh20-1.png,福建省德化县医院__图片__福建省德化县医院__dhyz(1)__dhyz__dh20-1.json
dataset/gastritis_external/processed_images/福建省德化县医院/crop_ui,福建省德化县医院__图片__福建省德化县医院__dhyz(1)__dhyz__dh34-4.jpg,0,1,1,1,0,,福建省德化县医院__图片__福建省德化县医院__dhyz(1)__dhyz__dh34-4_overlay.jpg,福建省德化县医院__图片__福建省德化县医院__dhyz(1)__dhyz__dh34-4.png,福建省德化县医院__图片__福建省德化县医院__dhyz(1)__dhyz__dh34-4.json
dataset/gastritis_external/processed_images/福建省德化县医院/crop_ui,福建省德化县医院__图片__福建省德化县医院__dhyz(1)__dhyz__dh27-3.jpg,0,1,1,1,0,,福建省德化县医院__图片__福建省德化县医院__dhyz(1)__dhyz__dh27-3_overlay.jpg,福建省德化县医院__图片__福建省德化县医院__dhyz(1)__dhyz__dh27-3.png,福建省德化县医院__图片__福建省德化县医院__dhyz(1)__dhyz__dh27-3.json
dataset/gastritis_external/processed_images/福建省德化县医院/crop_ui,福建省德化县医院__图片__福建省德化县医院__dhyz(1)__dhyz__dh54-2.jpg,0,1,1,1,0,,福建省德化县医院__图片__福建省德化县医院__dhyz(1)__dhyz__dh54-2_overlay.jpg,福建省德化县医院__图片__福建省德化县医院__dhyz(1)__dhyz__dh54-2.png,福建省德化县医院__图片__福建省德化县医院__dhyz(1)__dhyz__dh54-2.json
dataset/gastritis_external/processed_images/福建省德化县医院/crop_ui,福建省德化县医院__图片__福建省德化县医院__dhyz(1)__dhyz__dh50-3.jpg,0,1,1,1,0,,福建省德化县医院__图片__福建省德化县医院__dhyz(1)__dhyz__dh50-3_overlay.jpg,福建省德化县医院__图片__福建省德化县医院__dhyz(1)__dhyz__dh50-3.png,福建省德化县医院__图片__福建省德化县医院__dhyz(1)__dhyz__dh50-3.json
dataset/gastritis_external/processed_images/福建省德化县医院/crop_ui,福建省德化县医院__图片__福建省德化县医院__dhyz(1)__dhyz__dh20-3.jpg,0,1,1,1,0,,福建省德化县医院__图片__福建省德化县医院__dhyz(1)__dhyz__dh20-3_overlay.jpg,福建省德化县医院__图片__福建省德化县医院__dhyz(1)__dhyz__dh20-3.png,福建省德化县医院__图片__福建省德化县医院__dhyz(1)__dhyz__dh20-3.json
dataset/gastritis_external/processed_images/福建省德化县医院/crop_ui,福建省德化县医院__图片__福建省德化县医院__dhyz(1)__dhyz__dh41-3.jpg,0,1,1,1,0,,福建省德化县医院__图片__福建省德化县医院__dhyz(1)__dhyz__dh41-3_overlay.jpg,福建省德化县医院__图片__福建省德化县医院__dhyz(1)__dhyz__dh41-3.png,福建省德化县医院__图片__福建省德化县医院__dhyz(1)__dhyz__dh41-3.json
dataset/gastritis_external/processed_images/福建省德化县医院/crop_ui,福建省德化县医院__图片__福建省德化县医院__dhyz(1)__dhyz__dh27-2.jpg,0,1,1,1,0,,福建省德化县医院__图片__福建省德化县医院__dhyz(1)__dhyz__dh27-2_overlay.jpg,福建省德化县医院__图片__福建省德化县医院__dhyz(1)__dhyz__dh27-2.png,福建省德化县医院__图片__福建省德化县医院__dhyz(1)__dhyz__dh27-2.json
dataset/gastritis_external/processed_images/福建省德化县医院/crop_ui,福建省德化县医院__图片__福建省德化县医院__dhyz(1)__dhyz__dh60.jpg,0,1,1,1,0,,福建省德化县医院__图片__福建省德化县医院__dhyz(1)__dhyz__dh60_overlay.jpg,福建省德化县医院__图片__福建省德化县医院__dhyz(1)__dhyz__dh60.png,福建省德化县医院__图片__福建省德化县医院__dhyz(1)__dhyz__dh60.json
dataset/gastritis_external/processed_images/福建省德化县医院/crop_ui,福建省德化县医院__图片__福建省德化县医院__dhyz(1)__dhyz__dh46-5.jpg,0,1,1,1,0,,福建省德化县医院__图片__福建省德化县医院__dhyz(1)__dhyz__dh46-5_overlay.jpg,福建省德化县医院__图片__福建省德化县医院__dhyz(1)__dhyz__dh46-5.png,福建省德化县医院__图片__福建省德化县医院__dhyz(1)__dhyz__dh46-5.json
dataset/gastritis_external/processed_images/福建省德化县医院/crop_ui,福建省德化县医院__图片__福建省德化县医院__dhyz(1)__dhyz__dh11-5.jpg,0,1,1,1,0,,福建省德化县医院__图片__福建省德化县医院__dhyz(1)__dhyz__dh11-5_overlay.jpg,福建省德化县医院__图片__福建省德化县医院__dhyz(1)__dhyz__dh11-5.png,福建省德化县医院__图片__福建省德化县医院__dhyz(1)__dhyz__dh11-5.json
dataset/gastritis_external/processed_images/福建省德化县医院/crop_ui,福建省德化县医院__图片__福建省德化县医院__dhyz(1)__dhyz__dh32-2.jpg,0,1,1,1,0,,福建省德化县医院__图片__福建省德化县医院__dhyz(1)__dhyz__dh32-2_overlay.jpg,福建省德化县医院__图片__福建省德化县医院__dhyz(1)__dhyz__dh32-2.png,福建省德化县医院__图片__福建省德化县医院__dhyz(1)__dhyz__dh32-2.json
dataset/gastritis_external/processed_images/福建省德化县医院/crop_ui,福建省德化县医院__图片__福建省德化县医院__dhyz(1)__dhyz__dh34-1.jpg,0,1,1,1,0,,福建省德化县医院__图片__福建省德化县医院__dhyz(1)__dhyz__dh34-1_overlay.jpg,福建省德化县医院__图片__福建省德化县医院__dhyz(1)__dhyz__dh34-1.png,福建省德化县医院__图片__福建省德化县医院__dhyz(1)__dhyz__dh34-1.json
dataset/gastritis_external/processed_images/福建省德化县医院/crop_ui,福建省德化县医院__图片__福建省德化县医院__dhyz(1)__dhyz__dh17-4.jpg,0,1,1,1,0,,福建省德化县医院__图片__福建省德化县医院__dhyz(1)__dhyz__dh17-4_overlay.jpg,福建省德化县医院__图片__福建省德化县医院__dhyz(1)__dhyz__dh17-4.png,福建省德化县医院__图片__福建省德化县医院__dhyz(1)__dhyz__dh17-4.json
dataset/gastritis_external/processed_images/福建省德化县医院/crop_ui,福建省德化县医院__图片__福建省德化县医院__dhyz(1)__dhyz__dh04-1.jpg,0,1,1,1,0,,福建省德化县医院__图片__福建省德化县医院__dhyz(1)__dhyz__dh04-1_overlay.jpg,福建省德化县医院__图片__福建省德化县医院__dhyz(1)__dhyz__dh04-1.png,福建省德化县医院__图片__福建省德化县医院__dhyz(1)__dhyz__dh04-1.json
dataset/gastritis_external/processed_images/福建省德化县医院/crop_ui,福建省德化县医院__图片__福建省德化县医院__dhyz(1)__dhyz__dh18-3.jpg,0,1,1,1,0,,福建省德化县医院__图片__福建省德化县医院__dhyz(1)__dhyz__dh18-3_overlay.jpg,福建省德化县医院__图片__福建省德化县医院__dhyz(1)__dhyz__dh18-3.png,福建省德化县医院__图片__福建省德化县医院__dhyz(1)__dhyz__dh18-3.json
dataset/gastritis_external/processed_images/福建省德化县医院/crop_ui,福建省德化县医院__图片__福建省德化县医院__dhyz(1)__dhyz__dh12-1.jpg,0,1,1,1,0,,福建省德化县医院__图片__福建省德化县医院__dhyz(1)__dhyz__dh12-1_overlay.jpg,福建省德化县医院__图片__福建省德化县医院__dhyz(1)__dhyz__dh12-1.png,福建省德化县医院__图片__福建省德化县医院__dhyz(1)__dhyz__dh12-1.json
dataset/gastritis_external/processed_images/福建省德化县医院/crop_ui,福建省德化县医院__图片__福建省德化县医院__dhyz(1)__dhyz__dh02-5.jpg,0,1,1,1,0,,福建省德化县医院__图片__福建省德化县医院__dhyz(1)__dhyz__dh02-5_overlay.jpg,福建省德化县医院__图片__福建省德化县医院__dhyz(1)__dhyz__dh02-5.png,福建省德化县医院__图片__福建省德化县医院__dhyz(1)__dhyz__dh02-5.json
dataset/gastritis_external/processed_images/福建省德化县医院/crop_ui,福建省德化县医院__图片__福建省德化县医院__dhyz(1)__dhyz__dh36-2.jpg,0,1,1,1,0,,福建省德化县医院__图片__福建省德化县医院__dhyz(1)__dhyz__dh36-2_overlay.jpg,福建省德化县医院__图片__福建省德化县医院__dhyz(1)__dhyz__dh36-2.png,福建省德化县医院__图片__福建省德化县医院__dhyz(1)__dhyz__dh36-2.json
dataset/gastritis_external/processed_images/福建省德化县医院/crop_ui,福建省德化县医院__图片__福建省德化县医院__dhyz(1)__dhyz__dh53-2.jpg,0,1,1,1,0,,福建省德化县医院__图片__福建省德化县医院__dhyz(1)__dhyz__dh53-2_overlay.jpg,福建省德化县医院__图片__福建省德化县医院__dhyz(1)__dhyz__dh53-2.png,福建省德化县医院__图片__福建省德化县医院__dhyz(1)__dhyz__dh53-2.json
dataset/gastritis_external/processed_images/福建省德化县医院/crop_ui,福建省德化县医院__图片__福建省德化县医院__dhyz(1)__dhyz__dh45-5.jpg,0,1,1,1,0,,福建省德化县医院__图片__福建省德化县医院__dhyz(1)__dhyz__dh45-5_overlay.jpg,福建省德化县医院__图片__福建省德化县医院__dhyz(1)__dhyz__dh45-5.png,福建省德化县医院__图片__福建省德化县医院__dhyz(1)__dhyz__dh45-5.json
dataset/gastritis_external/processed_images/福建省德化县医院/crop_ui,福建省德化县医院__图片__福建省德化县医院__dhyz(1)__dhyz__dh51-1.jpg,0,1,1,1,0,,福建省德化县医院__图片__福建省德化县医院__dhyz(1)__dhyz__dh51-1_overlay.jpg,福建省德化县医院__图片__福建省德化县医院__dhyz(1)__dhyz__dh51-1.png,福建省德化县医院__图片__福建省德化县医院__dhyz(1)__dhyz__dh51-1.json
dataset/gastritis_external/processed_images/福建省德化县医院/crop_ui,福建省德化县医院__图片__福建省德化县医院__dhyz(1)__dhyz__dh23-4.jpg,0,1,1,1,0,,福建省德化县医院__图片__福建省德化县医院__dhyz(1)__dhyz__dh23-4_overlay.jpg,福建省德化县医院__图片__福建省德化县医院__dhyz(1)__dhyz__dh23-4.png,福建省德化县医院__图片__福建省德化县医院__dhyz(1)__dhyz__dh23-4.json
dataset/gastritis_external/processed_images/福建省德化县医院/crop_ui,福建省德化县医院__图片__福建省德化县医院__dhyz(1)__dhyz__dh20-4.jpg,0,1,1,1,0,,福建省德化县医院__图片__福建省德化县医院__dhyz(1)__dhyz__dh20-4_overlay.jpg,福建省德化县医院__图片__福建省德化县医院__dhyz(1)__dhyz__dh20-4.png,福建省德化县医院__图片__福建省德化县医院__dhyz(1)__dhyz__dh20-4.json
dataset/gastritis_external/processed_images/福建省德化县医院/crop_ui,福建省德化县医院__图片__福建省德化县医院__dhyz(1)__dhyz__dh34-3.jpg,0,1,1,1,0,,福建省德化县医院__图片__福建省德化县医院__dhyz(1)__dhyz__dh34-3_overlay.jpg,福建省德化县医院__图片__福建省德化县医院__dhyz(1)__dhyz__dh34-3.png,福建省德化县医院__图片__福建省德化县医院__dhyz(1)__dhyz__dh34-3.json
dataset/gastritis_external/processed_images/福建省德化县医院/crop_ui,福建省德化县医院__图片__福建省德化县医院__dhyz(1)__dhyz__dh11-1.jpg,0,1,1,1,0,,福建省德化县医院__图片__福建省德化县医院__dhyz(1)__dhyz__dh11-1_overlay.jpg,福建省德化县医院__图片__福建省德化县医院__dhyz(1)__dhyz__dh11-1.png,福建省德化县医院__图片__福建省德化县医院__dhyz(1)__dhyz__dh11-1.json
dataset/gastritis_external/processed_images/福建省德化县医院/crop_ui,福建省德化县医院__图片__福建省德化县医院__dhyz(1)__dhyz__dh58-3.jpg,0,1,1,1,0,,福建省德化县医院__图片__福建省德化县医院__dhyz(1)__dhyz__dh58-3_overlay.jpg,福建省德化县医院__图片__福建省德化县医院__dhyz(1)__dhyz__dh58-3.png,福建省德化县医院__图片__福建省德化县医院__dhyz(1)__dhyz__dh58-3.json
dataset/gastritis_external/processed_images/福建省德化县医院/crop_ui,福建省德化县医院__图片__福建省德化县医院__dhyz(1)__dhyz__dh19-5.jpg,0,1,1,1,0,,福建省德化县医院__图片__福建省德化县医院__dhyz(1)__dhyz__dh19-5_overlay.jpg,福建省德化县医院__图片__福建省德化县医院__dhyz(1)__dhyz__dh19-5.png,福建省德化县医院__图片__福建省德化县医院__dhyz(1)__dhyz__dh19-5.json
dataset/gastritis_external/processed_images/福建省德化县医院/crop_ui,福建省德化县医院__图片__福建省德化县医院__dhyz(1)__dhyz__dh23-1.jpg,0,1,1,1,0,,福建省德化县医院__图片__福建省德化县医院__dhyz(1)__dhyz__dh23-1_overlay.jpg,福建省德化县医院__图片__福建省德化县医院__dhyz(1)__dhyz__dh23-1.png,福建省德化县医院__图片__福建省德化县医院__dhyz(1)__dhyz__dh23-1.json
dataset/gastritis_external/processed_images/福建省德化县医院/crop_ui,福建省德化县医院__图片__福建省德化县医院__dhyz(1)__dhyz__dh37-3.jpg,0,1,1,1,0,,福建省德化县医院__图片__福建省德化县医院__dhyz(1)__dhyz__dh37-3_overlay.jpg,福建省德化县医院__图片__福建省德化县医院__dhyz(1)__dhyz__dh37-3.png,福建省德化县医院__图片__福建省德化县医院__dhyz(1)__dhyz__dh37-3.json
dataset/gastritis_external/processed_images/福建省德化县医院/crop_ui,福建省德化县医院__图片__福建省德化县医院__dhyz(1)__dhyz__dh34-5.jpg,0,1,1,1,0,,福建省德化县医院__图片__福建省德化县医院__dhyz(1)__dhyz__dh34-5_overlay.jpg,福建省德化县医院__图片__福建省德化县医院__dhyz(1)__dhyz__dh34-5.png,福建省德化县医院__图片__福建省德化县医院__dhyz(1)__dhyz__dh34-5.json
dataset/gastritis_external/processed_images/福建省德化县医院/crop_ui,福建省德化县医院__图片__福建省德化县医院__dhyz(1)__dhyz__dh37-1.jpg,0,1,1,1,0,,福建省德化县医院__图片__福建省德化县医院__dhyz(1)__dhyz__dh37-1_overlay.jpg,福建省德化县医院__图片__福建省德化县医院__dhyz(1)__dhyz__dh37-1.png,福建省德化县医院__图片__福建省德化县医院__dhyz(1)__dhyz__dh37-1.json
dataset/gastritis_external/processed_images/福建省德化县医院/crop_ui,福建省德化县医院__图片__福建省德化县医院__dhyz(1)__dhyz__dh45-3.jpg,0,1,1,1,0,,福建省德化县医院__图片__福建省德化县医院__dhyz(1)__dhyz__dh45-3_overlay.jpg,福建省德化县医院__图片__福建省德化县医院__dhyz(1)__dhyz__dh45-3.png,福建省德化县医院__图片__福建省德化县医院__dhyz(1)__dhyz__dh45-3.json
dataset/gastritis_external/processed_images/福建省德化县医院/crop_ui,福建省德化县医院__图片__福建省德化县医院__dhyz(1)__dhyz__dh43-3.jpg,0,1,1,1,0,,福建省德化县医院__图片__福建省德化县医院__dhyz(1)__dhyz__dh43-3_overlay.jpg,福建省德化县医院__图片__福建省德化县医院__dhyz(1)__dhyz__dh43-3.png,福建省德化县医院__图片__福建省德化县医院__dhyz(1)__dhyz__dh43-3.json
dataset/gastritis_external/processed_images/福建省德化县医院/crop_ui,福建省德化县医院__图片__福建省德化县医院__dhyz(1)__dhyz__dh01-3.jpg,0,1,1,1,0,,福建省德化县医院__图片__福建省德化县医院__dhyz(1)__dhyz__dh01-3_overlay.jpg,福建省德化县医院__图片__福建省德化县医院__dhyz(1)__dhyz__dh01-3.png,福建省德化县医院__图片__福建省德化县医院__dhyz(1)__dhyz__dh01-3.json
dataset/gastritis_external/processed_images/福建省德化县医院/crop_ui,福建省德化县医院__图片__福建省德化县医院__dhyz(1)__dhyz__dh39-1.jpg,0,1,1,1,0,,福建省德化县医院__图片__福建省德化县医院__dhyz(1)__dhyz__dh39-1_overlay.jpg,福建省德化县医院__图片__福建省德化县医院__dhyz(1)__dhyz__dh39-1.png,福建省德化县医院__图片__福建省德化县医院__dhyz(1)__dhyz__dh39-1.json
dataset/gastritis_external/processed_images/福建省德化县医院/crop_ui,福建省德化县医院__图片__福建省德化县医院__dhyz(1)__dhyz__dh50-2.jpg,0,1,1,1,0,,福建省德化县医院__图片__福建省德化县医院__dhyz(1)__dhyz__dh50-2_overlay.jpg,福建省德化县医院__图片__福建省德化县医院__dhyz(1)__dhyz__dh50-2.png,福建省德化县医院__图片__福建省德化县医院__dhyz(1)__dhyz__dh50-2.json
dataset/gastritis_external/processed_images/福建省德化县医院/crop_ui,福建省德化县医院__图片__福建省德化县医院__dhyz(1)__dhyz__dh49-4.jpg,0,1,1,1,0,,福建省德化县医院__图片__福建省德化县医院__dhyz(1)__dhyz__dh49-4_overlay.jpg,福建省德化县医院__图片__福建省德化县医院__dhyz(1)__dhyz__dh49-4.png,福建省德化县医院__图片__福建省德化县医院__dhyz(1)__dhyz__dh49-4.json
dataset/gastritis_external/processed_images/福建省德化县医院/crop_ui,福建省德化县医院__图片__福建省德化县医院__dhyz(1)__dhyz__dh16-3.jpg,0,1,1,1,0,,福建省德化县医院__图片__福建省德化县医院__dhyz(1)__dhyz__dh16-3_overlay.jpg,福建省德化县医院__图片__福建省德化县医院__dhyz(1)__dhyz__dh16-3.png,福建省德化县医院__图片__福建省德化县医院__dhyz(1)__dhyz__dh16-3.json
dataset/gastritis_external/processed_images/福建省德化县医院/crop_ui,福建省德化县医院__图片__福建省德化县医院__dhyz(1)__dhyz__dh41-2.jpg,0,1,1,1,0,,福建省德化县医院__图片__福建省德化县医院__dhyz(1)__dhyz__dh41-2_overlay.jpg,福建省德化县医院__图片__福建省德化县医院__dhyz(1)__dhyz__dh41-2.png,福建省德化县医院__图片__福建省德化县医院__dhyz(1)__dhyz__dh41-2.json
dataset/gastritis_external/processed_images/福建省德化县医院/crop_ui,福建省德化县医院__图片__福建省德化县医院__dhyz(1)__dhyz__dh57-4.jpg,0,1,1,1,0,,福建省德化县医院__图片__福建省德化县医院__dhyz(1)__dhyz__dh57-4_overlay.jpg,福建省德化县医院__图片__福建省德化县医院__dhyz(1)__dhyz__dh57-4.png,福建省德化县医院__图片__福建省德化县医院__dhyz(1)__dhyz__dh57-4.json
dataset/gastritis_external/processed_images/福建省德化县医院/crop_ui,福建省德化县医院__图片__福建省德化县医院__dhyz(1)__dhyz__dh35-3.jpg,0,1,1,1,0,,福建省德化县医院__图片__福建省德化县医院__dhyz(1)__dhyz__dh35-3_overlay.jpg,福建省德化县医院__图片__福建省德化县医院__dhyz(1)__dhyz__dh35-3.png,福建省德化县医院__图片__福建省德化县医院__dhyz(1)__dhyz__dh35-3.json
dataset/gastritis_external/processed_images/福建省德化县医院/crop_ui,福建省德化县医院__图片__福建省德化县医院__dhyz(1)__dhyz__dh14-3.jpg,0,1,1,1,0,,福建省德化县医院__图片__福建省德化县医院__dhyz(1)__dhyz__dh14-3_overlay.jpg,福建省德化县医院__图片__福建省德化县医院__dhyz(1)__dhyz__dh14-3.png,福建省德化县医院__图片__福建省德化县医院__dhyz(1)__dhyz__dh14-3.json
dataset/gastritis_external/processed_images/福建省德化县医院/crop_ui,福建省德化县医院__图片__福建省德化县医院__dhyz(1)__dhyz__dh46-2.jpg,0,1,1,1,0,,福建省德化县医院__图片__福建省德化县医院__dhyz(1)__dhyz__dh46-2_overlay.jpg,福建省德化县医院__图片__福建省德化县医院__dhyz(1)__dhyz__dh46-2.png,福建省德化县医院__图片__福建省德化县医院__dhyz(1)__dhyz__dh46-2.json
dataset/gastritis_external/processed_images/福建省德化县医院/crop_ui,福建省德化县医院__图片__福建省德化县医院__dhyz(1)__dhyz__dh09-3.jpg,0,1,1,1,0,,福建省德化县医院__图片__福建省德化县医院__dhyz(1)__dhyz__dh09-3_overlay.jpg,福建省德化县医院__图片__福建省德化县医院__dhyz(1)__dhyz__dh09-3.png,福建省德化县医院__图片__福建省德化县医院__dhyz(1)__dhyz__dh09-3.json
dataset/gastritis_external/processed_images/福建省德化县医院/crop_ui,福建省德化县医院__图片__福建省德化县医院__dhyz(1)__dhyz__dh15-4.jpg,0,1,1,1,0,,福建省德化县医院__图片__福建省德化县医院__dhyz(1)__dhyz__dh15-4_overlay.jpg,福建省德化县医院__图片__福建省德化县医院__dhyz(1)__dhyz__dh15-4.png,福建省德化县医院__图片__福建省德化县医院__dhyz(1)__dhyz__dh15-4.json
dataset/gastritis_external/processed_images/福建省德化县医院/crop_ui,福建省德化县医院__图片__福建省德化县医院__dhyz(1)__dhyz__dh41-1.jpg,0,1,1,1,0,,福建省德化县医院__图片__福建省德化县医院__dhyz(1)__dhyz__dh41-1_overlay.jpg,福建省德化县医院__图片__福建省德化县医院__dhyz(1)__dhyz__dh41-1.png,福建省德化县医院__图片__福建省德化县医院__dhyz(1)__dhyz__dh41-1.json
dataset/gastritis_external/processed_images/福建省德化县医院/crop_ui,福建省德化县医院__图片__福建省德化县医院__dhyz(1)__dhyz__dh23-3.jpg,0,1,1,1,0,,福建省德化县医院__图片__福建省德化县医院__dhyz(1)__dhyz__dh23-3_overlay.jpg,福建省德化县医院__图片__福建省德化县医院__dhyz(1)__dhyz__dh23-3.png,福建省德化县医院__图片__福建省德化县医院__dhyz(1)__dhyz__dh23-3.json
dataset/gastritis_external/processed_images/福建省德化县医院/crop_ui,福建省德化县医院__图片__福建省德化县医院__dhyz(1)__dhyz__dh18-1.jpg,0,1,1,1,0,,福建省德化县医院__图片__福建省德化县医院__dhyz(1)__dhyz__dh18-1_overlay.jpg,福建省德化县医院__图片__福建省德化县医院__dhyz(1)__dhyz__dh18-1.png,福建省德化县医院__图片__福建省德化县医院__dhyz(1)__dhyz__dh18-1.json
dataset/gastritis_external/processed_images/福建省德化县医院/crop_ui,福建省德化县医院__图片__福建省德化县医院__dhyz(1)__dhyz__dh22-3.jpg,0,1,1,1,0,,福建省德化县医院__图片__福建省德化县医院__dhyz(1)__dhyz__dh22-3_overlay.jpg,福建省德化县医院__图片__福建省德化县医院__dhyz(1)__dhyz__dh22-3.png,福建省德化县医院__图片__福建省德化县医院__dhyz(1)__dhyz__dh22-3.json
dataset/gastritis_external/processed_images/福建省德化县医院/crop_ui,福建省德化县医院__图片__福建省德化县医院__dhyz(1)__dhyz__dh57-1.jpg,0,1,1,1,0,,福建省德化县医院__图片__福建省德化县医院__dhyz(1)__dhyz__dh57-1_overlay.jpg,福建省德化县医院__图片__福建省德化县医院__dhyz(1)__dhyz__dh57-1.png,福建省德化县医院__图片__福建省德化县医院__dhyz(1)__dhyz__dh57-1.json
dataset/gastritis_external/processed_images/福建省德化县医院/crop_ui,福建省德化县医院__图片__福建省德化县医院__dhyz(1)__dhyz__dh17-2.jpg,0,1,1,1,0,,福建省德化县医院__图片__福建省德化县医院__dhyz(1)__dhyz__dh17-2_overlay.jpg,福建省德化县医院__图片__福建省德化县医院__dhyz(1)__dhyz__dh17-2.png,福建省德化县医院__图片__福建省德化县医院__dhyz(1)__dhyz__dh17-2.json
dataset/gastritis_external/processed_images/福建省德化县医院/crop_ui,福建省德化县医院__图片__福建省德化县医院__dhyz(1)__dhyz__dh14-2.jpg,0,1,1,1,0,,福建省德化县医院__图片__福建省德化县医院__dhyz(1)__dhyz__dh14-2_overlay.jpg,福建省德化县医院__图片__福建省德化县医院__dhyz(1)__dhyz__dh14-2.png,福建省德化县医院__图片__福建省德化县医院__dhyz(1)__dhyz__dh14-2.json
dataset/gastritis_external/processed_images/福建省德化县医院/crop_ui,福建省德化县医院__图片__福建省德化县医院__dhyz(1)__dhyz__dh26-2.jpg,0,1,1,1,0,,福建省德化县医院__图片__福建省德化县医院__dhyz(1)__dhyz__dh26-2_overlay.jpg,福建省德化县医院__图片__福建省德化县医院__dhyz(1)__dhyz__dh26-2.png,福建省德化县医院__图片__福建省德化县医院__dhyz(1)__dhyz__dh26-2.json
dataset/gastritis_external/processed_images/福建省德化县医院/crop_ui,福建省德化县医院__图片__福建省德化县医院__dhyz(1)__dhyz__dh57-3.jpg,0,1,1,1,0,,福建省德化县医院__图片__福建省德化县医院__dhyz(1)__dhyz__dh57-3_overlay.jpg,福建省德化县医院__图片__福建省德化县医院__dhyz(1)__dhyz__dh57-3.png,福建省德化县医院__图片__福建省德化县医院__dhyz(1)__dhyz__dh57-3.json
dataset/gastritis_external/processed_images/福建省德化县医院/crop_ui,福建省德化县医院__图片__福建省德化县医院__dhyz(1)__dhyz__dh32-3.jpg,0,1,1,1,0,,福建省德化县医院__图片__福建省德化县医院__dhyz(1)__dhyz__dh32-3_overlay.jpg,福建省德化县医院__图片__福建省德化县医院__dhyz(1)__dhyz__dh32-3.png,福建省德化县医院__图片__福建省德化县医院__dhyz(1)__dhyz__dh32-3.json
dataset/gastritis_external/processed_images/福建省德化县医院/crop_ui,福建省德化县医院__图片__福建省德化县医院__dhyz(1)__dhyz__dh36-1.jpg,0,1,1,1,0,,福建省德化县医院__图片__福建省德化县医院__dhyz(1)__dhyz__dh36-1_overlay.jpg,福建省德化县医院__图片__福建省德化县医院__dhyz(1)__dhyz__dh36-1.png,福建省德化县医院__图片__福建省德化县医院__dhyz(1)__dhyz__dh36-1.json
dataset/gastritis_external/processed_images/福建省德化县医院/crop_ui,福建省德化县医院__图片__福建省德化县医院__dhyz(1)__dhyz__dh25-3.jpg,0,1,1,1,0,,福建省德化县医院__图片__福建省德化县医院__dhyz(1)__dhyz__dh25-3_overlay.jpg,福建省德化县医院__图片__福建省德化县医院__dhyz(1)__dhyz__dh25-3.png,福建省德化县医院__图片__福建省德化县医院__dhyz(1)__dhyz__dh25-3.json
dataset/gastritis_external/processed_images/福建省德化县医院/crop_ui,福建省德化县医院__图片__福建省德化县医院__dhyz(1)__dhyz__dh01-1.jpg,0,1,1,1,0,,福建省德化县医院__图片__福建省德化县医院__dhyz(1)__dhyz__dh01-1_overlay.jpg,福建省德化县医院__图片__福建省德化县医院__dhyz(1)__dhyz__dh01-1.png,福建省德化县医院__图片__福建省德化县医院__dhyz(1)__dhyz__dh01-1.json
dataset/gastritis_external/processed_images/福建省德化县医院/crop_ui,福建省德化县医院__图片__福建省德化县医院__dhyz(1)__dhyz__dh45-4.jpg,0,1,1,1,0,,福建省德化县医院__图片__福建省德化县医院__dhyz(1)__dhyz__dh45-4_overlay.jpg,福建省德化县医院__图片__福建省德化县医院__dhyz(1)__dhyz__dh45-4.png,福建省德化县医院__图片__福建省德化县医院__dhyz(1)__dhyz__dh45-4.json
dataset/gastritis_external/processed_images/福建省德化县医院/crop_ui,福建省德化县医院__图片__福建省德化县医院__dhyz(1)__dhyz__dh22-1.jpg,0,1,1,1,0,,福建省德化县医院__图片__福建省德化县医院__dhyz(1)__dhyz__dh22-1_overlay.jpg,福建省德化县医院__图片__福建省德化县医院__dhyz(1)__dhyz__dh22-1.png,福建省德化县医院__图片__福建省德化县医院__dhyz(1)__dhyz__dh22-1.json
dataset/gastritis_external/processed_images/福建省德化县医院/crop_ui,福建省德化县医院__图片__福建省德化县医院__dhyz(1)__dhyz__dh08-4.jpg,0,1,1,1,0,,福建省德化县医院__图片__福建省德化县医院__dhyz(1)__dhyz__dh08-4_overlay.jpg,福建省德化县医院__图片__福建省德化县医院__dhyz(1)__dhyz__dh08-4.png,福建省德化县医院__图片__福建省德化县医院__dhyz(1)__dhyz__dh08-4.json
dataset/gastritis_external/processed_images/福建省德化县医院/crop_ui,福建省德化县医院__图片__福建省德化县医院__dhyz(1)__dhyz__dh16-2.jpg,0,1,1,1,0,,福建省德化县医院__图片__福建省德化县医院__dhyz(1)__dhyz__dh16-2_overlay.jpg,福建省德化县医院__图片__福建省德化县医院__dhyz(1)__dhyz__dh16-2.png,福建省德化县医院__图片__福建省德化县医院__dhyz(1)__dhyz__dh16-2.json
dataset/gastritis_external/processed_images/福建省德化县医院/crop_ui,福建省德化县医院__图片__福建省德化县医院__dhyz(1)__dhyz__dh51-2.jpg,0,1,1,1,0,,福建省德化县医院__图片__福建省德化县医院__dhyz(1)__dhyz__dh51-2_overlay.jpg,福建省德化县医院__图片__福建省德化县医院__dhyz(1)__dhyz__dh51-2.png,福建省德化县医院__图片__福建省德化县医院__dhyz(1)__dhyz__dh51-2.json
dataset/gastritis_external/processed_images/福建省德化县医院/crop_ui,福建省德化县医院__图片__福建省德化县医院__dhyz(1)__dhyz__dh45-1.jpg,0,1,1,1,0,,福建省德化县医院__图片__福建省德化县医院__dhyz(1)__dhyz__dh45-1_overlay.jpg,福建省德化县医院__图片__福建省德化县医院__dhyz(1)__dhyz__dh45-1.png,福建省德化县医院__图片__福建省德化县医院__dhyz(1)__dhyz__dh45-1.json
dataset/gastritis_external/processed_images/福建省德化县医院/crop_ui,福建省德化县医院__图片__福建省德化县医院__dhyz(1)__dhyz__dh02-4.jpg,0,1,1,1,0,,福建省德化县医院__图片__福建省德化县医院__dhyz(1)__dhyz__dh02-4_overlay.jpg,福建省德化县医院__图片__福建省德化县医院__dhyz(1)__dhyz__dh02-4.png,福建省德化县医院__图片__福建省德化县医院__dhyz(1)__dhyz__dh02-4.json
dataset/gastritis_external/processed_images/福建省德化县医院/crop_ui,福建省德化县医院__图片__福建省德化县医院__dhyz(1)__dhyz__dh38-2.jpg,0,1,1,1,0,,福建省德化县医院__图片__福建省德化县医院__dhyz(1)__dhyz__dh38-2_overlay.jpg,福建省德化县医院__图片__福建省德化县医院__dhyz(1)__dhyz__dh38-2.png,福建省德化县医院__图片__福建省德化县医院__dhyz(1)__dhyz__dh38-2.json
dataset/gastritis_external/processed_images/福建省德化县医院/crop_ui,福建省德化县医院__图片__福建省德化县医院__dhyz(1)__dhyz__dh23-2.jpg,0,1,1,1,0,,福建省德化县医院__图片__福建省德化县医院__dhyz(1)__dhyz__dh23-2_overlay.jpg,福建省德化县医院__图片__福建省德化县医院__dhyz(1)__dhyz__dh23-2.png,福建省德化县医院__图片__福建省德化县医院__dhyz(1)__dhyz__dh23-2.json
dataset/gastritis_external/processed_images/福建省德化县医院/crop_ui,福建省德化县医院__图片__福建省德化县医院__dhyz(1)__dhyz__dh13-1.jpg,0,1,1,1,0,,福建省德化县医院__图片__福建省德化县医院__dhyz(1)__dhyz__dh13-1_overlay.jpg,福建省德化县医院__图片__福建省德化县医院__dhyz(1)__dhyz__dh13-1.png,福建省德化县医院__图片__福建省德化县医院__dhyz(1)__dhyz__dh13-1.json
dataset/gastritis_external/processed_images/福建省德化县医院/crop_ui,福建省德化县医院__图片__福建省德化县医院__dhyz(1)__dhyz__dh43-2.jpg,0,1,1,1,0,,福建省德化县医院__图片__福建省德化县医院__dhyz(1)__dhyz__dh43-2_overlay.jpg,福建省德化县医院__图片__福建省德化县医院__dhyz(1)__dhyz__dh43-2.png,福建省德化县医院__图片__福建省德化县医院__dhyz(1)__dhyz__dh43-2.json
dataset/gastritis_external/processed_images/福建省德化县医院/crop_ui,福建省德化县医院__图片__福建省德化县医院__dhyz(1)__dhyz__dh62.jpg,0,1,1,1,0,,福建省德化县医院__图片__福建省德化县医院__dhyz(1)__dhyz__dh62_overlay.jpg,福建省德化县医院__图片__福建省德化县医院__dhyz(1)__dhyz__dh62.png,福建省德化县医院__图片__福建省德化县医院__dhyz(1)__dhyz__dh62.json
dataset/gastritis_external/processed_images/福建省德化县医院/crop_ui,福建省德化县医院__图片__福建省德化县医院__dhyz(1)__dhyz__dh48-1.jpg,0,1,1,1,0,,福建省德化县医院__图片__福建省德化县医院__dhyz(1)__dhyz__dh48-1_overlay.jpg,福建省德化县医院__图片__福建省德化县医院__dhyz(1)__dhyz__dh48-1.png,福建省德化县医院__图片__福建省德化县医院__dhyz(1)__dhyz__dh48-1.json
dataset/gastritis_external/processed_images/福建省德化县医院/crop_ui,福建省德化县医院__图片__福建省德化县医院__dhyz(1)__dhyz__dh44-3.jpg,0,1,1,1,0,,福建省德化县医院__图片__福建省德化县医院__dhyz(1)__dhyz__dh44-3_overlay.jpg,福建省德化县医院__图片__福建省德化县医院__dhyz(1)__dhyz__dh44-3.png,福建省德化县医院__图片__福建省德化县医院__dhyz(1)__dhyz__dh44-3.json
dataset/gastritis_external/processed_images/福建省德化县医院/crop_ui,福建省德化县医院__图片__福建省德化县医院__dhyz(1)__dhyz__dh31-1.jpg,0,1,1,1,0,,福建省德化县医院__图片__福建省德化县医院__dhyz(1)__dhyz__dh31-1_overlay.jpg,福建省德化县医院__图片__福建省德化县医院__dhyz(1)__dhyz__dh31-1.png,福建省德化县医院__图片__福建省德化县医院__dhyz(1)__dhyz__dh31-1.json
dataset/gastritis_external/processed_images/福建省德化县医院/crop_ui,福建省德化县医院__图片__福建省德化县医院__dhyz(1)__dhyz__dh02-2.jpg,0,1,1,1,0,,福建省德化县医院__图片__福建省德化县医院__dhyz(1)__dhyz__dh02-2_overlay.jpg,福建省德化县医院__图片__福建省德化县医院__dhyz(1)__dhyz__dh02-2.png,福建省德化县医院__图片__福建省德化县医院__dhyz(1)__dhyz__dh02-2.json
dataset/gastritis_external/processed_images/福建省德化县医院/crop_ui,福建省德化县医院__图片__福建省德化县医院__dhyz(1)__dhyz__dh38-1.jpg,0,1,1,1,0,,福建省德化县医院__图片__福建省德化县医院__dhyz(1)__dhyz__dh38-1_overlay.jpg,福建省德化县医院__图片__福建省德化县医院__dhyz(1)__dhyz__dh38-1.png,福建省德化县医院__图片__福建省德化县医院__dhyz(1)__dhyz__dh38-1.json
dataset/gastritis_external/processed_images/福建省德化县医院/crop_ui,福建省德化县医院__图片__福建省德化县医院__dhyz(1)__dhyz__dh42-2.jpg,0,1,1,1,0,,福建省德化县医院__图片__福建省德化县医院__dhyz(1)__dhyz__dh42-2_overlay.jpg,福建省德化县医院__图片__福建省德化县医院__dhyz(1)__dhyz__dh42-2.png,福建省德化县医院__图片__福建省德化县医院__dhyz(1)__dhyz__dh42-2.json
dataset/gastritis_external/processed_images/福建省德化县医院/crop_ui,福建省德化县医院__图片__福建省德化县医院__dhyz(1)__dhyz__dh28.jpg,0,1,1,1,0,,福建省德化县医院__图片__福建省德化县医院__dhyz(1)__dhyz__dh28_overlay.jpg,福建省德化县医院__图片__福建省德化县医院__dhyz(1)__dhyz__dh28.png,福建省德化县医院__图片__福建省德化县医院__dhyz(1)__dhyz__dh28.json
dataset/gastritis_external/processed_images/福建省德化县医院/crop_ui,福建省德化县医院__图片__福建省德化县医院__dhyz(1)__dhyz__dh37-2.jpg,0,1,1,1,0,,福建省德化县医院__图片__福建省德化县医院__dhyz(1)__dhyz__dh37-2_overlay.jpg,福建省德化县医院__图片__福建省德化县医院__dhyz(1)__dhyz__dh37-2.png,福建省德化县医院__图片__福建省德化县医院__dhyz(1)__dhyz__dh37-2.json
dataset/gastritis_external/processed_images/福建省肿瘤医院/crop_ui,福建省肿瘤医院__图片__福建省肿瘤医院__图片__zlyz47-3.jpg,0,1,1,1,0,,福建省肿瘤医院__图片__福建省肿瘤医院__图片__zlyz47-3_overlay.jpg,福建省肿瘤医院__图片__福建省肿瘤医院__图片__zlyz47-3.png,福建省肿瘤医院__图片__福建省肿瘤医院__图片__zlyz47-3.json
dataset/gastritis_external/processed_images/福建省肿瘤医院/crop_ui,福建省肿瘤医院__图片__福建省肿瘤医院__图片__zlyz20-13.jpg,0,1,1,1,0,,福建省肿瘤医院__图片__福建省肿瘤医院__图片__zlyz20-13_overlay.jpg,福建省肿瘤医院__图片__福建省肿瘤医院__图片__zlyz20-13.png,福建省肿瘤医院__图片__福建省肿瘤医院__图片__zlyz20-13.json
dataset/gastritis_external/processed_images/福建省肿瘤医院/crop_ui,福建省肿瘤医院__图片__福建省肿瘤医院__图片__zlyz33-3.jpg,0,1,1,1,0,,福建省肿瘤医院__图片__福建省肿瘤医院__图片__zlyz33-3_overlay.jpg,福建省肿瘤医院__图片__福建省肿瘤医院__图片__zlyz33-3.png,福建省肿瘤医院__图片__福建省肿瘤医院__图片__zlyz33-3.json
dataset/gastritis_external/processed_images/福建省肿瘤医院/crop_ui,福建省肿瘤医院__图片__福建省肿瘤医院__图片__zlyz37-2.jpg,0,1,1,1,0,,福建省肿瘤医院__图片__福建省肿瘤医院__图片__zlyz37-2_overlay.jpg,福建省肿瘤医院__图片__福建省肿瘤医院__图片__zlyz37-2.png,福建省肿瘤医院__图片__福建省肿瘤医院__图片__zlyz37-2.json
dataset/gastritis_external/processed_images/福建省肿瘤医院/crop_ui,福建省肿瘤医院__图片__福建省肿瘤医院__图片__zlyz20-4.jpg,0,1,1,1,0,,福建省肿瘤医院__图片__福建省肿瘤医院__图片__zlyz20-4_overlay.jpg,福建省肿瘤医院__图片__福建省肿瘤医院__图片__zlyz20-4.png,福建省肿瘤医院__图片__福建省肿瘤医院__图片__zlyz20-4.json
dataset/gastritis_external/processed_images/福建省肿瘤医院/crop_ui,福建省肿瘤医院__图片__福建省肿瘤医院__图片__zlyz44-3.jpg,0,1,1,1,0,,福建省肿瘤医院__图片__福建省肿瘤医院__图片__zlyz44-3_overlay.jpg,福建省肿瘤医院__图片__福建省肿瘤医院__图片__zlyz44-3.png,福建省肿瘤医院__图片__福建省肿瘤医院__图片__zlyz44-3.json
dataset/gastritis_external/processed_images/福建省肿瘤医院/crop_ui,福建省肿瘤医院__图片__福建省肿瘤医院__图片__zlyz11-4.jpg,0,1,1,1,0,,福建省肿瘤医院__图片__福建省肿瘤医院__图片__zlyz11-4_overlay.jpg,福建省肿瘤医院__图片__福建省肿瘤医院__图片__zlyz11-4.png,福建省肿瘤医院__图片__福建省肿瘤医院__图片__zlyz11-4.json
dataset/gastritis_external/processed_images/福建省肿瘤医院/crop_ui,福建省肿瘤医院__图片__福建省肿瘤医院__图片__zlyz11-2.jpg,0,1,1,1,0,,福建省肿瘤医院__图片__福建省肿瘤医院__图片__zlyz11-2_overlay.jpg,福建省肿瘤医院__图片__福建省肿瘤医院__图片__zlyz11-2.png,福建省肿瘤医院__图片__福建省肿瘤医院__图片__zlyz11-2.json
dataset/gastritis_external/processed_images/福建省肿瘤医院/crop_ui,福建省肿瘤医院__图片__福建省肿瘤医院__图片__zlyz31-7.jpg,0,1,1,1,0,,福建省肿瘤医院__图片__福建省肿瘤医院__图片__zlyz31-7_overlay.jpg,福建省肿瘤医院__图片__福建省肿瘤医院__图片__zlyz31-7.png,福建省肿瘤医院__图片__福建省肿瘤医院__图片__zlyz31-7.json
dataset/gastritis_external/processed_images/福建省肿瘤医院/crop_ui,福建省肿瘤医院__图片__福建省肿瘤医院__图片__zlyz9-1.jpg,0,1,1,1,0,,福建省肿瘤医院__图片__福建省肿瘤医院__图片__zlyz9-1_overlay.jpg,福建省肿瘤医院__图片__福建省肿瘤医院__图片__zlyz9-1.png,福建省肿瘤医院__图片__福建省肿瘤医院__图片__zlyz9-1.json
dataset/gastritis_external/processed_images/福建省肿瘤医院/crop_ui,福建省肿瘤医院__图片__福建省肿瘤医院__图片__zlyz11-5.jpg,0,1,1,1,0,,福建省肿瘤医院__图片__福建省肿瘤医院__图片__zlyz11-5_overlay.jpg,福建省肿瘤医院__图片__福建省肿瘤医院__图片__zlyz11-5.png,福建省肿瘤医院__图片__福建省肿瘤医院__图片__zlyz11-5.json
dataset/gastritis_external/processed_images/福建省肿瘤医院/crop_ui,福建省肿瘤医院__图片__福建省肿瘤医院__图片__zlyz14-1.jpg,0,1,1,1,0,,福建省肿瘤医院__图片__福建省肿瘤医院__图片__zlyz14-1_overlay.jpg,福建省肿瘤医院__图片__福建省肿瘤医院__图片__zlyz14-1.png,福建省肿瘤医院__图片__福建省肿瘤医院__图片__zlyz14-1.json
dataset/gastritis_external/processed_images/福建省肿瘤医院/crop_ui,福建省肿瘤医院__图片__福建省肿瘤医院__图片__zlyz33-2.jpg,0,1,1,1,0,,福建省肿瘤医院__图片__福建省肿瘤医院__图片__zlyz33-2_overlay.jpg,福建省肿瘤医院__图片__福建省肿瘤医院__图片__zlyz33-2.png,福建省肿瘤医院__图片__福建省肿瘤医院__图片__zlyz33-2.json
dataset/gastritis_external/processed_images/福建省肿瘤医院/crop_ui,福建省肿瘤医院__图片__福建省肿瘤医院__图片__zlyz19-2.jpg,0,1,1,1,0,,福建省肿瘤医院__图片__福建省肿瘤医院__图片__zlyz19-2_overlay.jpg,福建省肿瘤医院__图片__福建省肿瘤医院__图片__zlyz19-2.png,福建省肿瘤医院__图片__福建省肿瘤医院__图片__zlyz19-2.json
dataset/gastritis_external/processed_images/福建省肿瘤医院/crop_ui,福建省肿瘤医院__图片__福建省肿瘤医院__图片__zlyz31-2.jpg,0,1,1,1,0,,福建省肿瘤医院__图片__福建省肿瘤医院__图片__zlyz31-2_overlay.jpg,福建省肿瘤医院__图片__福建省肿瘤医院__图片__zlyz31-2.png,福建省肿瘤医院__图片__福建省肿瘤医院__图片__zlyz31-2.json
dataset/gastritis_external/processed_images/福建省肿瘤医院/crop_ui,福建省肿瘤医院__图片__福建省肿瘤医院__图片__zlyz20-6.jpg,0,1,1,1,0,,福建省肿瘤医院__图片__福建省肿瘤医院__图片__zlyz20-6_overlay.jpg,福建省肿瘤医院__图片__福建省肿瘤医院__图片__zlyz20-6.png,福建省肿瘤医院__图片__福建省肿瘤医院__图片__zlyz20-6.json
dataset/gastritis_external/processed_images/福建省肿瘤医院/crop_ui,福建省肿瘤医院__图片__福建省肿瘤医院__图片__zlyz24-2.jpg,0,1,1,1,0,,福建省肿瘤医院__图片__福建省肿瘤医院__图片__zlyz24-2_overlay.jpg,福建省肿瘤医院__图片__福建省肿瘤医院__图片__zlyz24-2.png,福建省肿瘤医院__图片__福建省肿瘤医院__图片__zlyz24-2.json
dataset/gastritis_external/processed_images/福建省肿瘤医院/crop_ui,福建省肿瘤医院__图片__福建省肿瘤医院__图片__zlyz41-2.jpg,0,1,1,1,0,,福建省肿瘤医院__图片__福建省肿瘤医院__图片__zlyz41-2_overlay.jpg,福建省肿瘤医院__图片__福建省肿瘤医院__图片__zlyz41-2.png,福建省肿瘤医院__图片__福建省肿瘤医院__图片__zlyz41-2.json
dataset/gastritis_external/processed_images/福建省肿瘤医院/crop_ui,福建省肿瘤医院__图片__福建省肿瘤医院__图片__zlyz16-3.jpg,0,1,1,1,0,,福建省肿瘤医院__图片__福建省肿瘤医院__图片__zlyz16-3_overlay.jpg,福建省肿瘤医院__图片__福建省肿瘤医院__图片__zlyz16-3.png,福建省肿瘤医院__图片__福建省肿瘤医院__图片__zlyz16-3.json
dataset/gastritis_external/processed_images/福建省肿瘤医院/crop_ui,福建省肿瘤医院__图片__福建省肿瘤医院__图片__zlyz26-3.jpg,0,1,1,1,0,,福建省肿瘤医院__图片__福建省肿瘤医院__图片__zlyz26-3_overlay.jpg,福建省肿瘤医院__图片__福建省肿瘤医院__图片__zlyz26-3.png,福建省肿瘤医院__图片__福建省肿瘤医院__图片__zlyz26-3.json
dataset/gastritis_external/processed_images/福建省肿瘤医院/crop_ui,福建省肿瘤医院__图片__福建省肿瘤医院__图片__zlyz53-2.jpg,0,1,1,1,0,,福建省肿瘤医院__图片__福建省肿瘤医院__图片__zlyz53-2_overlay.jpg,福建省肿瘤医院__图片__福建省肿瘤医院__图片__zlyz53-2.png,福建省肿瘤医院__图片__福建省肿瘤医院__图片__zlyz53-2.json
dataset/gastritis_external/processed_images/福建省肿瘤医院/crop_ui,福建省肿瘤医院__图片__福建省肿瘤医院__图片__zlyz12-2.jpg,0,1,1,1,0,,福建省肿瘤医院__图片__福建省肿瘤医院__图片__zlyz12-2_overlay.jpg,福建省肿瘤医院__图片__福建省肿瘤医院__图片__zlyz12-2.png,福建省肿瘤医院__图片__福建省肿瘤医院__图片__zlyz12-2.json
dataset/gastritis_external/processed_images/福建省肿瘤医院/crop_ui,福建省肿瘤医院__图片__福建省肿瘤医院__图片__zlyz2-5.jpg,0,1,1,1,0,,福建省肿瘤医院__图片__福建省肿瘤医院__图片__zlyz2-5_overlay.jpg,福建省肿瘤医院__图片__福建省肿瘤医院__图片__zlyz2-5.png,福建省肿瘤医院__图片__福建省肿瘤医院__图片__zlyz2-5.json
dataset/gastritis_external/processed_images/福建省肿瘤医院/crop_ui,福建省肿瘤医院__图片__福建省肿瘤医院__图片__zlyz30-1.jpg,0,1,1,1,0,,福建省肿瘤医院__图片__福建省肿瘤医院__图片__zlyz30-1_overlay.jpg,福建省肿瘤医院__图片__福建省肿瘤医院__图片__zlyz30-1.png,福建省肿瘤医院__图片__福建省肿瘤医院__图片__zlyz30-1.json
dataset/gastritis_external/processed_images/福建省肿瘤医院/crop_ui,福建省肿瘤医院__图片__福建省肿瘤医院__图片__zlyz46-4.jpg,0,1,1,1,0,,福建省肿瘤医院__图片__福建省肿瘤医院__图片__zlyz46-4_overlay.jpg,福建省肿瘤医院__图片__福建省肿瘤医院__图片__zlyz46-4.png,福建省肿瘤医院__图片__福建省肿瘤医院__图片__zlyz46-4.json
dataset/gastritis_external/processed_images/福建省肿瘤医院/crop_ui,福建省肿瘤医院__图片__福建省肿瘤医院__图片__zlyz21-3.jpg,0,1,1,1,0,,福建省肿瘤医院__图片__福建省肿瘤医院__图片__zlyz21-3_overlay.jpg,福建省肿瘤医院__图片__福建省肿瘤医院__图片__zlyz21-3.png,福建省肿瘤医院__图片__福建省肿瘤医院__图片__zlyz21-3.json
dataset/gastritis_external/processed_images/福建省肿瘤医院/crop_ui,福建省肿瘤医院__图片__福建省肿瘤医院__图片__zlyz21-2.jpg,0,1,1,1,0,,福建省肿瘤医院__图片__福建省肿瘤医院__图片__zlyz21-2_overlay.jpg,福建省肿瘤医院__图片__福建省肿瘤医院__图片__zlyz21-2.png,福建省肿瘤医院__图片__福建省肿瘤医院__图片__zlyz21-2.json
dataset/gastritis_external/processed_images/福建省肿瘤医院/crop_ui,福建省肿瘤医院__图片__福建省肿瘤医院__图片__zlyz35-2.jpg,0,1,1,1,0,,福建省肿瘤医院__图片__福建省肿瘤医院__图片__zlyz35-2_overlay.jpg,福建省肿瘤医院__图片__福建省肿瘤医院__图片__zlyz35-2.png,福建省肿瘤医院__图片__福建省肿瘤医院__图片__zlyz35-2.json
dataset/gastritis_external/processed_images/福建省肿瘤医院/crop_ui,福建省肿瘤医院__图片__福建省肿瘤医院__图片__zlyz19-1.jpg,0,1,1,1,0,,福建省肿瘤医院__图片__福建省肿瘤医院__图片__zlyz19-1_overlay.jpg,福建省肿瘤医院__图片__福建省肿瘤医院__图片__zlyz19-1.png,福建省肿瘤医院__图片__福建省肿瘤医院__图片__zlyz19-1.json
dataset/gastritis_external/processed_images/福建省肿瘤医院/crop_ui,福建省肿瘤医院__图片__福建省肿瘤医院__图片__zlyz1-5.jpg,0,1,1,1,0,,福建省肿瘤医院__图片__福建省肿瘤医院__图片__zlyz1-5_overlay.jpg,福建省肿瘤医院__图片__福建省肿瘤医院__图片__zlyz1-5.png,福建省肿瘤医院__图片__福建省肿瘤医院__图片__zlyz1-5.json
dataset/gastritis_external/processed_images/福建省肿瘤医院/crop_ui,福建省肿瘤医院__图片__福建省肿瘤医院__图片__zlyz11-1.jpg,0,1,1,1,0,,福建省肿瘤医院__图片__福建省肿瘤医院__图片__zlyz11-1_overlay.jpg,福建省肿瘤医院__图片__福建省肿瘤医院__图片__zlyz11-1.png,福建省肿瘤医院__图片__福建省肿瘤医院__图片__zlyz11-1.json
dataset/gastritis_external/processed_images/福建省肿瘤医院/crop_ui,福建省肿瘤医院__图片__福建省肿瘤医院__图片__zlyz26-2.jpg,0,1,1,1,0,,福建省肿瘤医院__图片__福建省肿瘤医院__图片__zlyz26-2_overlay.jpg,福建省肿瘤医院__图片__福建省肿瘤医院__图片__zlyz26-2.png,福建省肿瘤医院__图片__福建省肿瘤医院__图片__zlyz26-2.json
dataset/gastritis_external/processed_images/福建省肿瘤医院/crop_ui,福建省肿瘤医院__图片__福建省肿瘤医院__图片__zlyz41-1.jpg,0,1,1,1,0,,福建省肿瘤医院__图片__福建省肿瘤医院__图片__zlyz41-1_overlay.jpg,福建省肿瘤医院__图片__福建省肿瘤医院__图片__zlyz41-1.png,福建省肿瘤医院__图片__福建省肿瘤医院__图片__zlyz41-1.json
dataset/gastritis_external/processed_images/福建省肿瘤医院/crop_ui,福建省肿瘤医院__图片__福建省肿瘤医院__图片__zlyz17-3.jpg,0,1,1,1,0,,福建省肿瘤医院__图片__福建省肿瘤医院__图片__zlyz17-3_overlay.jpg,福建省肿瘤医院__图片__福建省肿瘤医院__图片__zlyz17-3.png,福建省肿瘤医院__图片__福建省肿瘤医院__图片__zlyz17-3.json
dataset/gastritis_external/processed_images/福建省肿瘤医院/crop_ui,福建省肿瘤医院__图片__福建省肿瘤医院__图片__zlyz6-2.jpg,0,1,1,1,0,,福建省肿瘤医院__图片__福建省肿瘤医院__图片__zlyz6-2_overlay.jpg,福建省肿瘤医院__图片__福建省肿瘤医院__图片__zlyz6-2.png,福建省肿瘤医院__图片__福建省肿瘤医院__图片__zlyz6-2.json
dataset/gastritis_external/processed_images/福建省肿瘤医院/crop_ui,福建省肿瘤医院__图片__福建省肿瘤医院__图片__zlyz14-3.jpg,0,1,1,1,0,,福建省肿瘤医院__图片__福建省肿瘤医院__图片__zlyz14-3_overlay.jpg,福建省肿瘤医院__图片__福建省肿瘤医院__图片__zlyz14-3.png,福建省肿瘤医院__图片__福建省肿瘤医院__图片__zlyz14-3.json
dataset/gastritis_external/processed_images/福建省肿瘤医院/crop_ui,福建省肿瘤医院__图片__福建省肿瘤医院__图片__zlyz53-3.jpg,0,1,1,1,0,,福建省肿瘤医院__图片__福建省肿瘤医院__图片__zlyz53-3_overlay.jpg,福建省肿瘤医院__图片__福建省肿瘤医院__图片__zlyz53-3.png,福建省肿瘤医院__图片__福建省肿瘤医院__图片__zlyz53-3.json
dataset/gastritis_external/processed_images/福建省肿瘤医院/crop_ui,福建省肿瘤医院__图片__福建省肿瘤医院__图片__zlyz43-3.jpg,0,1,1,1,0,,福建省肿瘤医院__图片__福建省肿瘤医院__图片__zlyz43-3_overlay.jpg,福建省肿瘤医院__图片__福建省肿瘤医院__图片__zlyz43-3.png,福建省肿瘤医院__图片__福建省肿瘤医院__图片__zlyz43-3.json
dataset/gastritis_external/processed_images/福建省肿瘤医院/crop_ui,福建省肿瘤医院__图片__福建省肿瘤医院__图片__zlyz23-4.jpg,0,1,1,1,0,,福建省肿瘤医院__图片__福建省肿瘤医院__图片__zlyz23-4_overlay.jpg,福建省肿瘤医院__图片__福建省肿瘤医院__图片__zlyz23-4.png,福建省肿瘤医院__图片__福建省肿瘤医院__图片__zlyz23-4.json
dataset/gastritis_external/processed_images/福建省肿瘤医院/crop_ui,福建省肿瘤医院__图片__福建省肿瘤医院__图片__zlyz7-3.jpg,0,1,1,1,0,,福建省肿瘤医院__图片__福建省肿瘤医院__图片__zlyz7-3_overlay.jpg,福建省肿瘤医院__图片__福建省肿瘤医院__图片__zlyz7-3.png,福建省肿瘤医院__图片__福建省肿瘤医院__图片__zlyz7-3.json
dataset/gastritis_external/processed_images/福建省肿瘤医院/crop_ui,福建省肿瘤医院__图片__福建省肿瘤医院__图片__zlyz42.jpg,0,1,1,1,0,,福建省肿瘤医院__图片__福建省肿瘤医院__图片__zlyz42_overlay.jpg,福建省肿瘤医院__图片__福建省肿瘤医院__图片__zlyz42.png,福建省肿瘤医院__图片__福建省肿瘤医院__图片__zlyz42.json
dataset/gastritis_external/processed_images/福建省肿瘤医院/crop_ui,福建省肿瘤医院__图片__福建省肿瘤医院__图片__zlyz48-3.jpg,0,1,1,1,0,,福建省肿瘤医院__图片__福建省肿瘤医院__图片__zlyz48-3_overlay.jpg,福建省肿瘤医院__图片__福建省肿瘤医院__图片__zlyz48-3.png,福建省肿瘤医院__图片__福建省肿瘤医院__图片__zlyz48-3.json
dataset/gastritis_external/processed_images/福建省肿瘤医院/crop_ui,福建省肿瘤医院__图片__福建省肿瘤医院__图片__zlyz45-5.jpg,0,1,1,1,0,,福建省肿瘤医院__图片__福建省肿瘤医院__图片__zlyz45-5_overlay.jpg,福建省肿瘤医院__图片__福建省肿瘤医院__图片__zlyz45-5.png,福建省肿瘤医院__图片__福建省肿瘤医院__图片__zlyz45-5.json
dataset/gastritis_external/processed_images/福建省肿瘤医院/crop_ui,福建省肿瘤医院__图片__福建省肿瘤医院__图片__zlyz31-5.jpg,0,1,1,1,0,,福建省肿瘤医院__图片__福建省肿瘤医院__图片__zlyz31-5_overlay.jpg,福建省肿瘤医院__图片__福建省肿瘤医院__图片__zlyz31-5.png,福建省肿瘤医院__图片__福建省肿瘤医院__图片__zlyz31-5.json
dataset/gastritis_external/processed_images/福建省肿瘤医院/crop_ui,福建省肿瘤医院__图片__福建省肿瘤医院__图片__zlyz27-4.jpg,0,1,1,1,0,,福建省肿瘤医院__图片__福建省肿瘤医院__图片__zlyz27-4_overlay.jpg,福建省肿瘤医院__图片__福建省肿瘤医院__图片__zlyz27-4.png,福建省肿瘤医院__图片__福建省肿瘤医院__图片__zlyz27-4.json
dataset/gastritis_external/processed_images/福建省肿瘤医院/crop_ui,福建省肿瘤医院__图片__福建省肿瘤医院__图片__zlyz31-3.jpg,0,1,1,1,0,,福建省肿瘤医院__图片__福建省肿瘤医院__图片__zlyz31-3_overlay.jpg,福建省肿瘤医院__图片__福建省肿瘤医院__图片__zlyz31-3.png,福建省肿瘤医院__图片__福建省肿瘤医院__图片__zlyz31-3.json
dataset/gastritis_external/processed_images/福建省肿瘤医院/crop_ui,福建省肿瘤医院__图片__福建省肿瘤医院__图片__zlyz27-1.jpg,0,1,1,1,0,,福建省肿瘤医院__图片__福建省肿瘤医院__图片__zlyz27-1_overlay.jpg,福建省肿瘤医院__图片__福建省肿瘤医院__图片__zlyz27-1.png,福建省肿瘤医院__图片__福建省肿瘤医院__图片__zlyz27-1.json
dataset/gastritis_external/processed_images/福建省肿瘤医院/crop_ui,福建省肿瘤医院__图片__福建省肿瘤医院__图片__zlyz32-1.jpg,0,1,1,1,0,,福建省肿瘤医院__图片__福建省肿瘤医院__图片__zlyz32-1_overlay.jpg,福建省肿瘤医院__图片__福建省肿瘤医院__图片__zlyz32-1.png,福建省肿瘤医院__图片__福建省肿瘤医院__图片__zlyz32-1.json
dataset/gastritis_external/processed_images/福建省肿瘤医院/crop_ui,福建省肿瘤医院__图片__福建省肿瘤医院__图片__zlyz37-3.jpg,0,1,1,1,0,,福建省肿瘤医院__图片__福建省肿瘤医院__图片__zlyz37-3_overlay.jpg,福建省肿瘤医院__图片__福建省肿瘤医院__图片__zlyz37-3.png,福建省肿瘤医院__图片__福建省肿瘤医院__图片__zlyz37-3.json
dataset/gastritis_external/processed_images/福建省肿瘤医院/crop_ui,福建省肿瘤医院__图片__福建省肿瘤医院__图片__zlyz23-3.jpg,0,1,1,1,0,,福建省肿瘤医院__图片__福建省肿瘤医院__图片__zlyz23-3_overlay.jpg,福建省肿瘤医院__图片__福建省肿瘤医院__图片__zlyz23-3.png,福建省肿瘤医院__图片__福建省肿瘤医院__图片__zlyz23-3.json
dataset/gastritis_external/processed_images/福建省肿瘤医院/crop_ui,福建省肿瘤医院__图片__福建省肿瘤医院__图片__zlyz20-10.jpg,0,1,1,1,0,,福建省肿瘤医院__图片__福建省肿瘤医院__图片__zlyz20-10_overlay.jpg,福建省肿瘤医院__图片__福建省肿瘤医院__图片__zlyz20-10.png,福建省肿瘤医院__图片__福建省肿瘤医院__图片__zlyz20-10.json
dataset/gastritis_external/processed_images/福建省肿瘤医院/crop_ui,福建省肿瘤医院__图片__福建省肿瘤医院__图片__zlyz43-4.jpg,0,1,1,1,0,,福建省肿瘤医院__图片__福建省肿瘤医院__图片__zlyz43-4_overlay.jpg,福建省肿瘤医院__图片__福建省肿瘤医院__图片__zlyz43-4.png,福建省肿瘤医院__图片__福建省肿瘤医院__图片__zlyz43-4.json
dataset/gastritis_external/processed_images/福建省肿瘤医院/crop_ui,福建省肿瘤医院__图片__福建省肿瘤医院__图片__zlyz45-2.jpg,0,1,1,1,0,,福建省肿瘤医院__图片__福建省肿瘤医院__图片__zlyz45-2_overlay.jpg,福建省肿瘤医院__图片__福建省肿瘤医院__图片__zlyz45-2.png,福建省肿瘤医院__图片__福建省肿瘤医院__图片__zlyz45-2.json
dataset/gastritis_external/processed_images/福建省肿瘤医院/crop_ui,福建省肿瘤医院__图片__福建省肿瘤医院__图片__zlyz2-3.jpg,0,1,1,1,0,,福建省肿瘤医院__图片__福建省肿瘤医院__图片__zlyz2-3_overlay.jpg,福建省肿瘤医院__图片__福建省肿瘤医院__图片__zlyz2-3.png,福建省肿瘤医院__图片__福建省肿瘤医院__图片__zlyz2-3.json
dataset/gastritis_external/processed_images/福建省肿瘤医院/crop_ui,福建省肿瘤医院__图片__福建省肿瘤医院__图片__zlyz31-1.jpg,0,1,1,1,0,,福建省肿瘤医院__图片__福建省肿瘤医院__图片__zlyz31-1_overlay.jpg,福建省肿瘤医院__图片__福建省肿瘤医院__图片__zlyz31-1.png,福建省肿瘤医院__图片__福建省肿瘤医院__图片__zlyz31-1.json
dataset/gastritis_external/processed_images/福建省肿瘤医院/crop_ui,福建省肿瘤医院__图片__福建省肿瘤医院__图片__zlyz39-2.jpg,0,1,1,1,0,,福建省肿瘤医院__图片__福建省肿瘤医院__图片__zlyz39-2_overlay.jpg,福建省肿瘤医院__图片__福建省肿瘤医院__图片__zlyz39-2.png,福建省肿瘤医院__图片__福建省肿瘤医院__图片__zlyz39-2.json
dataset/gastritis_external/processed_images/福建省肿瘤医院/crop_ui,福建省肿瘤医院__图片__福建省肿瘤医院__图片__zlyz31-6.jpg,0,1,1,1,0,,福建省肿瘤医院__图片__福建省肿瘤医院__图片__zlyz31-6_overlay.jpg,福建省肿瘤医院__图片__福建省肿瘤医院__图片__zlyz31-6.png,福建省肿瘤医院__图片__福建省肿瘤医院__图片__zlyz31-6.json
dataset/gastritis_external/processed_images/福建省肿瘤医院/crop_ui,福建省肿瘤医院__图片__福建省肿瘤医院__图片__zlyz28-1.jpg,0,1,1,1,0,,福建省肿瘤医院__图片__福建省肿瘤医院__图片__zlyz28-1_overlay.jpg,福建省肿瘤医院__图片__福建省肿瘤医院__图片__zlyz28-1.png,福建省肿瘤医院__图片__福建省肿瘤医院__图片__zlyz28-1.json
dataset/gastritis_external/processed_images/福建省肿瘤医院/crop_ui,福建省肿瘤医院__图片__福建省肿瘤医院__图片__zlyz47-1.jpg,0,1,1,1,0,,福建省肿瘤医院__图片__福建省肿瘤医院__图片__zlyz47-1_overlay.jpg,福建省肿瘤医院__图片__福建省肿瘤医院__图片__zlyz47-1.png,福建省肿瘤医院__图片__福建省肿瘤医院__图片__zlyz47-1.json
dataset/gastritis_external/processed_images/福建省肿瘤医院/crop_ui,福建省肿瘤医院__图片__福建省肿瘤医院__图片__zlyz31-4.jpg,0,1,1,1,0,,福建省肿瘤医院__图片__福建省肿瘤医院__图片__zlyz31-4_overlay.jpg,福建省肿瘤医院__图片__福建省肿瘤医院__图片__zlyz31-4.png,福建省肿瘤医院__图片__福建省肿瘤医院__图片__zlyz31-4.json
dataset/gastritis_external/processed_images/福建省肿瘤医院/crop_ui,福建省肿瘤医院__图片__福建省肿瘤医院__图片__zlyz43-5.jpg,0,1,1,1,0,,福建省肿瘤医院__图片__福建省肿瘤医院__图片__zlyz43-5_overlay.jpg,福建省肿瘤医院__图片__福建省肿瘤医院__图片__zlyz43-5.png,福建省肿瘤医院__图片__福建省肿瘤医院__图片__zlyz43-5.json
dataset/gastritis_external/processed_images/福建省肿瘤医院/crop_ui,福建省肿瘤医院__图片__福建省肿瘤医院__图片__zlyz44-2.jpg,0,1,1,1,0,,福建省肿瘤医院__图片__福建省肿瘤医院__图片__zlyz44-2_overlay.jpg,福建省肿瘤医院__图片__福建省肿瘤医院__图片__zlyz44-2.png,福建省肿瘤医院__图片__福建省肿瘤医院__图片__zlyz44-2.json
dataset/gastritis_external/processed_images/福建省肿瘤医院/crop_ui,福建省肿瘤医院__图片__福建省肿瘤医院__图片__zlyz52-2.jpg,0,1,1,1,0,,福建省肿瘤医院__图片__福建省肿瘤医院__图片__zlyz52-2_overlay.jpg,福建省肿瘤医院__图片__福建省肿瘤医院__图片__zlyz52-2.png,福建省肿瘤医院__图片__福建省肿瘤医院__图片__zlyz52-2.json
dataset/gastritis_external/processed_images/福建省肿瘤医院/crop_ui,福建省肿瘤医院__图片__福建省肿瘤医院__图片__zlyz36-2.jpg,0,1,1,1,0,,福建省肿瘤医院__图片__福建省肿瘤医院__图片__zlyz36-2_overlay.jpg,福建省肿瘤医院__图片__福建省肿瘤医院__图片__zlyz36-2.png,福建省肿瘤医院__图片__福建省肿瘤医院__图片__zlyz36-2.json
dataset/gastritis_external/processed_images/福建省肿瘤医院/crop_ui,福建省肿瘤医院__图片__福建省肿瘤医院__图片__zlyz50-2.jpg,0,1,1,1,0,,福建省肿瘤医院__图片__福建省肿瘤医院__图片__zlyz50-2_overlay.jpg,福建省肿瘤医院__图片__福建省肿瘤医院__图片__zlyz50-2.png,福建省肿瘤医院__图片__福建省肿瘤医院__图片__zlyz50-2.json
dataset/gastritis_external/processed_images/福建省肿瘤医院/crop_ui,福建省肿瘤医院__图片__福建省肿瘤医院__图片__zlyz38-2.jpg,0,1,1,1,0,,福建省肿瘤医院__图片__福建省肿瘤医院__图片__zlyz38-2_overlay.jpg,福建省肿瘤医院__图片__福建省肿瘤医院__图片__zlyz38-2.png,福建省肿瘤医院__图片__福建省肿瘤医院__图片__zlyz38-2.json
dataset/gastritis_external/processed_images/福建省肿瘤医院/crop_ui,福建省肿瘤医院__图片__福建省肿瘤医院__图片__zlyz45-4.jpg,0,1,1,1,0,,福建省肿瘤医院__图片__福建省肿瘤医院__图片__zlyz45-4_overlay.jpg,福建省肿瘤医院__图片__福建省肿瘤医院__图片__zlyz45-4.png,福建省肿瘤医院__图片__福建省肿瘤医院__图片__zlyz45-4.json
dataset/gastritis_external/processed_images/福建省肿瘤医院/crop_ui,福建省肿瘤医院__图片__福建省肿瘤医院__图片__zlyz10-1.jpg,0,1,1,1,0,,福建省肿瘤医院__图片__福建省肿瘤医院__图片__zlyz10-1_overlay.jpg,福建省肿瘤医院__图片__福建省肿瘤医院__图片__zlyz10-1.png,福建省肿瘤医院__图片__福建省肿瘤医院__图片__zlyz10-1.json
dataset/gastritis_external/processed_images/福建省肿瘤医院/crop_ui,福建省肿瘤医院__图片__福建省肿瘤医院__图片__zlyz29-6.jpg,0,1,1,1,0,,福建省肿瘤医院__图片__福建省肿瘤医院__图片__zlyz29-6_overlay.jpg,福建省肿瘤医院__图片__福建省肿瘤医院__图片__zlyz29-6.png,福建省肿瘤医院__图片__福建省肿瘤医院__图片__zlyz29-6.json
dataset/gastritis_external/processed_images/福建省肿瘤医院/crop_ui,福建省肿瘤医院__图片__福建省肿瘤医院__图片__zlyz45-1.jpg,0,1,1,1,0,,福建省肿瘤医院__图片__福建省肿瘤医院__图片__zlyz45-1_overlay.jpg,福建省肿瘤医院__图片__福建省肿瘤医院__图片__zlyz45-1.png,福建省肿瘤医院__图片__福建省肿瘤医院__图片__zlyz45-1.json
dataset/gastritis_external/processed_images/福建省肿瘤医院/crop_ui,福建省肿瘤医院__图片__福建省肿瘤医院__图片__zlyz47-2.jpg,0,1,1,1,0,,福建省肿瘤医院__图片__福建省肿瘤医院__图片__zlyz47-2_overlay.jpg,福建省肿瘤医院__图片__福建省肿瘤医院__图片__zlyz47-2.png,福建省肿瘤医院__图片__福建省肿瘤医院__图片__zlyz47-2.json
dataset/gastritis_external/processed_images/福建省肿瘤医院/crop_ui,福建省肿瘤医院__图片__福建省肿瘤医院__图片__zlyz31-8.jpg,0,1,1,1,0,,福建省肿瘤医院__图片__福建省肿瘤医院__图片__zlyz31-8_overlay.jpg,福建省肿瘤医院__图片__福建省肿瘤医院__图片__zlyz31-8.png,福建省肿瘤医院__图片__福建省肿瘤医院__图片__zlyz31-8.json
dataset/gastritis_external/processed_images/福建省肿瘤医院/crop_ui,福建省肿瘤医院__图片__福建省肿瘤医院__图片__zlyz52-3.jpg,0,1,1,1,0,,福建省肿瘤医院__图片__福建省肿瘤医院__图片__zlyz52-3_overlay.jpg,福建省肿瘤医院__图片__福建省肿瘤医院__图片__zlyz52-3.png,福建省肿瘤医院__图片__福建省肿瘤医院__图片__zlyz52-3.json
dataset/gastritis_external/processed_images/福建省肿瘤医院/crop_ui,福建省肿瘤医院__图片__福建省肿瘤医院__图片__zlyz22-5.jpg,0,1,1,1,0,,福建省肿瘤医院__图片__福建省肿瘤医院__图片__zlyz22-5_overlay.jpg,福建省肿瘤医院__图片__福建省肿瘤医院__图片__zlyz22-5.png,福建省肿瘤医院__图片__福建省肿瘤医院__图片__zlyz22-5.json
dataset/gastritis_external/processed_images/福建省肿瘤医院/crop_ui,福建省肿瘤医院__图片__福建省肿瘤医院__图片__zlyz34-1.jpg,0,1,1,1,0,,福建省肿瘤医院__图片__福建省肿瘤医院__图片__zlyz34-1_overlay.jpg,福建省肿瘤医院__图片__福建省肿瘤医院__图片__zlyz34-1.png,福建省肿瘤医院__图片__福建省肿瘤医院__图片__zlyz34-1.json
dataset/gastritis_external/processed_images/福建省肿瘤医院/crop_ui,福建省肿瘤医院__图片__福建省肿瘤医院__图片__zlyz43-6.jpg,0,1,1,1,0,,福建省肿瘤医院__图片__福建省肿瘤医院__图片__zlyz43-6_overlay.jpg,福建省肿瘤医院__图片__福建省肿瘤医院__图片__zlyz43-6.png,福建省肿瘤医院__图片__福建省肿瘤医院__图片__zlyz43-6.json
dataset/gastritis_external/processed_images/福建省肿瘤医院/crop_ui,福建省肿瘤医院__图片__福建省肿瘤医院__图片__zlyz43-7.jpg,0,1,1,1,0,,福建省肿瘤医院__图片__福建省肿瘤医院__图片__zlyz43-7_overlay.jpg,福建省肿瘤医院__图片__福建省肿瘤医院__图片__zlyz43-7.png,福建省肿瘤医院__图片__福建省肿瘤医院__图片__zlyz43-7.json
dataset/gastritis_external/processed_images/福建省肿瘤医院/crop_ui,福建省肿瘤医院__图片__福建省肿瘤医院__图片__zlyz17-1.jpg,0,1,1,1,0,,福建省肿瘤医院__图片__福建省肿瘤医院__图片__zlyz17-1_overlay.jpg,福建省肿瘤医院__图片__福建省肿瘤医院__图片__zlyz17-1.png,福建省肿瘤医院__图片__福建省肿瘤医院__图片__zlyz17-1.json
dataset/gastritis_external/processed_images/福建省肿瘤医院/crop_ui,福建省肿瘤医院__图片__福建省肿瘤医院__图片__zlyz6-1.jpg,0,1,1,1,0,,福建省肿瘤医院__图片__福建省肿瘤医院__图片__zlyz6-1_overlay.jpg,福建省肿瘤医院__图片__福建省肿瘤医院__图片__zlyz6-1.png,福建省肿瘤医院__图片__福建省肿瘤医院__图片__zlyz6-1.json
dataset/gastritis_external/processed_images/福建省肿瘤医院/crop_ui,福建省肿瘤医院__图片__福建省肿瘤医院__图片__zlyz49-1.jpg,0,1,1,1,0,,福建省肿瘤医院__图片__福建省肿瘤医院__图片__zlyz49-1_overlay.jpg,福建省肿瘤医院__图片__福建省肿瘤医院__图片__zlyz49-1.png,福建省肿瘤医院__图片__福建省肿瘤医院__图片__zlyz49-1.json
dataset/gastritis_external/processed_images/福建省肿瘤医院/crop_ui,福建省肿瘤医院__图片__福建省肿瘤医院__图片__zlyz29-5.jpg,0,1,1,1,0,,福建省肿瘤医院__图片__福建省肿瘤医院__图片__zlyz29-5_overlay.jpg,福建省肿瘤医院__图片__福建省肿瘤医院__图片__zlyz29-5.png,福建省肿瘤医院__图片__福建省肿瘤医院__图片__zlyz29-5.json
dataset/gastritis_external/processed_images/福建省肿瘤医院/crop_ui,福建省肿瘤医院__图片__福建省肿瘤医院__图片__zlyz26-1.jpg,0,1,1,1,0,,福建省肿瘤医院__图片__福建省肿瘤医院__图片__zlyz26-1_overlay.jpg,福建省肿瘤医院__图片__福建省肿瘤医院__图片__zlyz26-1.png,福建省肿瘤医院__图片__福建省肿瘤医院__图片__zlyz26-1.json
dataset/gastritis_external/processed_images/福建省肿瘤医院/crop_ui,福建省肿瘤医院__图片__福建省肿瘤医院__图片__zlyz35-3.jpg,0,1,1,1,0,,福建省肿瘤医院__图片__福建省肿瘤医院__图片__zlyz35-3_overlay.jpg,福建省肿瘤医院__图片__福建省肿瘤医院__图片__zlyz35-3.png,福建省肿瘤医院__图片__福建省肿瘤医院__图片__zlyz35-3.json
dataset/gastritis_external/processed_images/福建省肿瘤医院/crop_ui,福建省肿瘤医院__图片__福建省肿瘤医院__图片__zlyz15-6.jpg,0,1,1,1,0,,福建省肿瘤医院__图片__福建省肿瘤医院__图片__zlyz15-6_overlay.jpg,福建省肿瘤医院__图片__福建省肿瘤医院__图片__zlyz15-6.png,福建省肿瘤医院__图片__福建省肿瘤医院__图片__zlyz15-6.json
dataset/gastritis_external/processed_images/福建省肿瘤医院/crop_ui,福建省肿瘤医院__图片__福建省肿瘤医院__图片__zlyz20-7.jpg,0,1,1,1,0,,福建省肿瘤医院__图片__福建省肿瘤医院__图片__zlyz20-7_overlay.jpg,福建省肿瘤医院__图片__福建省肿瘤医院__图片__zlyz20-7.png,福建省肿瘤医院__图片__福建省肿瘤医院__图片__zlyz20-7.json
dataset/gastritis_external/processed_images/福建省肿瘤医院/crop_ui,福建省肿瘤医院__图片__福建省肿瘤医院__图片__zlyz37-1.jpg,0,1,1,1,0,,福建省肿瘤医院__图片__福建省肿瘤医院__图片__zlyz37-1_overlay.jpg,福建省肿瘤医院__图片__福建省肿瘤医院__图片__zlyz37-1.png,福建省肿瘤医院__图片__福建省肿瘤医院__图片__zlyz37-1.json
dataset/gastritis_external/processed_images/福建省肿瘤医院/crop_ui,福建省肿瘤医院__图片__福建省肿瘤医院__图片__zlyz23-2.jpg,0,1,1,1,0,,福建省肿瘤医院__图片__福建省肿瘤医院__图片__zlyz23-2_overlay.jpg,福建省肿瘤医院__图片__福建省肿瘤医院__图片__zlyz23-2.png,福建省肿瘤医院__图片__福建省肿瘤医院__图片__zlyz23-2.json
dataset/gastritis_external/processed_images/福建省肿瘤医院/crop_ui,福建省肿瘤医院__图片__福建省肿瘤医院__图片__zlyz15-1.jpg,0,1,1,1,0,,福建省肿瘤医院__图片__福建省肿瘤医院__图片__zlyz15-1_overlay.jpg,福建省肿瘤医院__图片__福建省肿瘤医院__图片__zlyz15-1.png,福建省肿瘤医院__图片__福建省肿瘤医院__图片__zlyz15-1.json
dataset/gastritis_external/processed_images/福建省肿瘤医院/crop_ui,福建省肿瘤医院__图片__福建省肿瘤医院__图片__zlyz17-2.jpg,0,1,1,1,0,,福建省肿瘤医院__图片__福建省肿瘤医院__图片__zlyz17-2_overlay.jpg,福建省肿瘤医院__图片__福建省肿瘤医院__图片__zlyz17-2.png,福建省肿瘤医院__图片__福建省肿瘤医院__图片__zlyz17-2.json
dataset/gastritis_external/processed_images/福建省肿瘤医院/crop_ui,福建省肿瘤医院__图片__福建省肿瘤医院__图片__zlyz53-1.jpg,0,1,1,1,0,,福建省肿瘤医院__图片__福建省肿瘤医院__图片__zlyz53-1_overlay.jpg,福建省肿瘤医院__图片__福建省肿瘤医院__图片__zlyz53-1.png,福建省肿瘤医院__图片__福建省肿瘤医院__图片__zlyz53-1.json
dataset/gastritis_external/processed_images/福建省肿瘤医院/crop_ui,福建省肿瘤医院__图片__福建省肿瘤医院__图片__zlyz7-2.jpg,0,1,1,1,0,,福建省肿瘤医院__图片__福建省肿瘤医院__图片__zlyz7-2_overlay.jpg,福建省肿瘤医院__图片__福建省肿瘤医院__图片__zlyz7-2.png,福建省肿瘤医院__图片__福建省肿瘤医院__图片__zlyz7-2.json
dataset/gastritis_external/processed_images/福建省肿瘤医院/crop_ui,福建省肿瘤医院__图片__福建省肿瘤医院__图片__zlyz20-12.jpg,0,1,1,1,0,,福建省肿瘤医院__图片__福建省肿瘤医院__图片__zlyz20-12_overlay.jpg,福建省肿瘤医院__图片__福建省肿瘤医院__图片__zlyz20-12.png,福建省肿瘤医院__图片__福建省肿瘤医院__图片__zlyz20-12.json
dataset/gastritis_external/processed_images/福建省肿瘤医院/crop_ui,福建省肿瘤医院__图片__福建省肿瘤医院__图片__zlyz24-1.jpg,0,1,1,1,0,,福建省肿瘤医院__图片__福建省肿瘤医院__图片__zlyz24-1_overlay.jpg,福建省肿瘤医院__图片__福建省肿瘤医院__图片__zlyz24-1.png,福建省肿瘤医院__图片__福建省肿瘤医院__图片__zlyz24-1.json
dataset/gastritis_external/processed_images/福建省肿瘤医院/crop_ui,福建省肿瘤医院__图片__福建省肿瘤医院__图片__zlyz10-4.jpg,0,1,1,1,0,,福建省肿瘤医院__图片__福建省肿瘤医院__图片__zlyz10-4_overlay.jpg,福建省肿瘤医院__图片__福建省肿瘤医院__图片__zlyz10-4.png,福建省肿瘤医院__图片__福建省肿瘤医院__图片__zlyz10-4.json
dataset/gastritis_external/processed_images/福建省肿瘤医院/crop_ui,福建省肿瘤医院__图片__福建省肿瘤医院__图片__zlyz3-1.jpg,0,1,1,1,0,,福建省肿瘤医院__图片__福建省肿瘤医院__图片__zlyz3-1_overlay.jpg,福建省肿瘤医院__图片__福建省肿瘤医院__图片__zlyz3-1.png,福建省肿瘤医院__图片__福建省肿瘤医院__图片__zlyz3-1.json
dataset/gastritis_external/processed_images/福建省肿瘤医院/crop_ui,福建省肿瘤医院__图片__福建省肿瘤医院__图片__zlyz39-4.jpg,0,1,1,1,0,,福建省肿瘤医院__图片__福建省肿瘤医院__图片__zlyz39-4_overlay.jpg,福建省肿瘤医院__图片__福建省肿瘤医院__图片__zlyz39-4.png,福建省肿瘤医院__图片__福建省肿瘤医院__图片__zlyz39-4.json
dataset/gastritis_external/processed_images/福建省肿瘤医院/crop_ui,福建省肿瘤医院__图片__福建省肿瘤医院__图片__zlyz29-1.jpg,0,1,1,1,0,,福建省肿瘤医院__图片__福建省肿瘤医院__图片__zlyz29-1_overlay.jpg,福建省肿瘤医院__图片__福建省肿瘤医院__图片__zlyz29-1.png,福建省肿瘤医院__图片__福建省肿瘤医院__图片__zlyz29-1.json
dataset/gastritis_external/processed_images/福建省肿瘤医院/crop_ui,福建省肿瘤医院__图片__福建省肿瘤医院__图片__zlyz16-2.jpg,0,1,1,1,0,,福建省肿瘤医院__图片__福建省肿瘤医院__图片__zlyz16-2_overlay.jpg,福建省肿瘤医院__图片__福建省肿瘤医院__图片__zlyz16-2.png,福建省肿瘤医院__图片__福建省肿瘤医院__图片__zlyz16-2.json
dataset/gastritis_external/processed_images/福建省肿瘤医院/crop_ui,福建省肿瘤医院__图片__福建省肿瘤医院__图片__zlyz20-8.jpg,0,1,1,1,0,,福建省肿瘤医院__图片__福建省肿瘤医院__图片__zlyz20-8_overlay.jpg,福建省肿瘤医院__图片__福建省肿瘤医院__图片__zlyz20-8.png,福建省肿瘤医院__图片__福建省肿瘤医院__图片__zlyz20-8.json
dataset/gastritis_external/processed_images/福建省肿瘤医院/crop_ui,福建省肿瘤医院__图片__福建省肿瘤医院__图片__zlyz22-1.jpg,0,1,1,1,0,,福建省肿瘤医院__图片__福建省肿瘤医院__图片__zlyz22-1_overlay.jpg,福建省肿瘤医院__图片__福建省肿瘤医院__图片__zlyz22-1.png,福建省肿瘤医院__图片__福建省肿瘤医院__图片__zlyz22-1.json
dataset/gastritis_external/processed_images/福建省肿瘤医院/crop_ui,福建省肿瘤医院__图片__福建省肿瘤医院__图片__zlyz25-1.jpg,0,1,1,1,0,,福建省肿瘤医院__图片__福建省肿瘤医院__图片__zlyz25-1_overlay.jpg,福建省肿瘤医院__图片__福建省肿瘤医院__图片__zlyz25-1.png,福建省肿瘤医院__图片__福建省肿瘤医院__图片__zlyz25-1.json
dataset/gastritis_external/processed_images/福建省肿瘤医院/crop_ui,福建省肿瘤医院__图片__福建省肿瘤医院__图片__zlyz29-4.jpg,0,1,1,1,0,,福建省肿瘤医院__图片__福建省肿瘤医院__图片__zlyz29-4_overlay.jpg,福建省肿瘤医院__图片__福建省肿瘤医院__图片__zlyz29-4.png,福建省肿瘤医院__图片__福建省肿瘤医院__图片__zlyz29-4.json
dataset/gastritis_external/processed_images/福建省肿瘤医院/crop_ui,福建省肿瘤医院__图片__福建省肿瘤医院__图片__zlyz51-2.jpg,0,1,1,1,0,,福建省肿瘤医院__图片__福建省肿瘤医院__图片__zlyz51-2_overlay.jpg,福建省肿瘤医院__图片__福建省肿瘤医院__图片__zlyz51-2.png,福建省肿瘤医院__图片__福建省肿瘤医院__图片__zlyz51-2.json
dataset/gastritis_external/processed_images/福建省肿瘤医院/crop_ui,福建省肿瘤医院__图片__福建省肿瘤医院__图片__zlyz28-3.jpg,0,1,1,1,0,,福建省肿瘤医院__图片__福建省肿瘤医院__图片__zlyz28-3_overlay.jpg,福建省肿瘤医院__图片__福建省肿瘤医院__图片__zlyz28-3.png,福建省肿瘤医院__图片__福建省肿瘤医院__图片__zlyz28-3.json
dataset/gastritis_external/processed_images/福建省肿瘤医院/crop_ui,福建省肿瘤医院__图片__福建省肿瘤医院__图片__zlyz25-3.jpg,0,1,1,1,0,,福建省肿瘤医院__图片__福建省肿瘤医院__图片__zlyz25-3_overlay.jpg,福建省肿瘤医院__图片__福建省肿瘤医院__图片__zlyz25-3.png,福建省肿瘤医院__图片__福建省肿瘤医院__图片__zlyz25-3.json
dataset/gastritis_external/processed_images/福建省肿瘤医院/crop_ui,福建省肿瘤医院__图片__福建省肿瘤医院__图片__zlyz9-2.jpg,0,1,1,1,0,,福建省肿瘤医院__图片__福建省肿瘤医院__图片__zlyz9-2_overlay.jpg,福建省肿瘤医院__图片__福建省肿瘤医院__图片__zlyz9-2.png,福建省肿瘤医院__图片__福建省肿瘤医院__图片__zlyz9-2.json
dataset/gastritis_external/processed_images/福建省肿瘤医院/crop_ui,福建省肿瘤医院__图片__福建省肿瘤医院__图片__zlyz25-4.jpg,0,1,1,1,0,,福建省肿瘤医院__图片__福建省肿瘤医院__图片__zlyz25-4_overlay.jpg,福建省肿瘤医院__图片__福建省肿瘤医院__图片__zlyz25-4.png,福建省肿瘤医院__图片__福建省肿瘤医院__图片__zlyz25-4.json
dataset/gastritis_external/processed_images/福建省肿瘤医院/crop_ui,福建省肿瘤医院__图片__福建省肿瘤医院__图片__zlyz20-2.jpg,0,1,1,1,0,,福建省肿瘤医院__图片__福建省肿瘤医院__图片__zlyz20-2_overlay.jpg,福建省肿瘤医院__图片__福建省肿瘤医院__图片__zlyz20-2.png,福建省肿瘤医院__图片__福建省肿瘤医院__图片__zlyz20-2.json
dataset/gastritis_external/processed_images/福建省肿瘤医院/crop_ui,福建省肿瘤医院__图片__福建省肿瘤医院__图片__zlyz10-3.jpg,0,1,1,1,0,,福建省肿瘤医院__图片__福建省肿瘤医院__图片__zlyz10-3_overlay.jpg,福建省肿瘤医院__图片__福建省肿瘤医院__图片__zlyz10-3.png,福建省肿瘤医院__图片__福建省肿瘤医院__图片__zlyz10-3.json
dataset/gastritis_external/processed_images/福建省肿瘤医院/crop_ui,福建省肿瘤医院__图片__福建省肿瘤医院__图片__zlyz14-2.jpg,0,1,1,1,0,,福建省肿瘤医院__图片__福建省肿瘤医院__图片__zlyz14-2_overlay.jpg,福建省肿瘤医院__图片__福建省肿瘤医院__图片__zlyz14-2.png,福建省肿瘤医院__图片__福建省肿瘤医院__图片__zlyz14-2.json
dataset/gastritis_external/processed_images/福建省肿瘤医院/crop_ui,福建省肿瘤医院__图片__福建省肿瘤医院__图片__zlyz38-1.jpg,0,1,1,1,0,,福建省肿瘤医院__图片__福建省肿瘤医院__图片__zlyz38-1_overlay.jpg,福建省肿瘤医院__图片__福建省肿瘤医院__图片__zlyz38-1.png,福建省肿瘤医院__图片__福建省肿瘤医院__图片__zlyz38-1.json
dataset/gastritis_external/processed_images/福建省肿瘤医院/crop_ui,福建省肿瘤医院__图片__福建省肿瘤医院__图片__zlyz20-9.jpg,0,1,1,1,0,,福建省肿瘤医院__图片__福建省肿瘤医院__图片__zlyz20-9_overlay.jpg,福建省肿瘤医院__图片__福建省肿瘤医院__图片__zlyz20-9.png,福建省肿瘤医院__图片__福建省肿瘤医院__图片__zlyz20-9.json
dataset/gastritis_external/processed_images/福建省肿瘤医院/crop_ui,福建省肿瘤医院__图片__福建省肿瘤医院__图片__zlyz39-7.jpg,0,1,1,1,0,,福建省肿瘤医院__图片__福建省肿瘤医院__图片__zlyz39-7_overlay.jpg,福建省肿瘤医院__图片__福建省肿瘤医院__图片__zlyz39-7.png,福建省肿瘤医院__图片__福建省肿瘤医院__图片__zlyz39-7.json
dataset/gastritis_external/processed_images/福建省肿瘤医院/crop_ui,福建省肿瘤医院__图片__福建省肿瘤医院__图片__zlyz28-4.jpg,0,1,1,1,0,,福建省肿瘤医院__图片__福建省肿瘤医院__图片__zlyz28-4_overlay.jpg,福建省肿瘤医院__图片__福建省肿瘤医院__图片__zlyz28-4.png,福建省肿瘤医院__图片__福建省肿瘤医院__图片__zlyz28-4.json
dataset/gastritis_external/processed_images/福建省肿瘤医院/crop_ui,福建省肿瘤医院__图片__福建省肿瘤医院__图片__zlyz53-5.jpg,0,1,1,1,0,,福建省肿瘤医院__图片__福建省肿瘤医院__图片__zlyz53-5_overlay.jpg,福建省肿瘤医院__图片__福建省肿瘤医院__图片__zlyz53-5.png,福建省肿瘤医院__图片__福建省肿瘤医院__图片__zlyz53-5.json
dataset/gastritis_external/processed_images/福建省肿瘤医院/crop_ui,福建省肿瘤医院__图片__福建省肿瘤医院__图片__zlyz15-3.jpg,0,1,1,1,0,,福建省肿瘤医院__图片__福建省肿瘤医院__图片__zlyz15-3_overlay.jpg,福建省肿瘤医院__图片__福建省肿瘤医院__图片__zlyz15-3.png,福建省肿瘤医院__图片__福建省肿瘤医院__图片__zlyz15-3.json
dataset/gastritis_external/processed_images/福建省肿瘤医院/crop_ui,福建省肿瘤医院__图片__福建省肿瘤医院__图片__zlyz8.jpg,0,1,1,1,0,,福建省肿瘤医院__图片__福建省肿瘤医院__图片__zlyz8_overlay.jpg,福建省肿瘤医院__图片__福建省肿瘤医院__图片__zlyz8.png,福建省肿瘤医院__图片__福建省肿瘤医院__图片__zlyz8.json
dataset/gastritis_external/processed_images/福建省肿瘤医院/crop_ui,福建省肿瘤医院__图片__福建省肿瘤医院__图片__zlyz46-1.jpg,0,1,1,1,0,,福建省肿瘤医院__图片__福建省肿瘤医院__图片__zlyz46-1_overlay.jpg,福建省肿瘤医院__图片__福建省肿瘤医院__图片__zlyz46-1.png,福建省肿瘤医院__图片__福建省肿瘤医院__图片__zlyz46-1.json
dataset/gastritis_external/processed_images/福建省肿瘤医院/crop_ui,福建省肿瘤医院__图片__福建省肿瘤医院__图片__zlyz15-4.jpg,0,1,1,1,0,,福建省肿瘤医院__图片__福建省肿瘤医院__图片__zlyz15-4_overlay.jpg,福建省肿瘤医院__图片__福建省肿瘤医院__图片__zlyz15-4.png,福建省肿瘤医院__图片__福建省肿瘤医院__图片__zlyz15-4.json
dataset/gastritis_external/processed_images/福建省肿瘤医院/crop_ui,福建省肿瘤医院__图片__福建省肿瘤医院__图片__zlyz44-1.jpg,0,1,1,1,0,,福建省肿瘤医院__图片__福建省肿瘤医院__图片__zlyz44-1_overlay.jpg,福建省肿瘤医院__图片__福建省肿瘤医院__图片__zlyz44-1.png,福建省肿瘤医院__图片__福建省肿瘤医院__图片__zlyz44-1.json
dataset/gastritis_external/processed_images/福建省肿瘤医院/crop_ui,福建省肿瘤医院__图片__福建省肿瘤医院__图片__zlyz20-1.jpg,0,1,1,1,0,,福建省肿瘤医院__图片__福建省肿瘤医院__图片__zlyz20-1_overlay.jpg,福建省肿瘤医院__图片__福建省肿瘤医院__图片__zlyz20-1.png,福建省肿瘤医院__图片__福建省肿瘤医院__图片__zlyz20-1.json
dataset/gastritis_external/processed_images/福建省肿瘤医院/crop_ui,福建省肿瘤医院__图片__福建省肿瘤医院__图片__zlyz30-2.jpg,0,1,1,1,0,,福建省肿瘤医院__图片__福建省肿瘤医院__图片__zlyz30-2_overlay.jpg,福建省肿瘤医院__图片__福建省肿瘤医院__图片__zlyz30-2.png,福建省肿瘤医院__图片__福建省肿瘤医院__图片__zlyz30-2.json
dataset/gastritis_external/processed_images/福建省肿瘤医院/crop_ui,福建省肿瘤医院__图片__福建省肿瘤医院__图片__zlyz16-4.jpg,0,1,1,1,0,,福建省肿瘤医院__图片__福建省肿瘤医院__图片__zlyz16-4_overlay.jpg,福建省肿瘤医院__图片__福建省肿瘤医院__图片__zlyz16-4.png,福建省肿瘤医院__图片__福建省肿瘤医院__图片__zlyz16-4.json
dataset/gastritis_external/processed_images/福建省肿瘤医院/crop_ui,福建省肿瘤医院__图片__福建省肿瘤医院__图片__zlyz49-2.jpg,0,1,1,1,0,,福建省肿瘤医院__图片__福建省肿瘤医院__图片__zlyz49-2_overlay.jpg,福建省肿瘤医院__图片__福建省肿瘤医院__图片__zlyz49-2.png,福建省肿瘤医院__图片__福建省肿瘤医院__图片__zlyz49-2.json
dataset/gastritis_external/processed_images/福建省肿瘤医院/crop_ui,福建省肿瘤医院__图片__福建省肿瘤医院__图片__zlyz20-11.jpg,0,1,1,1,0,,福建省肿瘤医院__图片__福建省肿瘤医院__图片__zlyz20-11_overlay.jpg,福建省肿瘤医院__图片__福建省肿瘤医院__图片__zlyz20-11.png,福建省肿瘤医院__图片__福建省肿瘤医院__图片__zlyz20-11.json
dataset/gastritis_external/processed_images/福建省肿瘤医院/crop_ui,福建省肿瘤医院__图片__福建省肿瘤医院__图片__zlyz39-5.jpg,0,1,1,1,0,,福建省肿瘤医院__图片__福建省肿瘤医院__图片__zlyz39-5_overlay.jpg,福建省肿瘤医院__图片__福建省肿瘤医院__图片__zlyz39-5.png,福建省肿瘤医院__图片__福建省肿瘤医院__图片__zlyz39-5.json
dataset/gastritis_external/processed_images/福建省肿瘤医院/crop_ui,福建省肿瘤医院__图片__福建省肿瘤医院__图片__zlyz43-2.jpg,0,1,1,1,0,,福建省肿瘤医院__图片__福建省肿瘤医院__图片__zlyz43-2_overlay.jpg,福建省肿瘤医院__图片__福建省肿瘤医院__图片__zlyz43-2.png,福建省肿瘤医院__图片__福建省肿瘤医院__图片__zlyz43-2.json
dataset/gastritis_external/processed_images/福建省肿瘤医院/crop_ui,福建省肿瘤医院__图片__福建省肿瘤医院__图片__zlyz12-1.jpg,0,1,1,1,0,,福建省肿瘤医院__图片__福建省肿瘤医院__图片__zlyz12-1_overlay.jpg,福建省肿瘤医院__图片__福建省肿瘤医院__图片__zlyz12-1.png,福建省肿瘤医院__图片__福建省肿瘤医院__图片__zlyz12-1.json
dataset/gastritis_external/processed_images/福建省肿瘤医院/crop_ui,福建省肿瘤医院__图片__福建省肿瘤医院__图片__zlyz28-2.jpg,0,1,1,1,0,,福建省肿瘤医院__图片__福建省肿瘤医院__图片__zlyz28-2_overlay.jpg,福建省肿瘤医院__图片__福建省肿瘤医院__图片__zlyz28-2.png,福建省肿瘤医院__图片__福建省肿瘤医院__图片__zlyz28-2.json
dataset/gastritis_external/processed_images/福建省肿瘤医院/crop_ui,福建省肿瘤医院__图片__福建省肿瘤医院__图片__zlyz2-2.jpg,0,1,1,1,0,,福建省肿瘤医院__图片__福建省肿瘤医院__图片__zlyz2-2_overlay.jpg,福建省肿瘤医院__图片__福建省肿瘤医院__图片__zlyz2-2.png,福建省肿瘤医院__图片__福建省肿瘤医院__图片__zlyz2-2.json
dataset/gastritis_external/processed_images/福建省肿瘤医院/crop_ui,福建省肿瘤医院__图片__福建省肿瘤医院__图片__zlyz22-6.jpg,0,1,1,1,0,,福建省肿瘤医院__图片__福建省肿瘤医院__图片__zlyz22-6_overlay.jpg,福建省肿瘤医院__图片__福建省肿瘤医院__图片__zlyz22-6.png,福建省肿瘤医院__图片__福建省肿瘤医院__图片__zlyz22-6.json
dataset/gastritis_external/processed_images/福建省肿瘤医院/crop_ui,福建省肿瘤医院__图片__福建省肿瘤医院__图片__zlyz25-2.jpg,0,1,1,1,0,,福建省肿瘤医院__图片__福建省肿瘤医院__图片__zlyz25-2_overlay.jpg,福建省肿瘤医院__图片__福建省肿瘤医院__图片__zlyz25-2.png,福建省肿瘤医院__图片__福建省肿瘤医院__图片__zlyz25-2.json
dataset/gastritis_external/processed_images/福建省肿瘤医院/crop_ui,福建省肿瘤医院__图片__福建省肿瘤医院__图片__zlyz22-3.jpg,0,1,1,1,0,,福建省肿瘤医院__图片__福建省肿瘤医院__图片__zlyz22-3_overlay.jpg,福建省肿瘤医院__图片__福建省肿瘤医院__图片__zlyz22-3.png,福建省肿瘤医院__图片__福建省肿瘤医院__图片__zlyz22-3.json
dataset/gastritis_external/processed_images/福建省肿瘤医院/crop_ui,福建省肿瘤医院__图片__福建省肿瘤医院__图片__zlyz24-3.jpg,0,1,1,1,0,,福建省肿瘤医院__图片__福建省肿瘤医院__图片__zlyz24-3_overlay.jpg,福建省肿瘤医院__图片__福建省肿瘤医院__图片__zlyz24-3.png,福建省肿瘤医院__图片__福建省肿瘤医院__图片__zlyz24-3.json
dataset/gastritis_external/processed_images/福建省肿瘤医院/crop_ui,福建省肿瘤医院__图片__福建省肿瘤医院__图片__zlyz9-3.jpg,0,1,1,1,0,,福建省肿瘤医院__图片__福建省肿瘤医院__图片__zlyz9-3_overlay.jpg,福建省肿瘤医院__图片__福建省肿瘤医院__图片__zlyz9-3.png,福建省肿瘤医院__图片__福建省肿瘤医院__图片__zlyz9-3.json
dataset/gastritis_external/processed_images/福建省肿瘤医院/crop_ui,福建省肿瘤医院__图片__福建省肿瘤医院__图片__zlyz50-1.jpg,0,1,1,1,0,,福建省肿瘤医院__图片__福建省肿瘤医院__图片__zlyz50-1_overlay.jpg,福建省肿瘤医院__图片__福建省肿瘤医院__图片__zlyz50-1.png,福建省肿瘤医院__图片__福建省肿瘤医院__图片__zlyz50-1.json
dataset/gastritis_external/processed_images/福建省肿瘤医院/crop_ui,福建省肿瘤医院__图片__福建省肿瘤医院__图片__zlyz5-3.jpg,0,1,1,1,0,,福建省肿瘤医院__图片__福建省肿瘤医院__图片__zlyz5-3_overlay.jpg,福建省肿瘤医院__图片__福建省肿瘤医院__图片__zlyz5-3.png,福建省肿瘤医院__图片__福建省肿瘤医院__图片__zlyz5-3.json
dataset/gastritis_external/processed_images/福建省肿瘤医院/crop_ui,福建省肿瘤医院__图片__福建省肿瘤医院__图片__zlyz3-3.jpg,0,1,1,1,0,,福建省肿瘤医院__图片__福建省肿瘤医院__图片__zlyz3-3_overlay.jpg,福建省肿瘤医院__图片__福建省肿瘤医院__图片__zlyz3-3.png,福建省肿瘤医院__图片__福建省肿瘤医院__图片__zlyz3-3.json
dataset/gastritis_external/processed_images/福建省肿瘤医院/crop_ui,福建省肿瘤医院__图片__福建省肿瘤医院__图片__zlyz39-1.jpg,0,1,1,1,0,,福建省肿瘤医院__图片__福建省肿瘤医院__图片__zlyz39-1_overlay.jpg,福建省肿瘤医院__图片__福建省肿瘤医院__图片__zlyz39-1.png,福建省肿瘤医院__图片__福建省肿瘤医院__图片__zlyz39-1.json
dataset/gastritis_external/processed_images/福建省肿瘤医院/crop_ui,福建省肿瘤医院__图片__福建省肿瘤医院__图片__zlyz27-3.jpg,0,1,1,1,0,,福建省肿瘤医院__图片__福建省肿瘤医院__图片__zlyz27-3_overlay.jpg,福建省肿瘤医院__图片__福建省肿瘤医院__图片__zlyz27-3.png,福建省肿瘤医院__图片__福建省肿瘤医院__图片__zlyz27-3.json
dataset/gastritis_external/processed_images/福建省肿瘤医院/crop_ui,福建省肿瘤医院__图片__福建省肿瘤医院__图片__zlyz33-1.jpg,0,1,1,1,0,,福建省肿瘤医院__图片__福建省肿瘤医院__图片__zlyz33-1_overlay.jpg,福建省肿瘤医院__图片__福建省肿瘤医院__图片__zlyz33-1.png,福建省肿瘤医院__图片__福建省肿瘤医院__图片__zlyz33-1.json
dataset/gastritis_external/processed_images/福建省肿瘤医院/crop_ui,福建省肿瘤医院__图片__福建省肿瘤医院__图片__zlyz1-2.jpg,0,1,1,1,0,,福建省肿瘤医院__图片__福建省肿瘤医院__图片__zlyz1-2_overlay.jpg,福建省肿瘤医院__图片__福建省肿瘤医院__图片__zlyz1-2.png,福建省肿瘤医院__图片__福建省肿瘤医院__图片__zlyz1-2.json
dataset/gastritis_external/processed_images/福建省肿瘤医院/crop_ui,福建省肿瘤医院__图片__福建省肿瘤医院__图片__zlyz44-5.jpg,0,1,1,1,0,,福建省肿瘤医院__图片__福建省肿瘤医院__图片__zlyz44-5_overlay.jpg,福建省肿瘤医院__图片__福建省肿瘤医院__图片__zlyz44-5.png,福建省肿瘤医院__图片__福建省肿瘤医院__图片__zlyz44-5.json
dataset/gastritis_external/processed_images/福建省肿瘤医院/crop_ui,福建省肿瘤医院__图片__福建省肿瘤医院__图片__zlyz39-3.jpg,0,1,1,1,0,,福建省肿瘤医院__图片__福建省肿瘤医院__图片__zlyz39-3_overlay.jpg,福建省肿瘤医院__图片__福建省肿瘤医院__图片__zlyz39-3.png,福建省肿瘤医院__图片__福建省肿瘤医院__图片__zlyz39-3.json
dataset/gastritis_external/processed_images/福建省肿瘤医院/crop_ui,福建省肿瘤医院__图片__福建省肿瘤医院__图片__zlyz5-1.jpg,0,1,1,1,0,,福建省肿瘤医院__图片__福建省肿瘤医院__图片__zlyz5-1_overlay.jpg,福建省肿瘤医院__图片__福建省肿瘤医院__图片__zlyz5-1.png,福建省肿瘤医院__图片__福建省肿瘤医院__图片__zlyz5-1.json
dataset/gastritis_external/processed_images/福建省肿瘤医院/crop_ui,福建省肿瘤医院__图片__福建省肿瘤医院__图片__zlyz39-6.jpg,0,1,1,1,0,,福建省肿瘤医院__图片__福建省肿瘤医院__图片__zlyz39-6_overlay.jpg,福建省肿瘤医院__图片__福建省肿瘤医院__图片__zlyz39-6.png,福建省肿瘤医院__图片__福建省肿瘤医院__图片__zlyz39-6.json
dataset/gastritis_external/processed_images/福建省肿瘤医院/crop_ui,福建省肿瘤医院__图片__福建省肿瘤医院__图片__zlyz27-2.jpg,0,1,1,1,0,,福建省肿瘤医院__图片__福建省肿瘤医院__图片__zlyz27-2_overlay.jpg,福建省肿瘤医院__图片__福建省肿瘤医院__图片__zlyz27-2.png,福建省肿瘤医院__图片__福建省肿瘤医院__图片__zlyz27-2.json
dataset/gastritis_external/processed_images/福建省肿瘤医院/crop_ui,福建省肿瘤医院__图片__福建省肿瘤医院__图片__zlyz35-1.jpg,0,1,1,1,0,,福建省肿瘤医院__图片__福建省肿瘤医院__图片__zlyz35-1_overlay.jpg,福建省肿瘤医院__图片__福建省肿瘤医院__图片__zlyz35-1.png,福建省肿瘤医院__图片__福建省肿瘤医院__图片__zlyz35-1.json
dataset/gastritis_external/processed_images/福建省肿瘤医院/crop_ui,福建省肿瘤医院__图片__福建省肿瘤医院__图片__zlyz22-4.jpg,0,1,1,1,0,,福建省肿瘤医院__图片__福建省肿瘤医院__图片__zlyz22-4_overlay.jpg,福建省肿瘤医院__图片__福建省肿瘤医院__图片__zlyz22-4.png,福建省肿瘤医院__图片__福建省肿瘤医院__图片__zlyz22-4.json
dataset/gastritis_external/processed_images/福建省肿瘤医院/crop_ui,福建省肿瘤医院__图片__福建省肿瘤医院__图片__zlyz20-5.jpg,0,1,1,1,0,,福建省肿瘤医院__图片__福建省肿瘤医院__图片__zlyz20-5_overlay.jpg,福建省肿瘤医院__图片__福建省肿瘤医院__图片__zlyz20-5.png,福建省肿瘤医院__图片__福建省肿瘤医院__图片__zlyz20-5.json
dataset/gastritis_external/processed_images/福建省肿瘤医院/crop_ui,福建省肿瘤医院__图片__福建省肿瘤医院__图片__zlyz11-3.jpg,0,1,1,1,0,,福建省肿瘤医院__图片__福建省肿瘤医院__图片__zlyz11-3_overlay.jpg,福建省肿瘤医院__图片__福建省肿瘤医院__图片__zlyz11-3.png,福建省肿瘤医院__图片__福建省肿瘤医院__图片__zlyz11-3.json
dataset/gastritis_external/processed_images/福建省肿瘤医院/crop_ui,福建省肿瘤医院__图片__福建省肿瘤医院__图片__zlyz34-3.jpg,0,1,1,1,0,,福建省肿瘤医院__图片__福建省肿瘤医院__图片__zlyz34-3_overlay.jpg,福建省肿瘤医院__图片__福建省肿瘤医院__图片__zlyz34-3.png,福建省肿瘤医院__图片__福建省肿瘤医院__图片__zlyz34-3.json
dataset/gastritis_external/processed_images/福建省肿瘤医院/crop_ui,福建省肿瘤医院__图片__福建省肿瘤医院__图片__zlyz30-3.jpg,0,1,1,1,0,,福建省肿瘤医院__图片__福建省肿瘤医院__图片__zlyz30-3_overlay.jpg,福建省肿瘤医院__图片__福建省肿瘤医院__图片__zlyz30-3.png,福建省肿瘤医院__图片__福建省肿瘤医院__图片__zlyz30-3.json
dataset/gastritis_external/processed_images/福建省肿瘤医院/crop_ui,福建省肿瘤医院__图片__福建省肿瘤医院__图片__zlyz48-1.jpg,0,1,1,1,0,,福建省肿瘤医院__图片__福建省肿瘤医院__图片__zlyz48-1_overlay.jpg,福建省肿瘤医院__图片__福建省肿瘤医院__图片__zlyz48-1.png,福建省肿瘤医院__图片__福建省肿瘤医院__图片__zlyz48-1.json
dataset/gastritis_external/processed_images/福建省肿瘤医院/crop_ui,福建省肿瘤医院__图片__福建省肿瘤医院__图片__zlyz18-1.jpg,0,1,1,1,0,,福建省肿瘤医院__图片__福建省肿瘤医院__图片__zlyz18-1_overlay.jpg,福建省肿瘤医院__图片__福建省肿瘤医院__图片__zlyz18-1.png,福建省肿瘤医院__图片__福建省肿瘤医院__图片__zlyz18-1.json
dataset/gastritis_external/processed_images/福建省肿瘤医院/crop_ui,福建省肿瘤医院__图片__福建省肿瘤医院__图片__zlyz6-3.jpg,0,1,1,1,0,,福建省肿瘤医院__图片__福建省肿瘤医院__图片__zlyz6-3_overlay.jpg,福建省肿瘤医院__图片__福建省肿瘤医院__图片__zlyz6-3.png,福建省肿瘤医院__图片__福建省肿瘤医院__图片__zlyz6-3.json
dataset/gastritis_external/processed_images/福建省肿瘤医院/crop_ui,福建省肿瘤医院__图片__福建省肿瘤医院__图片__zlyz31-9.jpg,0,1,1,1,0,,福建省肿瘤医院__图片__福建省肿瘤医院__图片__zlyz31-9_overlay.jpg,福建省肿瘤医院__图片__福建省肿瘤医院__图片__zlyz31-9.png,福建省肿瘤医院__图片__福建省肿瘤医院__图片__zlyz31-9.json
dataset/gastritis_external/processed_images/福建省肿瘤医院/crop_ui,福建省肿瘤医院__图片__福建省肿瘤医院__图片__zlyz22-2.jpg,0,1,1,1,0,,福建省肿瘤医院__图片__福建省肿瘤医院__图片__zlyz22-2_overlay.jpg,福建省肿瘤医院__图片__福建省肿瘤医院__图片__zlyz22-2.png,福建省肿瘤医院__图片__福建省肿瘤医院__图片__zlyz22-2.json
dataset/gastritis_external/processed_images/福建省肿瘤医院/crop_ui,福建省肿瘤医院__图片__福建省肿瘤医院__图片__zlyz46-2.jpg,0,1,1,1,0,,福建省肿瘤医院__图片__福建省肿瘤医院__图片__zlyz46-2_overlay.jpg,福建省肿瘤医院__图片__福建省肿瘤医院__图片__zlyz46-2.png,福建省肿瘤医院__图片__福建省肿瘤医院__图片__zlyz46-2.json
dataset/gastritis_external/processed_images/福建省肿瘤医院/crop_ui,福建省肿瘤医院__图片__福建省肿瘤医院__图片__zlyz2-1.jpg,0,1,1,1,0,,福建省肿瘤医院__图片__福建省肿瘤医院__图片__zlyz2-1_overlay.jpg,福建省肿瘤医院__图片__福建省肿瘤医院__图片__zlyz2-1.png,福建省肿瘤医院__图片__福建省肿瘤医院__图片__zlyz2-1.json
dataset/gastritis_external/processed_images/福建省肿瘤医院/crop_ui,福建省肿瘤医院__图片__福建省肿瘤医院__图片__zlyz44-4.jpg,0,1,1,1,0,,福建省肿瘤医院__图片__福建省肿瘤医院__图片__zlyz44-4_overlay.jpg,福建省肿瘤医院__图片__福建省肿瘤医院__图片__zlyz44-4.png,福建省肿瘤医院__图片__福建省肿瘤医院__图片__zlyz44-4.json
dataset/gastritis_external/processed_images/福建省肿瘤医院/crop_ui,福建省肿瘤医院__图片__福建省肿瘤医院__图片__zlyz13-2.jpg,0,1,1,1,0,,福建省肿瘤医院__图片__福建省肿瘤医院__图片__zlyz13-2_overlay.jpg,福建省肿瘤医院__图片__福建省肿瘤医院__图片__zlyz13-2.png,福建省肿瘤医院__图片__福建省肿瘤医院__图片__zlyz13-2.json
dataset/gastritis_external/processed_images/福建省肿瘤医院/crop_ui,福建省肿瘤医院__图片__福建省肿瘤医院__图片__zlyz48-2.jpg,0,1,1,1,0,,福建省肿瘤医院__图片__福建省肿瘤医院__图片__zlyz48-2_overlay.jpg,福建省肿瘤医院__图片__福建省肿瘤医院__图片__zlyz48-2.png,福建省肿瘤医院__图片__福建省肿瘤医院__图片__zlyz48-2.json
dataset/gastritis_external/processed_images/福建省肿瘤医院/crop_ui,福建省肿瘤医院__图片__福建省肿瘤医院__图片__zlyz46-3.jpg,0,1,1,1,0,,福建省肿瘤医院__图片__福建省肿瘤医院__图片__zlyz46-3_overlay.jpg,福建省肿瘤医院__图片__福建省肿瘤医院__图片__zlyz46-3.png,福建省肿瘤医院__图片__福建省肿瘤医院__图片__zlyz46-3.json
dataset/gastritis_external/processed_images/福建省肿瘤医院/crop_ui,福建省肿瘤医院__图片__福建省肿瘤医院__图片__zlyz45-3.jpg,0,1,1,1,0,,福建省肿瘤医院__图片__福建省肿瘤医院__图片__zlyz45-3_overlay.jpg,福建省肿瘤医院__图片__福建省肿瘤医院__图片__zlyz45-3.png,福建省肿瘤医院__图片__福建省肿瘤医院__图片__zlyz45-3.json
dataset/gastritis_external/processed_images/福建省肿瘤医院/crop_ui,福建省肿瘤医院__图片__福建省肿瘤医院__图片__zlyz7-4.jpg,0,1,1,1,0,,福建省肿瘤医院__图片__福建省肿瘤医院__图片__zlyz7-4_overlay.jpg,福建省肿瘤医院__图片__福建省肿瘤医院__图片__zlyz7-4.png,福建省肿瘤医院__图片__福建省肿瘤医院__图片__zlyz7-4.json
dataset/gastritis_external/processed_images/福建省肿瘤医院/crop_ui,福建省肿瘤医院__图片__福建省肿瘤医院__图片__zlyz34-2.jpg,0,1,1,1,0,,福建省肿瘤医院__图片__福建省肿瘤医院__图片__zlyz34-2_overlay.jpg,福建省肿瘤医院__图片__福建省肿瘤医院__图片__zlyz34-2.png,福建省肿瘤医院__图片__福建省肿瘤医院__图片__zlyz34-2.json
dataset/gastritis_external/processed_images/福建省肿瘤医院/crop_ui,福建省肿瘤医院__图片__福建省肿瘤医院__图片__zlyz43-1.jpg,0,1,1,1,0,,福建省肿瘤医院__图片__福建省肿瘤医院__图片__zlyz43-1_overlay.jpg,福建省肿瘤医院__图片__福建省肿瘤医院__图片__zlyz43-1.png,福建省肿瘤医院__图片__福建省肿瘤医院__图片__zlyz43-1.json
dataset/gastritis_external/processed_images/福建省肿瘤医院/crop_ui,福建省肿瘤医院__图片__福建省肿瘤医院__图片__zlyz32-2.jpg,0,1,1,1,0,,福建省肿瘤医院__图片__福建省肿瘤医院__图片__zlyz32-2_overlay.jpg,福建省肿瘤医院__图片__福建省肿瘤医院__图片__zlyz32-2.png,福建省肿瘤医院__图片__福建省肿瘤医院__图片__zlyz32-2.json
dataset/gastritis_external/processed_images/福建省肿瘤医院/crop_ui,福建省肿瘤医院__图片__福建省肿瘤医院__图片__zlyz5-2.jpg,0,1,1,1,0,,福建省肿瘤医院__图片__福建省肿瘤医院__图片__zlyz5-2_overlay.jpg,福建省肿瘤医院__图片__福建省肿瘤医院__图片__zlyz5-2.png,福建省肿瘤医院__图片__福建省肿瘤医院__图片__zlyz5-2.json
dataset/gastritis_external/processed_images/福建省肿瘤医院/crop_ui,福建省肿瘤医院__图片__福建省肿瘤医院__图片__zlyz1-1.jpg,0,1,1,1,0,,福建省肿瘤医院__图片__福建省肿瘤医院__图片__zlyz1-1_overlay.jpg,福建省肿瘤医院__图片__福建省肿瘤医院__图片__zlyz1-1.png,福建省肿瘤医院__图片__福建省肿瘤医院__图片__zlyz1-1.json
dataset/gastritis_external/processed_images/福建省肿瘤医院/crop_ui,福建省肿瘤医院__图片__福建省肿瘤医院__图片__zlyz23-1.jpg,0,1,1,1,0,,福建省肿瘤医院__图片__福建省肿瘤医院__图片__zlyz23-1_overlay.jpg,福建省肿瘤医院__图片__福建省肿瘤医院__图片__zlyz23-1.png,福建省肿瘤医院__图片__福建省肿瘤医院__图片__zlyz23-1.json
dataset/gastritis_external/processed_images/福建省肿瘤医院/crop_ui,福建省肿瘤医院__图片__福建省肿瘤医院__图片__zlyz5-4.jpg,0,1,1,1,0,,福建省肿瘤医院__图片__福建省肿瘤医院__图片__zlyz5-4_overlay.jpg,福建省肿瘤医院__图片__福建省肿瘤医院__图片__zlyz5-4.png,福建省肿瘤医院__图片__福建省肿瘤医院__图片__zlyz5-4.json
dataset/gastritis_external/processed_images/福建省肿瘤医院/crop_ui,福建省肿瘤医院__图片__福建省肿瘤医院__图片__zlyz40-2.jpg,0,1,1,1,0,,福建省肿瘤医院__图片__福建省肿瘤医院__图片__zlyz40-2_overlay.jpg,福建省肿瘤医院__图片__福建省肿瘤医院__图片__zlyz40-2.png,福建省肿瘤医院__图片__福建省肿瘤医院__图片__zlyz40-2.json
dataset/gastritis_external/processed_images/福建省肿瘤医院/crop_ui,福建省肿瘤医院__图片__福建省肿瘤医院__图片__zlyz41-3.jpg,0,1,1,1,0,,福建省肿瘤医院__图片__福建省肿瘤医院__图片__zlyz41-3_overlay.jpg,福建省肿瘤医院__图片__福建省肿瘤医院__图片__zlyz41-3.png,福建省肿瘤医院__图片__福建省肿瘤医院__图片__zlyz41-3.json
dataset/gastritis_external/processed_images/福建省肿瘤医院/crop_ui,福建省肿瘤医院__图片__福建省肿瘤医院__图片__zlyz1-4.jpg,0,1,1,1,0,,福建省肿瘤医院__图片__福建省肿瘤医院__图片__zlyz1-4_overlay.jpg,福建省肿瘤医院__图片__福建省肿瘤医院__图片__zlyz1-4.png,福建省肿瘤医院__图片__福建省肿瘤医院__图片__zlyz1-4.json
dataset/gastritis_external/processed_images/福建省肿瘤医院/crop_ui,福建省肿瘤医院__图片__福建省肿瘤医院__图片__zlyz29-2.jpg,0,1,1,1,0,,福建省肿瘤医院__图片__福建省肿瘤医院__图片__zlyz29-2_overlay.jpg,福建省肿瘤医院__图片__福建省肿瘤医院__图片__zlyz29-2.png,福建省肿瘤医院__图片__福建省肿瘤医院__图片__zlyz29-2.json
dataset/gastritis_external/processed_images/福建省肿瘤医院/crop_ui,福建省肿瘤医院__图片__福建省肿瘤医院__图片__zlyz10-2.jpg,0,1,1,1,0,,福建省肿瘤医院__图片__福建省肿瘤医院__图片__zlyz10-2_overlay.jpg,福建省肿瘤医院__图片__福建省肿瘤医院__图片__zlyz10-2.png,福建省肿瘤医院__图片__福建省肿瘤医院__图片__zlyz10-2.json
dataset/gastritis_external/processed_images/福建省肿瘤医院/crop_ui,福建省肿瘤医院__图片__福建省肿瘤医院__图片__zlyz4-1.jpg,0,1,1,1,0,,福建省肿瘤医院__图片__福建省肿瘤医院__图片__zlyz4-1_overlay.jpg,福建省肿瘤医院__图片__福建省肿瘤医院__图片__zlyz4-1.png,福建省肿瘤医院__图片__福建省肿瘤医院__图片__zlyz4-1.json
dataset/gastritis_external/processed_images/福建省肿瘤医院/crop_ui,福建省肿瘤医院__图片__福建省肿瘤医院__图片__zlyz49-3.jpg,0,1,1,1,0,,福建省肿瘤医院__图片__福建省肿瘤医院__图片__zlyz49-3_overlay.jpg,福建省肿瘤医院__图片__福建省肿瘤医院__图片__zlyz49-3.png,福建省肿瘤医院__图片__福建省肿瘤医院__图片__zlyz49-3.json
dataset/gastritis_external/processed_images/福建省肿瘤医院/crop_ui,福建省肿瘤医院__图片__福建省肿瘤医院__图片__zlyz36-1.jpg,0,1,1,1,0,,福建省肿瘤医院__图片__福建省肿瘤医院__图片__zlyz36-1_overlay.jpg,福建省肿瘤医院__图片__福建省肿瘤医院__图片__zlyz36-1.png,福建省肿瘤医院__图片__福建省肿瘤医院__图片__zlyz36-1.json
dataset/gastritis_external/processed_images/福建省肿瘤医院/crop_ui,福建省肿瘤医院__图片__福建省肿瘤医院__图片__zlyz20-3.jpg,0,1,1,1,0,,福建省肿瘤医院__图片__福建省肿瘤医院__图片__zlyz20-3_overlay.jpg,福建省肿瘤医院__图片__福建省肿瘤医院__图片__zlyz20-3.png,福建省肿瘤医院__图片__福建省肿瘤医院__图片__zlyz20-3.json
dataset/gastritis_external/processed_images/福建省肿瘤医院/crop_ui,福建省肿瘤医院__图片__福建省肿瘤医院__图片__zlyz13-1.jpg,0,1,1,1,0,,福建省肿瘤医院__图片__福建省肿瘤医院__图片__zlyz13-1_overlay.jpg,福建省肿瘤医院__图片__福建省肿瘤医院__图片__zlyz13-1.png,福建省肿瘤医院__图片__福建省肿瘤医院__图片__zlyz13-1.json
dataset/gastritis_external/processed_images/福建省肿瘤医院/crop_ui,福建省肿瘤医院__图片__福建省肿瘤医院__图片__zlyz16-1.jpg,0,1,1,1,0,,福建省肿瘤医院__图片__福建省肿瘤医院__图片__zlyz16-1_overlay.jpg,福建省肿瘤医院__图片__福建省肿瘤医院__图片__zlyz16-1.png,福建省肿瘤医院__图片__福建省肿瘤医院__图片__zlyz16-1.json
dataset/gastritis_external/processed_images/福建省肿瘤医院/crop_ui,福建省肿瘤医院__图片__福建省肿瘤医院__图片__zlyz7-1.jpg,0,1,1,1,0,,福建省肿瘤医院__图片__福建省肿瘤医院__图片__zlyz7-1_overlay.jpg,福建省肿瘤医院__图片__福建省肿瘤医院__图片__zlyz7-1.png,福建省肿瘤医院__图片__福建省肿瘤医院__图片__zlyz7-1.json
dataset/gastritis_external/processed_images/福建省肿瘤医院/crop_ui,福建省肿瘤医院__图片__福建省肿瘤医院__图片__zlyz51-1.jpg,0,1,1,1,0,,福建省肿瘤医院__图片__福建省肿瘤医院__图片__zlyz51-1_overlay.jpg,福建省肿瘤医院__图片__福建省肿瘤医院__图片__zlyz51-1.png,福建省肿瘤医院__图片__福建省肿瘤医院__图片__zlyz51-1.json
dataset/gastritis_external/processed_images/福建省肿瘤医院/crop_ui,福建省肿瘤医院__图片__福建省肿瘤医院__图片__zlyz21-1.jpg,0,1,1,1,0,,福建省肿瘤医院__图片__福建省肿瘤医院__图片__zlyz21-1_overlay.jpg,福建省肿瘤医院__图片__福建省肿瘤医院__图片__zlyz21-1.png,福建省肿瘤医院__图片__福建省肿瘤医院__图片__zlyz21-1.json
dataset/gastritis_external/processed_images/福建省肿瘤医院/crop_ui,福建省肿瘤医院__图片__福建省肿瘤医院__图片__zlyz3-2.jpg,0,1,1,1,0,,福建省肿瘤医院__图片__福建省肿瘤医院__图片__zlyz3-2_overlay.jpg,福建省肿瘤医院__图片__福建省肿瘤医院__图片__zlyz3-2.png,福建省肿瘤医院__图片__福建省肿瘤医院__图片__zlyz3-2.json
dataset/gastritis_external/processed_images/福建省肿瘤医院/crop_ui,福建省肿瘤医院__图片__福建省肿瘤医院__图片__zlyz52-1.jpg,0,1,1,1,0,,福建省肿瘤医院__图片__福建省肿瘤医院__图片__zlyz52-1_overlay.jpg,福建省肿瘤医院__图片__福建省肿瘤医院__图片__zlyz52-1.png,福建省肿瘤医院__图片__福建省肿瘤医院__图片__zlyz52-1.json
dataset/gastritis_external/processed_images/福建省肿瘤医院/crop_ui,福建省肿瘤医院__图片__福建省肿瘤医院__图片__zlyz43-8.jpg,0,1,1,1,0,,福建省肿瘤医院__图片__福建省肿瘤医院__图片__zlyz43-8_overlay.jpg,福建省肿瘤医院__图片__福建省肿瘤医院__图片__zlyz43-8.png,福建省肿瘤医院__图片__福建省肿瘤医院__图片__zlyz43-8.json
dataset/gastritis_external/processed_images/福建省肿瘤医院/crop_ui,福建省肿瘤医院__图片__福建省肿瘤医院__图片__zlyz1-3.jpg,0,1,1,1,0,,福建省肿瘤医院__图片__福建省肿瘤医院__图片__zlyz1-3_overlay.jpg,福建省肿瘤医院__图片__福建省肿瘤医院__图片__zlyz1-3.png,福建省肿瘤医院__图片__福建省肿瘤医院__图片__zlyz1-3.json
dataset/gastritis_external/processed_images/福建省肿瘤医院/crop_ui,福建省肿瘤医院__图片__福建省肿瘤医院__图片__zlyz53-4.jpg,0,1,1,1,0,,福建省肿瘤医院__图片__福建省肿瘤医院__图片__zlyz53-4_overlay.jpg,福建省肿瘤医院__图片__福建省肿瘤医院__图片__zlyz53-4.png,福建省肿瘤医院__图片__福建省肿瘤医院__图片__zlyz53-4.json
dataset/gastritis_external/processed_images/福建省肿瘤医院/crop_ui,福建省肿瘤医院__图片__福建省肿瘤医院__图片__zlyz15-2.jpg,0,1,1,1,0,,福建省肿瘤医院__图片__福建省肿瘤医院__图片__zlyz15-2_overlay.jpg,福建省肿瘤医院__图片__福建省肿瘤医院__图片__zlyz15-2.png,福建省肿瘤医院__图片__福建省肿瘤医院__图片__zlyz15-2.json
dataset/gastritis_external/processed_images/福建省肿瘤医院/crop_ui,福建省肿瘤医院__图片__福建省肿瘤医院__图片__zlyz2-4.jpg,0,1,1,1,0,,福建省肿瘤医院__图片__福建省肿瘤医院__图片__zlyz2-4_overlay.jpg,福建省肿瘤医院__图片__福建省肿瘤医院__图片__zlyz2-4.png,福建省肿瘤医院__图片__福建省肿瘤医院__图片__zlyz2-4.json
dataset/gastritis_external/processed_images/福建省肿瘤医院/crop_ui,福建省肿瘤医院__图片__福建省肿瘤医院__图片__zlyz29-3.jpg,0,1,1,1,0,,福建省肿瘤医院__图片__福建省肿瘤医院__图片__zlyz29-3_overlay.jpg,福建省肿瘤医院__图片__福建省肿瘤医院__图片__zlyz29-3.png,福建省肿瘤医院__图片__福建省肿瘤医院__图片__zlyz29-3.json
dataset/gastritis_external/processed_images/福建省肿瘤医院/crop_ui,福建省肿瘤医院__图片__福建省肿瘤医院__图片__zlyz29-7.jpg,0,1,1,1,0,,福建省肿瘤医院__图片__福建省肿瘤医院__图片__zlyz29-7_overlay.jpg,福建省肿瘤医院__图片__福建省肿瘤医院__图片__zlyz29-7.png,福建省肿瘤医院__图片__福建省肿瘤医院__图片__zlyz29-7.json
dataset/gastritis_external/processed_images/福建省肿瘤医院/crop_ui,福建省肿瘤医院__图片__福建省肿瘤医院__图片__zlyz4-2.jpg,0,1,1,1,0,,福建省肿瘤医院__图片__福建省肿瘤医院__图片__zlyz4-2_overlay.jpg,福建省肿瘤医院__图片__福建省肿瘤医院__图片__zlyz4-2.png,福建省肿瘤医院__图片__福建省肿瘤医院__图片__zlyz4-2.json
dataset/gastritis_external/processed_images/福建省肿瘤医院/crop_ui,福建省肿瘤医院__图片__福建省肿瘤医院__图片__zlyz15-5.jpg,0,1,1,1,0,,福建省肿瘤医院__图片__福建省肿瘤医院__图片__zlyz15-5_overlay.jpg,福建省肿瘤医院__图片__福建省肿瘤医院__图片__zlyz15-5.png,福建省肿瘤医院__图片__福建省肿瘤医院__图片__zlyz15-5.json
dataset/gastritis_external/processed_images/福建省肿瘤医院/crop_ui,福建省肿瘤医院__图片__福建省肿瘤医院__图片__zlyz40-1.jpg,0,1,1,1,0,,福建省肿瘤医院__图片__福建省肿瘤医院__图片__zlyz40-1_overlay.jpg,福建省肿瘤医院__图片__福建省肿瘤医院__图片__zlyz40-1.png,福建省肿瘤医院__图片__福建省肿瘤医院__图片__zlyz40-1.json
dataset/gastritis_external/processed_images/莆田学院附属医院/crop_ui,莆田学院附属医院__图片__莆田学院附属医院__莆田炎症图片__ptyz132-2.jpg,0,1,1,1,0,,莆田学院附属医院__图片__莆田学院附属医院__莆田炎症图片__ptyz132-2_overlay.jpg,莆田学院附属医院__图片__莆田学院附属医院__莆田炎症图片__ptyz132-2.png,莆田学院附属医院__图片__莆田学院附属医院__莆田炎症图片__ptyz132-2.json
dataset/gastritis_external/processed_images/莆田学院附属医院/crop_ui,莆田学院附属医院__图片__莆田学院附属医院__莆田炎症图片__ptyz386-2.jpg,0,1,1,1,0,,莆田学院附属医院__图片__莆田学院附属医院__莆田炎症图片__ptyz386-2_overlay.jpg,莆田学院附属医院__图片__莆田学院附属医院__莆田炎症图片__ptyz386-2.png,莆田学院附属医院__图片__莆田学院附属医院__莆田炎症图片__ptyz386-2.json
dataset/gastritis_external/processed_images/莆田学院附属医院/crop_ui,莆田学院附属医院__图片__莆田学院附属医院__莆田炎症图片__ptyz105-4.jpg,0,1,1,1,0,,莆田学院附属医院__图片__莆田学院附属医院__莆田炎症图片__ptyz105-4_overlay.jpg,莆田学院附属医院__图片__莆田学院附属医院__莆田炎症图片__ptyz105-4.png,莆田学院附属医院__图片__莆田学院附属医院__莆田炎症图片__ptyz105-4.json
dataset/gastritis_external/processed_images/莆田学院附属医院/crop_ui,莆田学院附属医院__图片__莆田学院附属医院__莆田炎症图片__ptyz426-5.jpg,0,1,1,1,0,,莆田学院附属医院__图片__莆田学院附属医院__莆田炎症图片__ptyz426-5_overlay.jpg,莆田学院附属医院__图片__莆田学院附属医院__莆田炎症图片__ptyz426-5.png,莆田学院附属医院__图片__莆田学院附属医院__莆田炎症图片__ptyz426-5.json
dataset/gastritis_external/processed_images/莆田学院附属医院/crop_ui,莆田学院附属医院__图片__莆田学院附属医院__莆田炎症图片__ptyz242-2.jpg,0,1,1,1,0,,莆田学院附属医院__图片__莆田学院附属医院__莆田炎症图片__ptyz242-2_overlay.jpg,莆田学院附属医院__图片__莆田学院附属医院__莆田炎症图片__ptyz242-2.png,莆田学院附属医院__图片__莆田学院附属医院__莆田炎症图片__ptyz242-2.json
dataset/gastritis_external/processed_images/莆田学院附属医院/crop_ui,莆田学院附属医院__图片__莆田学院附属医院__莆田炎症图片__ptyz18-6.jpg,0,1,1,1,0,,莆田学院附属医院__图片__莆田学院附属医院__莆田炎症图片__ptyz18-6_overlay.jpg,莆田学院附属医院__图片__莆田学院附属医院__莆田炎症图片__ptyz18-6.png,莆田学院附属医院__图片__莆田学院附属医院__莆田炎症图片__ptyz18-6.json
dataset/gastritis_external/processed_images/莆田学院附属医院/crop_ui,莆田学院附属医院__图片__莆田学院附属医院__莆田炎症图片__ptyz1-4.jpg,0,1,1,1,0,,莆田学院附属医院__图片__莆田学院附属医院__莆田炎症图片__ptyz1-4_overlay.jpg,莆田学院附属医院__图片__莆田学院附属医院__莆田炎症图片__ptyz1-4.png,莆田学院附属医院__图片__莆田学院附属医院__莆田炎症图片__ptyz1-4.json
dataset/gastritis_external/processed_images/莆田学院附属医院/crop_ui,莆田学院附属医院__图片__莆田学院附属医院__莆田炎症图片__ptyz314-2.jpg,0,1,1,1,0,,莆田学院附属医院__图片__莆田学院附属医院__莆田炎症图片__ptyz314-2_overlay.jpg,莆田学院附属医院__图片__莆田学院附属医院__莆田炎症图片__ptyz314-2.png,莆田学院附属医院__图片__莆田学院附属医院__莆田炎症图片__ptyz314-2.json
dataset/gastritis_external/processed_images/莆田学院附属医院/crop_ui,莆田学院附属医院__图片__莆田学院附属医院__莆田炎症图片__ptyz281-2.jpg,0,1,1,1,0,,莆田学院附属医院__图片__莆田学院附属医院__莆田炎症图片__ptyz281-2_overlay.jpg,莆田学院附属医院__图片__莆田学院附属医院__莆田炎症图片__ptyz281-2.png,莆田学院附属医院__图片__莆田学院附属医院__莆田炎症图片__ptyz281-2.json
dataset/gastritis_external/processed_images/莆田学院附属医院/crop_ui,莆田学院附属医院__图片__莆田学院附属医院__莆田炎症图片__ptyz263-2.jpg,0,1,1,1,0,,莆田学院附属医院__图片__莆田学院附属医院__莆田炎症图片__ptyz263-2_overlay.jpg,莆田学院附属医院__图片__莆田学院附属医院__莆田炎症图片__ptyz263-2.png,莆田学院附属医院__图片__莆田学院附属医院__莆田炎症图片__ptyz263-2.json
dataset/gastritis_external/processed_images/莆田学院附属医院/crop_ui,莆田学院附属医院__图片__莆田学院附属医院__莆田炎症图片__ptyz43-1.jpg,0,1,1,1,0,,莆田学院附属医院__图片__莆田学院附属医院__莆田炎症图片__ptyz43-1_overlay.jpg,莆田学院附属医院__图片__莆田学院附属医院__莆田炎症图片__ptyz43-1.png,莆田学院附属医院__图片__莆田学院附属医院__莆田炎症图片__ptyz43-1.json
dataset/gastritis_external/processed_images/莆田学院附属医院/crop_ui,莆田学院附属医院__图片__莆田学院附属医院__莆田炎症图片__ptyz95-4.jpg,0,1,1,1,0,,莆田学院附属医院__图片__莆田学院附属医院__莆田炎症图片__ptyz95-4_overlay.jpg,莆田学院附属医院__图片__莆田学院附属医院__莆田炎症图片__ptyz95-4.png,莆田学院附属医院__图片__莆田学院附属医院__莆田炎症图片__ptyz95-4.json
dataset/gastritis_external/processed_images/莆田学院附属医院/crop_ui,莆田学院附属医院__图片__莆田学院附属医院__莆田炎症图片__ptyz197-2.jpg,0,1,1,1,0,,莆田学院附属医院__图片__莆田学院附属医院__莆田炎症图片__ptyz197-2_overlay.jpg,莆田学院附属医院__图片__莆田学院附属医院__莆田炎症图片__ptyz197-2.png,莆田学院附属医院__图片__莆田学院附属医院__莆田炎症图片__ptyz197-2.json
dataset/gastritis_external/processed_images/莆田学院附属医院/crop_ui,莆田学院附属医院__图片__莆田学院附属医院__莆田炎症图片__ptyz36-6.jpg,0,1,1,1,0,,莆田学院附属医院__图片__莆田学院附属医院__莆田炎症图片__ptyz36-6_overlay.jpg,莆田学院附属医院__图片__莆田学院附属医院__莆田炎症图片__ptyz36-6.png,莆田学院附属医院__图片__莆田学院附属医院__莆田炎症图片__ptyz36-6.json
dataset/gastritis_external/processed_images/莆田学院附属医院/crop_ui,莆田学院附属医院__图片__莆田学院附属医院__莆田炎症图片__ptyz92-1.jpg,0,1,1,1,0,,莆田学院附属医院__图片__莆田学院附属医院__莆田炎症图片__ptyz92-1_overlay.jpg,莆田学院附属医院__图片__莆田学院附属医院__莆田炎症图片__ptyz92-1.png,莆田学院附属医院__图片__莆田学院附属医院__莆田炎症图片__ptyz92-1.json
dataset/gastritis_external/processed_images/莆田学院附属医院/crop_ui,莆田学院附属医院__图片__莆田学院附属医院__莆田炎症图片__ptyz11-2.jpg,0,1,1,1,0,,莆田学院附属医院__图片__莆田学院附属医院__莆田炎症图片__ptyz11-2_overlay.jpg,莆田学院附属医院__图片__莆田学院附属医院__莆田炎症图片__ptyz11-2.png,莆田学院附属医院__图片__莆田学院附属医院__莆田炎症图片__ptyz11-2.json
dataset/gastritis_external/processed_images/莆田学院附属医院/crop_ui,莆田学院附属医院__图片__莆田学院附属医院__莆田炎症图片__ptyz299-1.jpg,0,1,1,1,0,,莆田学院附属医院__图片__莆田学院附属医院__莆田炎症图片__ptyz299-1_overlay.jpg,莆田学院附属医院__图片__莆田学院附属医院__莆田炎症图片__ptyz299-1.png,莆田学院附属医院__图片__莆田学院附属医院__莆田炎症图片__ptyz299-1.json
dataset/gastritis_external/processed_images/莆田学院附属医院/crop_ui,莆田学院附属医院__图片__莆田学院附属医院__莆田炎症图片__ptyz128-2.jpg,0,1,1,1,0,,莆田学院附属医院__图片__莆田学院附属医院__莆田炎症图片__ptyz128-2_overlay.jpg,莆田学院附属医院__图片__莆田学院附属医院__莆田炎症图片__ptyz128-2.png,莆田学院附属医院__图片__莆田学院附属医院__莆田炎症图片__ptyz128-2.json
dataset/gastritis_external/processed_images/莆田学院附属医院/crop_ui,莆田学院附属医院__图片__莆田学院附属医院__莆田炎症图片__ptyz94-1.jpg,0,1,1,1,0,,莆田学院附属医院__图片__莆田学院附属医院__莆田炎症图片__ptyz94-1_overlay.jpg,莆田学院附属医院__图片__莆田学院附属医院__莆田炎症图片__ptyz94-1.png,莆田学院附属医院__图片__莆田学院附属医院__莆田炎症图片__ptyz94-1.json
dataset/gastritis_external/processed_images/莆田学院附属医院/crop_ui,莆田学院附属医院__图片__莆田学院附属医院__莆田炎症图片__ptyz312-2.jpg,0,1,1,1,0,,莆田学院附属医院__图片__莆田学院附属医院__莆田炎症图片__ptyz312-2_overlay.jpg,莆田学院附属医院__图片__莆田学院附属医院__莆田炎症图片__ptyz312-2.png,莆田学院附属医院__图片__莆田学院附属医院__莆田炎症图片__ptyz312-2.json
dataset/gastritis_external/processed_images/莆田学院附属医院/crop_ui,莆田学院附属医院__图片__莆田学院附属医院__莆田炎症图片__ptyz406-5.jpg,0,1,1,1,0,,莆田学院附属医院__图片__莆田学院附属医院__莆田炎症图片__ptyz406-5_overlay.jpg,莆田学院附属医院__图片__莆田学院附属医院__莆田炎症图片__ptyz406-5.png,莆田学院附属医院__图片__莆田学院附属医院__莆田炎症图片__ptyz406-5.json
dataset/gastritis_external/processed_images/莆田学院附属医院/crop_ui,莆田学院附属医院__图片__莆田学院附属医院__莆田炎症图片__ptyz421-1.jpg,0,1,1,1,0,,莆田学院附属医院__图片__莆田学院附属医院__莆田炎症图片__ptyz421-1_overlay.jpg,莆田学院附属医院__图片__莆田学院附属医院__莆田炎症图片__ptyz421-1.png,莆田学院附属医院__图片__莆田学院附属医院__莆田炎症图片__ptyz421-1.json
dataset/gastritis_external/processed_images/莆田学院附属医院/crop_ui,莆田学院附属医院__图片__莆田学院附属医院__莆田炎症图片__ptyz428-1.jpg,0,1,1,1,0,,莆田学院附属医院__图片__莆田学院附属医院__莆田炎症图片__ptyz428-1_overlay.jpg,莆田学院附属医院__图片__莆田学院附属医院__莆田炎症图片__ptyz428-1.png,莆田学院附属医院__图片__莆田学院附属医院__莆田炎症图片__ptyz428-1.json
dataset/gastritis_external/processed_images/莆田学院附属医院/crop_ui,莆田学院附属医院__图片__莆田学院附属医院__莆田炎症图片__ptyz55-3.jpg,0,1,1,1,0,,莆田学院附属医院__图片__莆田学院附属医院__莆田炎症图片__ptyz55-3_overlay.jpg,莆田学院附属医院__图片__莆田学院附属医院__莆田炎症图片__ptyz55-3.png,莆田学院附属医院__图片__莆田学院附属医院__莆田炎症图片__ptyz55-3.json
dataset/gastritis_external/processed_images/莆田学院附属医院/crop_ui,莆田学院附属医院__图片__莆田学院附属医院__莆田炎症图片__ptyz12-11.jpg,0,1,1,1,0,,莆田学院附属医院__图片__莆田学院附属医院__莆田炎症图片__ptyz12-11_overlay.jpg,莆田学院附属医院__图片__莆田学院附属医院__莆田炎症图片__ptyz12-11.png,莆田学院附属医院__图片__莆田学院附属医院__莆田炎症图片__ptyz12-11.json
dataset/gastritis_external/processed_images/莆田学院附属医院/crop_ui,莆田学院附属医院__图片__莆田学院附属医院__莆田炎症图片__ptyz36-7.jpg,0,1,1,1,0,,莆田学院附属医院__图片__莆田学院附属医院__莆田炎症图片__ptyz36-7_overlay.jpg,莆田学院附属医院__图片__莆田学院附属医院__莆田炎症图片__ptyz36-7.png,莆田学院附属医院__图片__莆田学院附属医院__莆田炎症图片__ptyz36-7.json
dataset/gastritis_external/processed_images/莆田学院附属医院/crop_ui,莆田学院附属医院__图片__莆田学院附属医院__莆田炎症图片__ptyz106-2.jpg,0,1,1,1,0,,莆田学院附属医院__图片__莆田学院附属医院__莆田炎症图片__ptyz106-2_overlay.jpg,莆田学院附属医院__图片__莆田学院附属医院__莆田炎症图片__ptyz106-2.png,莆田学院附属医院__图片__莆田学院附属医院__莆田炎症图片__ptyz106-2.json
dataset/gastritis_external/processed_images/莆田学院附属医院/crop_ui,莆田学院附属医院__图片__莆田学院附属医院__莆田炎症图片__ptyz29-9.jpg,0,1,1,1,0,,莆田学院附属医院__图片__莆田学院附属医院__莆田炎症图片__ptyz29-9_overlay.jpg,莆田学院附属医院__图片__莆田学院附属医院__莆田炎症图片__ptyz29-9.png,莆田学院附属医院__图片__莆田学院附属医院__莆田炎症图片__ptyz29-9.json
dataset/gastritis_external/processed_images/莆田学院附属医院/crop_ui,莆田学院附属医院__图片__莆田学院附属医院__莆田炎症图片__ptyz122-5.jpg,0,1,1,1,0,,莆田学院附属医院__图片__莆田学院附属医院__莆田炎症图片__ptyz122-5_overlay.jpg,莆田学院附属医院__图片__莆田学院附属医院__莆田炎症图片__ptyz122-5.png,莆田学院附属医院__图片__莆田学院附属医院__莆田炎症图片__ptyz122-5.json
dataset/gastritis_external/processed_images/莆田学院附属医院/crop_ui,莆田学院附属医院__图片__莆田学院附属医院__莆田炎症图片__ptyz132-3.jpg,0,1,1,1,0,,莆田学院附属医院__图片__莆田学院附属医院__莆田炎症图片__ptyz132-3_overlay.jpg,莆田学院附属医院__图片__莆田学院附属医院__莆田炎症图片__ptyz132-3.png,莆田学院附属医院__图片__莆田学院附属医院__莆田炎症图片__ptyz132-3.json
dataset/gastritis_external/processed_images/莆田学院附属医院/crop_ui,莆田学院附属医院__图片__莆田学院附属医院__莆田炎症图片__ptyz240-2.jpg,0,1,1,1,0,,莆田学院附属医院__图片__莆田学院附属医院__莆田炎症图片__ptyz240-2_overlay.jpg,莆田学院附属医院__图片__莆田学院附属医院__莆田炎症图片__ptyz240-2.png,莆田学院附属医院__图片__莆田学院附属医院__莆田炎症图片__ptyz240-2.json
dataset/gastritis_external/processed_images/莆田学院附属医院/crop_ui,莆田学院附属医院__图片__莆田学院附属医院__莆田炎症图片__ptyz366-4.jpg,0,1,1,1,0,,莆田学院附属医院__图片__莆田学院附属医院__莆田炎症图片__ptyz366-4_overlay.jpg,莆田学院附属医院__图片__莆田学院附属医院__莆田炎症图片__ptyz366-4.png,莆田学院附属医院__图片__莆田学院附属医院__莆田炎症图片__ptyz366-4.json
dataset/gastritis_external/processed_images/莆田学院附属医院/crop_ui,莆田学院附属医院__图片__莆田学院附属医院__莆田炎症图片__ptyz89-5.jpg,0,1,1,1,0,,莆田学院附属医院__图片__莆田学院附属医院__莆田炎症图片__ptyz89-5_overlay.jpg,莆田学院附属医院__图片__莆田学院附属医院__莆田炎症图片__ptyz89-5.png,莆田学院附属医院__图片__莆田学院附属医院__莆田炎症图片__ptyz89-5.json
dataset/gastritis_external/processed_images/莆田学院附属医院/crop_ui,莆田学院附属医院__图片__莆田学院附属医院__莆田炎症图片__ptyz57-1.jpg,0,1,1,1,0,,莆田学院附属医院__图片__莆田学院附属医院__莆田炎症图片__ptyz57-1_overlay.jpg,莆田学院附属医院__图片__莆田学院附属医院__莆田炎症图片__ptyz57-1.png,莆田学院附属医院__图片__莆田学院附属医院__莆田炎症图片__ptyz57-1.json
dataset/gastritis_external/processed_images/莆田学院附属医院/crop_ui,莆田学院附属医院__图片__莆田学院附属医院__莆田炎症图片__ptyz5-2.jpg,0,1,1,1,0,,莆田学院附属医院__图片__莆田学院附属医院__莆田炎症图片__ptyz5-2_overlay.jpg,莆田学院附属医院__图片__莆田学院附属医院__莆田炎症图片__ptyz5-2.png,莆田学院附属医院__图片__莆田学院附属医院__莆田炎症图片__ptyz5-2.json
dataset/gastritis_external/processed_images/莆田学院附属医院/crop_ui,莆田学院附属医院__图片__莆田学院附属医院__莆田炎症图片__ptyz193-3.jpg,0,1,1,1,0,,莆田学院附属医院__图片__莆田学院附属医院__莆田炎症图片__ptyz193-3_overlay.jpg,莆田学院附属医院__图片__莆田学院附属医院__莆田炎症图片__ptyz193-3.png,莆田学院附属医院__图片__莆田学院附属医院__莆田炎症图片__ptyz193-3.json
dataset/gastritis_external/processed_images/莆田学院附属医院/crop_ui,莆田学院附属医院__图片__莆田学院附属医院__莆田炎症图片__ptyz432-1.jpg,0,1,1,1,0,,莆田学院附属医院__图片__莆田学院附属医院__莆田炎症图片__ptyz432-1_overlay.jpg,莆田学院附属医院__图片__莆田学院附属医院__莆田炎症图片__ptyz432-1.png,莆田学院附属医院__图片__莆田学院附属医院__莆田炎症图片__ptyz432-1.json
dataset/gastritis_external/processed_images/莆田学院附属医院/crop_ui,莆田学院附属医院__图片__莆田学院附属医院__莆田炎症图片__ptyz136-5.jpg,0,1,1,1,0,,莆田学院附属医院__图片__莆田学院附属医院__莆田炎症图片__ptyz136-5_overlay.jpg,莆田学院附属医院__图片__莆田学院附属医院__莆田炎症图片__ptyz136-5.png,莆田学院附属医院__图片__莆田学院附属医院__莆田炎症图片__ptyz136-5.json
dataset/gastritis_external/processed_images/莆田学院附属医院/crop_ui,莆田学院附属医院__图片__莆田学院附属医院__莆田炎症图片__ptyz440-1.jpg,0,1,1,1,0,,莆田学院附属医院__图片__莆田学院附属医院__莆田炎症图片__ptyz440-1_overlay.jpg,莆田学院附属医院__图片__莆田学院附属医院__莆田炎症图片__ptyz440-1.png,莆田学院附属医院__图片__莆田学院附属医院__莆田炎症图片__ptyz440-1.json
dataset/gastritis_external/processed_images/莆田学院附属医院/crop_ui,莆田学院附属医院__图片__莆田学院附属医院__莆田炎症图片__ptyz245-3.jpg,0,1,1,1,0,,莆田学院附属医院__图片__莆田学院附属医院__莆田炎症图片__ptyz245-3_overlay.jpg,莆田学院附属医院__图片__莆田学院附属医院__莆田炎症图片__ptyz245-3.png,莆田学院附属医院__图片__莆田学院附属医院__莆田炎症图片__ptyz245-3.json
dataset/gastritis_external/processed_images/莆田学院附属医院/crop_ui,莆田学院附属医院__图片__莆田学院附属医院__莆田炎症图片__ptyz207-2.jpg,0,1,1,1,0,,莆田学院附属医院__图片__莆田学院附属医院__莆田炎症图片__ptyz207-2_overlay.jpg,莆田学院附属医院__图片__莆田学院附属医院__莆田炎症图片__ptyz207-2.png,莆田学院附属医院__图片__莆田学院附属医院__莆田炎症图片__ptyz207-2.json
dataset/gastritis_external/processed_images/莆田学院附属医院/crop_ui,莆田学院附属医院__图片__莆田学院附属医院__莆田炎症图片__ptyz332-3.jpg,0,1,1,1,0,,莆田学院附属医院__图片__莆田学院附属医院__莆田炎症图片__ptyz332-3_overlay.jpg,莆田学院附属医院__图片__莆田学院附属医院__莆田炎症图片__ptyz332-3.png,莆田学院附属医院__图片__莆田学院附属医院__莆田炎症图片__ptyz332-3.json
dataset/gastritis_external/processed_images/莆田学院附属医院/crop_ui,莆田学院附属医院__图片__莆田学院附属医院__莆田炎症图片__ptyz441-4.jpg,0,1,1,1,0,,莆田学院附属医院__图片__莆田学院附属医院__莆田炎症图片__ptyz441-4_overlay.jpg,莆田学院附属医院__图片__莆田学院附属医院__莆田炎症图片__ptyz441-4.png,莆田学院附属医院__图片__莆田学院附属医院__莆田炎症图片__ptyz441-4.json
dataset/gastritis_external/processed_images/莆田学院附属医院/crop_ui,莆田学院附属医院__图片__莆田学院附属医院__莆田炎症图片__ptyz324-1.jpg,0,1,1,1,0,,莆田学院附属医院__图片__莆田学院附属医院__莆田炎症图片__ptyz324-1_overlay.jpg,莆田学院附属医院__图片__莆田学院附属医院__莆田炎症图片__ptyz324-1.png,莆田学院附属医院__图片__莆田学院附属医院__莆田炎症图片__ptyz324-1.json
dataset/gastritis_external/processed_images/莆田学院附属医院/crop_ui,莆田学院附属医院__图片__莆田学院附属医院__莆田炎症图片__ptyz409-2.jpg,0,1,1,1,0,,莆田学院附属医院__图片__莆田学院附属医院__莆田炎症图片__ptyz409-2_overlay.jpg,莆田学院附属医院__图片__莆田学院附属医院__莆田炎症图片__ptyz409-2.png,莆田学院附属医院__图片__莆田学院附属医院__莆田炎症图片__ptyz409-2.json
dataset/gastritis_external/processed_images/莆田学院附属医院/crop_ui,莆田学院附属医院__图片__莆田学院附属医院__莆田炎症图片__ptyz169-1.jpg,0,1,1,1,0,,莆田学院附属医院__图片__莆田学院附属医院__莆田炎症图片__ptyz169-1_overlay.jpg,莆田学院附属医院__图片__莆田学院附属医院__莆田炎症图片__ptyz169-1.png,莆田学院附属医院__图片__莆田学院附属医院__莆田炎症图片__ptyz169-1.json
dataset/gastritis_external/processed_images/莆田学院附属医院/crop_ui,莆田学院附属医院__图片__莆田学院附属医院__莆田炎症图片__ptyz180.jpg,0,1,1,1,0,,莆田学院附属医院__图片__莆田学院附属医院__莆田炎症图片__ptyz180_overlay.jpg,莆田学院附属医院__图片__莆田学院附属医院__莆田炎症图片__ptyz180.png,莆田学院附属医院__图片__莆田学院附属医院__莆田炎症图片__ptyz180.json
dataset/gastritis_external/processed_images/莆田学院附属医院/crop_ui,莆田学院附属医院__图片__莆田学院附属医院__莆田炎症图片__ptyz8-1.jpg,0,1,1,1,0,,莆田学院附属医院__图片__莆田学院附属医院__莆田炎症图片__ptyz8-1_overlay.jpg,莆田学院附属医院__图片__莆田学院附属医院__莆田炎症图片__ptyz8-1.png,莆田学院附属医院__图片__莆田学院附属医院__莆田炎症图片__ptyz8-1.json
dataset/gastritis_external/processed_images/莆田学院附属医院/crop_ui,莆田学院附属医院__图片__莆田学院附属医院__莆田炎症图片__ptyz228-5.jpg,0,1,1,1,0,,莆田学院附属医院__图片__莆田学院附属医院__莆田炎症图片__ptyz228-5_overlay.jpg,莆田学院附属医院__图片__莆田学院附属医院__莆田炎症图片__ptyz228-5.png,莆田学院附属医院__图片__莆田学院附属医院__莆田炎症图片__ptyz228-5.json
dataset/gastritis_external/processed_images/莆田学院附属医院/crop_ui,莆田学院附属医院__图片__莆田学院附属医院__莆田炎症图片__ptyz229-3.jpg,0,1,1,1,0,,莆田学院附属医院__图片__莆田学院附属医院__莆田炎症图片__ptyz229-3_overlay.jpg,莆田学院附属医院__图片__莆田学院附属医院__莆田炎症图片__ptyz229-3.png,莆田学院附属医院__图片__莆田学院附属医院__莆田炎症图片__ptyz229-3.json
dataset/gastritis_external/processed_images/莆田学院附属医院/crop_ui,莆田学院附属医院__图片__莆田学院附属医院__莆田炎症图片__ptyz270-2.jpg,0,1,1,1,0,,莆田学院附属医院__图片__莆田学院附属医院__莆田炎症图片__ptyz270-2_overlay.jpg,莆田学院附属医院__图片__莆田学院附属医院__莆田炎症图片__ptyz270-2.png,莆田学院附属医院__图片__莆田学院附属医院__莆田炎症图片__ptyz270-2.json
dataset/gastritis_external/processed_images/莆田学院附属医院/crop_ui,莆田学院附属医院__图片__莆田学院附属医院__莆田炎症图片__ptyz69-4.jpg,0,1,1,1,0,,莆田学院附属医院__图片__莆田学院附属医院__莆田炎症图片__ptyz69-4_overlay.jpg,莆田学院附属医院__图片__莆田学院附属医院__莆田炎症图片__ptyz69-4.png,莆田学院附属医院__图片__莆田学院附属医院__莆田炎症图片__ptyz69-4.json
dataset/gastritis_external/processed_images/莆田学院附属医院/crop_ui,莆田学院附属医院__图片__莆田学院附属医院__莆田炎症图片__ptyz65-4.jpg,0,1,1,1,0,,莆田学院附属医院__图片__莆田学院附属医院__莆田炎症图片__ptyz65-4_overlay.jpg,莆田学院附属医院__图片__莆田学院附属医院__莆田炎症图片__ptyz65-4.png,莆田学院附属医院__图片__莆田学院附属医院__莆田炎症图片__ptyz65-4.json
dataset/gastritis_external/processed_images/莆田学院附属医院/crop_ui,莆田学院附属医院__图片__莆田学院附属医院__莆田炎症图片__ptyz16-6.jpg,0,1,1,1,0,,莆田学院附属医院__图片__莆田学院附属医院__莆田炎症图片__ptyz16-6_overlay.jpg,莆田学院附属医院__图片__莆田学院附属医院__莆田炎症图片__ptyz16-6.png,莆田学院附属医院__图片__莆田学院附属医院__莆田炎症图片__ptyz16-6.json
dataset/gastritis_external/processed_images/莆田学院附属医院/crop_ui,莆田学院附属医院__图片__莆田学院附属医院__莆田炎症图片__ptyz23-2.jpg,0,1,1,1,0,,莆田学院附属医院__图片__莆田学院附属医院__莆田炎症图片__ptyz23-2_overlay.jpg,莆田学院附属医院__图片__莆田学院附属医院__莆田炎症图片__ptyz23-2.png,莆田学院附属医院__图片__莆田学院附属医院__莆田炎症图片__ptyz23-2.json
dataset/gastritis_external/processed_images/莆田学院附属医院/crop_ui,莆田学院附属医院__图片__莆田学院附属医院__莆田炎症图片__ptyz173-1.jpg,0,1,1,1,0,,莆田学院附属医院__图片__莆田学院附属医院__莆田炎症图片__ptyz173-1_overlay.jpg,莆田学院附属医院__图片__莆田学院附属医院__莆田炎症图片__ptyz173-1.png,莆田学院附属医院__图片__莆田学院附属医院__莆田炎症图片__ptyz173-1.json
dataset/gastritis_external/processed_images/莆田学院附属医院/crop_ui,莆田学院附属医院__图片__莆田学院附属医院__莆田炎症图片__ptyz151-1.jpg,0,1,1,1,0,,莆田学院附属医院__图片__莆田学院附属医院__莆田炎症图片__ptyz151-1_overlay.jpg,莆田学院附属医院__图片__莆田学院附属医院__莆田炎症图片__ptyz151-1.png,莆田学院附属医院__图片__莆田学院附属医院__莆田炎症图片__ptyz151-1.json
dataset/gastritis_external/processed_images/莆田学院附属医院/crop_ui,莆田学院附属医院__图片__莆田学院附属医院__莆田炎症图片__ptyz303-3.jpg,0,1,1,1,0,,莆田学院附属医院__图片__莆田学院附属医院__莆田炎症图片__ptyz303-3_overlay.jpg,莆田学院附属医院__图片__莆田学院附属医院__莆田炎症图片__ptyz303-3.png,莆田学院附属医院__图片__莆田学院附属医院__莆田炎症图片__ptyz303-3.json
dataset/gastritis_external/processed_images/莆田学院附属医院/crop_ui,莆田学院附属医院__图片__莆田学院附属医院__莆田炎症图片__ptyz244-1.jpg,0,1,1,1,0,,莆田学院附属医院__图片__莆田学院附属医院__莆田炎症图片__ptyz244-1_overlay.jpg,莆田学院附属医院__图片__莆田学院附属医院__莆田炎症图片__ptyz244-1.png,莆田学院附属医院__图片__莆田学院附属医院__莆田炎症图片__ptyz244-1.json
dataset/gastritis_external/processed_images/莆田学院附属医院/crop_ui,莆田学院附属医院__图片__莆田学院附属医院__莆田炎症图片__ptyz329-1.jpg,0,1,1,1,0,,莆田学院附属医院__图片__莆田学院附属医院__莆田炎症图片__ptyz329-1_overlay.jpg,莆田学院附属医院__图片__莆田学院附属医院__莆田炎症图片__ptyz329-1.png,莆田学院附属医院__图片__莆田学院附属医院__莆田炎症图片__ptyz329-1.json
dataset/gastritis_external/processed_images/莆田学院附属医院/crop_ui,莆田学院附属医院__图片__莆田学院附属医院__莆田炎症图片__ptyz390-4.jpg,0,1,1,1,0,,莆田学院附属医院__图片__莆田学院附属医院__莆田炎症图片__ptyz390-4_overlay.jpg,莆田学院附属医院__图片__莆田学院附属医院__莆田炎症图片__ptyz390-4.png,莆田学院附属医院__图片__莆田学院附属医院__莆田炎症图片__ptyz390-4.json
dataset/gastritis_external/processed_images/莆田学院附属医院/crop_ui,莆田学院附属医院__图片__莆田学院附属医院__莆田炎症图片__ptyz265.jpg,0,1,1,1,0,,莆田学院附属医院__图片__莆田学院附属医院__莆田炎症图片__ptyz265_overlay.jpg,莆田学院附属医院__图片__莆田学院附属医院__莆田炎症图片__ptyz265.png,莆田学院附属医院__图片__莆田学院附属医院__莆田炎症图片__ptyz265.json
dataset/gastritis_external/processed_images/莆田学院附属医院/crop_ui,莆田学院附属医院__图片__莆田学院附属医院__莆田炎症图片__ptyz43-3.jpg,0,1,1,1,0,,莆田学院附属医院__图片__莆田学院附属医院__莆田炎症图片__ptyz43-3_overlay.jpg,莆田学院附属医院__图片__莆田学院附属医院__莆田炎症图片__ptyz43-3.png,莆田学院附属医院__图片__莆田学院附属医院__莆田炎症图片__ptyz43-3.json
dataset/gastritis_external/processed_images/莆田学院附属医院/crop_ui,莆田学院附属医院__图片__莆田学院附属医院__莆田炎症图片__ptyz313-2.jpg,0,1,1,1,0,,莆田学院附属医院__图片__莆田学院附属医院__莆田炎症图片__ptyz313-2_overlay.jpg,莆田学院附属医院__图片__莆田学院附属医院__莆田炎症图片__ptyz313-2.png,莆田学院附属医院__图片__莆田学院附属医院__莆田炎症图片__ptyz313-2.json
dataset/gastritis_external/processed_images/莆田学院附属医院/crop_ui,莆田学院附属医院__图片__莆田学院附属医院__莆田炎症图片__ptyz29-5.jpg,0,1,1,1,0,,莆田学院附属医院__图片__莆田学院附属医院__莆田炎症图片__ptyz29-5_overlay.jpg,莆田学院附属医院__图片__莆田学院附属医院__莆田炎症图片__ptyz29-5.png,莆田学院附属医院__图片__莆田学院附属医院__莆田炎症图片__ptyz29-5.json
dataset/gastritis_external/processed_images/莆田学院附属医院/crop_ui,莆田学院附属医院__图片__莆田学院附属医院__莆田炎症图片__ptyz45-2.jpg,0,1,1,1,0,,莆田学院附属医院__图片__莆田学院附属医院__莆田炎症图片__ptyz45-2_overlay.jpg,莆田学院附属医院__图片__莆田学院附属医院__莆田炎症图片__ptyz45-2.png,莆田学院附属医院__图片__莆田学院附属医院__莆田炎症图片__ptyz45-2.json
dataset/gastritis_external/processed_images/莆田学院附属医院/crop_ui,莆田学院附属医院__图片__莆田学院附属医院__莆田炎症图片__ptyz68-2.jpg,0,1,1,1,0,,莆田学院附属医院__图片__莆田学院附属医院__莆田炎症图片__ptyz68-2_overlay.jpg,莆田学院附属医院__图片__莆田学院附属医院__莆田炎症图片__ptyz68-2.png,莆田学院附属医院__图片__莆田学院附属医院__莆田炎症图片__ptyz68-2.json
dataset/gastritis_external/processed_images/莆田学院附属医院/crop_ui,莆田学院附属医院__图片__莆田学院附属医院__莆田炎症图片__ptyz261.jpg,0,1,1,1,0,,莆田学院附属医院__图片__莆田学院附属医院__莆田炎症图片__ptyz261_overlay.jpg,莆田学院附属医院__图片__莆田学院附属医院__莆田炎症图片__ptyz261.png,莆田学院附属医院__图片__莆田学院附属医院__莆田炎症图片__ptyz261.json
dataset/gastritis_external/processed_images/莆田学院附属医院/crop_ui,莆田学院附属医院__图片__莆田学院附属医院__莆田炎症图片__ptyz350.jpg,0,1,1,1,0,,莆田学院附属医院__图片__莆田学院附属医院__莆田炎症图片__ptyz350_overlay.jpg,莆田学院附属医院__图片__莆田学院附属医院__莆田炎症图片__ptyz350.png,莆田学院附属医院__图片__莆田学院附属医院__莆田炎症图片__ptyz350.json
dataset/gastritis_external/processed_images/莆田学院附属医院/crop_ui,莆田学院附属医院__图片__莆田学院附属医院__莆田炎症图片__ptyz127-1.jpg,0,1,1,1,0,,莆田学院附属医院__图片__莆田学院附属医院__莆田炎症图片__ptyz127-1_overlay.jpg,莆田学院附属医院__图片__莆田学院附属医院__莆田炎症图片__ptyz127-1.png,莆田学院附属医院__图片__莆田学院附属医院__莆田炎症图片__ptyz127-1.json
dataset/gastritis_external/processed_images/莆田学院附属医院/crop_ui,莆田学院附属医院__图片__莆田学院附属医院__莆田炎症图片__ptyz42-3.jpg,0,1,1,1,0,,莆田学院附属医院__图片__莆田学院附属医院__莆田炎症图片__ptyz42-3_overlay.jpg,莆田学院附属医院__图片__莆田学院附属医院__莆田炎症图片__ptyz42-3.png,莆田学院附属医院__图片__莆田学院附属医院__莆田炎症图片__ptyz42-3.json
dataset/gastritis_external/processed_images/莆田学院附属医院/crop_ui,莆田学院附属医院__图片__莆田学院附属医院__莆田炎症图片__ptyz87-1.jpg,0,1,1,1,0,,莆田学院附属医院__图片__莆田学院附属医院__莆田炎症图片__ptyz87-1_overlay.jpg,莆田学院附属医院__图片__莆田学院附属医院__莆田炎症图片__ptyz87-1.png,莆田学院附属医院__图片__莆田学院附属医院__莆田炎症图片__ptyz87-1.json
dataset/gastritis_external/processed_images/莆田学院附属医院/crop_ui,莆田学院附属医院__图片__莆田学院附属医院__莆田炎症图片__ptyz105-1.jpg,0,1,1,1,0,,莆田学院附属医院__图片__莆田学院附属医院__莆田炎症图片__ptyz105-1_overlay.jpg,莆田学院附属医院__图片__莆田学院附属医院__莆田炎症图片__ptyz105-1.png,莆田学院附属医院__图片__莆田学院附属医院__莆田炎症图片__ptyz105-1.json
dataset/gastritis_external/processed_images/莆田学院附属医院/crop_ui,莆田学院附属医院__图片__莆田学院附属医院__莆田炎症图片__ptyz306-2.jpg,0,1,1,1,0,,莆田学院附属医院__图片__莆田学院附属医院__莆田炎症图片__ptyz306-2_overlay.jpg,莆田学院附属医院__图片__莆田学院附属医院__莆田炎症图片__ptyz306-2.png,莆田学院附属医院__图片__莆田学院附属医院__莆田炎症图片__ptyz306-2.json
dataset/gastritis_external/processed_images/莆田学院附属医院/crop_ui,莆田学院附属医院__图片__莆田学院附属医院__莆田炎症图片__ptyz20-6.jpg,0,1,1,1,0,,莆田学院附属医院__图片__莆田学院附属医院__莆田炎症图片__ptyz20-6_overlay.jpg,莆田学院附属医院__图片__莆田学院附属医院__莆田炎症图片__ptyz20-6.png,莆田学院附属医院__图片__莆田学院附属医院__莆田炎症图片__ptyz20-6.json
dataset/gastritis_external/processed_images/莆田学院附属医院/crop_ui,莆田学院附属医院__图片__莆田学院附属医院__莆田炎症图片__ptyz66-4.jpg,0,1,1,1,0,,莆田学院附属医院__图片__莆田学院附属医院__莆田炎症图片__ptyz66-4_overlay.jpg,莆田学院附属医院__图片__莆田学院附属医院__莆田炎症图片__ptyz66-4.png,莆田学院附属医院__图片__莆田学院附属医院__莆田炎症图片__ptyz66-4.json
dataset/gastritis_external/processed_images/莆田学院附属医院/crop_ui,莆田学院附属医院__图片__莆田学院附属医院__莆田炎症图片__ptyz129-1.jpg,0,1,1,1,0,,莆田学院附属医院__图片__莆田学院附属医院__莆田炎症图片__ptyz129-1_overlay.jpg,莆田学院附属医院__图片__莆田学院附属医院__莆田炎症图片__ptyz129-1.png,莆田学院附属医院__图片__莆田学院附属医院__莆田炎症图片__ptyz129-1.json
dataset/gastritis_external/processed_images/莆田学院附属医院/crop_ui,莆田学院附属医院__图片__莆田学院附属医院__莆田炎症图片__ptyz315-2.jpg,0,1,1,1,0,,莆田学院附属医院__图片__莆田学院附属医院__莆田炎症图片__ptyz315-2_overlay.jpg,莆田学院附属医院__图片__莆田学院附属医院__莆田炎症图片__ptyz315-2.png,莆田学院附属医院__图片__莆田学院附属医院__莆田炎症图片__ptyz315-2.json
dataset/gastritis_external/processed_images/莆田学院附属医院/crop_ui,莆田学院附属医院__图片__莆田学院附属医院__莆田炎症图片__ptyz402-2.jpg,0,1,1,1,0,,莆田学院附属医院__图片__莆田学院附属医院__莆田炎症图片__ptyz402-2_overlay.jpg,莆田学院附属医院__图片__莆田学院附属医院__莆田炎症图片__ptyz402-2.png,莆田学院附属医院__图片__莆田学院附属医院__莆田炎症图片__ptyz402-2.json
dataset/gastritis_external/processed_images/莆田学院附属医院/crop_ui,莆田学院附属医院__图片__莆田学院附属医院__莆田炎症图片__ptyz143-6.jpg,0,1,1,1,0,,莆田学院附属医院__图片__莆田学院附属医院__莆田炎症图片__ptyz143-6_overlay.jpg,莆田学院附属医院__图片__莆田学院附属医院__莆田炎症图片__ptyz143-6.png,莆田学院附属医院__图片__莆田学院附属医院__莆田炎症图片__ptyz143-6.json
dataset/gastritis_external/processed_images/莆田学院附属医院/crop_ui,莆田学院附属医院__图片__莆田学院附属医院__莆田炎症图片__ptyz203-1.jpg,0,1,1,1,0,,莆田学院附属医院__图片__莆田学院附属医院__莆田炎症图片__ptyz203-1_overlay.jpg,莆田学院附属医院__图片__莆田学院附属医院__莆田炎症图片__ptyz203-1.png,莆田学院附属医院__图片__莆田学院附属医院__莆田炎症图片__ptyz203-1.json
dataset/gastritis_external/processed_images/莆田学院附属医院/crop_ui,莆田学院附属医院__图片__莆田学院附属医院__莆田炎症图片__ptyz189-1.jpg,0,1,1,1,0,,莆田学院附属医院__图片__莆田学院附属医院__莆田炎症图片__ptyz189-1_overlay.jpg,莆田学院附属医院__图片__莆田学院附属医院__莆田炎症图片__ptyz189-1.png,莆田学院附属医院__图片__莆田学院附属医院__莆田炎症图片__ptyz189-1.json
dataset/gastritis_external/processed_images/莆田学院附属医院/crop_ui,莆田学院附属医院__图片__莆田学院附属医院__莆田炎症图片__ptyz114-3.jpg,0,1,1,1,0,,莆田学院附属医院__图片__莆田学院附属医院__莆田炎症图片__ptyz114-3_overlay.jpg,莆田学院附属医院__图片__莆田学院附属医院__莆田炎症图片__ptyz114-3.png,莆田学院附属医院__图片__莆田学院附属医院__莆田炎症图片__ptyz114-3.json
dataset/gastritis_external/processed_images/莆田学院附属医院/crop_ui,莆田学院附属医院__图片__莆田学院附属医院__莆田炎症图片__ptyz46-3.jpg,0,1,1,1,0,,莆田学院附属医院__图片__莆田学院附属医院__莆田炎症图片__ptyz46-3_overlay.jpg,莆田学院附属医院__图片__莆田学院附属医院__莆田炎症图片__ptyz46-3.png,莆田学院附属医院__图片__莆田学院附属医院__莆田炎症图片__ptyz46-3.json
dataset/gastritis_external/processed_images/莆田学院附属医院/crop_ui,莆田学院附属医院__图片__莆田学院附属医院__莆田炎症图片__ptyz55-2.jpg,0,1,1,1,0,,莆田学院附属医院__图片__莆田学院附属医院__莆田炎症图片__ptyz55-2_overlay.jpg,莆田学院附属医院__图片__莆田学院附属医院__莆田炎症图片__ptyz55-2.png,莆田学院附属医院__图片__莆田学院附属医院__莆田炎症图片__ptyz55-2.json
dataset/gastritis_external/processed_images/莆田学院附属医院/crop_ui,莆田学院附属医院__图片__莆田学院附属医院__莆田炎症图片__ptyz107-2.jpg,0,1,1,1,0,,莆田学院附属医院__图片__莆田学院附属医院__莆田炎症图片__ptyz107-2_overlay.jpg,莆田学院附属医院__图片__莆田学院附属医院__莆田炎症图片__ptyz107-2.png,莆田学院附属医院__图片__莆田学院附属医院__莆田炎症图片__ptyz107-2.json
dataset/gastritis_external/processed_images/莆田学院附属医院/crop_ui,莆田学院附属医院__图片__莆田学院附属医院__莆田炎症图片__ptyz405-3.jpg,0,1,1,1,0,,莆田学院附属医院__图片__莆田学院附属医院__莆田炎症图片__ptyz405-3_overlay.jpg,莆田学院附属医院__图片__莆田学院附属医院__莆田炎症图片__ptyz405-3.png,莆田学院附属医院__图片__莆田学院附属医院__莆田炎症图片__ptyz405-3.json
dataset/gastritis_external/processed_images/莆田学院附属医院/crop_ui,莆田学院附属医院__图片__莆田学院附属医院__莆田炎症图片__ptyz85-3.jpg,0,1,1,1,0,,莆田学院附属医院__图片__莆田学院附属医院__莆田炎症图片__ptyz85-3_overlay.jpg,莆田学院附属医院__图片__莆田学院附属医院__莆田炎症图片__ptyz85-3.png,莆田学院附属医院__图片__莆田学院附属医院__莆田炎症图片__ptyz85-3.json
dataset/gastritis_external/processed_images/莆田学院附属医院/crop_ui,莆田学院附属医院__图片__莆田学院附属医院__莆田炎症图片__ptyz126-5.jpg,0,1,1,1,0,,莆田学院附属医院__图片__莆田学院附属医院__莆田炎症图片__ptyz126-5_overlay.jpg,莆田学院附属医院__图片__莆田学院附属医院__莆田炎症图片__ptyz126-5.png,莆田学院附属医院__图片__莆田学院附属医院__莆田炎症图片__ptyz126-5.json
dataset/gastritis_external/processed_images/莆田学院附属医院/crop_ui,莆田学院附属医院__图片__莆田学院附属医院__莆田炎症图片__ptyz255-2.jpg,0,1,1,1,0,,莆田学院附属医院__图片__莆田学院附属医院__莆田炎症图片__ptyz255-2_overlay.jpg,莆田学院附属医院__图片__莆田学院附属医院__莆田炎症图片__ptyz255-2.png,莆田学院附属医院__图片__莆田学院附属医院__莆田炎症图片__ptyz255-2.json
dataset/gastritis_external/processed_images/莆田学院附属医院/crop_ui,莆田学院附属医院__图片__莆田学院附属医院__莆田炎症图片__ptyz367-4.jpg,0,1,1,1,0,,莆田学院附属医院__图片__莆田学院附属医院__莆田炎症图片__ptyz367-4_overlay.jpg,莆田学院附属医院__图片__莆田学院附属医院__莆田炎症图片__ptyz367-4.png,莆田学院附属医院__图片__莆田学院附属医院__莆田炎症图片__ptyz367-4.json
dataset/gastritis_external/processed_images/莆田学院附属医院/crop_ui,莆田学院附属医院__图片__莆田学院附属医院__莆田炎症图片__ptyz423-3.jpg,0,1,1,1,0,,莆田学院附属医院__图片__莆田学院附属医院__莆田炎症图片__ptyz423-3_overlay.jpg,莆田学院附属医院__图片__莆田学院附属医院__莆田炎症图片__ptyz423-3.png,莆田学院附属医院__图片__莆田学院附属医院__莆田炎症图片__ptyz423-3.json
dataset/gastritis_external/processed_images/莆田学院附属医院/crop_ui,莆田学院附属医院__图片__莆田学院附属医院__莆田炎症图片__ptyz373.jpg,0,1,1,1,0,,莆田学院附属医院__图片__莆田学院附属医院__莆田炎症图片__ptyz373_overlay.jpg,莆田学院附属医院__图片__莆田学院附属医院__莆田炎症图片__ptyz373.png,莆田学院附属医院__图片__莆田学院附属医院__莆田炎症图片__ptyz373.json
dataset/gastritis_external/processed_images/莆田学院附属医院/crop_ui,莆田学院附属医院__图片__莆田学院附属医院__莆田炎症图片__ptyz311-1.jpg,0,1,1,1,0,,莆田学院附属医院__图片__莆田学院附属医院__莆田炎症图片__ptyz311-1_overlay.jpg,莆田学院附属医院__图片__莆田学院附属医院__莆田炎症图片__ptyz311-1.png,莆田学院附属医院__图片__莆田学院附属医院__莆田炎症图片__ptyz311-1.json
dataset/gastritis_external/processed_images/莆田学院附属医院/crop_ui,莆田学院附属医院__图片__莆田学院附属医院__莆田炎症图片__ptyz426-3.jpg,0,1,1,1,0,,莆田学院附属医院__图片__莆田学院附属医院__莆田炎症图片__ptyz426-3_overlay.jpg,莆田学院附属医院__图片__莆田学院附属医院__莆田炎症图片__ptyz426-3.png,莆田学院附属医院__图片__莆田学院附属医院__莆田炎症图片__ptyz426-3.json
dataset/gastritis_external/processed_images/莆田学院附属医院/crop_ui,莆田学院附属医院__图片__莆田学院附属医院__莆田炎症图片__ptyz23-7.jpg,0,1,1,1,0,,莆田学院附属医院__图片__莆田学院附属医院__莆田炎症图片__ptyz23-7_overlay.jpg,莆田学院附属医院__图片__莆田学院附属医院__莆田炎症图片__ptyz23-7.png,莆田学院附属医院__图片__莆田学院附属医院__莆田炎症图片__ptyz23-7.json
dataset/gastritis_external/processed_images/莆田学院附属医院/crop_ui,莆田学院附属医院__图片__莆田学院附属医院__莆田炎症图片__ptyz47-1.jpg,0,1,1,1,0,,莆田学院附属医院__图片__莆田学院附属医院__莆田炎症图片__ptyz47-1_overlay.jpg,莆田学院附属医院__图片__莆田学院附属医院__莆田炎症图片__ptyz47-1.png,莆田学院附属医院__图片__莆田学院附属医院__莆田炎症图片__ptyz47-1.json
dataset/gastritis_external/processed_images/莆田学院附属医院/crop_ui,莆田学院附属医院__图片__莆田学院附属医院__莆田炎症图片__ptyz421-2.jpg,0,1,1,1,0,,莆田学院附属医院__图片__莆田学院附属医院__莆田炎症图片__ptyz421-2_overlay.jpg,莆田学院附属医院__图片__莆田学院附属医院__莆田炎症图片__ptyz421-2.png,莆田学院附属医院__图片__莆田学院附属医院__莆田炎症图片__ptyz421-2.json
dataset/gastritis_external/processed_images/莆田学院附属医院/crop_ui,莆田学院附属医院__图片__莆田学院附属医院__莆田炎症图片__ptyz406-1.jpg,0,1,1,1,0,,莆田学院附属医院__图片__莆田学院附属医院__莆田炎症图片__ptyz406-1_overlay.jpg,莆田学院附属医院__图片__莆田学院附属医院__莆田炎症图片__ptyz406-1.png,莆田学院附属医院__图片__莆田学院附属医院__莆田炎症图片__ptyz406-1.json
dataset/gastritis_external/processed_images/莆田学院附属医院/crop_ui,莆田学院附属医院__图片__莆田学院附属医院__莆田炎症图片__ptyz18-8.jpg,0,1,1,1,0,,莆田学院附属医院__图片__莆田学院附属医院__莆田炎症图片__ptyz18-8_overlay.jpg,莆田学院附属医院__图片__莆田学院附属医院__莆田炎症图片__ptyz18-8.png,莆田学院附属医院__图片__莆田学院附属医院__莆田炎症图片__ptyz18-8.json
dataset/gastritis_external/processed_images/莆田学院附属医院/crop_ui,莆田学院附属医院__图片__莆田学院附属医院__莆田炎症图片__ptyz31-6.jpg,0,1,1,1,0,,莆田学院附属医院__图片__莆田学院附属医院__莆田炎症图片__ptyz31-6_overlay.jpg,莆田学院附属医院__图片__莆田学院附属医院__莆田炎症图片__ptyz31-6.png,莆田学院附属医院__图片__莆田学院附属医院__莆田炎症图片__ptyz31-6.json
dataset/gastritis_external/processed_images/莆田学院附属医院/crop_ui,莆田学院附属医院__图片__莆田学院附属医院__莆田炎症图片__ptyz302-1.jpg,0,1,1,1,0,,莆田学院附属医院__图片__莆田学院附属医院__莆田炎症图片__ptyz302-1_overlay.jpg,莆田学院附属医院__图片__莆田学院附属医院__莆田炎症图片__ptyz302-1.png,莆田学院附属医院__图片__莆田学院附属医院__莆田炎症图片__ptyz302-1.json
dataset/gastritis_external/processed_images/莆田学院附属医院/crop_ui,莆田学院附属医院__图片__莆田学院附属医院__莆田炎症图片__ptyz96-2.jpg,0,1,1,1,0,,莆田学院附属医院__图片__莆田学院附属医院__莆田炎症图片__ptyz96-2_overlay.jpg,莆田学院附属医院__图片__莆田学院附属医院__莆田炎症图片__ptyz96-2.png,莆田学院附属医院__图片__莆田学院附属医院__莆田炎症图片__ptyz96-2.json
dataset/gastritis_external/processed_images/莆田学院附属医院/crop_ui,莆田学院附属医院__图片__莆田学院附属医院__莆田炎症图片__ptyz430-1.jpg,0,1,1,1,0,,莆田学院附属医院__图片__莆田学院附属医院__莆田炎症图片__ptyz430-1_overlay.jpg,莆田学院附属医院__图片__莆田学院附属医院__莆田炎症图片__ptyz430-1.png,莆田学院附属医院__图片__莆田学院附属医院__莆田炎症图片__ptyz430-1.json
dataset/gastritis_external/processed_images/莆田学院附属医院/crop_ui,莆田学院附属医院__图片__莆田学院附属医院__莆田炎症图片__ptyz137-3.jpg,0,1,1,1,0,,莆田学院附属医院__图片__莆田学院附属医院__莆田炎症图片__ptyz137-3_overlay.jpg,莆田学院附属医院__图片__莆田学院附属医院__莆田炎症图片__ptyz137-3.png,莆田学院附属医院__图片__莆田学院附属医院__莆田炎症图片__ptyz137-3.json
dataset/gastritis_external/processed_images/莆田学院附属医院/crop_ui,莆田学院附属医院__图片__莆田学院附属医院__莆田炎症图片__ptyz346-2.jpg,0,1,1,1,0,,莆田学院附属医院__图片__莆田学院附属医院__莆田炎症图片__ptyz346-2_overlay.jpg,莆田学院附属医院__图片__莆田学院附属医院__莆田炎症图片__ptyz346-2.png,莆田学院附属医院__图片__莆田学院附属医院__莆田炎症图片__ptyz346-2.json
dataset/gastritis_external/processed_images/莆田学院附属医院/crop_ui,莆田学院附属医院__图片__莆田学院附属医院__莆田炎症图片__ptyz290-3.jpg,0,1,1,1,0,,莆田学院附属医院__图片__莆田学院附属医院__莆田炎症图片__ptyz290-3_overlay.jpg,莆田学院附属医院__图片__莆田学院附属医院__莆田炎症图片__ptyz290-3.png,莆田学院附属医院__图片__莆田学院附属医院__莆田炎症图片__ptyz290-3.json
dataset/gastritis_external/processed_images/莆田学院附属医院/crop_ui,莆田学院附属医院__图片__莆田学院附属医院__莆田炎症图片__ptyz23-10.jpg,0,1,1,1,0,,莆田学院附属医院__图片__莆田学院附属医院__莆田炎症图片__ptyz23-10_overlay.jpg,莆田学院附属医院__图片__莆田学院附属医院__莆田炎症图片__ptyz23-10.png,莆田学院附属医院__图片__莆田学院附属医院__莆田炎症图片__ptyz23-10.json
dataset/gastritis_external/processed_images/莆田学院附属医院/crop_ui,莆田学院附属医院__图片__莆田学院附属医院__莆田炎症图片__ptyz3-5.jpg,0,1,1,1,0,,莆田学院附属医院__图片__莆田学院附属医院__莆田炎症图片__ptyz3-5_overlay.jpg,莆田学院附属医院__图片__莆田学院附属医院__莆田炎症图片__ptyz3-5.png,莆田学院附属医院__图片__莆田学院附属医院__莆田炎症图片__ptyz3-5.json
dataset/gastritis_external/processed_images/莆田学院附属医院/crop_ui,莆田学院附属医院__图片__莆田学院附属医院__莆田炎症图片__ptyz271-5.jpg,0,1,1,1,0,,莆田学院附属医院__图片__莆田学院附属医院__莆田炎症图片__ptyz271-5_overlay.jpg,莆田学院附属医院__图片__莆田学院附属医院__莆田炎症图片__ptyz271-5.png,莆田学院附属医院__图片__莆田学院附属医院__莆田炎症图片__ptyz271-5.json
dataset/gastritis_external/processed_images/莆田学院附属医院/crop_ui,莆田学院附属医院__图片__莆田学院附属医院__莆田炎症图片__ptyz163-1.jpg,0,1,1,1,0,,莆田学院附属医院__图片__莆田学院附属医院__莆田炎症图片__ptyz163-1_overlay.jpg,莆田学院附属医院__图片__莆田学院附属医院__莆田炎症图片__ptyz163-1.png,莆田学院附属医院__图片__莆田学院附属医院__莆田炎症图片__ptyz163-1.json
dataset/gastritis_external/processed_images/莆田学院附属医院/crop_ui,莆田学院附属医院__图片__莆田学院附属医院__莆田炎症图片__ptyz409-1.jpg,0,1,1,1,0,,莆田学院附属医院__图片__莆田学院附属医院__莆田炎症图片__ptyz409-1_overlay.jpg,莆田学院附属医院__图片__莆田学院附属医院__莆田炎症图片__ptyz409-1.png,莆田学院附属医院__图片__莆田学院附属医院__莆田炎症图片__ptyz409-1.json
dataset/gastritis_external/processed_images/莆田学院附属医院/crop_ui,莆田学院附属医院__图片__莆田学院附属医院__莆田炎症图片__ptyz379-4.jpg,0,1,1,1,0,,莆田学院附属医院__图片__莆田学院附属医院__莆田炎症图片__ptyz379-4_overlay.jpg,莆田学院附属医院__图片__莆田学院附属医院__莆田炎症图片__ptyz379-4.png,莆田学院附属医院__图片__莆田学院附属医院__莆田炎症图片__ptyz379-4.json
dataset/gastritis_external/processed_images/莆田学院附属医院/crop_ui,莆田学院附属医院__图片__莆田学院附属医院__莆田炎症图片__ptyz173-3.jpg,0,1,1,1,0,,莆田学院附属医院__图片__莆田学院附属医院__莆田炎症图片__ptyz173-3_overlay.jpg,莆田学院附属医院__图片__莆田学院附属医院__莆田炎症图片__ptyz173-3.png,莆田学院附属医院__图片__莆田学院附属医院__莆田炎症图片__ptyz173-3.json
dataset/gastritis_external/processed_images/莆田学院附属医院/crop_ui,莆田学院附属医院__图片__莆田学院附属医院__莆田炎症图片__ptyz18-3.jpg,0,1,1,1,0,,莆田学院附属医院__图片__莆田学院附属医院__莆田炎症图片__ptyz18-3_overlay.jpg,莆田学院附属医院__图片__莆田学院附属医院__莆田炎症图片__ptyz18-3.png,莆田学院附属医院__图片__莆田学院附属医院__莆田炎症图片__ptyz18-3.json
dataset/gastritis_external/processed_images/莆田学院附属医院/crop_ui,莆田学院附属医院__图片__莆田学院附属医院__莆田炎症图片__ptyz172-2.jpg,0,1,1,1,0,,莆田学院附属医院__图片__莆田学院附属医院__莆田炎症图片__ptyz172-2_overlay.jpg,莆田学院附属医院__图片__莆田学院附属医院__莆田炎症图片__ptyz172-2.png,莆田学院附属医院__图片__莆田学院附属医院__莆田炎症图片__ptyz172-2.json
dataset/gastritis_external/processed_images/莆田学院附属医院/crop_ui,莆田学院附属医院__图片__莆田学院附属医院__莆田炎症图片__ptyz86-5.jpg,0,1,1,1,0,,莆田学院附属医院__图片__莆田学院附属医院__莆田炎症图片__ptyz86-5_overlay.jpg,莆田学院附属医院__图片__莆田学院附属医院__莆田炎症图片__ptyz86-5.png,莆田学院附属医院__图片__莆田学院附属医院__莆田炎症图片__ptyz86-5.json
dataset/gastritis_external/processed_images/莆田学院附属医院/crop_ui,莆田学院附属医院__图片__莆田学院附属医院__莆田炎症图片__ptyz351-5.jpg,0,1,1,1,0,,莆田学院附属医院__图片__莆田学院附属医院__莆田炎症图片__ptyz351-5_overlay.jpg,莆田学院附属医院__图片__莆田学院附属医院__莆田炎症图片__ptyz351-5.png,莆田学院附属医院__图片__莆田学院附属医院__莆田炎症图片__ptyz351-5.json
dataset/gastritis_external/processed_images/莆田学院附属医院/crop_ui,莆田学院附属医院__图片__莆田学院附属医院__莆田炎症图片__ptyz426-2.jpg,0,1,1,1,0,,莆田学院附属医院__图片__莆田学院附属医院__莆田炎症图片__ptyz426-2_overlay.jpg,莆田学院附属医院__图片__莆田学院附属医院__莆田炎症图片__ptyz426-2.png,莆田学院附属医院__图片__莆田学院附属医院__莆田炎症图片__ptyz426-2.json
dataset/gastritis_external/processed_images/莆田学院附属医院/crop_ui,莆田学院附属医院__图片__莆田学院附属医院__莆田炎症图片__ptyz229-2.jpg,0,1,1,1,0,,莆田学院附属医院__图片__莆田学院附属医院__莆田炎症图片__ptyz229-2_overlay.jpg,莆田学院附属医院__图片__莆田学院附属医院__莆田炎症图片__ptyz229-2.png,莆田学院附属医院__图片__莆田学院附属医院__莆田炎症图片__ptyz229-2.json
dataset/gastritis_external/processed_images/莆田学院附属医院/crop_ui,莆田学院附属医院__图片__莆田学院附属医院__莆田炎症图片__ptyz418-1.jpg,0,1,1,1,0,,莆田学院附属医院__图片__莆田学院附属医院__莆田炎症图片__ptyz418-1_overlay.jpg,莆田学院附属医院__图片__莆田学院附属医院__莆田炎症图片__ptyz418-1.png,莆田学院附属医院__图片__莆田学院附属医院__莆田炎症图片__ptyz418-1.json
dataset/gastritis_external/processed_images/莆田学院附属医院/crop_ui,莆田学院附属医院__图片__莆田学院附属医院__莆田炎症图片__ptyz215-3.jpg,0,1,1,1,0,,莆田学院附属医院__图片__莆田学院附属医院__莆田炎症图片__ptyz215-3_overlay.jpg,莆田学院附属医院__图片__莆田学院附属医院__莆田炎症图片__ptyz215-3.png,莆田学院附属医院__图片__莆田学院附属医院__莆田炎症图片__ptyz215-3.json
dataset/gastritis_external/processed_images/莆田学院附属医院/crop_ui,莆田学院附属医院__图片__莆田学院附属医院__莆田炎症图片__ptyz6-8.jpg,0,1,1,1,0,,莆田学院附属医院__图片__莆田学院附属医院__莆田炎症图片__ptyz6-8_overlay.jpg,莆田学院附属医院__图片__莆田学院附属医院__莆田炎症图片__ptyz6-8.png,莆田学院附属医院__图片__莆田学院附属医院__莆田炎症图片__ptyz6-8.json
dataset/gastritis_external/processed_images/莆田学院附属医院/crop_ui,莆田学院附属医院__图片__莆田学院附属医院__莆田炎症图片__ptyz87-7.jpg,0,1,1,1,0,,莆田学院附属医院__图片__莆田学院附属医院__莆田炎症图片__ptyz87-7_overlay.jpg,莆田学院附属医院__图片__莆田学院附属医院__莆田炎症图片__ptyz87-7.png,莆田学院附属医院__图片__莆田学院附属医院__莆田炎症图片__ptyz87-7.json
dataset/gastritis_external/processed_images/莆田学院附属医院/crop_ui,莆田学院附属医院__图片__莆田学院附属医院__莆田炎症图片__ptyz41-3.jpg,0,1,1,1,0,,莆田学院附属医院__图片__莆田学院附属医院__莆田炎症图片__ptyz41-3_overlay.jpg,莆田学院附属医院__图片__莆田学院附属医院__莆田炎症图片__ptyz41-3.png,莆田学院附属医院__图片__莆田学院附属医院__莆田炎症图片__ptyz41-3.json
dataset/gastritis_external/processed_images/莆田学院附属医院/crop_ui,莆田学院附属医院__图片__莆田学院附属医院__莆田炎症图片__ptyz291-2.jpg,0,1,1,1,0,,莆田学院附属医院__图片__莆田学院附属医院__莆田炎症图片__ptyz291-2_overlay.jpg,莆田学院附属医院__图片__莆田学院附属医院__莆田炎症图片__ptyz291-2.png,莆田学院附属医院__图片__莆田学院附属医院__莆田炎症图片__ptyz291-2.json
dataset/gastritis_external/processed_images/莆田学院附属医院/crop_ui,莆田学院附属医院__图片__莆田学院附属医院__莆田炎症图片__ptyz369-4.jpg,0,1,1,1,0,,莆田学院附属医院__图片__莆田学院附属医院__莆田炎症图片__ptyz369-4_overlay.jpg,莆田学院附属医院__图片__莆田学院附属医院__莆田炎症图片__ptyz369-4.png,莆田学院附属医院__图片__莆田学院附属医院__莆田炎症图片__ptyz369-4.json
dataset/gastritis_external/processed_images/莆田学院附属医院/crop_ui,莆田学院附属医院__图片__莆田学院附属医院__莆田炎症图片__ptyz399-1.jpg,0,1,1,1,0,,莆田学院附属医院__图片__莆田学院附属医院__莆田炎症图片__ptyz399-1_overlay.jpg,莆田学院附属医院__图片__莆田学院附属医院__莆田炎症图片__ptyz399-1.png,莆田学院附属医院__图片__莆田学院附属医院__莆田炎症图片__ptyz399-1.json
dataset/gastritis_external/processed_images/莆田学院附属医院/crop_ui,莆田学院附属医院__图片__莆田学院附属医院__莆田炎症图片__ptyz28-4.jpg,0,1,1,1,0,,莆田学院附属医院__图片__莆田学院附属医院__莆田炎症图片__ptyz28-4_overlay.jpg,莆田学院附属医院__图片__莆田学院附属医院__莆田炎症图片__ptyz28-4.png,莆田学院附属医院__图片__莆田学院附属医院__莆田炎症图片__ptyz28-4.json
dataset/gastritis_external/processed_images/莆田学院附属医院/crop_ui,莆田学院附属医院__图片__莆田学院附属医院__莆田炎症图片__ptyz169-3.jpg,0,1,1,1,0,,莆田学院附属医院__图片__莆田学院附属医院__莆田炎症图片__ptyz169-3_overlay.jpg,莆田学院附属医院__图片__莆田学院附属医院__莆田炎症图片__ptyz169-3.png,莆田学院附属医院__图片__莆田学院附属医院__莆田炎症图片__ptyz169-3.json
dataset/gastritis_external/processed_images/莆田学院附属医院/crop_ui,莆田学院附属医院__图片__莆田学院附属医院__莆田炎症图片__ptyz307-3.jpg,0,1,1,1,0,,莆田学院附属医院__图片__莆田学院附属医院__莆田炎症图片__ptyz307-3_overlay.jpg,莆田学院附属医院__图片__莆田学院附属医院__莆田炎症图片__ptyz307-3.png,莆田学院附属医院__图片__莆田学院附属医院__莆田炎症图片__ptyz307-3.json
dataset/gastritis_external/processed_images/莆田学院附属医院/crop_ui,莆田学院附属医院__图片__莆田学院附属医院__莆田炎症图片__ptyz306-3.jpg,0,1,1,1,0,,莆田学院附属医院__图片__莆田学院附属医院__莆田炎症图片__ptyz306-3_overlay.jpg,莆田学院附属医院__图片__莆田学院附属医院__莆田炎症图片__ptyz306-3.png,莆田学院附属医院__图片__莆田学院附属医院__莆田炎症图片__ptyz306-3.json
dataset/gastritis_external/processed_images/莆田学院附属医院/crop_ui,莆田学院附属医院__图片__莆田学院附属医院__莆田炎症图片__ptyz299-5.jpg,0,1,1,1,0,,莆田学院附属医院__图片__莆田学院附属医院__莆田炎症图片__ptyz299-5_overlay.jpg,莆田学院附属医院__图片__莆田学院附属医院__莆田炎症图片__ptyz299-5.png,莆田学院附属医院__图片__莆田学院附属医院__莆田炎症图片__ptyz299-5.json
dataset/gastritis_external/processed_images/莆田学院附属医院/crop_ui,莆田学院附属医院__图片__莆田学院附属医院__莆田炎症图片__ptyz6-12.jpg,0,1,1,1,0,,莆田学院附属医院__图片__莆田学院附属医院__莆田炎症图片__ptyz6-12_overlay.jpg,莆田学院附属医院__图片__莆田学院附属医院__莆田炎症图片__ptyz6-12.png,莆田学院附属医院__图片__莆田学院附属医院__莆田炎症图片__ptyz6-12.json
dataset/gastritis_external/processed_images/莆田学院附属医院/crop_ui,莆田学院附属医院__图片__莆田学院附属医院__莆田炎症图片__ptyz159-1.jpg,0,1,1,1,0,,莆田学院附属医院__图片__莆田学院附属医院__莆田炎症图片__ptyz159-1_overlay.jpg,莆田学院附属医院__图片__莆田学院附属医院__莆田炎症图片__ptyz159-1.png,莆田学院附属医院__图片__莆田学院附属医院__莆田炎症图片__ptyz159-1.json
dataset/gastritis_external/processed_images/莆田学院附属医院/crop_ui,莆田学院附属医院__图片__莆田学院附属医院__莆田炎症图片__ptyz433-7.jpg,0,1,1,1,0,,莆田学院附属医院__图片__莆田学院附属医院__莆田炎症图片__ptyz433-7_overlay.jpg,莆田学院附属医院__图片__莆田学院附属医院__莆田炎症图片__ptyz433-7.png,莆田学院附属医院__图片__莆田学院附属医院__莆田炎症图片__ptyz433-7.json
dataset/gastritis_external/processed_images/莆田学院附属医院/crop_ui,莆田学院附属医院__图片__莆田学院附属医院__莆田炎症图片__ptyz77-2.jpg,0,1,1,1,0,,莆田学院附属医院__图片__莆田学院附属医院__莆田炎症图片__ptyz77-2_overlay.jpg,莆田学院附属医院__图片__莆田学院附属医院__莆田炎症图片__ptyz77-2.png,莆田学院附属医院__图片__莆田学院附属医院__莆田炎症图片__ptyz77-2.json
dataset/gastritis_external/processed_images/莆田学院附属医院/crop_ui,莆田学院附属医院__图片__莆田学院附属医院__莆田炎症图片__ptyz22-2.jpg,0,1,1,1,0,,莆田学院附属医院__图片__莆田学院附属医院__莆田炎症图片__ptyz22-2_overlay.jpg,莆田学院附属医院__图片__莆田学院附属医院__莆田炎症图片__ptyz22-2.png,莆田学院附属医院__图片__莆田学院附属医院__莆田炎症图片__ptyz22-2.json
dataset/gastritis_external/processed_images/莆田学院附属医院/crop_ui,莆田学院附属医院__图片__莆田学院附属医院__莆田炎症图片__ptyz336-1.jpg,0,1,1,1,0,,莆田学院附属医院__图片__莆田学院附属医院__莆田炎症图片__ptyz336-1_overlay.jpg,莆田学院附属医院__图片__莆田学院附属医院__莆田炎症图片__ptyz336-1.png,莆田学院附属医院__图片__莆田学院附属医院__莆田炎症图片__ptyz336-1.json
dataset/gastritis_external/processed_images/莆田学院附属医院/crop_ui,莆田学院附属医院__图片__莆田学院附属医院__莆田炎症图片__ptyz23-12.jpg,0,1,1,1,0,,莆田学院附属医院__图片__莆田学院附属医院__莆田炎症图片__ptyz23-12_overlay.jpg,莆田学院附属医院__图片__莆田学院附属医院__莆田炎症图片__ptyz23-12.png,莆田学院附属医院__图片__莆田学院附属医院__莆田炎症图片__ptyz23-12.json
dataset/gastritis_external/processed_images/莆田学院附属医院/crop_ui,莆田学院附属医院__图片__莆田学院附属医院__莆田炎症图片__ptyz390-3.jpg,0,1,1,1,0,,莆田学院附属医院__图片__莆田学院附属医院__莆田炎症图片__ptyz390-3_overlay.jpg,莆田学院附属医院__图片__莆田学院附属医院__莆田炎症图片__ptyz390-3.png,莆田学院附属医院__图片__莆田学院附属医院__莆田炎症图片__ptyz390-3.json
dataset/gastritis_external/processed_images/莆田学院附属医院/crop_ui,莆田学院附属医院__图片__莆田学院附属医院__莆田炎症图片__ptyz44-4.jpg,0,1,1,1,0,,莆田学院附属医院__图片__莆田学院附属医院__莆田炎症图片__ptyz44-4_overlay.jpg,莆田学院附属医院__图片__莆田学院附属医院__莆田炎症图片__ptyz44-4.png,莆田学院附属医院__图片__莆田学院附属医院__莆田炎症图片__ptyz44-4.json
dataset/gastritis_external/processed_images/莆田学院附属医院/crop_ui,莆田学院附属医院__图片__莆田学院附属医院__莆田炎症图片__ptyz379-2.jpg,0,1,1,1,0,,莆田学院附属医院__图片__莆田学院附属医院__莆田炎症图片__ptyz379-2_overlay.jpg,莆田学院附属医院__图片__莆田学院附属医院__莆田炎症图片__ptyz379-2.png,莆田学院附属医院__图片__莆田学院附属医院__莆田炎症图片__ptyz379-2.json
dataset/gastritis_external/processed_images/莆田学院附属医院/crop_ui,莆田学院附属医院__图片__莆田学院附属医院__莆田炎症图片__ptyz49-1.jpg,0,1,1,1,0,,莆田学院附属医院__图片__莆田学院附属医院__莆田炎症图片__ptyz49-1_overlay.jpg,莆田学院附属医院__图片__莆田学院附属医院__莆田炎症图片__ptyz49-1.png,莆田学院附属医院__图片__莆田学院附属医院__莆田炎症图片__ptyz49-1.json
dataset/gastritis_external/processed_images/莆田学院附属医院/crop_ui,莆田学院附属医院__图片__莆田学院附属医院__莆田炎症图片__ptyz92-3.jpg,0,1,1,1,0,,莆田学院附属医院__图片__莆田学院附属医院__莆田炎症图片__ptyz92-3_overlay.jpg,莆田学院附属医院__图片__莆田学院附属医院__莆田炎症图片__ptyz92-3.png,莆田学院附属医院__图片__莆田学院附属医院__莆田炎症图片__ptyz92-3.json
dataset/gastritis_external/processed_images/莆田学院附属医院/crop_ui,莆田学院附属医院__图片__莆田学院附属医院__莆田炎症图片__ptyz294-3.jpg,0,1,1,1,0,,莆田学院附属医院__图片__莆田学院附属医院__莆田炎症图片__ptyz294-3_overlay.jpg,莆田学院附属医院__图片__莆田学院附属医院__莆田炎症图片__ptyz294-3.png,莆田学院附属医院__图片__莆田学院附属医院__莆田炎症图片__ptyz294-3.json
dataset/gastritis_external/processed_images/莆田学院附属医院/crop_ui,莆田学院附属医院__图片__莆田学院附属医院__莆田炎症图片__ptyz72-3.jpg,0,1,1,1,0,,莆田学院附属医院__图片__莆田学院附属医院__莆田炎症图片__ptyz72-3_overlay.jpg,莆田学院附属医院__图片__莆田学院附属医院__莆田炎症图片__ptyz72-3.png,莆田学院附属医院__图片__莆田学院附属医院__莆田炎症图片__ptyz72-3.json
dataset/gastritis_external/processed_images/莆田学院附属医院/crop_ui,莆田学院附属医院__图片__莆田学院附属医院__莆田炎症图片__ptyz353-4.jpg,0,1,1,1,0,,莆田学院附属医院__图片__莆田学院附属医院__莆田炎症图片__ptyz353-4_overlay.jpg,莆田学院附属医院__图片__莆田学院附属医院__莆田炎症图片__ptyz353-4.png,莆田学院附属医院__图片__莆田学院附属医院__莆田炎症图片__ptyz353-4.json
dataset/gastritis_external/processed_images/莆田学院附属医院/crop_ui,莆田学院附属医院__图片__莆田学院附属医院__莆田炎症图片__ptyz413-2.jpg,0,1,1,1,0,,莆田学院附属医院__图片__莆田学院附属医院__莆田炎症图片__ptyz413-2_overlay.jpg,莆田学院附属医院__图片__莆田学院附属医院__莆田炎症图片__ptyz413-2.png,莆田学院附属医院__图片__莆田学院附属医院__莆田炎症图片__ptyz413-2.json
dataset/gastritis_external/processed_images/莆田学院附属医院/crop_ui,莆田学院附属医院__图片__莆田学院附属医院__莆田炎症图片__ptyz418-2.jpg,0,1,1,1,0,,莆田学院附属医院__图片__莆田学院附属医院__莆田炎症图片__ptyz418-2_overlay.jpg,莆田学院附属医院__图片__莆田学院附属医院__莆田炎症图片__ptyz418-2.png,莆田学院附属医院__图片__莆田学院附属医院__莆田炎症图片__ptyz418-2.json
dataset/gastritis_external/processed_images/莆田学院附属医院/crop_ui,莆田学院附属医院__图片__莆田学院附属医院__莆田炎症图片__ptyz432-3.jpg,0,1,1,1,0,,莆田学院附属医院__图片__莆田学院附属医院__莆田炎症图片__ptyz432-3_overlay.jpg,莆田学院附属医院__图片__莆田学院附属医院__莆田炎症图片__ptyz432-3.png,莆田学院附属医院__图片__莆田学院附属医院__莆田炎症图片__ptyz432-3.json
dataset/gastritis_external/processed_images/莆田学院附属医院/crop_ui,莆田学院附属医院__图片__莆田学院附属医院__莆田炎症图片__ptyz174-2.jpg,0,1,1,1,0,,莆田学院附属医院__图片__莆田学院附属医院__莆田炎症图片__ptyz174-2_overlay.jpg,莆田学院附属医院__图片__莆田学院附属医院__莆田炎症图片__ptyz174-2.png,莆田学院附属医院__图片__莆田学院附属医院__莆田炎症图片__ptyz174-2.json
dataset/gastritis_external/processed_images/莆田学院附属医院/crop_ui,莆田学院附属医院__图片__莆田学院附属医院__莆田炎症图片__ptyz138-2.jpg,0,1,1,1,0,,莆田学院附属医院__图片__莆田学院附属医院__莆田炎症图片__ptyz138-2_overlay.jpg,莆田学院附属医院__图片__莆田学院附属医院__莆田炎症图片__ptyz138-2.png,莆田学院附属医院__图片__莆田学院附属医院__莆田炎症图片__ptyz138-2.json
dataset/gastritis_external/processed_images/莆田学院附属医院/crop_ui,莆田学院附属医院__图片__莆田学院附属医院__莆田炎症图片__ptyz214-2.jpg,0,1,1,1,0,,莆田学院附属医院__图片__莆田学院附属医院__莆田炎症图片__ptyz214-2_overlay.jpg,莆田学院附属医院__图片__莆田学院附属医院__莆田炎症图片__ptyz214-2.png,莆田学院附属医院__图片__莆田学院附属医院__莆田炎症图片__ptyz214-2.json
dataset/gastritis_external/processed_images/莆田学院附属医院/crop_ui,莆田学院附属医院__图片__莆田学院附属医院__莆田炎症图片__ptyz416-2.jpg,0,1,1,1,0,,莆田学院附属医院__图片__莆田学院附属医院__莆田炎症图片__ptyz416-2_overlay.jpg,莆田学院附属医院__图片__莆田学院附属医院__莆田炎症图片__ptyz416-2.png,莆田学院附属医院__图片__莆田学院附属医院__莆田炎症图片__ptyz416-2.json
dataset/gastritis_external/processed_images/莆田学院附属医院/crop_ui,莆田学院附属医院__图片__莆田学院附属医院__莆田炎症图片__ptyz366-3.jpg,0,1,1,1,0,,莆田学院附属医院__图片__莆田学院附属医院__莆田炎症图片__ptyz366-3_overlay.jpg,莆田学院附属医院__图片__莆田学院附属医院__莆田炎症图片__ptyz366-3.png,莆田学院附属医院__图片__莆田学院附属医院__莆田炎症图片__ptyz366-3.json
dataset/gastritis_external/processed_images/莆田学院附属医院/crop_ui,莆田学院附属医院__图片__莆田学院附属医院__莆田炎症图片__ptyz65-2.jpg,0,1,1,1,0,,莆田学院附属医院__图片__莆田学院附属医院__莆田炎症图片__ptyz65-2_overlay.jpg,莆田学院附属医院__图片__莆田学院附属医院__莆田炎症图片__ptyz65-2.png,莆田学院附属医院__图片__莆田学院附属医院__莆田炎症图片__ptyz65-2.json
dataset/gastritis_external/processed_images/莆田学院附属医院/crop_ui,莆田学院附属医院__图片__莆田学院附属医院__莆田炎症图片__ptyz158-1.jpg,0,1,1,1,0,,莆田学院附属医院__图片__莆田学院附属医院__莆田炎症图片__ptyz158-1_overlay.jpg,莆田学院附属医院__图片__莆田学院附属医院__莆田炎症图片__ptyz158-1.png,莆田学院附属医院__图片__莆田学院附属医院__莆田炎症图片__ptyz158-1.json
dataset/gastritis_external/processed_images/莆田学院附属医院/crop_ui,莆田学院附属医院__图片__莆田学院附属医院__莆田炎症图片__ptyz359-3.jpg,0,1,1,1,0,,莆田学院附属医院__图片__莆田学院附属医院__莆田炎症图片__ptyz359-3_overlay.jpg,莆田学院附属医院__图片__莆田学院附属医院__莆田炎症图片__ptyz359-3.png,莆田学院附属医院__图片__莆田学院附属医院__莆田炎症图片__ptyz359-3.json
dataset/gastritis_external/processed_images/莆田学院附属医院/crop_ui,莆田学院附属医院__图片__莆田学院附属医院__莆田炎症图片__ptyz379-3.jpg,0,1,1,1,0,,莆田学院附属医院__图片__莆田学院附属医院__莆田炎症图片__ptyz379-3_overlay.jpg,莆田学院附属医院__图片__莆田学院附属医院__莆田炎症图片__ptyz379-3.png,莆田学院附属医院__图片__莆田学院附属医院__莆田炎症图片__ptyz379-3.json
dataset/gastritis_external/processed_images/莆田学院附属医院/crop_ui,莆田学院附属医院__图片__莆田学院附属医院__莆田炎症图片__ptyz135-1.jpg,0,1,1,1,0,,莆田学院附属医院__图片__莆田学院附属医院__莆田炎症图片__ptyz135-1_overlay.jpg,莆田学院附属医院__图片__莆田学院附属医院__莆田炎症图片__ptyz135-1.png,莆田学院附属医院__图片__莆田学院附属医院__莆田炎症图片__ptyz135-1.json
dataset/gastritis_external/processed_images/莆田学院附属医院/crop_ui,莆田学院附属医院__图片__莆田学院附属医院__莆田炎症图片__ptyz76-1.jpg,0,1,1,1,0,,莆田学院附属医院__图片__莆田学院附属医院__莆田炎症图片__ptyz76-1_overlay.jpg,莆田学院附属医院__图片__莆田学院附属医院__莆田炎症图片__ptyz76-1.png,莆田学院附属医院__图片__莆田学院附属医院__莆田炎症图片__ptyz76-1.json
dataset/gastritis_external/processed_images/莆田学院附属医院/crop_ui,莆田学院附属医院__图片__莆田学院附属医院__莆田炎症图片__ptyz57-5.jpg,0,1,1,1,0,,莆田学院附属医院__图片__莆田学院附属医院__莆田炎症图片__ptyz57-5_overlay.jpg,莆田学院附属医院__图片__莆田学院附属医院__莆田炎症图片__ptyz57-5.png,莆田学院附属医院__图片__莆田学院附属医院__莆田炎症图片__ptyz57-5.json
dataset/gastritis_external/processed_images/莆田学院附属医院/crop_ui,莆田学院附属医院__图片__莆田学院附属医院__莆田炎症图片__ptyz269-1.jpg,0,1,1,1,0,,莆田学院附属医院__图片__莆田学院附属医院__莆田炎症图片__ptyz269-1_overlay.jpg,莆田学院附属医院__图片__莆田学院附属医院__莆田炎症图片__ptyz269-1.png,莆田学院附属医院__图片__莆田学院附属医院__莆田炎症图片__ptyz269-1.json
dataset/gastritis_external/processed_images/莆田学院附属医院/crop_ui,莆田学院附属医院__图片__莆田学院附属医院__莆田炎症图片__ptyz13-1.jpg,0,1,1,1,0,,莆田学院附属医院__图片__莆田学院附属医院__莆田炎症图片__ptyz13-1_overlay.jpg,莆田学院附属医院__图片__莆田学院附属医院__莆田炎症图片__ptyz13-1.png,莆田学院附属医院__图片__莆田学院附属医院__莆田炎症图片__ptyz13-1.json
dataset/gastritis_external/processed_images/莆田学院附属医院/crop_ui,莆田学院附属医院__图片__莆田学院附属医院__莆田炎症图片__ptyz396-2.jpg,0,1,1,1,0,,莆田学院附属医院__图片__莆田学院附属医院__莆田炎症图片__ptyz396-2_overlay.jpg,莆田学院附属医院__图片__莆田学院附属医院__莆田炎症图片__ptyz396-2.png,莆田学院附属医院__图片__莆田学院附属医院__莆田炎症图片__ptyz396-2.json
dataset/gastritis_external/processed_images/莆田学院附属医院/crop_ui,莆田学院附属医院__图片__莆田学院附属医院__莆田炎症图片__ptyz17-6.jpg,0,1,1,1,0,,莆田学院附属医院__图片__莆田学院附属医院__莆田炎症图片__ptyz17-6_overlay.jpg,莆田学院附属医院__图片__莆田学院附属医院__莆田炎症图片__ptyz17-6.png,莆田学院附属医院__图片__莆田学院附属医院__莆田炎症图片__ptyz17-6.json
dataset/gastritis_external/processed_images/莆田学院附属医院/crop_ui,莆田学院附属医院__图片__莆田学院附属医院__莆田炎症图片__ptyz66-2.jpg,0,1,1,1,0,,莆田学院附属医院__图片__莆田学院附属医院__莆田炎症图片__ptyz66-2_overlay.jpg,莆田学院附属医院__图片__莆田学院附属医院__莆田炎症图片__ptyz66-2.png,莆田学院附属医院__图片__莆田学院附属医院__莆田炎症图片__ptyz66-2.json
dataset/gastritis_external/processed_images/莆田学院附属医院/crop_ui,莆田学院附属医院__图片__莆田学院附属医院__莆田炎症图片__ptyz18-1.jpg,0,1,1,1,0,,莆田学院附属医院__图片__莆田学院附属医院__莆田炎症图片__ptyz18-1_overlay.jpg,莆田学院附属医院__图片__莆田学院附属医院__莆田炎症图片__ptyz18-1.png,莆田学院附属医院__图片__莆田学院附属医院__莆田炎症图片__ptyz18-1.json
dataset/gastritis_external/processed_images/莆田学院附属医院/crop_ui,莆田学院附属医院__图片__莆田学院附属医院__莆田炎症图片__ptyz41-2.jpg,0,1,1,1,0,,莆田学院附属医院__图片__莆田学院附属医院__莆田炎症图片__ptyz41-2_overlay.jpg,莆田学院附属医院__图片__莆田学院附属医院__莆田炎症图片__ptyz41-2.png,莆田学院附属医院__图片__莆田学院附属医院__莆田炎症图片__ptyz41-2.json
dataset/gastritis_external/processed_images/莆田学院附属医院/crop_ui,莆田学院附属医院__图片__莆田学院附属医院__莆田炎症图片__ptyz15-5.jpg,0,1,1,1,0,,莆田学院附属医院__图片__莆田学院附属医院__莆田炎症图片__ptyz15-5_overlay.jpg,莆田学院附属医院__图片__莆田学院附属医院__莆田炎症图片__ptyz15-5.png,莆田学院附属医院__图片__莆田学院附属医院__莆田炎症图片__ptyz15-5.json
dataset/gastritis_external/processed_images/莆田学院附属医院/crop_ui,莆田学院附属医院__图片__莆田学院附属医院__莆田炎症图片__ptyz187-1.jpg,0,1,1,1,0,,莆田学院附属医院__图片__莆田学院附属医院__莆田炎症图片__ptyz187-1_overlay.jpg,莆田学院附属医院__图片__莆田学院附属医院__莆田炎症图片__ptyz187-1.png,莆田学院附属医院__图片__莆田学院附属医院__莆田炎症图片__ptyz187-1.json
dataset/gastritis_external/processed_images/莆田学院附属医院/crop_ui,莆田学院附属医院__图片__莆田学院附属医院__莆田炎症图片__ptyz94-2.jpg,0,1,1,1,0,,莆田学院附属医院__图片__莆田学院附属医院__莆田炎症图片__ptyz94-2_overlay.jpg,莆田学院附属医院__图片__莆田学院附属医院__莆田炎症图片__ptyz94-2.png,莆田学院附属医院__图片__莆田学院附属医院__莆田炎症图片__ptyz94-2.json
dataset/gastritis_external/processed_images/莆田学院附属医院/crop_ui,莆田学院附属医院__图片__莆田学院附属医院__莆田炎症图片__ptyz168-2.jpg,0,1,1,1,0,,莆田学院附属医院__图片__莆田学院附属医院__莆田炎症图片__ptyz168-2_overlay.jpg,莆田学院附属医院__图片__莆田学院附属医院__莆田炎症图片__ptyz168-2.png,莆田学院附属医院__图片__莆田学院附属医院__莆田炎症图片__ptyz168-2.json
dataset/gastritis_external/processed_images/莆田学院附属医院/crop_ui,莆田学院附属医院__图片__莆田学院附属医院__莆田炎症图片__ptyz155-5.jpg,0,1,1,1,0,,莆田学院附属医院__图片__莆田学院附属医院__莆田炎症图片__ptyz155-5_overlay.jpg,莆田学院附属医院__图片__莆田学院附属医院__莆田炎症图片__ptyz155-5.png,莆田学院附属医院__图片__莆田学院附属医院__莆田炎症图片__ptyz155-5.json
dataset/gastritis_external/processed_images/莆田学院附属医院/crop_ui,莆田学院附属医院__图片__莆田学院附属医院__莆田炎症图片__ptyz108-3.jpg,0,1,1,1,0,,莆田学院附属医院__图片__莆田学院附属医院__莆田炎症图片__ptyz108-3_overlay.jpg,莆田学院附属医院__图片__莆田学院附属医院__莆田炎症图片__ptyz108-3.png,莆田学院附属医院__图片__莆田学院附属医院__莆田炎症图片__ptyz108-3.json
dataset/gastritis_external/processed_images/莆田学院附属医院/crop_ui,莆田学院附属医院__图片__莆田学院附属医院__莆田炎症图片__ptyz79-4.jpg,0,1,1,1,0,,莆田学院附属医院__图片__莆田学院附属医院__莆田炎症图片__ptyz79-4_overlay.jpg,莆田学院附属医院__图片__莆田学院附属医院__莆田炎症图片__ptyz79-4.png,莆田学院附属医院__图片__莆田学院附属医院__莆田炎症图片__ptyz79-4.json
dataset/gastritis_external/processed_images/莆田学院附属医院/crop_ui,莆田学院附属医院__图片__莆田学院附属医院__莆田炎症图片__ptyz168-7.jpg,0,1,1,1,0,,莆田学院附属医院__图片__莆田学院附属医院__莆田炎症图片__ptyz168-7_overlay.jpg,莆田学院附属医院__图片__莆田学院附属医院__莆田炎症图片__ptyz168-7.png,莆田学院附属医院__图片__莆田学院附属医院__莆田炎症图片__ptyz168-7.json
dataset/gastritis_external/processed_images/莆田学院附属医院/crop_ui,莆田学院附属医院__图片__莆田学院附属医院__莆田炎症图片__ptyz225-1.jpg,0,1,1,1,0,,莆田学院附属医院__图片__莆田学院附属医院__莆田炎症图片__ptyz225-1_overlay.jpg,莆田学院附属医院__图片__莆田学院附属医院__莆田炎症图片__ptyz225-1.png,莆田学院附属医院__图片__莆田学院附属医院__莆田炎症图片__ptyz225-1.json
dataset/gastritis_external/processed_images/莆田学院附属医院/crop_ui,莆田学院附属医院__图片__莆田学院附属医院__莆田炎症图片__ptyz171-3.jpg,0,1,1,1,0,,莆田学院附属医院__图片__莆田学院附属医院__莆田炎症图片__ptyz171-3_overlay.jpg,莆田学院附属医院__图片__莆田学院附属医院__莆田炎症图片__ptyz171-3.png,莆田学院附属医院__图片__莆田学院附属医院__莆田炎症图片__ptyz171-3.json
dataset/gastritis_external/processed_images/莆田学院附属医院/crop_ui,莆田学院附属医院__图片__莆田学院附属医院__莆田炎症图片__ptyz79-3.jpg,0,1,1,1,0,,莆田学院附属医院__图片__莆田学院附属医院__莆田炎症图片__ptyz79-3_overlay.jpg,莆田学院附属医院__图片__莆田学院附属医院__莆田炎症图片__ptyz79-3.png,莆田学院附属医院__图片__莆田学院附属医院__莆田炎症图片__ptyz79-3.json
dataset/gastritis_external/processed_images/莆田学院附属医院/crop_ui,莆田学院附属医院__图片__莆田学院附属医院__莆田炎症图片__ptyz164-1.jpg,0,1,1,1,0,,莆田学院附属医院__图片__莆田学院附属医院__莆田炎症图片__ptyz164-1_overlay.jpg,莆田学院附属医院__图片__莆田学院附属医院__莆田炎症图片__ptyz164-1.png,莆田学院附属医院__图片__莆田学院附属医院__莆田炎症图片__ptyz164-1.json
dataset/gastritis_external/processed_images/莆田学院附属医院/crop_ui,莆田学院附属医院__图片__莆田学院附属医院__莆田炎症图片__ptyz370-1.jpg,0,1,1,1,0,,莆田学院附属医院__图片__莆田学院附属医院__莆田炎症图片__ptyz370-1_overlay.jpg,莆田学院附属医院__图片__莆田学院附属医院__莆田炎症图片__ptyz370-1.png,莆田学院附属医院__图片__莆田学院附属医院__莆田炎症图片__ptyz370-1.json
dataset/gastritis_external/processed_images/莆田学院附属医院/crop_ui,莆田学院附属医院__图片__莆田学院附属医院__莆田炎症图片__ptyz104-2.jpg,0,1,1,1,0,,莆田学院附属医院__图片__莆田学院附属医院__莆田炎症图片__ptyz104-2_overlay.jpg,莆田学院附属医院__图片__莆田学院附属医院__莆田炎症图片__ptyz104-2.png,莆田学院附属医院__图片__莆田学院附属医院__莆田炎症图片__ptyz104-2.json
dataset/gastritis_external/processed_images/莆田学院附属医院/crop_ui,莆田学院附属医院__图片__莆田学院附属医院__莆田炎症图片__ptyz226-6.jpg,0,1,1,1,0,,莆田学院附属医院__图片__莆田学院附属医院__莆田炎症图片__ptyz226-6_overlay.jpg,莆田学院附属医院__图片__莆田学院附属医院__莆田炎症图片__ptyz226-6.png,莆田学院附属医院__图片__莆田学院附属医院__莆田炎症图片__ptyz226-6.json
dataset/gastritis_external/processed_images/莆田学院附属医院/crop_ui,莆田学院附属医院__图片__莆田学院附属医院__莆田炎症图片__ptyz218-4.jpg,0,1,1,1,0,,莆田学院附属医院__图片__莆田学院附属医院__莆田炎症图片__ptyz218-4_overlay.jpg,莆田学院附属医院__图片__莆田学院附属医院__莆田炎症图片__ptyz218-4.png,莆田学院附属医院__图片__莆田学院附属医院__莆田炎症图片__ptyz218-4.json
dataset/gastritis_external/processed_images/莆田学院附属医院/crop_ui,莆田学院附属医院__图片__莆田学院附属医院__莆田炎症图片__ptyz330-2.jpg,0,1,1,1,0,,莆田学院附属医院__图片__莆田学院附属医院__莆田炎症图片__ptyz330-2_overlay.jpg,莆田学院附属医院__图片__莆田学院附属医院__莆田炎症图片__ptyz330-2.png,莆田学院附属医院__图片__莆田学院附属医院__莆田炎症图片__ptyz330-2.json
dataset/gastritis_external/processed_images/莆田学院附属医院/crop_ui,莆田学院附属医院__图片__莆田学院附属医院__莆田炎症图片__ptyz398-5.jpg,0,1,1,1,0,,莆田学院附属医院__图片__莆田学院附属医院__莆田炎症图片__ptyz398-5_overlay.jpg,莆田学院附属医院__图片__莆田学院附属医院__莆田炎症图片__ptyz398-5.png,莆田学院附属医院__图片__莆田学院附属医院__莆田炎症图片__ptyz398-5.json
dataset/gastritis_external/processed_images/莆田学院附属医院/crop_ui,莆田学院附属医院__图片__莆田学院附属医院__莆田炎症图片__ptyz439-3.jpg,0,1,1,1,0,,莆田学院附属医院__图片__莆田学院附属医院__莆田炎症图片__ptyz439-3_overlay.jpg,莆田学院附属医院__图片__莆田学院附属医院__莆田炎症图片__ptyz439-3.png,莆田学院附属医院__图片__莆田学院附属医院__莆田炎症图片__ptyz439-3.json
dataset/gastritis_external/processed_images/莆田学院附属医院/crop_ui,莆田学院附属医院__图片__莆田学院附属医院__莆田炎症图片__ptyz140-2.jpg,0,1,1,1,0,,莆田学院附属医院__图片__莆田学院附属医院__莆田炎症图片__ptyz140-2_overlay.jpg,莆田学院附属医院__图片__莆田学院附属医院__莆田炎症图片__ptyz140-2.png,莆田学院附属医院__图片__莆田学院附属医院__莆田炎症图片__ptyz140-2.json
dataset/gastritis_external/processed_images/莆田学院附属医院/crop_ui,莆田学院附属医院__图片__莆田学院附属医院__莆田炎症图片__ptyz300-3.jpg,0,1,1,1,0,,莆田学院附属医院__图片__莆田学院附属医院__莆田炎症图片__ptyz300-3_overlay.jpg,莆田学院附属医院__图片__莆田学院附属医院__莆田炎症图片__ptyz300-3.png,莆田学院附属医院__图片__莆田学院附属医院__莆田炎症图片__ptyz300-3.json
dataset/gastritis_external/processed_images/莆田学院附属医院/crop_ui,莆田学院附属医院__图片__莆田学院附属医院__莆田炎症图片__ptyz158-2.jpg,0,1,1,1,0,,莆田学院附属医院__图片__莆田学院附属医院__莆田炎症图片__ptyz158-2_overlay.jpg,莆田学院附属医院__图片__莆田学院附属医院__莆田炎症图片__ptyz158-2.png,莆田学院附属医院__图片__莆田学院附属医院__莆田炎症图片__ptyz158-2.json
dataset/gastritis_external/processed_images/莆田学院附属医院/crop_ui,莆田学院附属医院__图片__莆田学院附属医院__莆田炎症图片__ptyz79-1.jpg,0,1,1,1,0,,莆田学院附属医院__图片__莆田学院附属医院__莆田炎症图片__ptyz79-1_overlay.jpg,莆田学院附属医院__图片__莆田学院附属医院__莆田炎症图片__ptyz79-1.png,莆田学院附属医院__图片__莆田学院附属医院__莆田炎症图片__ptyz79-1.json
dataset/gastritis_external/processed_images/莆田学院附属医院/crop_ui,莆田学院附属医院__图片__莆田学院附属医院__莆田炎症图片__ptyz28-1.jpg,0,1,1,1,0,,莆田学院附属医院__图片__莆田学院附属医院__莆田炎症图片__ptyz28-1_overlay.jpg,莆田学院附属医院__图片__莆田学院附属医院__莆田炎症图片__ptyz28-1.png,莆田学院附属医院__图片__莆田学院附属医院__莆田炎症图片__ptyz28-1.json
dataset/gastritis_external/processed_images/莆田学院附属医院/crop_ui,莆田学院附属医院__图片__莆田学院附属医院__莆田炎症图片__ptyz314-1.jpg,0,1,1,1,0,,莆田学院附属医院__图片__莆田学院附属医院__莆田炎症图片__ptyz314-1_overlay.jpg,莆田学院附属医院__图片__莆田学院附属医院__莆田炎症图片__ptyz314-1.png,莆田学院附属医院__图片__莆田学院附属医院__莆田炎症图片__ptyz314-1.json
dataset/gastritis_external/processed_images/莆田学院附属医院/crop_ui,莆田学院附属医院__图片__莆田学院附属医院__莆田炎症图片__ptyz35-2.jpg,0,1,1,1,0,,莆田学院附属医院__图片__莆田学院附属医院__莆田炎症图片__ptyz35-2_overlay.jpg,莆田学院附属医院__图片__莆田学院附属医院__莆田炎症图片__ptyz35-2.png,莆田学院附属医院__图片__莆田学院附属医院__莆田炎症图片__ptyz35-2.json
dataset/gastritis_external/processed_images/莆田学院附属医院/crop_ui,莆田学院附属医院__图片__莆田学院附属医院__莆田炎症图片__ptyz33-8.jpg,0,1,1,1,0,,莆田学院附属医院__图片__莆田学院附属医院__莆田炎症图片__ptyz33-8_overlay.jpg,莆田学院附属医院__图片__莆田学院附属医院__莆田炎症图片__ptyz33-8.png,莆田学院附属医院__图片__莆田学院附属医院__莆田炎症图片__ptyz33-8.json
dataset/gastritis_external/processed_images/莆田学院附属医院/crop_ui,莆田学院附属医院__图片__莆田学院附属医院__莆田炎症图片__ptyz399-4.jpg,0,1,1,1,0,,莆田学院附属医院__图片__莆田学院附属医院__莆田炎症图片__ptyz399-4_overlay.jpg,莆田学院附属医院__图片__莆田学院附属医院__莆田炎症图片__ptyz399-4.png,莆田学院附属医院__图片__莆田学院附属医院__莆田炎症图片__ptyz399-4.json
dataset/gastritis_external/processed_images/莆田学院附属医院/crop_ui,莆田学院附属医院__图片__莆田学院附属医院__莆田炎症图片__ptyz16-10.jpg,0,1,1,1,0,,莆田学院附属医院__图片__莆田学院附属医院__莆田炎症图片__ptyz16-10_overlay.jpg,莆田学院附属医院__图片__莆田学院附属医院__莆田炎症图片__ptyz16-10.png,莆田学院附属医院__图片__莆田学院附属医院__莆田炎症图片__ptyz16-10.json
dataset/gastritis_external/processed_images/莆田学院附属医院/crop_ui,莆田学院附属医院__图片__莆田学院附属医院__莆田炎症图片__ptyz44-1.jpg,0,1,1,1,0,,莆田学院附属医院__图片__莆田学院附属医院__莆田炎症图片__ptyz44-1_overlay.jpg,莆田学院附属医院__图片__莆田学院附属医院__莆田炎症图片__ptyz44-1.png,莆田学院附属医院__图片__莆田学院附属医院__莆田炎症图片__ptyz44-1.json
dataset/gastritis_external/processed_images/莆田学院附属医院/crop_ui,莆田学院附属医院__图片__莆田学院附属医院__莆田炎症图片__ptyz393-3.jpg,0,1,1,1,0,,莆田学院附属医院__图片__莆田学院附属医院__莆田炎症图片__ptyz393-3_overlay.jpg,莆田学院附属医院__图片__莆田学院附属医院__莆田炎症图片__ptyz393-3.png,莆田学院附属医院__图片__莆田学院附属医院__莆田炎症图片__ptyz393-3.json
dataset/gastritis_external/processed_images/莆田学院附属医院/crop_ui,莆田学院附属医院__图片__莆田学院附属医院__莆田炎症图片__ptyz6-6.jpg,0,1,1,1,0,,莆田学院附属医院__图片__莆田学院附属医院__莆田炎症图片__ptyz6-6_overlay.jpg,莆田学院附属医院__图片__莆田学院附属医院__莆田炎症图片__ptyz6-6.png,莆田学院附属医院__图片__莆田学院附属医院__莆田炎症图片__ptyz6-6.json
dataset/gastritis_external/processed_images/莆田学院附属医院/crop_ui,莆田学院附属医院__图片__莆田学院附属医院__莆田炎症图片__ptyz340.jpg,0,1,1,1,0,,莆田学院附属医院__图片__莆田学院附属医院__莆田炎症图片__ptyz340_overlay.jpg,莆田学院附属医院__图片__莆田学院附属医院__莆田炎症图片__ptyz340.png,莆田学院附属医院__图片__莆田学院附属医院__莆田炎症图片__ptyz340.json
dataset/gastritis_external/processed_images/莆田学院附属医院/crop_ui,莆田学院附属医院__图片__莆田学院附属医院__莆田炎症图片__ptyz294-1.jpg,0,1,1,1,0,,莆田学院附属医院__图片__莆田学院附属医院__莆田炎症图片__ptyz294-1_overlay.jpg,莆田学院附属医院__图片__莆田学院附属医院__莆田炎症图片__ptyz294-1.png,莆田学院附属医院__图片__莆田学院附属医院__莆田炎症图片__ptyz294-1.json
dataset/gastritis_external/processed_images/莆田学院附属医院/crop_ui,莆田学院附属医院__图片__莆田学院附属医院__莆田炎症图片__ptyz434-5.jpg,0,1,1,1,0,,莆田学院附属医院__图片__莆田学院附属医院__莆田炎症图片__ptyz434-5_overlay.jpg,莆田学院附属医院__图片__莆田学院附属医院__莆田炎症图片__ptyz434-5.png,莆田学院附属医院__图片__莆田学院附属医院__莆田炎症图片__ptyz434-5.json
dataset/gastritis_external/processed_images/莆田学院附属医院/crop_ui,莆田学院附属医院__图片__莆田学院附属医院__莆田炎症图片__ptyz368-1.jpg,0,1,1,1,0,,莆田学院附属医院__图片__莆田学院附属医院__莆田炎症图片__ptyz368-1_overlay.jpg,莆田学院附属医院__图片__莆田学院附属医院__莆田炎症图片__ptyz368-1.png,莆田学院附属医院__图片__莆田学院附属医院__莆田炎症图片__ptyz368-1.json
dataset/gastritis_external/processed_images/莆田学院附属医院/crop_ui,莆田学院附属医院__图片__莆田学院附属医院__莆田炎症图片__ptyz35-3.jpg,0,1,1,1,0,,莆田学院附属医院__图片__莆田学院附属医院__莆田炎症图片__ptyz35-3_overlay.jpg,莆田学院附属医院__图片__莆田学院附属医院__莆田炎症图片__ptyz35-3.png,莆田学院附属医院__图片__莆田学院附属医院__莆田炎症图片__ptyz35-3.json
dataset/gastritis_external/processed_images/莆田学院附属医院/crop_ui,莆田学院附属医院__图片__莆田学院附属医院__莆田炎症图片__ptyz17-4.jpg,0,1,1,1,0,,莆田学院附属医院__图片__莆田学院附属医院__莆田炎症图片__ptyz17-4_overlay.jpg,莆田学院附属医院__图片__莆田学院附属医院__莆田炎症图片__ptyz17-4.png,莆田学院附属医院__图片__莆田学院附属医院__莆田炎症图片__ptyz17-4.json
dataset/gastritis_external/processed_images/莆田学院附属医院/crop_ui,莆田学院附属医院__图片__莆田学院附属医院__莆田炎症图片__ptyz122-3.jpg,0,1,1,1,0,,莆田学院附属医院__图片__莆田学院附属医院__莆田炎症图片__ptyz122-3_overlay.jpg,莆田学院附属医院__图片__莆田学院附属医院__莆田炎症图片__ptyz122-3.png,莆田学院附属医院__图片__莆田学院附属医院__莆田炎症图片__ptyz122-3.json
dataset/gastritis_external/processed_images/莆田学院附属医院/crop_ui,莆田学院附属医院__图片__莆田学院附属医院__莆田炎症图片__ptyz104-6.jpg,0,1,1,1,0,,莆田学院附属医院__图片__莆田学院附属医院__莆田炎症图片__ptyz104-6_overlay.jpg,莆田学院附属医院__图片__莆田学院附属医院__莆田炎症图片__ptyz104-6.png,莆田学院附属医院__图片__莆田学院附属医院__莆田炎症图片__ptyz104-6.json
dataset/gastritis_external/processed_images/莆田学院附属医院/crop_ui,莆田学院附属医院__图片__莆田学院附属医院__莆田炎症图片__ptyz339-2.jpg,0,1,1,1,0,,莆田学院附属医院__图片__莆田学院附属医院__莆田炎症图片__ptyz339-2_overlay.jpg,莆田学院附属医院__图片__莆田学院附属医院__莆田炎症图片__ptyz339-2.png,莆田学院附属医院__图片__莆田学院附属医院__莆田炎症图片__ptyz339-2.json
dataset/gastritis_external/processed_images/莆田学院附属医院/crop_ui,莆田学院附属医院__图片__莆田学院附属医院__莆田炎症图片__ptyz244-2.jpg,0,1,1,1,0,,莆田学院附属医院__图片__莆田学院附属医院__莆田炎症图片__ptyz244-2_overlay.jpg,莆田学院附属医院__图片__莆田学院附属医院__莆田炎症图片__ptyz244-2.png,莆田学院附属医院__图片__莆田学院附属医院__莆田炎症图片__ptyz244-2.json
dataset/gastritis_external/processed_images/莆田学院附属医院/crop_ui,莆田学院附属医院__图片__莆田学院附属医院__莆田炎症图片__ptyz22-3.jpg,0,1,1,1,0,,莆田学院附属医院__图片__莆田学院附属医院__莆田炎症图片__ptyz22-3_overlay.jpg,莆田学院附属医院__图片__莆田学院附属医院__莆田炎症图片__ptyz22-3.png,莆田学院附属医院__图片__莆田学院附属医院__莆田炎症图片__ptyz22-3.json
dataset/gastritis_external/processed_images/莆田学院附属医院/crop_ui,莆田学院附属医院__图片__莆田学院附属医院__莆田炎症图片__ptyz352-1.jpg,0,1,1,1,0,,莆田学院附属医院__图片__莆田学院附属医院__莆田炎症图片__ptyz352-1_overlay.jpg,莆田学院附属医院__图片__莆田学院附属医院__莆田炎症图片__ptyz352-1.png,莆田学院附属医院__图片__莆田学院附属医院__莆田炎症图片__ptyz352-1.json
dataset/gastritis_external/processed_images/莆田学院附属医院/crop_ui,莆田学院附属医院__图片__莆田学院附属医院__莆田炎症图片__ptyz421-4.jpg,0,1,1,1,0,,莆田学院附属医院__图片__莆田学院附属医院__莆田炎症图片__ptyz421-4_overlay.jpg,莆田学院附属医院__图片__莆田学院附属医院__莆田炎症图片__ptyz421-4.png,莆田学院附属医院__图片__莆田学院附属医院__莆田炎症图片__ptyz421-4.json
dataset/gastritis_external/processed_images/莆田学院附属医院/crop_ui,莆田学院附属医院__图片__莆田学院附属医院__莆田炎症图片__ptyz371-2.jpg,0,1,1,1,0,,莆田学院附属医院__图片__莆田学院附属医院__莆田炎症图片__ptyz371-2_overlay.jpg,莆田学院附属医院__图片__莆田学院附属医院__莆田炎症图片__ptyz371-2.png,莆田学院附属医院__图片__莆田学院附属医院__莆田炎症图片__ptyz371-2.json
dataset/gastritis_external/processed_images/莆田学院附属医院/crop_ui,莆田学院附属医院__图片__莆田学院附属医院__莆田炎症图片__ptyz11-4.jpg,0,1,1,1,0,,莆田学院附属医院__图片__莆田学院附属医院__莆田炎症图片__ptyz11-4_overlay.jpg,莆田学院附属医院__图片__莆田学院附属医院__莆田炎症图片__ptyz11-4.png,莆田学院附属医院__图片__莆田学院附属医院__莆田炎症图片__ptyz11-4.json
dataset/gastritis_external/processed_images/莆田学院附属医院/crop_ui,莆田学院附属医院__图片__莆田学院附属医院__莆田炎症图片__ptyz197-3.jpg,0,1,1,1,0,,莆田学院附属医院__图片__莆田学院附属医院__莆田炎症图片__ptyz197-3_overlay.jpg,莆田学院附属医院__图片__莆田学院附属医院__莆田炎症图片__ptyz197-3.png,莆田学院附属医院__图片__莆田学院附属医院__莆田炎症图片__ptyz197-3.json
dataset/gastritis_external/processed_images/莆田学院附属医院/crop_ui,莆田学院附属医院__图片__莆田学院附属医院__莆田炎症图片__ptyz389-1.jpg,0,1,1,1,0,,莆田学院附属医院__图片__莆田学院附属医院__莆田炎症图片__ptyz389-1_overlay.jpg,莆田学院附属医院__图片__莆田学院附属医院__莆田炎症图片__ptyz389-1.png,莆田学院附属医院__图片__莆田学院附属医院__莆田炎症图片__ptyz389-1.json
dataset/gastritis_external/processed_images/莆田学院附属医院/crop_ui,莆田学院附属医院__图片__莆田学院附属医院__莆田炎症图片__ptyz108-2.jpg,0,1,1,1,0,,莆田学院附属医院__图片__莆田学院附属医院__莆田炎症图片__ptyz108-2_overlay.jpg,莆田学院附属医院__图片__莆田学院附属医院__莆田炎症图片__ptyz108-2.png,莆田学院附属医院__图片__莆田学院附属医院__莆田炎症图片__ptyz108-2.json
dataset/gastritis_external/processed_images/莆田学院附属医院/crop_ui,莆田学院附属医院__图片__莆田学院附属医院__莆田炎症图片__ptyz91-5.jpg,0,1,1,1,0,,莆田学院附属医院__图片__莆田学院附属医院__莆田炎症图片__ptyz91-5_overlay.jpg,莆田学院附属医院__图片__莆田学院附属医院__莆田炎症图片__ptyz91-5.png,莆田学院附属医院__图片__莆田学院附属医院__莆田炎症图片__ptyz91-5.json
dataset/gastritis_external/processed_images/莆田学院附属医院/crop_ui,莆田学院附属医院__图片__莆田学院附属医院__莆田炎症图片__ptyz223-1.jpg,0,1,1,1,0,,莆田学院附属医院__图片__莆田学院附属医院__莆田炎症图片__ptyz223-1_overlay.jpg,莆田学院附属医院__图片__莆田学院附属医院__莆田炎症图片__ptyz223-1.png,莆田学院附属医院__图片__莆田学院附属医院__莆田炎症图片__ptyz223-1.json
dataset/gastritis_external/processed_images/莆田学院附属医院/crop_ui,莆田学院附属医院__图片__莆田学院附属医院__莆田炎症图片__ptyz119-5.jpg,0,1,1,1,0,,莆田学院附属医院__图片__莆田学院附属医院__莆田炎症图片__ptyz119-5_overlay.jpg,莆田学院附属医院__图片__莆田学院附属医院__莆田炎症图片__ptyz119-5.png,莆田学院附属医院__图片__莆田学院附属医院__莆田炎症图片__ptyz119-5.json
dataset/gastritis_external/processed_images/莆田学院附属医院/crop_ui,莆田学院附属医院__图片__莆田学院附属医院__莆田炎症图片__ptyz32-2.jpg,0,1,1,1,0,,莆田学院附属医院__图片__莆田学院附属医院__莆田炎症图片__ptyz32-2_overlay.jpg,莆田学院附属医院__图片__莆田学院附属医院__莆田炎症图片__ptyz32-2.png,莆田学院附属医院__图片__莆田学院附属医院__莆田炎症图片__ptyz32-2.json
dataset/gastritis_external/processed_images/莆田学院附属医院/crop_ui,莆田学院附属医院__图片__莆田学院附属医院__莆田炎症图片__ptyz335-1.jpg,0,1,1,1,0,,莆田学院附属医院__图片__莆田学院附属医院__莆田炎症图片__ptyz335-1_overlay.jpg,莆田学院附属医院__图片__莆田学院附属医院__莆田炎症图片__ptyz335-1.png,莆田学院附属医院__图片__莆田学院附属医院__莆田炎症图片__ptyz335-1.json
dataset/gastritis_external/processed_images/莆田学院附属医院/crop_ui,莆田学院附属医院__图片__莆田学院附属医院__莆田炎症图片__ptyz143-2.jpg,0,1,1,1,0,,莆田学院附属医院__图片__莆田学院附属医院__莆田炎症图片__ptyz143-2_overlay.jpg,莆田学院附属医院__图片__莆田学院附属医院__莆田炎症图片__ptyz143-2.png,莆田学院附属医院__图片__莆田学院附属医院__莆田炎症图片__ptyz143-2.json
dataset/gastritis_external/processed_images/莆田学院附属医院/crop_ui,莆田学院附属医院__图片__莆田学院附属医院__莆田炎症图片__ptyz430-4.jpg,0,1,1,1,0,,莆田学院附属医院__图片__莆田学院附属医院__莆田炎症图片__ptyz430-4_overlay.jpg,莆田学院附属医院__图片__莆田学院附属医院__莆田炎症图片__ptyz430-4.png,莆田学院附属医院__图片__莆田学院附属医院__莆田炎症图片__ptyz430-4.json
dataset/gastritis_external/processed_images/莆田学院附属医院/crop_ui,莆田学院附属医院__图片__莆田学院附属医院__莆田炎症图片__ptyz182-2.jpg,0,1,1,1,0,,莆田学院附属医院__图片__莆田学院附属医院__莆田炎症图片__ptyz182-2_overlay.jpg,莆田学院附属医院__图片__莆田学院附属医院__莆田炎症图片__ptyz182-2.png,莆田学院附属医院__图片__莆田学院附属医院__莆田炎症图片__ptyz182-2.json
dataset/gastritis_external/processed_images/莆田学院附属医院/crop_ui,莆田学院附属医院__图片__莆田学院附属医院__莆田炎症图片__ptyz406-3.jpg,0,1,1,1,0,,莆田学院附属医院__图片__莆田学院附属医院__莆田炎症图片__ptyz406-3_overlay.jpg,莆田学院附属医院__图片__莆田学院附属医院__莆田炎症图片__ptyz406-3.png,莆田学院附属医院__图片__莆田学院附属医院__莆田炎症图片__ptyz406-3.json
dataset/gastritis_external/processed_images/莆田学院附属医院/crop_ui,莆田学院附属医院__图片__莆田学院附属医院__莆田炎症图片__ptyz89-3.jpg,0,1,1,1,0,,莆田学院附属医院__图片__莆田学院附属医院__莆田炎症图片__ptyz89-3_overlay.jpg,莆田学院附属医院__图片__莆田学院附属医院__莆田炎症图片__ptyz89-3.png,莆田学院附属医院__图片__莆田学院附属医院__莆田炎症图片__ptyz89-3.json
dataset/gastritis_external/processed_images/莆田学院附属医院/crop_ui,莆田学院附属医院__图片__莆田学院附属医院__莆田炎症图片__ptyz201-4.jpg,0,1,1,1,0,,莆田学院附属医院__图片__莆田学院附属医院__莆田炎症图片__ptyz201-4_overlay.jpg,莆田学院附属医院__图片__莆田学院附属医院__莆田炎症图片__ptyz201-4.png,莆田学院附属医院__图片__莆田学院附属医院__莆田炎症图片__ptyz201-4.json
dataset/gastritis_external/processed_images/莆田学院附属医院/crop_ui,莆田学院附属医院__图片__莆田学院附属医院__莆田炎症图片__ptyz13-4.jpg,0,1,1,1,0,,莆田学院附属医院__图片__莆田学院附属医院__莆田炎症图片__ptyz13-4_overlay.jpg,莆田学院附属医院__图片__莆田学院附属医院__莆田炎症图片__ptyz13-4.png,莆田学院附属医院__图片__莆田学院附属医院__莆田炎症图片__ptyz13-4.json
dataset/gastritis_external/processed_images/莆田学院附属医院/crop_ui,莆田学院附属医院__图片__莆田学院附属医院__莆田炎症图片__ptyz273-2.jpg,0,1,1,1,0,,莆田学院附属医院__图片__莆田学院附属医院__莆田炎症图片__ptyz273-2_overlay.jpg,莆田学院附属医院__图片__莆田学院附属医院__莆田炎症图片__ptyz273-2.png,莆田学院附属医院__图片__莆田学院附属医院__莆田炎症图片__ptyz273-2.json
dataset/gastritis_external/processed_images/莆田学院附属医院/crop_ui,莆田学院附属医院__图片__莆田学院附属医院__莆田炎症图片__ptyz11-3.jpg,0,1,1,1,0,,莆田学院附属医院__图片__莆田学院附属医院__莆田炎症图片__ptyz11-3_overlay.jpg,莆田学院附属医院__图片__莆田学院附属医院__莆田炎症图片__ptyz11-3.png,莆田学院附属医院__图片__莆田学院附属医院__莆田炎症图片__ptyz11-3.json
dataset/gastritis_external/processed_images/莆田学院附属医院/crop_ui,莆田学院附属医院__图片__莆田学院附属医院__莆田炎症图片__ptyz18-2.jpg,0,1,1,1,0,,莆田学院附属医院__图片__莆田学院附属医院__莆田炎症图片__ptyz18-2_overlay.jpg,莆田学院附属医院__图片__莆田学院附属医院__莆田炎症图片__ptyz18-2.png,莆田学院附属医院__图片__莆田学院附属医院__莆田炎症图片__ptyz18-2.json
dataset/gastritis_external/processed_images/莆田学院附属医院/crop_ui,莆田学院附属医院__图片__莆田学院附属医院__莆田炎症图片__ptyz119-1.jpg,0,1,1,1,0,,莆田学院附属医院__图片__莆田学院附属医院__莆田炎症图片__ptyz119-1_overlay.jpg,莆田学院附属医院__图片__莆田学院附属医院__莆田炎症图片__ptyz119-1.png,莆田学院附属医院__图片__莆田学院附属医院__莆田炎症图片__ptyz119-1.json
dataset/gastritis_external/processed_images/莆田学院附属医院/crop_ui,莆田学院附属医院__图片__莆田学院附属医院__莆田炎症图片__ptyz294-4.jpg,0,1,1,1,0,,莆田学院附属医院__图片__莆田学院附属医院__莆田炎症图片__ptyz294-4_overlay.jpg,莆田学院附属医院__图片__莆田学院附属医院__莆田炎症图片__ptyz294-4.png,莆田学院附属医院__图片__莆田学院附属医院__莆田炎症图片__ptyz294-4.json
dataset/gastritis_external/processed_images/莆田学院附属医院/crop_ui,莆田学院附属医院__图片__莆田学院附属医院__莆田炎症图片__ptyz94-4.jpg,0,1,1,1,0,,莆田学院附属医院__图片__莆田学院附属医院__莆田炎症图片__ptyz94-4_overlay.jpg,莆田学院附属医院__图片__莆田学院附属医院__莆田炎症图片__ptyz94-4.png,莆田学院附属医院__图片__莆田学院附属医院__莆田炎症图片__ptyz94-4.json
dataset/gastritis_external/processed_images/莆田学院附属医院/crop_ui,莆田学院附属医院__图片__莆田学院附属医院__莆田炎症图片__ptyz149-3.jpg,0,1,1,1,0,,莆田学院附属医院__图片__莆田学院附属医院__莆田炎症图片__ptyz149-3_overlay.jpg,莆田学院附属医院__图片__莆田学院附属医院__莆田炎症图片__ptyz149-3.png,莆田学院附属医院__图片__莆田学院附属医院__莆田炎症图片__ptyz149-3.json
dataset/gastritis_external/processed_images/莆田学院附属医院/crop_ui,莆田学院附属医院__图片__莆田学院附属医院__莆田炎症图片__ptyz55-1.jpg,0,1,1,1,0,,莆田学院附属医院__图片__莆田学院附属医院__莆田炎症图片__ptyz55-1_overlay.jpg,莆田学院附属医院__图片__莆田学院附属医院__莆田炎症图片__ptyz55-1.png,莆田学院附属医院__图片__莆田学院附属医院__莆田炎症图片__ptyz55-1.json
dataset/gastritis_external/processed_images/莆田学院附属医院/crop_ui,莆田学院附属医院__图片__莆田学院附属医院__莆田炎症图片__ptyz82-5.jpg,0,1,1,1,0,,莆田学院附属医院__图片__莆田学院附属医院__莆田炎症图片__ptyz82-5_overlay.jpg,莆田学院附属医院__图片__莆田学院附属医院__莆田炎症图片__ptyz82-5.png,莆田学院附属医院__图片__莆田学院附属医院__莆田炎症图片__ptyz82-5.json
dataset/gastritis_external/processed_images/莆田学院附属医院/crop_ui,莆田学院附属医院__图片__莆田学院附属医院__莆田炎症图片__ptyz384-2.jpg,0,1,1,1,0,,莆田学院附属医院__图片__莆田学院附属医院__莆田炎症图片__ptyz384-2_overlay.jpg,莆田学院附属医院__图片__莆田学院附属医院__莆田炎症图片__ptyz384-2.png,莆田学院附属医院__图片__莆田学院附属医院__莆田炎症图片__ptyz384-2.json
dataset/gastritis_external/processed_images/莆田学院附属医院/crop_ui,莆田学院附属医院__图片__莆田学院附属医院__莆田炎症图片__ptyz78-1.jpg,0,1,1,1,0,,莆田学院附属医院__图片__莆田学院附属医院__莆田炎症图片__ptyz78-1_overlay.jpg,莆田学院附属医院__图片__莆田学院附属医院__莆田炎症图片__ptyz78-1.png,莆田学院附属医院__图片__莆田学院附属医院__莆田炎症图片__ptyz78-1.json
dataset/gastritis_external/processed_images/莆田学院附属医院/crop_ui,莆田学院附属医院__图片__莆田学院附属医院__莆田炎症图片__ptyz6-10.jpg,0,1,1,1,0,,莆田学院附属医院__图片__莆田学院附属医院__莆田炎症图片__ptyz6-10_overlay.jpg,莆田学院附属医院__图片__莆田学院附属医院__莆田炎症图片__ptyz6-10.png,莆田学院附属医院__图片__莆田学院附属医院__莆田炎症图片__ptyz6-10.json
dataset/gastritis_external/processed_images/莆田学院附属医院/crop_ui,莆田学院附属医院__图片__莆田学院附属医院__莆田炎症图片__ptyz382-2.jpg,0,1,1,1,0,,莆田学院附属医院__图片__莆田学院附属医院__莆田炎症图片__ptyz382-2_overlay.jpg,莆田学院附属医院__图片__莆田学院附属医院__莆田炎症图片__ptyz382-2.png,莆田学院附属医院__图片__莆田学院附属医院__莆田炎症图片__ptyz382-2.json
dataset/gastritis_external/processed_images/莆田学院附属医院/crop_ui,莆田学院附属医院__图片__莆田学院附属医院__莆田炎症图片__ptyz357-2.jpg,0,1,1,1,0,,莆田学院附属医院__图片__莆田学院附属医院__莆田炎症图片__ptyz357-2_overlay.jpg,莆田学院附属医院__图片__莆田学院附属医院__莆田炎症图片__ptyz357-2.png,莆田学院附属医院__图片__莆田学院附属医院__莆田炎症图片__ptyz357-2.json
dataset/gastritis_external/processed_images/莆田学院附属医院/crop_ui,莆田学院附属医院__图片__莆田学院附属医院__莆田炎症图片__ptyz207-1.jpg,0,1,1,1,0,,莆田学院附属医院__图片__莆田学院附属医院__莆田炎症图片__ptyz207-1_overlay.jpg,莆田学院附属医院__图片__莆田学院附属医院__莆田炎症图片__ptyz207-1.png,莆田学院附属医院__图片__莆田学院附属医院__莆田炎症图片__ptyz207-1.json
dataset/gastritis_external/processed_images/莆田学院附属医院/crop_ui,莆田学院附属医院__图片__莆田学院附属医院__莆田炎症图片__ptyz119-4.jpg,0,1,1,1,0,,莆田学院附属医院__图片__莆田学院附属医院__莆田炎症图片__ptyz119-4_overlay.jpg,莆田学院附属医院__图片__莆田学院附属医院__莆田炎症图片__ptyz119-4.png,莆田学院附属医院__图片__莆田学院附属医院__莆田炎症图片__ptyz119-4.json
dataset/gastritis_external/processed_images/莆田学院附属医院/crop_ui,莆田学院附属医院__图片__莆田学院附属医院__莆田炎症图片__ptyz360.jpg,0,1,1,1,0,,莆田学院附属医院__图片__莆田学院附属医院__莆田炎症图片__ptyz360_overlay.jpg,莆田学院附属医院__图片__莆田学院附属医院__莆田炎症图片__ptyz360.png,莆田学院附属医院__图片__莆田学院附属医院__莆田炎症图片__ptyz360.json
dataset/gastritis_external/processed_images/莆田学院附属医院/crop_ui,莆田学院附属医院__图片__莆田学院附属医院__莆田炎症图片__ptyz366-1.jpg,0,1,1,1,0,,莆田学院附属医院__图片__莆田学院附属医院__莆田炎症图片__ptyz366-1_overlay.jpg,莆田学院附属医院__图片__莆田学院附属医院__莆田炎症图片__ptyz366-1.png,莆田学院附属医院__图片__莆田学院附属医院__莆田炎症图片__ptyz366-1.json
dataset/gastritis_external/processed_images/莆田学院附属医院/crop_ui,莆田学院附属医院__图片__莆田学院附属医院__莆田炎症图片__ptyz70-1.jpg,0,1,1,1,0,,莆田学院附属医院__图片__莆田学院附属医院__莆田炎症图片__ptyz70-1_overlay.jpg,莆田学院附属医院__图片__莆田学院附属医院__莆田炎症图片__ptyz70-1.png,莆田学院附属医院__图片__莆田学院附属医院__莆田炎症图片__ptyz70-1.json
dataset/gastritis_external/processed_images/莆田学院附属医院/crop_ui,莆田学院附属医院__图片__莆田学院附属医院__莆田炎症图片__ptyz21-1.jpg,0,1,1,1,0,,莆田学院附属医院__图片__莆田学院附属医院__莆田炎症图片__ptyz21-1_overlay.jpg,莆田学院附属医院__图片__莆田学院附属医院__莆田炎症图片__ptyz21-1.png,莆田学院附属医院__图片__莆田学院附属医院__莆田炎症图片__ptyz21-1.json
dataset/gastritis_external/processed_images/莆田学院附属医院/crop_ui,莆田学院附属医院__图片__莆田学院附属医院__莆田炎症图片__ptyz118-2.jpg,0,1,1,1,0,,莆田学院附属医院__图片__莆田学院附属医院__莆田炎症图片__ptyz118-2_overlay.jpg,莆田学院附属医院__图片__莆田学院附属医院__莆田炎症图片__ptyz118-2.png,莆田学院附属医院__图片__莆田学院附属医院__莆田炎症图片__ptyz118-2.json
dataset/gastritis_external/processed_images/莆田学院附属医院/crop_ui,莆田学院附属医院__图片__莆田学院附属医院__莆田炎症图片__ptyz367-3.jpg,0,1,1,1,0,,莆田学院附属医院__图片__莆田学院附属医院__莆田炎症图片__ptyz367-3_overlay.jpg,莆田学院附属医院__图片__莆田学院附属医院__莆田炎症图片__ptyz367-3.png,莆田学院附属医院__图片__莆田学院附属医院__莆田炎症图片__ptyz367-3.json
dataset/gastritis_external/processed_images/莆田学院附属医院/crop_ui,莆田学院附属医院__图片__莆田学院附属医院__莆田炎症图片__ptyz332-2.jpg,0,1,1,1,0,,莆田学院附属医院__图片__莆田学院附属医院__莆田炎症图片__ptyz332-2_overlay.jpg,莆田学院附属医院__图片__莆田学院附属医院__莆田炎症图片__ptyz332-2.png,莆田学院附属医院__图片__莆田学院附属医院__莆田炎症图片__ptyz332-2.json
dataset/gastritis_external/processed_images/莆田学院附属医院/crop_ui,莆田学院附属医院__图片__莆田学院附属医院__莆田炎症图片__ptyz282-3.jpg,0,1,1,1,0,,莆田学院附属医院__图片__莆田学院附属医院__莆田炎症图片__ptyz282-3_overlay.jpg,莆田学院附属医院__图片__莆田学院附属医院__莆田炎症图片__ptyz282-3.png,莆田学院附属医院__图片__莆田学院附属医院__莆田炎症图片__ptyz282-3.json
dataset/gastritis_external/processed_images/莆田学院附属医院/crop_ui,莆田学院附属医院__图片__莆田学院附属医院__莆田炎症图片__ptyz355-3.jpg,0,1,1,1,0,,莆田学院附属医院__图片__莆田学院附属医院__莆田炎症图片__ptyz355-3_overlay.jpg,莆田学院附属医院__图片__莆田学院附属医院__莆田炎症图片__ptyz355-3.png,莆田学院附属医院__图片__莆田学院附属医院__莆田炎症图片__ptyz355-3.json
dataset/gastritis_external/processed_images/莆田学院附属医院/crop_ui,莆田学院附属医院__图片__莆田学院附属医院__莆田炎症图片__ptyz276-1.jpg,0,1,1,1,0,,莆田学院附属医院__图片__莆田学院附属医院__莆田炎症图片__ptyz276-1_overlay.jpg,莆田学院附属医院__图片__莆田学院附属医院__莆田炎症图片__ptyz276-1.png,莆田学院附属医院__图片__莆田学院附属医院__莆田炎症图片__ptyz276-1.json
dataset/gastritis_external/processed_images/莆田学院附属医院/crop_ui,莆田学院附属医院__图片__莆田学院附属医院__莆田炎症图片__ptyz14-3.jpg,0,1,1,1,0,,莆田学院附属医院__图片__莆田学院附属医院__莆田炎症图片__ptyz14-3_overlay.jpg,莆田学院附属医院__图片__莆田学院附属医院__莆田炎症图片__ptyz14-3.png,莆田学院附属医院__图片__莆田学院附属医院__莆田炎症图片__ptyz14-3.json
dataset/gastritis_external/processed_images/莆田学院附属医院/crop_ui,莆田学院附属医院__图片__莆田学院附属医院__莆田炎症图片__ptyz287-1.jpg,0,1,1,1,0,,莆田学院附属医院__图片__莆田学院附属医院__莆田炎症图片__ptyz287-1_overlay.jpg,莆田学院附属医院__图片__莆田学院附属医院__莆田炎症图片__ptyz287-1.png,莆田学院附属医院__图片__莆田学院附属医院__莆田炎症图片__ptyz287-1.json
dataset/gastritis_external/processed_images/莆田学院附属医院/crop_ui,莆田学院附属医院__图片__莆田学院附属医院__莆田炎症图片__ptyz293-1.jpg,0,1,1,1,0,,莆田学院附属医院__图片__莆田学院附属医院__莆田炎症图片__ptyz293-1_overlay.jpg,莆田学院附属医院__图片__莆田学院附属医院__莆田炎症图片__ptyz293-1.png,莆田学院附属医院__图片__莆田学院附属医院__莆田炎症图片__ptyz293-1.json
dataset/gastritis_external/processed_images/莆田学院附属医院/crop_ui,莆田学院附属医院__图片__莆田学院附属医院__莆田炎症图片__ptyz104-1.jpg,0,1,1,1,0,,莆田学院附属医院__图片__莆田学院附属医院__莆田炎症图片__ptyz104-1_overlay.jpg,莆田学院附属医院__图片__莆田学院附属医院__莆田炎症图片__ptyz104-1.png,莆田学院附属医院__图片__莆田学院附属医院__莆田炎症图片__ptyz104-1.json
dataset/gastritis_external/processed_images/莆田学院附属医院/crop_ui,莆田学院附属医院__图片__莆田学院附属医院__莆田炎症图片__ptyz376-3.jpg,0,1,1,1,0,,莆田学院附属医院__图片__莆田学院附属医院__莆田炎症图片__ptyz376-3_overlay.jpg,莆田学院附属医院__图片__莆田学院附属医院__莆田炎症图片__ptyz376-3.png,莆田学院附属医院__图片__莆田学院附属医院__莆田炎症图片__ptyz376-3.json
dataset/gastritis_external/processed_images/莆田学院附属医院/crop_ui,莆田学院附属医院__图片__莆田学院附属医院__莆田炎症图片__ptyz59-7.jpg,0,1,1,1,0,,莆田学院附属医院__图片__莆田学院附属医院__莆田炎症图片__ptyz59-7_overlay.jpg,莆田学院附属医院__图片__莆田学院附属医院__莆田炎症图片__ptyz59-7.png,莆田学院附属医院__图片__莆田学院附属医院__莆田炎症图片__ptyz59-7.json
dataset/gastritis_external/processed_images/莆田学院附属医院/crop_ui,莆田学院附属医院__图片__莆田学院附属医院__莆田炎症图片__ptyz115-4.jpg,0,1,1,1,0,,莆田学院附属医院__图片__莆田学院附属医院__莆田炎症图片__ptyz115-4_overlay.jpg,莆田学院附属医院__图片__莆田学院附属医院__莆田炎症图片__ptyz115-4.png,莆田学院附属医院__图片__莆田学院附属医院__莆田炎症图片__ptyz115-4.json
dataset/gastritis_external/processed_images/莆田学院附属医院/crop_ui,莆田学院附属医院__图片__莆田学院附属医院__莆田炎症图片__ptyz267.jpg,0,1,1,1,0,,莆田学院附属医院__图片__莆田学院附属医院__莆田炎症图片__ptyz267_overlay.jpg,莆田学院附属医院__图片__莆田学院附属医院__莆田炎症图片__ptyz267.png,莆田学院附属医院__图片__莆田学院附属医院__莆田炎症图片__ptyz267.json
dataset/gastritis_external/processed_images/莆田学院附属医院/crop_ui,莆田学院附属医院__图片__莆田学院附属医院__莆田炎症图片__ptyz393-4.jpg,0,1,1,1,0,,莆田学院附属医院__图片__莆田学院附属医院__莆田炎症图片__ptyz393-4_overlay.jpg,莆田学院附属医院__图片__莆田学院附属医院__莆田炎症图片__ptyz393-4.png,莆田学院附属医院__图片__莆田学院附属医院__莆田炎症图片__ptyz393-4.json
dataset/gastritis_external/processed_images/莆田学院附属医院/crop_ui,莆田学院附属医院__图片__莆田学院附属医院__莆田炎症图片__ptyz103-2.jpg,0,1,1,1,0,,莆田学院附属医院__图片__莆田学院附属医院__莆田炎症图片__ptyz103-2_overlay.jpg,莆田学院附属医院__图片__莆田学院附属医院__莆田炎症图片__ptyz103-2.png,莆田学院附属医院__图片__莆田学院附属医院__莆田炎症图片__ptyz103-2.json
dataset/gastritis_external/processed_images/莆田学院附属医院/crop_ui,莆田学院附属医院__图片__莆田学院附属医院__莆田炎症图片__ptyz198-1.jpg,0,1,1,1,0,,莆田学院附属医院__图片__莆田学院附属医院__莆田炎症图片__ptyz198-1_overlay.jpg,莆田学院附属医院__图片__莆田学院附属医院__莆田炎症图片__ptyz198-1.png,莆田学院附属医院__图片__莆田学院附属医院__莆田炎症图片__ptyz198-1.json
dataset/gastritis_external/processed_images/莆田学院附属医院/crop_ui,莆田学院附属医院__图片__莆田学院附属医院__莆田炎症图片__ptyz239-2.jpg,0,1,1,1,0,,莆田学院附属医院__图片__莆田学院附属医院__莆田炎症图片__ptyz239-2_overlay.jpg,莆田学院附属医院__图片__莆田学院附属医院__莆田炎症图片__ptyz239-2.png,莆田学院附属医院__图片__莆田学院附属医院__莆田炎症图片__ptyz239-2.json
dataset/gastritis_external/processed_images/莆田学院附属医院/crop_ui,莆田学院附属医院__图片__莆田学院附属医院__莆田炎症图片__ptyz420-1.jpg,0,1,1,1,0,,莆田学院附属医院__图片__莆田学院附属医院__莆田炎症图片__ptyz420-1_overlay.jpg,莆田学院附属医院__图片__莆田学院附属医院__莆田炎症图片__ptyz420-1.png,莆田学院附属医院__图片__莆田学院附属医院__莆田炎症图片__ptyz420-1.json
dataset/gastritis_external/processed_images/莆田学院附属医院/crop_ui,莆田学院附属医院__图片__莆田学院附属医院__莆田炎症图片__ptyz67-1.jpg,0,1,1,1,0,,莆田学院附属医院__图片__莆田学院附属医院__莆田炎症图片__ptyz67-1_overlay.jpg,莆田学院附属医院__图片__莆田学院附属医院__莆田炎症图片__ptyz67-1.png,莆田学院附属医院__图片__莆田学院附属医院__莆田炎症图片__ptyz67-1.json
dataset/gastritis_external/processed_images/莆田学院附属医院/crop_ui,莆田学院附属医院__图片__莆田学院附属医院__莆田炎症图片__ptyz129-3.jpg,0,1,1,1,0,,莆田学院附属医院__图片__莆田学院附属医院__莆田炎症图片__ptyz129-3_overlay.jpg,莆田学院附属医院__图片__莆田学院附属医院__莆田炎症图片__ptyz129-3.png,莆田学院附属医院__图片__莆田学院附属医院__莆田炎症图片__ptyz129-3.json
dataset/gastritis_external/processed_images/莆田学院附属医院/crop_ui,莆田学院附属医院__图片__莆田学院附属医院__莆田炎症图片__ptyz425-2.jpg,0,1,1,1,0,,莆田学院附属医院__图片__莆田学院附属医院__莆田炎症图片__ptyz425-2_overlay.jpg,莆田学院附属医院__图片__莆田学院附属医院__莆田炎症图片__ptyz425-2.png,莆田学院附属医院__图片__莆田学院附属医院__莆田炎症图片__ptyz425-2.json
dataset/gastritis_external/processed_images/莆田学院附属医院/crop_ui,莆田学院附属医院__图片__莆田学院附属医院__莆田炎症图片__ptyz64-2.jpg,0,1,1,1,0,,莆田学院附属医院__图片__莆田学院附属医院__莆田炎症图片__ptyz64-2_overlay.jpg,莆田学院附属医院__图片__莆田学院附属医院__莆田炎症图片__ptyz64-2.png,莆田学院附属医院__图片__莆田学院附属医院__莆田炎症图片__ptyz64-2.json
dataset/gastritis_external/processed_images/莆田学院附属医院/crop_ui,莆田学院附属医院__图片__莆田学院附属医院__莆田炎症图片__ptyz254.jpg,0,1,1,1,0,,莆田学院附属医院__图片__莆田学院附属医院__莆田炎症图片__ptyz254_overlay.jpg,莆田学院附属医院__图片__莆田学院附属医院__莆田炎症图片__ptyz254.png,莆田学院附属医院__图片__莆田学院附属医院__莆田炎症图片__ptyz254.json
dataset/gastritis_external/processed_images/莆田学院附属医院/crop_ui,莆田学院附属医院__图片__莆田学院附属医院__莆田炎症图片__ptyz101-5.jpg,0,1,1,1,0,,莆田学院附属医院__图片__莆田学院附属医院__莆田炎症图片__ptyz101-5_overlay.jpg,莆田学院附属医院__图片__莆田学院附属医院__莆田炎症图片__ptyz101-5.png,莆田学院附属医院__图片__莆田学院附属医院__莆田炎症图片__ptyz101-5.json
dataset/gastritis_external/processed_images/莆田学院附属医院/crop_ui,莆田学院附属医院__图片__莆田学院附属医院__莆田炎症图片__ptyz382-1.jpg,0,1,1,1,0,,莆田学院附属医院__图片__莆田学院附属医院__莆田炎症图片__ptyz382-1_overlay.jpg,莆田学院附属医院__图片__莆田学院附属医院__莆田炎症图片__ptyz382-1.png,莆田学院附属医院__图片__莆田学院附属医院__莆田炎症图片__ptyz382-1.json
dataset/gastritis_external/processed_images/莆田学院附属医院/crop_ui,莆田学院附属医院__图片__莆田学院附属医院__莆田炎症图片__ptyz156-5.jpg,0,1,1,1,0,,莆田学院附属医院__图片__莆田学院附属医院__莆田炎症图片__ptyz156-5_overlay.jpg,莆田学院附属医院__图片__莆田学院附属医院__莆田炎症图片__ptyz156-5.png,莆田学院附属医院__图片__莆田学院附属医院__莆田炎症图片__ptyz156-5.json
dataset/gastritis_external/processed_images/莆田学院附属医院/crop_ui,莆田学院附属医院__图片__莆田学院附属医院__莆田炎症图片__ptyz52-5.jpg,0,1,1,1,0,,莆田学院附属医院__图片__莆田学院附属医院__莆田炎症图片__ptyz52-5_overlay.jpg,莆田学院附属医院__图片__莆田学院附属医院__莆田炎症图片__ptyz52-5.png,莆田学院附属医院__图片__莆田学院附属医院__莆田炎症图片__ptyz52-5.json
dataset/gastritis_external/processed_images/莆田学院附属医院/crop_ui,莆田学院附属医院__图片__莆田学院附属医院__莆田炎症图片__ptyz59-4.jpg,0,1,1,1,0,,莆田学院附属医院__图片__莆田学院附属医院__莆田炎症图片__ptyz59-4_overlay.jpg,莆田学院附属医院__图片__莆田学院附属医院__莆田炎症图片__ptyz59-4.png,莆田学院附属医院__图片__莆田学院附属医院__莆田炎症图片__ptyz59-4.json
dataset/gastritis_external/processed_images/莆田学院附属医院/crop_ui,莆田学院附属医院__图片__莆田学院附属医院__莆田炎症图片__ptyz412-2.jpg,0,1,1,1,0,,莆田学院附属医院__图片__莆田学院附属医院__莆田炎症图片__ptyz412-2_overlay.jpg,莆田学院附属医院__图片__莆田学院附属医院__莆田炎症图片__ptyz412-2.png,莆田学院附属医院__图片__莆田学院附属医院__莆田炎症图片__ptyz412-2.json
dataset/gastritis_external/processed_images/莆田学院附属医院/crop_ui,莆田学院附属医院__图片__莆田学院附属医院__莆田炎症图片__ptyz144-2.jpg,0,1,1,1,0,,莆田学院附属医院__图片__莆田学院附属医院__莆田炎症图片__ptyz144-2_overlay.jpg,莆田学院附属医院__图片__莆田学院附属医院__莆田炎症图片__ptyz144-2.png,莆田学院附属医院__图片__莆田学院附属医院__莆田炎症图片__ptyz144-2.json
dataset/gastritis_external/processed_images/莆田学院附属医院/crop_ui,莆田学院附属医院__图片__莆田学院附属医院__莆田炎症图片__ptyz408.jpg,0,1,1,1,0,,莆田学院附属医院__图片__莆田学院附属医院__莆田炎症图片__ptyz408_overlay.jpg,莆田学院附属医院__图片__莆田学院附属医院__莆田炎症图片__ptyz408.png,莆田学院附属医院__图片__莆田学院附属医院__莆田炎症图片__ptyz408.json
dataset/gastritis_external/processed_images/莆田学院附属医院/crop_ui,莆田学院附属医院__图片__莆田学院附属医院__莆田炎症图片__ptyz367-1.jpg,0,1,1,1,0,,莆田学院附属医院__图片__莆田学院附属医院__莆田炎症图片__ptyz367-1_overlay.jpg,莆田学院附属医院__图片__莆田学院附属医院__莆田炎症图片__ptyz367-1.png,莆田学院附属医院__图片__莆田学院附属医院__莆田炎症图片__ptyz367-1.json
dataset/gastritis_external/processed_images/莆田学院附属医院/crop_ui,莆田学院附属医院__图片__莆田学院附属医院__莆田炎症图片__ptyz41-1.jpg,0,1,1,1,0,,莆田学院附属医院__图片__莆田学院附属医院__莆田炎症图片__ptyz41-1_overlay.jpg,莆田学院附属医院__图片__莆田学院附属医院__莆田炎症图片__ptyz41-1.png,莆田学院附属医院__图片__莆田学院附属医院__莆田炎症图片__ptyz41-1.json
dataset/gastritis_external/processed_images/莆田学院附属医院/crop_ui,莆田学院附属医院__图片__莆田学院附属医院__莆田炎症图片__ptyz252-2.jpg,0,1,1,1,0,,莆田学院附属医院__图片__莆田学院附属医院__莆田炎症图片__ptyz252-2_overlay.jpg,莆田学院附属医院__图片__莆田学院附属医院__莆田炎症图片__ptyz252-2.png,莆田学院附属医院__图片__莆田学院附属医院__莆田炎症图片__ptyz252-2.json
dataset/gastritis_external/processed_images/莆田学院附属医院/crop_ui,莆田学院附属医院__图片__莆田学院附属医院__莆田炎症图片__ptyz86-3.jpg,0,1,1,1,0,,莆田学院附属医院__图片__莆田学院附属医院__莆田炎症图片__ptyz86-3_overlay.jpg,莆田学院附属医院__图片__莆田学院附属医院__莆田炎症图片__ptyz86-3.png,莆田学院附属医院__图片__莆田学院附属医院__莆田炎症图片__ptyz86-3.json
dataset/gastritis_external/processed_images/莆田学院附属医院/crop_ui,莆田学院附属医院__图片__莆田学院附属医院__莆田炎症图片__ptyz145-4.jpg,0,1,1,1,0,,莆田学院附属医院__图片__莆田学院附属医院__莆田炎症图片__ptyz145-4_overlay.jpg,莆田学院附属医院__图片__莆田学院附属医院__莆田炎症图片__ptyz145-4.png,莆田学院附属医院__图片__莆田学院附属医院__莆田炎症图片__ptyz145-4.json
dataset/gastritis_external/processed_images/莆田学院附属医院/crop_ui,莆田学院附属医院__图片__莆田学院附属医院__莆田炎症图片__ptyz12-16.jpg,0,1,1,1,0,,莆田学院附属医院__图片__莆田学院附属医院__莆田炎症图片__ptyz12-16_overlay.jpg,莆田学院附属医院__图片__莆田学院附属医院__莆田炎症图片__ptyz12-16.png,莆田学院附属医院__图片__莆田学院附属医院__莆田炎症图片__ptyz12-16.json
dataset/gastritis_external/processed_images/莆田学院附属医院/crop_ui,莆田学院附属医院__图片__莆田学院附属医院__莆田炎症图片__ptyz47-2.jpg,0,1,1,1,0,,莆田学院附属医院__图片__莆田学院附属医院__莆田炎症图片__ptyz47-2_overlay.jpg,莆田学院附属医院__图片__莆田学院附属医院__莆田炎症图片__ptyz47-2.png,莆田学院附属医院__图片__莆田学院附属医院__莆田炎症图片__ptyz47-2.json
dataset/gastritis_external/processed_images/莆田学院附属医院/crop_ui,莆田学院附属医院__图片__莆田学院附属医院__莆田炎症图片__ptyz195-1.jpg,0,1,1,1,0,,莆田学院附属医院__图片__莆田学院附属医院__莆田炎症图片__ptyz195-1_overlay.jpg,莆田学院附属医院__图片__莆田学院附属医院__莆田炎症图片__ptyz195-1.png,莆田学院附属医院__图片__莆田学院附属医院__莆田炎症图片__ptyz195-1.json
dataset/gastritis_external/processed_images/莆田学院附属医院/crop_ui,莆田学院附属医院__图片__莆田学院附属医院__莆田炎症图片__ptyz18-9.jpg,0,1,1,1,0,,莆田学院附属医院__图片__莆田学院附属医院__莆田炎症图片__ptyz18-9_overlay.jpg,莆田学院附属医院__图片__莆田学院附属医院__莆田炎症图片__ptyz18-9.png,莆田学院附属医院__图片__莆田学院附属医院__莆田炎症图片__ptyz18-9.json
dataset/gastritis_external/processed_images/莆田学院附属医院/crop_ui,莆田学院附属医院__图片__莆田学院附属医院__莆田炎症图片__ptyz98-3.jpg,0,1,1,1,0,,莆田学院附属医院__图片__莆田学院附属医院__莆田炎症图片__ptyz98-3_overlay.jpg,莆田学院附属医院__图片__莆田学院附属医院__莆田炎症图片__ptyz98-3.png,莆田学院附属医院__图片__莆田学院附属医院__莆田炎症图片__ptyz98-3.json
dataset/gastritis_external/processed_images/莆田学院附属医院/crop_ui,莆田学院附属医院__图片__莆田学院附属医院__莆田炎症图片__ptyz16-4.jpg,0,1,1,1,0,,莆田学院附属医院__图片__莆田学院附属医院__莆田炎症图片__ptyz16-4_overlay.jpg,莆田学院附属医院__图片__莆田学院附属医院__莆田炎症图片__ptyz16-4.png,莆田学院附属医院__图片__莆田学院附属医院__莆田炎症图片__ptyz16-4.json
dataset/gastritis_external/processed_images/莆田学院附属医院/crop_ui,莆田学院附属医院__图片__莆田学院附属医院__莆田炎症图片__ptyz297-1.jpg,0,1,1,1,0,,莆田学院附属医院__图片__莆田学院附属医院__莆田炎症图片__ptyz297-1_overlay.jpg,莆田学院附属医院__图片__莆田学院附属医院__莆田炎症图片__ptyz297-1.png,莆田学院附属医院__图片__莆田学院附属医院__莆田炎症图片__ptyz297-1.json
dataset/gastritis_external/processed_images/莆田学院附属医院/crop_ui,莆田学院附属医院__图片__莆田学院附属医院__莆田炎症图片__ptyz282-5.jpg,0,1,1,1,0,,莆田学院附属医院__图片__莆田学院附属医院__莆田炎症图片__ptyz282-5_overlay.jpg,莆田学院附属医院__图片__莆田学院附属医院__莆田炎症图片__ptyz282-5.png,莆田学院附属医院__图片__莆田学院附属医院__莆田炎症图片__ptyz282-5.json
dataset/gastritis_external/processed_images/莆田学院附属医院/crop_ui,莆田学院附属医院__图片__莆田学院附属医院__莆田炎症图片__ptyz435-5.jpg,0,1,1,1,0,,莆田学院附属医院__图片__莆田学院附属医院__莆田炎症图片__ptyz435-5_overlay.jpg,莆田学院附属医院__图片__莆田学院附属医院__莆田炎症图片__ptyz435-5.png,莆田学院附属医院__图片__莆田学院附属医院__莆田炎症图片__ptyz435-5.json
dataset/gastritis_external/processed_images/莆田学院附属医院/crop_ui,莆田学院附属医院__图片__莆田学院附属医院__莆田炎症图片__ptyz246-4.jpg,0,1,1,1,0,,莆田学院附属医院__图片__莆田学院附属医院__莆田炎症图片__ptyz246-4_overlay.jpg,莆田学院附属医院__图片__莆田学院附属医院__莆田炎症图片__ptyz246-4.png,莆田学院附属医院__图片__莆田学院附属医院__莆田炎症图片__ptyz246-4.json
dataset/gastritis_external/processed_images/莆田学院附属医院/crop_ui,莆田学院附属医院__图片__莆田学院附属医院__莆田炎症图片__ptyz27-7.jpg,0,1,1,1,0,,莆田学院附属医院__图片__莆田学院附属医院__莆田炎症图片__ptyz27-7_overlay.jpg,莆田学院附属医院__图片__莆田学院附属医院__莆田炎症图片__ptyz27-7.png,莆田学院附属医院__图片__莆田学院附属医院__莆田炎症图片__ptyz27-7.json
dataset/gastritis_external/processed_images/莆田学院附属医院/crop_ui,莆田学院附属医院__图片__莆田学院附属医院__莆田炎症图片__ptyz192-1.jpg,0,1,1,1,0,,莆田学院附属医院__图片__莆田学院附属医院__莆田炎症图片__ptyz192-1_overlay.jpg,莆田学院附属医院__图片__莆田学院附属医院__莆田炎症图片__ptyz192-1.png,莆田学院附属医院__图片__莆田学院附属医院__莆田炎症图片__ptyz192-1.json
dataset/gastritis_external/processed_images/莆田学院附属医院/crop_ui,莆田学院附属医院__图片__莆田学院附属医院__莆田炎症图片__ptyz2-1.jpg,0,1,1,1,0,,莆田学院附属医院__图片__莆田学院附属医院__莆田炎症图片__ptyz2-1_overlay.jpg,莆田学院附属医院__图片__莆田学院附属医院__莆田炎症图片__ptyz2-1.png,莆田学院附属医院__图片__莆田学院附属医院__莆田炎症图片__ptyz2-1.json
dataset/gastritis_external/processed_images/莆田学院附属医院/crop_ui,莆田学院附属医院__图片__莆田学院附属医院__莆田炎症图片__ptyz116-4.jpg,0,1,1,1,0,,莆田学院附属医院__图片__莆田学院附属医院__莆田炎症图片__ptyz116-4_overlay.jpg,莆田学院附属医院__图片__莆田学院附属医院__莆田炎症图片__ptyz116-4.png,莆田学院附属医院__图片__莆田学院附属医院__莆田炎症图片__ptyz116-4.json
dataset/gastritis_external/processed_images/莆田学院附属医院/crop_ui,莆田学院附属医院__图片__莆田学院附属医院__莆田炎症图片__ptyz243-4.jpg,0,1,1,1,0,,莆田学院附属医院__图片__莆田学院附属医院__莆田炎症图片__ptyz243-4_overlay.jpg,莆田学院附属医院__图片__莆田学院附属医院__莆田炎症图片__ptyz243-4.png,莆田学院附属医院__图片__莆田学院附属医院__莆田炎症图片__ptyz243-4.json
dataset/gastritis_external/processed_images/莆田学院附属医院/crop_ui,莆田学院附属医院__图片__莆田学院附属医院__莆田炎症图片__ptyz395-4.jpg,0,1,1,1,0,,莆田学院附属医院__图片__莆田学院附属医院__莆田炎症图片__ptyz395-4_overlay.jpg,莆田学院附属医院__图片__莆田学院附属医院__莆田炎症图片__ptyz395-4.png,莆田学院附属医院__图片__莆田学院附属医院__莆田炎症图片__ptyz395-4.json
dataset/gastritis_external/processed_images/莆田学院附属医院/crop_ui,莆田学院附属医院__图片__莆田学院附属医院__莆田炎症图片__ptyz7-1.jpg,0,1,1,1,0,,莆田学院附属医院__图片__莆田学院附属医院__莆田炎症图片__ptyz7-1_overlay.jpg,莆田学院附属医院__图片__莆田学院附属医院__莆田炎症图片__ptyz7-1.png,莆田学院附属医院__图片__莆田学院附属医院__莆田炎症图片__ptyz7-1.json
dataset/gastritis_external/processed_images/莆田学院附属医院/crop_ui,莆田学院附属医院__图片__莆田学院附属医院__莆田炎症图片__ptyz275-6.jpg,0,1,1,1,0,,莆田学院附属医院__图片__莆田学院附属医院__莆田炎症图片__ptyz275-6_overlay.jpg,莆田学院附属医院__图片__莆田学院附属医院__莆田炎症图片__ptyz275-6.png,莆田学院附属医院__图片__莆田学院附属医院__莆田炎症图片__ptyz275-6.json
dataset/gastritis_external/processed_images/莆田学院附属医院/crop_ui,莆田学院附属医院__图片__莆田学院附属医院__莆田炎症图片__ptyz12-14.jpg,0,1,1,1,0,,莆田学院附属医院__图片__莆田学院附属医院__莆田炎症图片__ptyz12-14_overlay.jpg,莆田学院附属医院__图片__莆田学院附属医院__莆田炎症图片__ptyz12-14.png,莆田学院附属医院__图片__莆田学院附属医院__莆田炎症图片__ptyz12-14.json
dataset/gastritis_external/processed_images/莆田学院附属医院/crop_ui,莆田学院附属医院__图片__莆田学院附属医院__莆田炎症图片__ptyz298-3.jpg,0,1,1,1,0,,莆田学院附属医院__图片__莆田学院附属医院__莆田炎症图片__ptyz298-3_overlay.jpg,莆田学院附属医院__图片__莆田学院附属医院__莆田炎症图片__ptyz298-3.png,莆田学院附属医院__图片__莆田学院附属医院__莆田炎症图片__ptyz298-3.json
dataset/gastritis_external/processed_images/莆田学院附属医院/crop_ui,莆田学院附属医院__图片__莆田学院附属医院__莆田炎症图片__ptyz154-3.jpg,0,1,1,1,0,,莆田学院附属医院__图片__莆田学院附属医院__莆田炎症图片__ptyz154-3_overlay.jpg,莆田学院附属医院__图片__莆田学院附属医院__莆田炎症图片__ptyz154-3.png,莆田学院附属医院__图片__莆田学院附属医院__莆田炎症图片__ptyz154-3.json
dataset/gastritis_external/processed_images/莆田学院附属医院/crop_ui,莆田学院附属医院__图片__莆田学院附属医院__莆田炎症图片__ptyz328-2.jpg,0,1,1,1,0,,莆田学院附属医院__图片__莆田学院附属医院__莆田炎症图片__ptyz328-2_overlay.jpg,莆田学院附属医院__图片__莆田学院附属医院__莆田炎症图片__ptyz328-2.png,莆田学院附属医院__图片__莆田学院附属医院__莆田炎症图片__ptyz328-2.json
dataset/gastritis_external/processed_images/莆田学院附属医院/crop_ui,莆田学院附属医院__图片__莆田学院附属医院__莆田炎症图片__ptyz67-4.jpg,0,1,1,1,0,,莆田学院附属医院__图片__莆田学院附属医院__莆田炎症图片__ptyz67-4_overlay.jpg,莆田学院附属医院__图片__莆田学院附属医院__莆田炎症图片__ptyz67-4.png,莆田学院附属医院__图片__莆田学院附属医院__莆田炎症图片__ptyz67-4.json
dataset/gastritis_external/processed_images/莆田学院附属医院/crop_ui,莆田学院附属医院__图片__莆田学院附属医院__莆田炎症图片__ptyz139.jpg,0,1,1,1,0,,莆田学院附属医院__图片__莆田学院附属医院__莆田炎症图片__ptyz139_overlay.jpg,莆田学院附属医院__图片__莆田学院附属医院__莆田炎症图片__ptyz139.png,莆田学院附属医院__图片__莆田学院附属医院__莆田炎症图片__ptyz139.json
dataset/gastritis_external/processed_images/莆田学院附属医院/crop_ui,莆田学院附属医院__图片__莆田学院附属医院__莆田炎症图片__ptyz331-1.jpg,0,1,1,1,0,,莆田学院附属医院__图片__莆田学院附属医院__莆田炎症图片__ptyz331-1_overlay.jpg,莆田学院附属医院__图片__莆田学院附属医院__莆田炎症图片__ptyz331-1.png,莆田学院附属医院__图片__莆田学院附属医院__莆田炎症图片__ptyz331-1.json
dataset/gastritis_external/processed_images/莆田学院附属医院/crop_ui,莆田学院附属医院__图片__莆田学院附属医院__莆田炎症图片__ptyz1-2.jpg,0,1,1,1,0,,莆田学院附属医院__图片__莆田学院附属医院__莆田炎症图片__ptyz1-2_overlay.jpg,莆田学院附属医院__图片__莆田学院附属医院__莆田炎症图片__ptyz1-2.png,莆田学院附属医院__图片__莆田学院附属医院__莆田炎症图片__ptyz1-2.json
dataset/gastritis_external/processed_images/莆田学院附属医院/crop_ui,莆田学院附属医院__图片__莆田学院附属医院__莆田炎症图片__ptyz218-1.jpg,0,1,1,1,0,,莆田学院附属医院__图片__莆田学院附属医院__莆田炎症图片__ptyz218-1_overlay.jpg,莆田学院附属医院__图片__莆田学院附属医院__莆田炎症图片__ptyz218-1.png,莆田学院附属医院__图片__莆田学院附属医院__莆田炎症图片__ptyz218-1.json
dataset/gastritis_external/processed_images/莆田学院附属医院/crop_ui,莆田学院附属医院__图片__莆田学院附属医院__莆田炎症图片__ptyz178.jpg,0,1,1,1,0,,莆田学院附属医院__图片__莆田学院附属医院__莆田炎症图片__ptyz178_overlay.jpg,莆田学院附属医院__图片__莆田学院附属医院__莆田炎症图片__ptyz178.png,莆田学院附属医院__图片__莆田学院附属医院__莆田炎症图片__ptyz178.json
dataset/gastritis_external/processed_images/莆田学院附属医院/crop_ui,莆田学院附属医院__图片__莆田学院附属医院__莆田炎症图片__ptyz210-2.jpg,0,1,1,1,0,,莆田学院附属医院__图片__莆田学院附属医院__莆田炎症图片__ptyz210-2_overlay.jpg,莆田学院附属医院__图片__莆田学院附属医院__莆田炎症图片__ptyz210-2.png,莆田学院附属医院__图片__莆田学院附属医院__莆田炎症图片__ptyz210-2.json
dataset/gastritis_external/processed_images/莆田学院附属医院/crop_ui,莆田学院附属医院__图片__莆田学院附属医院__莆田炎症图片__ptyz432-2.jpg,0,1,1,1,0,,莆田学院附属医院__图片__莆田学院附属医院__莆田炎症图片__ptyz432-2_overlay.jpg,莆田学院附属医院__图片__莆田学院附属医院__莆田炎症图片__ptyz432-2.png,莆田学院附属医院__图片__莆田学院附属医院__莆田炎症图片__ptyz432-2.json
dataset/gastritis_external/processed_images/莆田学院附属医院/crop_ui,莆田学院附属医院__图片__莆田学院附属医院__莆田炎症图片__ptyz74-3.jpg,0,1,1,1,0,,莆田学院附属医院__图片__莆田学院附属医院__莆田炎症图片__ptyz74-3_overlay.jpg,莆田学院附属医院__图片__莆田学院附属医院__莆田炎症图片__ptyz74-3.png,莆田学院附属医院__图片__莆田学院附属医院__莆田炎症图片__ptyz74-3.json
dataset/gastritis_external/processed_images/莆田学院附属医院/crop_ui,莆田学院附属医院__图片__莆田学院附属医院__莆田炎症图片__ptyz304-3.jpg,0,1,1,1,0,,莆田学院附属医院__图片__莆田学院附属医院__莆田炎症图片__ptyz304-3_overlay.jpg,莆田学院附属医院__图片__莆田学院附属医院__莆田炎症图片__ptyz304-3.png,莆田学院附属医院__图片__莆田学院附属医院__莆田炎症图片__ptyz304-3.json
dataset/gastritis_external/processed_images/莆田学院附属医院/crop_ui,莆田学院附属医院__图片__莆田学院附属医院__莆田炎症图片__ptyz64-8.jpg,0,1,1,1,0,,莆田学院附属医院__图片__莆田学院附属医院__莆田炎症图片__ptyz64-8_overlay.jpg,莆田学院附属医院__图片__莆田学院附属医院__莆田炎症图片__ptyz64-8.png,莆田学院附属医院__图片__莆田学院附属医院__莆田炎症图片__ptyz64-8.json
dataset/gastritis_external/processed_images/莆田学院附属医院/crop_ui,莆田学院附属医院__图片__莆田学院附属医院__莆田炎症图片__ptyz64-3.jpg,0,1,1,1,0,,莆田学院附属医院__图片__莆田学院附属医院__莆田炎症图片__ptyz64-3_overlay.jpg,莆田学院附属医院__图片__莆田学院附属医院__莆田炎症图片__ptyz64-3.png,莆田学院附属医院__图片__莆田学院附属医院__莆田炎症图片__ptyz64-3.json
dataset/gastritis_external/processed_images/莆田学院附属医院/crop_ui,莆田学院附属医院__图片__莆田学院附属医院__莆田炎症图片__ptyz57-7.jpg,0,1,1,1,0,,莆田学院附属医院__图片__莆田学院附属医院__莆田炎症图片__ptyz57-7_overlay.jpg,莆田学院附属医院__图片__莆田学院附属医院__莆田炎症图片__ptyz57-7.png,莆田学院附属医院__图片__莆田学院附属医院__莆田炎症图片__ptyz57-7.json
dataset/gastritis_external/processed_images/莆田学院附属医院/crop_ui,莆田学院附属医院__图片__莆田学院附属医院__莆田炎症图片__ptyz225-2.jpg,0,1,1,1,0,,莆田学院附属医院__图片__莆田学院附属医院__莆田炎症图片__ptyz225-2_overlay.jpg,莆田学院附属医院__图片__莆田学院附属医院__莆田炎症图片__ptyz225-2.png,莆田学院附属医院__图片__莆田学院附属医院__莆田炎症图片__ptyz225-2.json
dataset/gastritis_external/processed_images/莆田学院附属医院/crop_ui,莆田学院附属医院__图片__莆田学院附属医院__莆田炎症图片__ptyz98-2.jpg,0,1,1,1,0,,莆田学院附属医院__图片__莆田学院附属医院__莆田炎症图片__ptyz98-2_overlay.jpg,莆田学院附属医院__图片__莆田学院附属医院__莆田炎症图片__ptyz98-2.png,莆田学院附属医院__图片__莆田学院附属医院__莆田炎症图片__ptyz98-2.json
dataset/gastritis_external/processed_images/莆田学院附属医院/crop_ui,莆田学院附属医院__图片__莆田学院附属医院__莆田炎症图片__ptyz419-2.jpg,0,1,1,1,0,,莆田学院附属医院__图片__莆田学院附属医院__莆田炎症图片__ptyz419-2_overlay.jpg,莆田学院附属医院__图片__莆田学院附属医院__莆田炎症图片__ptyz419-2.png,莆田学院附属医院__图片__莆田学院附属医院__莆田炎症图片__ptyz419-2.json
dataset/gastritis_external/processed_images/莆田学院附属医院/crop_ui,莆田学院附属医院__图片__莆田学院附属医院__莆田炎症图片__ptyz392-2.jpg,0,1,1,1,0,,莆田学院附属医院__图片__莆田学院附属医院__莆田炎症图片__ptyz392-2_overlay.jpg,莆田学院附属医院__图片__莆田学院附属医院__莆田炎症图片__ptyz392-2.png,莆田学院附属医院__图片__莆田学院附属医院__莆田炎症图片__ptyz392-2.json
dataset/gastritis_external/processed_images/莆田学院附属医院/crop_ui,莆田学院附属医院__图片__莆田学院附属医院__莆田炎症图片__ptyz120-1.jpg,0,1,1,1,0,,莆田学院附属医院__图片__莆田学院附属医院__莆田炎症图片__ptyz120-1_overlay.jpg,莆田学院附属医院__图片__莆田学院附属医院__莆田炎症图片__ptyz120-1.png,莆田学院附属医院__图片__莆田学院附属医院__莆田炎症图片__ptyz120-1.json
dataset/gastritis_external/processed_images/莆田学院附属医院/crop_ui,莆田学院附属医院__图片__莆田学院附属医院__莆田炎症图片__ptyz50-1.jpg,0,1,1,1,0,,莆田学院附属医院__图片__莆田学院附属医院__莆田炎症图片__ptyz50-1_overlay.jpg,莆田学院附属医院__图片__莆田学院附属医院__莆田炎症图片__ptyz50-1.png,莆田学院附属医院__图片__莆田学院附属医院__莆田炎症图片__ptyz50-1.json
dataset/gastritis_external/processed_images/莆田学院附属医院/crop_ui,莆田学院附属医院__图片__莆田学院附属医院__莆田炎症图片__ptyz30-4.jpg,0,1,1,1,0,,莆田学院附属医院__图片__莆田学院附属医院__莆田炎症图片__ptyz30-4_overlay.jpg,莆田学院附属医院__图片__莆田学院附属医院__莆田炎症图片__ptyz30-4.png,莆田学院附属医院__图片__莆田学院附属医院__莆田炎症图片__ptyz30-4.json
dataset/gastritis_external/processed_images/莆田学院附属医院/crop_ui,莆田学院附属医院__图片__莆田学院附属医院__莆田炎症图片__ptyz262-2.jpg,0,1,1,1,0,,莆田学院附属医院__图片__莆田学院附属医院__莆田炎症图片__ptyz262-2_overlay.jpg,莆田学院附属医院__图片__莆田学院附属医院__莆田炎症图片__ptyz262-2.png,莆田学院附属医院__图片__莆田学院附属医院__莆田炎症图片__ptyz262-2.json
dataset/gastritis_external/processed_images/莆田学院附属医院/crop_ui,莆田学院附属医院__图片__莆田学院附属医院__莆田炎症图片__ptyz100-1.jpg,0,1,1,1,0,,莆田学院附属医院__图片__莆田学院附属医院__莆田炎症图片__ptyz100-1_overlay.jpg,莆田学院附属医院__图片__莆田学院附属医院__莆田炎症图片__ptyz100-1.png,莆田学院附属医院__图片__莆田学院附属医院__莆田炎症图片__ptyz100-1.json
dataset/gastritis_external/processed_images/莆田学院附属医院/crop_ui,莆田学院附属医院__图片__莆田学院附属医院__莆田炎症图片__ptyz81-4.jpg,0,1,1,1,0,,莆田学院附属医院__图片__莆田学院附属医院__莆田炎症图片__ptyz81-4_overlay.jpg,莆田学院附属医院__图片__莆田学院附属医院__莆田炎症图片__ptyz81-4.png,莆田学院附属医院__图片__莆田学院附属医院__莆田炎症图片__ptyz81-4.json
dataset/gastritis_external/processed_images/莆田学院附属医院/crop_ui,莆田学院附属医院__图片__莆田学院附属医院__莆田炎症图片__ptyz48-4.jpg,0,1,1,1,0,,莆田学院附属医院__图片__莆田学院附属医院__莆田炎症图片__ptyz48-4_overlay.jpg,莆田学院附属医院__图片__莆田学院附属医院__莆田炎症图片__ptyz48-4.png,莆田学院附属医院__图片__莆田学院附属医院__莆田炎症图片__ptyz48-4.json
dataset/gastritis_external/processed_images/莆田学院附属医院/crop_ui,莆田学院附属医院__图片__莆田学院附属医院__莆田炎症图片__ptyz87-6.jpg,0,1,1,1,0,,莆田学院附属医院__图片__莆田学院附属医院__莆田炎症图片__ptyz87-6_overlay.jpg,莆田学院附属医院__图片__莆田学院附属医院__莆田炎症图片__ptyz87-6.png,莆田学院附属医院__图片__莆田学院附属医院__莆田炎症图片__ptyz87-6.json
dataset/gastritis_external/processed_images/莆田学院附属医院/crop_ui,莆田学院附属医院__图片__莆田学院附属医院__莆田炎症图片__ptyz292-2.jpg,0,1,1,1,0,,莆田学院附属医院__图片__莆田学院附属医院__莆田炎症图片__ptyz292-2_overlay.jpg,莆田学院附属医院__图片__莆田学院附属医院__莆田炎症图片__ptyz292-2.png,莆田学院附属医院__图片__莆田学院附属医院__莆田炎症图片__ptyz292-2.json
dataset/gastritis_external/processed_images/莆田学院附属医院/crop_ui,莆田学院附属医院__图片__莆田学院附属医院__莆田炎症图片__ptyz233-4.jpg,0,1,1,1,0,,莆田学院附属医院__图片__莆田学院附属医院__莆田炎症图片__ptyz233-4_overlay.jpg,莆田学院附属医院__图片__莆田学院附属医院__莆田炎症图片__ptyz233-4.png,莆田学院附属医院__图片__莆田学院附属医院__莆田炎症图片__ptyz233-4.json
dataset/gastritis_external/processed_images/莆田学院附属医院/crop_ui,莆田学院附属医院__图片__莆田学院附属医院__莆田炎症图片__ptyz244-3.jpg,0,1,1,1,0,,莆田学院附属医院__图片__莆田学院附属医院__莆田炎症图片__ptyz244-3_overlay.jpg,莆田学院附属医院__图片__莆田学院附属医院__莆田炎症图片__ptyz244-3.png,莆田学院附属医院__图片__莆田学院附属医院__莆田炎症图片__ptyz244-3.json
dataset/gastritis_external/processed_images/莆田学院附属医院/crop_ui,莆田学院附属医院__图片__莆田学院附属医院__莆田炎症图片__ptyz17-5.jpg,0,1,1,1,0,,莆田学院附属医院__图片__莆田学院附属医院__莆田炎症图片__ptyz17-5_overlay.jpg,莆田学院附属医院__图片__莆田学院附属医院__莆田炎症图片__ptyz17-5.png,莆田学院附属医院__图片__莆田学院附属医院__莆田炎症图片__ptyz17-5.json
dataset/gastritis_external/processed_images/莆田学院附属医院/crop_ui,莆田学院附属医院__图片__莆田学院附属医院__莆田炎症图片__ptyz192-2.jpg,0,1,1,1,0,,莆田学院附属医院__图片__莆田学院附属医院__莆田炎症图片__ptyz192-2_overlay.jpg,莆田学院附属医院__图片__莆田学院附属医院__莆田炎症图片__ptyz192-2.png,莆田学院附属医院__图片__莆田学院附属医院__莆田炎症图片__ptyz192-2.json
dataset/gastritis_external/processed_images/莆田学院附属医院/crop_ui,莆田学院附属医院__图片__莆田学院附属医院__莆田炎症图片__ptyz417-1.jpg,0,1,1,1,0,,莆田学院附属医院__图片__莆田学院附属医院__莆田炎症图片__ptyz417-1_overlay.jpg,莆田学院附属医院__图片__莆田学院附属医院__莆田炎症图片__ptyz417-1.png,莆田学院附属医院__图片__莆田学院附属医院__莆田炎症图片__ptyz417-1.json
dataset/gastritis_external/processed_images/莆田学院附属医院/crop_ui,莆田学院附属医院__图片__莆田学院附属医院__莆田炎症图片__ptyz56-3.jpg,0,1,1,1,0,,莆田学院附属医院__图片__莆田学院附属医院__莆田炎症图片__ptyz56-3_overlay.jpg,莆田学院附属医院__图片__莆田学院附属医院__莆田炎症图片__ptyz56-3.png,莆田学院附属医院__图片__莆田学院附属医院__莆田炎症图片__ptyz56-3.json
dataset/gastritis_external/processed_images/莆田学院附属医院/crop_ui,莆田学院附属医院__图片__莆田学院附属医院__莆田炎症图片__ptyz38-1.jpg,0,1,1,1,0,,莆田学院附属医院__图片__莆田学院附属医院__莆田炎症图片__ptyz38-1_overlay.jpg,莆田学院附属医院__图片__莆田学院附属医院__莆田炎症图片__ptyz38-1.png,莆田学院附属医院__图片__莆田学院附属医院__莆田炎症图片__ptyz38-1.json
dataset/gastritis_external/processed_images/莆田学院附属医院/crop_ui,莆田学院附属医院__图片__莆田学院附属医院__莆田炎症图片__ptyz36-11.jpg,0,1,1,1,0,,莆田学院附属医院__图片__莆田学院附属医院__莆田炎症图片__ptyz36-11_overlay.jpg,莆田学院附属医院__图片__莆田学院附属医院__莆田炎症图片__ptyz36-11.png,莆田学院附属医院__图片__莆田学院附属医院__莆田炎症图片__ptyz36-11.json
dataset/gastritis_external/processed_images/莆田学院附属医院/crop_ui,莆田学院附属医院__图片__莆田学院附属医院__莆田炎症图片__ptyz347-2.jpg,0,1,1,1,0,,莆田学院附属医院__图片__莆田学院附属医院__莆田炎症图片__ptyz347-2_overlay.jpg,莆田学院附属医院__图片__莆田学院附属医院__莆田炎症图片__ptyz347-2.png,莆田学院附属医院__图片__莆田学院附属医院__莆田炎症图片__ptyz347-2.json
dataset/gastritis_external/processed_images/莆田学院附属医院/crop_ui,莆田学院附属医院__图片__莆田学院附属医院__莆田炎症图片__ptyz414-2.jpg,0,1,1,1,0,,莆田学院附属医院__图片__莆田学院附属医院__莆田炎症图片__ptyz414-2_overlay.jpg,莆田学院附属医院__图片__莆田学院附属医院__莆田炎症图片__ptyz414-2.png,莆田学院附属医院__图片__莆田学院附属医院__莆田炎症图片__ptyz414-2.json
dataset/gastritis_external/processed_images/莆田学院附属医院/crop_ui,莆田学院附属医院__图片__莆田学院附属医院__莆田炎症图片__ptyz125-3.jpg,0,1,1,1,0,,莆田学院附属医院__图片__莆田学院附属医院__莆田炎症图片__ptyz125-3_overlay.jpg,莆田学院附属医院__图片__莆田学院附属医院__莆田炎症图片__ptyz125-3.png,莆田学院附属医院__图片__莆田学院附属医院__莆田炎症图片__ptyz125-3.json
dataset/gastritis_external/processed_images/莆田学院附属医院/crop_ui,莆田学院附属医院__图片__莆田学院附属医院__莆田炎症图片__ptyz236.jpg,0,1,1,1,0,,莆田学院附属医院__图片__莆田学院附属医院__莆田炎症图片__ptyz236_overlay.jpg,莆田学院附属医院__图片__莆田学院附属医院__莆田炎症图片__ptyz236.png,莆田学院附属医院__图片__莆田学院附属医院__莆田炎症图片__ptyz236.json
dataset/gastritis_external/processed_images/莆田学院附属医院/crop_ui,莆田学院附属医院__图片__莆田学院附属医院__莆田炎症图片__ptyz27-2.jpg,0,1,1,1,0,,莆田学院附属医院__图片__莆田学院附属医院__莆田炎症图片__ptyz27-2_overlay.jpg,莆田学院附属医院__图片__莆田学院附属医院__莆田炎症图片__ptyz27-2.png,莆田学院附属医院__图片__莆田学院附属医院__莆田炎症图片__ptyz27-2.json
dataset/gastritis_external/processed_images/莆田学院附属医院/crop_ui,莆田学院附属医院__图片__莆田学院附属医院__莆田炎症图片__ptyz221-2.jpg,0,1,1,1,0,,莆田学院附属医院__图片__莆田学院附属医院__莆田炎症图片__ptyz221-2_overlay.jpg,莆田学院附属医院__图片__莆田学院附属医院__莆田炎症图片__ptyz221-2.png,莆田学院附属医院__图片__莆田学院附属医院__莆田炎症图片__ptyz221-2.json
dataset/gastritis_external/processed_images/莆田学院附属医院/crop_ui,莆田学院附属医院__图片__莆田学院附属医院__莆田炎症图片__ptyz430-9.jpg,0,1,1,1,0,,莆田学院附属医院__图片__莆田学院附属医院__莆田炎症图片__ptyz430-9_overlay.jpg,莆田学院附属医院__图片__莆田学院附属医院__莆田炎症图片__ptyz430-9.png,莆田学院附属医院__图片__莆田学院附属医院__莆田炎症图片__ptyz430-9.json
dataset/gastritis_external/processed_images/莆田学院附属医院/crop_ui,莆田学院附属医院__图片__莆田学院附属医院__莆田炎症图片__ptyz386-5.jpg,0,1,1,1,0,,莆田学院附属医院__图片__莆田学院附属医院__莆田炎症图片__ptyz386-5_overlay.jpg,莆田学院附属医院__图片__莆田学院附属医院__莆田炎症图片__ptyz386-5.png,莆田学院附属医院__图片__莆田学院附属医院__莆田炎症图片__ptyz386-5.json
dataset/gastritis_external/processed_images/莆田学院附属医院/crop_ui,莆田学院附属医院__图片__莆田学院附属医院__莆田炎症图片__ptyz383-2.jpg,0,1,1,1,0,,莆田学院附属医院__图片__莆田学院附属医院__莆田炎症图片__ptyz383-2_overlay.jpg,莆田学院附属医院__图片__莆田学院附属医院__莆田炎症图片__ptyz383-2.png,莆田学院附属医院__图片__莆田学院附属医院__莆田炎症图片__ptyz383-2.json
dataset/gastritis_external/processed_images/莆田学院附属医院/crop_ui,莆田学院附属医院__图片__莆田学院附属医院__莆田炎症图片__ptyz88-1.jpg,0,1,1,1,0,,莆田学院附属医院__图片__莆田学院附属医院__莆田炎症图片__ptyz88-1_overlay.jpg,莆田学院附属医院__图片__莆田学院附属医院__莆田炎症图片__ptyz88-1.png,莆田学院附属医院__图片__莆田学院附属医院__莆田炎症图片__ptyz88-1.json
dataset/gastritis_external/processed_images/莆田学院附属医院/crop_ui,莆田学院附属医院__图片__莆田学院附属医院__莆田炎症图片__ptyz256-5.jpg,0,1,1,1,0,,莆田学院附属医院__图片__莆田学院附属医院__莆田炎症图片__ptyz256-5_overlay.jpg,莆田学院附属医院__图片__莆田学院附属医院__莆田炎症图片__ptyz256-5.png,莆田学院附属医院__图片__莆田学院附属医院__莆田炎症图片__ptyz256-5.json
dataset/gastritis_external/processed_images/莆田学院附属医院/crop_ui,莆田学院附属医院__图片__莆田学院附属医院__莆田炎症图片__ptyz423-4.jpg,0,1,1,1,0,,莆田学院附属医院__图片__莆田学院附属医院__莆田炎症图片__ptyz423-4_overlay.jpg,莆田学院附属医院__图片__莆田学院附属医院__莆田炎症图片__ptyz423-4.png,莆田学院附属医院__图片__莆田学院附属医院__莆田炎症图片__ptyz423-4.json
dataset/gastritis_external/processed_images/莆田学院附属医院/crop_ui,莆田学院附属医院__图片__莆田学院附属医院__莆田炎症图片__ptyz342-1.jpg,0,1,1,1,0,,莆田学院附属医院__图片__莆田学院附属医院__莆田炎症图片__ptyz342-1_overlay.jpg,莆田学院附属医院__图片__莆田学院附属医院__莆田炎症图片__ptyz342-1.png,莆田学院附属医院__图片__莆田学院附属医院__莆田炎症图片__ptyz342-1.json
dataset/gastritis_external/processed_images/莆田学院附属医院/crop_ui,莆田学院附属医院__图片__莆田学院附属医院__莆田炎症图片__ptyz363-1.jpg,0,1,1,1,0,,莆田学院附属医院__图片__莆田学院附属医院__莆田炎症图片__ptyz363-1_overlay.jpg,莆田学院附属医院__图片__莆田学院附属医院__莆田炎症图片__ptyz363-1.png,莆田学院附属医院__图片__莆田学院附属医院__莆田炎症图片__ptyz363-1.json
dataset/gastritis_external/processed_images/莆田学院附属医院/crop_ui,莆田学院附属医院__图片__莆田学院附属医院__莆田炎症图片__ptyz37-2.jpg,0,1,1,1,0,,莆田学院附属医院__图片__莆田学院附属医院__莆田炎症图片__ptyz37-2_overlay.jpg,莆田学院附属医院__图片__莆田学院附属医院__莆田炎症图片__ptyz37-2.png,莆田学院附属医院__图片__莆田学院附属医院__莆田炎症图片__ptyz37-2.json
dataset/gastritis_external/processed_images/莆田学院附属医院/crop_ui,莆田学院附属医院__图片__莆田学院附属医院__莆田炎症图片__ptyz14-2.jpg,0,1,1,1,0,,莆田学院附属医院__图片__莆田学院附属医院__莆田炎症图片__ptyz14-2_overlay.jpg,莆田学院附属医院__图片__莆田学院附属医院__莆田炎症图片__ptyz14-2.png,莆田学院附属医院__图片__莆田学院附属医院__莆田炎症图片__ptyz14-2.json
dataset/gastritis_external/processed_images/莆田学院附属医院/crop_ui,莆田学院附属医院__图片__莆田学院附属医院__莆田炎症图片__ptyz333-2.jpg,0,1,1,1,0,,莆田学院附属医院__图片__莆田学院附属医院__莆田炎症图片__ptyz333-2_overlay.jpg,莆田学院附属医院__图片__莆田学院附属医院__莆田炎症图片__ptyz333-2.png,莆田学院附属医院__图片__莆田学院附属医院__莆田炎症图片__ptyz333-2.json
dataset/gastritis_external/processed_images/莆田学院附属医院/crop_ui,莆田学院附属医院__图片__莆田学院附属医院__莆田炎症图片__ptyz336-3.jpg,0,1,1,1,0,,莆田学院附属医院__图片__莆田学院附属医院__莆田炎症图片__ptyz336-3_overlay.jpg,莆田学院附属医院__图片__莆田学院附属医院__莆田炎症图片__ptyz336-3.png,莆田学院附属医院__图片__莆田学院附属医院__莆田炎症图片__ptyz336-3.json
dataset/gastritis_external/processed_images/莆田学院附属医院/crop_ui,莆田学院附属医院__图片__莆田学院附属医院__莆田炎症图片__ptyz214-4.jpg,0,1,1,1,0,,莆田学院附属医院__图片__莆田学院附属医院__莆田炎症图片__ptyz214-4_overlay.jpg,莆田学院附属医院__图片__莆田学院附属医院__莆田炎症图片__ptyz214-4.png,莆田学院附属医院__图片__莆田学院附属医院__莆田炎症图片__ptyz214-4.json
dataset/gastritis_external/processed_images/莆田学院附属医院/crop_ui,莆田学院附属医院__图片__莆田学院附属医院__莆田炎症图片__ptyz351-6.jpg,0,1,1,1,0,,莆田学院附属医院__图片__莆田学院附属医院__莆田炎症图片__ptyz351-6_overlay.jpg,莆田学院附属医院__图片__莆田学院附属医院__莆田炎症图片__ptyz351-6.png,莆田学院附属医院__图片__莆田学院附属医院__莆田炎症图片__ptyz351-6.json
dataset/gastritis_external/processed_images/莆田学院附属医院/crop_ui,莆田学院附属医院__图片__莆田学院附属医院__莆田炎症图片__ptyz398-3.jpg,0,1,1,1,0,,莆田学院附属医院__图片__莆田学院附属医院__莆田炎症图片__ptyz398-3_overlay.jpg,莆田学院附属医院__图片__莆田学院附属医院__莆田炎症图片__ptyz398-3.png,莆田学院附属医院__图片__莆田学院附属医院__莆田炎症图片__ptyz398-3.json
dataset/gastritis_external/processed_images/莆田学院附属医院/crop_ui,莆田学院附属医院__图片__莆田学院附属医院__莆田炎症图片__ptyz330-1.jpg,0,1,1,1,0,,莆田学院附属医院__图片__莆田学院附属医院__莆田炎症图片__ptyz330-1_overlay.jpg,莆田学院附属医院__图片__莆田学院附属医院__莆田炎症图片__ptyz330-1.png,莆田学院附属医院__图片__莆田学院附属医院__莆田炎症图片__ptyz330-1.json
dataset/gastritis_external/processed_images/莆田学院附属医院/crop_ui,莆田学院附属医院__图片__莆田学院附属医院__莆田炎症图片__ptyz301-2.jpg,0,1,1,1,0,,莆田学院附属医院__图片__莆田学院附属医院__莆田炎症图片__ptyz301-2_overlay.jpg,莆田学院附属医院__图片__莆田学院附属医院__莆田炎症图片__ptyz301-2.png,莆田学院附属医院__图片__莆田学院附属医院__莆田炎症图片__ptyz301-2.json
dataset/gastritis_external/processed_images/莆田学院附属医院/crop_ui,莆田学院附属医院__图片__莆田学院附属医院__莆田炎症图片__ptyz149-1.jpg,0,1,1,1,0,,莆田学院附属医院__图片__莆田学院附属医院__莆田炎症图片__ptyz149-1_overlay.jpg,莆田学院附属医院__图片__莆田学院附属医院__莆田炎症图片__ptyz149-1.png,莆田学院附属医院__图片__莆田学院附属医院__莆田炎症图片__ptyz149-1.json
dataset/gastritis_external/processed_images/莆田学院附属医院/crop_ui,莆田学院附属医院__图片__莆田学院附属医院__莆田炎症图片__ptyz83-3.jpg,0,1,1,1,0,,莆田学院附属医院__图片__莆田学院附属医院__莆田炎症图片__ptyz83-3_overlay.jpg,莆田学院附属医院__图片__莆田学院附属医院__莆田炎症图片__ptyz83-3.png,莆田学院附属医院__图片__莆田学院附属医院__莆田炎症图片__ptyz83-3.json
dataset/gastritis_external/processed_images/莆田学院附属医院/crop_ui,莆田学院附属医院__图片__莆田学院附属医院__莆田炎症图片__ptyz64-4.jpg,0,1,1,1,0,,莆田学院附属医院__图片__莆田学院附属医院__莆田炎症图片__ptyz64-4_overlay.jpg,莆田学院附属医院__图片__莆田学院附属医院__莆田炎症图片__ptyz64-4.png,莆田学院附属医院__图片__莆田学院附属医院__莆田炎症图片__ptyz64-4.json
dataset/gastritis_external/processed_images/莆田学院附属医院/crop_ui,莆田学院附属医院__图片__莆田学院附属医院__莆田炎症图片__ptyz380-3.jpg,0,1,1,1,0,,莆田学院附属医院__图片__莆田学院附属医院__莆田炎症图片__ptyz380-3_overlay.jpg,莆田学院附属医院__图片__莆田学院附属医院__莆田炎症图片__ptyz380-3.png,莆田学院附属医院__图片__莆田学院附属医院__莆田炎症图片__ptyz380-3.json
dataset/gastritis_external/processed_images/莆田学院附属医院/crop_ui,莆田学院附属医院__图片__莆田学院附属医院__莆田炎症图片__ptyz132-1.jpg,0,1,1,1,0,,莆田学院附属医院__图片__莆田学院附属医院__莆田炎症图片__ptyz132-1_overlay.jpg,莆田学院附属医院__图片__莆田学院附属医院__莆田炎症图片__ptyz132-1.png,莆田学院附属医院__图片__莆田学院附属医院__莆田炎症图片__ptyz132-1.json
dataset/gastritis_external/processed_images/莆田学院附属医院/crop_ui,莆田学院附属医院__图片__莆田学院附属医院__莆田炎症图片__ptyz371-1.jpg,0,1,1,1,0,,莆田学院附属医院__图片__莆田学院附属医院__莆田炎症图片__ptyz371-1_overlay.jpg,莆田学院附属医院__图片__莆田学院附属医院__莆田炎症图片__ptyz371-1.png,莆田学院附属医院__图片__莆田学院附属医院__莆田炎症图片__ptyz371-1.json
dataset/gastritis_external/processed_images/莆田学院附属医院/crop_ui,莆田学院附属医院__图片__莆田学院附属医院__莆田炎症图片__ptyz320-1.jpg,0,1,1,1,0,,莆田学院附属医院__图片__莆田学院附属医院__莆田炎症图片__ptyz320-1_overlay.jpg,莆田学院附属医院__图片__莆田学院附属医院__莆田炎症图片__ptyz320-1.png,莆田学院附属医院__图片__莆田学院附属医院__莆田炎症图片__ptyz320-1.json
dataset/gastritis_external/processed_images/莆田学院附属医院/crop_ui,莆田学院附属医院__图片__莆田学院附属医院__莆田炎症图片__ptyz202-1.jpg,0,1,1,1,0,,莆田学院附属医院__图片__莆田学院附属医院__莆田炎症图片__ptyz202-1_overlay.jpg,莆田学院附属医院__图片__莆田学院附属医院__莆田炎症图片__ptyz202-1.png,莆田学院附属医院__图片__莆田学院附属医院__莆田炎症图片__ptyz202-1.json
dataset/gastritis_external/processed_images/莆田学院附属医院/crop_ui,莆田学院附属医院__图片__莆田学院附属医院__莆田炎症图片__ptyz248.jpg,0,1,1,1,0,,莆田学院附属医院__图片__莆田学院附属医院__莆田炎症图片__ptyz248_overlay.jpg,莆田学院附属医院__图片__莆田学院附属医院__莆田炎症图片__ptyz248.png,莆田学院附属医院__图片__莆田学院附属医院__莆田炎症图片__ptyz248.json
dataset/gastritis_external/processed_images/莆田学院附属医院/crop_ui,莆田学院附属医院__图片__莆田学院附属医院__莆田炎症图片__ptyz271-1.jpg,0,1,1,1,0,,莆田学院附属医院__图片__莆田学院附属医院__莆田炎症图片__ptyz271-1_overlay.jpg,莆田学院附属医院__图片__莆田学院附属医院__莆田炎症图片__ptyz271-1.png,莆田学院附属医院__图片__莆田学院附属医院__莆田炎症图片__ptyz271-1.json
dataset/gastritis_external/processed_images/莆田学院附属医院/crop_ui,莆田学院附属医院__图片__莆田学院附属医院__莆田炎症图片__ptyz284.jpg,0,1,1,1,0,,莆田学院附属医院__图片__莆田学院附属医院__莆田炎症图片__ptyz284_overlay.jpg,莆田学院附属医院__图片__莆田学院附属医院__莆田炎症图片__ptyz284.png,莆田学院附属医院__图片__莆田学院附属医院__莆田炎症图片__ptyz284.json
dataset/gastritis_external/processed_images/莆田学院附属医院/crop_ui,莆田学院附属医院__图片__莆田学院附属医院__莆田炎症图片__ptyz91-2.jpg,0,1,1,1,0,,莆田学院附属医院__图片__莆田学院附属医院__莆田炎症图片__ptyz91-2_overlay.jpg,莆田学院附属医院__图片__莆田学院附属医院__莆田炎症图片__ptyz91-2.png,莆田学院附属医院__图片__莆田学院附属医院__莆田炎症图片__ptyz91-2.json
dataset/gastritis_external/processed_images/莆田学院附属医院/crop_ui,莆田学院附属医院__图片__莆田学院附属医院__莆田炎症图片__ptyz436-1.jpg,0,1,1,1,0,,莆田学院附属医院__图片__莆田学院附属医院__莆田炎症图片__ptyz436-1_overlay.jpg,莆田学院附属医院__图片__莆田学院附属医院__莆田炎症图片__ptyz436-1.png,莆田学院附属医院__图片__莆田学院附属医院__莆田炎症图片__ptyz436-1.json
dataset/gastritis_external/processed_images/莆田学院附属医院/crop_ui,莆田学院附属医院__图片__莆田学院附属医院__莆田炎症图片__ptyz9-3.jpg,0,1,1,1,0,,莆田学院附属医院__图片__莆田学院附属医院__莆田炎症图片__ptyz9-3_overlay.jpg,莆田学院附属医院__图片__莆田学院附属医院__莆田炎症图片__ptyz9-3.png,莆田学院附属医院__图片__莆田学院附属医院__莆田炎症图片__ptyz9-3.json
dataset/gastritis_external/processed_images/莆田学院附属医院/crop_ui,莆田学院附属医院__图片__莆田学院附属医院__莆田炎症图片__ptyz415-2.jpg,0,1,1,1,0,,莆田学院附属医院__图片__莆田学院附属医院__莆田炎症图片__ptyz415-2_overlay.jpg,莆田学院附属医院__图片__莆田学院附属医院__莆田炎症图片__ptyz415-2.png,莆田学院附属医院__图片__莆田学院附属医院__莆田炎症图片__ptyz415-2.json
dataset/gastritis_external/processed_images/莆田学院附属医院/crop_ui,莆田学院附属医院__图片__莆田学院附属医院__莆田炎症图片__ptyz106-5.jpg,0,1,1,1,0,,莆田学院附属医院__图片__莆田学院附属医院__莆田炎症图片__ptyz106-5_overlay.jpg,莆田学院附属医院__图片__莆田学院附属医院__莆田炎症图片__ptyz106-5.png,莆田学院附属医院__图片__莆田学院附属医院__莆田炎症图片__ptyz106-5.json
dataset/gastritis_external/processed_images/莆田学院附属医院/crop_ui,莆田学院附属医院__图片__莆田学院附属医院__莆田炎症图片__ptyz115-1.jpg,0,1,1,1,0,,莆田学院附属医院__图片__莆田学院附属医院__莆田炎症图片__ptyz115-1_overlay.jpg,莆田学院附属医院__图片__莆田学院附属医院__莆田炎症图片__ptyz115-1.png,莆田学院附属医院__图片__莆田学院附属医院__莆田炎症图片__ptyz115-1.json
dataset/gastritis_external/processed_images/莆田学院附属医院/crop_ui,莆田学院附属医院__图片__莆田学院附属医院__莆田炎症图片__ptyz83-5.jpg,0,1,1,1,0,,莆田学院附属医院__图片__莆田学院附属医院__莆田炎症图片__ptyz83-5_overlay.jpg,莆田学院附属医院__图片__莆田学院附属医院__莆田炎症图片__ptyz83-5.png,莆田学院附属医院__图片__莆田学院附属医院__莆田炎症图片__ptyz83-5.json
dataset/gastritis_external/processed_images/莆田学院附属医院/crop_ui,莆田学院附属医院__图片__莆田学院附属医院__莆田炎症图片__ptyz8-2.jpg,0,1,1,1,0,,莆田学院附属医院__图片__莆田学院附属医院__莆田炎症图片__ptyz8-2_overlay.jpg,莆田学院附属医院__图片__莆田学院附属医院__莆田炎症图片__ptyz8-2.png,莆田学院附属医院__图片__莆田学院附属医院__莆田炎症图片__ptyz8-2.json
dataset/gastritis_external/processed_images/莆田学院附属医院/crop_ui,莆田学院附属医院__图片__莆田学院附属医院__莆田炎症图片__ptyz12-10.jpg,0,1,1,1,0,,莆田学院附属医院__图片__莆田学院附属医院__莆田炎症图片__ptyz12-10_overlay.jpg,莆田学院附属医院__图片__莆田学院附属医院__莆田炎症图片__ptyz12-10.png,莆田学院附属医院__图片__莆田学院附属医院__莆田炎症图片__ptyz12-10.json
dataset/gastritis_external/processed_images/莆田学院附属医院/crop_ui,莆田学院附属医院__图片__莆田学院附属医院__莆田炎症图片__ptyz364-3.jpg,0,1,1,1,0,,莆田学院附属医院__图片__莆田学院附属医院__莆田炎症图片__ptyz364-3_overlay.jpg,莆田学院附属医院__图片__莆田学院附属医院__莆田炎症图片__ptyz364-3.png,莆田学院附属医院__图片__莆田学院附属医院__莆田炎症图片__ptyz364-3.json
dataset/gastritis_external/processed_images/莆田学院附属医院/crop_ui,莆田学院附属医院__图片__莆田学院附属医院__莆田炎症图片__ptyz31-5.jpg,0,1,1,1,0,,莆田学院附属医院__图片__莆田学院附属医院__莆田炎症图片__ptyz31-5_overlay.jpg,莆田学院附属医院__图片__莆田学院附属医院__莆田炎症图片__ptyz31-5.png,莆田学院附属医院__图片__莆田学院附属医院__莆田炎症图片__ptyz31-5.json
dataset/gastritis_external/processed_images/莆田学院附属医院/crop_ui,莆田学院附属医院__图片__莆田学院附属医院__莆田炎症图片__ptyz56-2.jpg,0,1,1,1,0,,莆田学院附属医院__图片__莆田学院附属医院__莆田炎症图片__ptyz56-2_overlay.jpg,莆田学院附属医院__图片__莆田学院附属医院__莆田炎症图片__ptyz56-2.png,莆田学院附属医院__图片__莆田学院附属医院__莆田炎症图片__ptyz56-2.json
dataset/gastritis_external/processed_images/莆田学院附属医院/crop_ui,莆田学院附属医院__图片__莆田学院附属医院__莆田炎症图片__ptyz433-6.jpg,0,1,1,1,0,,莆田学院附属医院__图片__莆田学院附属医院__莆田炎症图片__ptyz433-6_overlay.jpg,莆田学院附属医院__图片__莆田学院附属医院__莆田炎症图片__ptyz433-6.png,莆田学院附属医院__图片__莆田学院附属医院__莆田炎症图片__ptyz433-6.json
dataset/gastritis_external/processed_images/莆田学院附属医院/crop_ui,莆田学院附属医院__图片__莆田学院附属医院__莆田炎症图片__ptyz6-5.jpg,0,1,1,1,0,,莆田学院附属医院__图片__莆田学院附属医院__莆田炎症图片__ptyz6-5_overlay.jpg,莆田学院附属医院__图片__莆田学院附属医院__莆田炎症图片__ptyz6-5.png,莆田学院附属医院__图片__莆田学院附属医院__莆田炎症图片__ptyz6-5.json
dataset/gastritis_external/processed_images/莆田学院附属医院/crop_ui,莆田学院附属医院__图片__莆田学院附属医院__莆田炎症图片__ptyz52-1.jpg,0,1,1,1,0,,莆田学院附属医院__图片__莆田学院附属医院__莆田炎症图片__ptyz52-1_overlay.jpg,莆田学院附属医院__图片__莆田学院附属医院__莆田炎症图片__ptyz52-1.png,莆田学院附属医院__图片__莆田学院附属医院__莆田炎症图片__ptyz52-1.json
dataset/gastritis_external/processed_images/莆田学院附属医院/crop_ui,莆田学院附属医院__图片__莆田学院附属医院__莆田炎症图片__ptyz36-8.jpg,0,1,1,1,0,,莆田学院附属医院__图片__莆田学院附属医院__莆田炎症图片__ptyz36-8_overlay.jpg,莆田学院附属医院__图片__莆田学院附属医院__莆田炎症图片__ptyz36-8.png,莆田学院附属医院__图片__莆田学院附属医院__莆田炎症图片__ptyz36-8.json
dataset/gastritis_external/processed_images/莆田学院附属医院/crop_ui,莆田学院附属医院__图片__莆田学院附属医院__莆田炎症图片__ptyz308-2.jpg,0,1,1,1,0,,莆田学院附属医院__图片__莆田学院附属医院__莆田炎症图片__ptyz308-2_overlay.jpg,莆田学院附属医院__图片__莆田学院附属医院__莆田炎症图片__ptyz308-2.png,莆田学院附属医院__图片__莆田学院附属医院__莆田炎症图片__ptyz308-2.json
dataset/gastritis_external/processed_images/莆田学院附属医院/crop_ui,莆田学院附属医院__图片__莆田学院附属医院__莆田炎症图片__ptyz365-3.jpg,0,1,1,1,0,,莆田学院附属医院__图片__莆田学院附属医院__莆田炎症图片__ptyz365-3_overlay.jpg,莆田学院附属医院__图片__莆田学院附属医院__莆田炎症图片__ptyz365-3.png,莆田学院附属医院__图片__莆田学院附属医院__莆田炎症图片__ptyz365-3.json
dataset/gastritis_external/processed_images/莆田学院附属医院/crop_ui,莆田学院附属医院__图片__莆田学院附属医院__莆田炎症图片__ptyz95-1.jpg,0,1,1,1,0,,莆田学院附属医院__图片__莆田学院附属医院__莆田炎症图片__ptyz95-1_overlay.jpg,莆田学院附属医院__图片__莆田学院附属医院__莆田炎症图片__ptyz95-1.png,莆田学院附属医院__图片__莆田学院附属医院__莆田炎症图片__ptyz95-1.json
dataset/gastritis_external/processed_images/莆田学院附属医院/crop_ui,莆田学院附属医院__图片__莆田学院附属医院__莆田炎症图片__ptyz6-1.jpg,0,1,1,1,0,,莆田学院附属医院__图片__莆田学院附属医院__莆田炎症图片__ptyz6-1_overlay.jpg,莆田学院附属医院__图片__莆田学院附属医院__莆田炎症图片__ptyz6-1.png,莆田学院附属医院__图片__莆田学院附属医院__莆田炎症图片__ptyz6-1.json
dataset/gastritis_external/processed_images/莆田学院附属医院/crop_ui,莆田学院附属医院__图片__莆田学院附属医院__莆田炎症图片__ptyz433-5.jpg,0,1,1,1,0,,莆田学院附属医院__图片__莆田学院附属医院__莆田炎症图片__ptyz433-5_overlay.jpg,莆田学院附属医院__图片__莆田学院附属医院__莆田炎症图片__ptyz433-5.png,莆田学院附属医院__图片__莆田学院附属医院__莆田炎症图片__ptyz433-5.json
dataset/gastritis_external/processed_images/莆田学院附属医院/crop_ui,莆田学院附属医院__图片__莆田学院附属医院__莆田炎症图片__ptyz122-2.jpg,0,1,1,1,0,,莆田学院附属医院__图片__莆田学院附属医院__莆田炎症图片__ptyz122-2_overlay.jpg,莆田学院附属医院__图片__莆田学院附属医院__莆田炎症图片__ptyz122-2.png,莆田学院附属医院__图片__莆田学院附属医院__莆田炎症图片__ptyz122-2.json
dataset/gastritis_external/processed_images/莆田学院附属医院/crop_ui,莆田学院附属医院__图片__莆田学院附属医院__莆田炎症图片__ptyz204-1.jpg,0,1,1,1,0,,莆田学院附属医院__图片__莆田学院附属医院__莆田炎症图片__ptyz204-1_overlay.jpg,莆田学院附属医院__图片__莆田学院附属医院__莆田炎症图片__ptyz204-1.png,莆田学院附属医院__图片__莆田学院附属医院__莆田炎症图片__ptyz204-1.json
dataset/gastritis_external/processed_images/莆田学院附属医院/crop_ui,莆田学院附属医院__图片__莆田学院附属医院__莆田炎症图片__ptyz242-1.jpg,0,1,1,1,0,,莆田学院附属医院__图片__莆田学院附属医院__莆田炎症图片__ptyz242-1_overlay.jpg,莆田学院附属医院__图片__莆田学院附属医院__莆田炎症图片__ptyz242-1.png,莆田学院附属医院__图片__莆田学院附属医院__莆田炎症图片__ptyz242-1.json
dataset/gastritis_external/processed_images/莆田学院附属医院/crop_ui,莆田学院附属医院__图片__莆田学院附属医院__莆田炎症图片__ptyz253-3.jpg,0,1,1,1,0,,莆田学院附属医院__图片__莆田学院附属医院__莆田炎症图片__ptyz253-3_overlay.jpg,莆田学院附属医院__图片__莆田学院附属医院__莆田炎症图片__ptyz253-3.png,莆田学院附属医院__图片__莆田学院附属医院__莆田炎症图片__ptyz253-3.json
dataset/gastritis_external/processed_images/莆田学院附属医院/crop_ui,莆田学院附属医院__图片__莆田学院附属医院__莆田炎症图片__ptyz291-1.jpg,0,1,1,1,0,,莆田学院附属医院__图片__莆田学院附属医院__莆田炎症图片__ptyz291-1_overlay.jpg,莆田学院附属医院__图片__莆田学院附属医院__莆田炎症图片__ptyz291-1.png,莆田学院附属医院__图片__莆田学院附属医院__莆田炎症图片__ptyz291-1.json
dataset/gastritis_external/processed_images/莆田学院附属医院/crop_ui,莆田学院附属医院__图片__莆田学院附属医院__莆田炎症图片__ptyz342-2.jpg,0,1,1,1,0,,莆田学院附属医院__图片__莆田学院附属医院__莆田炎症图片__ptyz342-2_overlay.jpg,莆田学院附属医院__图片__莆田学院附属医院__莆田炎症图片__ptyz342-2.png,莆田学院附属医院__图片__莆田学院附属医院__莆田炎症图片__ptyz342-2.json
dataset/gastritis_external/processed_images/莆田学院附属医院/crop_ui,莆田学院附属医院__图片__莆田学院附属医院__莆田炎症图片__ptyz37-5.jpg,0,1,1,1,0,,莆田学院附属医院__图片__莆田学院附属医院__莆田炎症图片__ptyz37-5_overlay.jpg,莆田学院附属医院__图片__莆田学院附属医院__莆田炎症图片__ptyz37-5.png,莆田学院附属医院__图片__莆田学院附属医院__莆田炎症图片__ptyz37-5.json
dataset/gastritis_external/processed_images/莆田学院附属医院/crop_ui,莆田学院附属医院__图片__莆田学院附属医院__莆田炎症图片__ptyz338-3.jpg,0,1,1,1,0,,莆田学院附属医院__图片__莆田学院附属医院__莆田炎症图片__ptyz338-3_overlay.jpg,莆田学院附属医院__图片__莆田学院附属医院__莆田炎症图片__ptyz338-3.png,莆田学院附属医院__图片__莆田学院附属医院__莆田炎症图片__ptyz338-3.json
dataset/gastritis_external/processed_images/莆田学院附属医院/crop_ui,莆田学院附属医院__图片__莆田学院附属医院__莆田炎症图片__ptyz80-4.jpg,0,1,1,1,0,,莆田学院附属医院__图片__莆田学院附属医院__莆田炎症图片__ptyz80-4_overlay.jpg,莆田学院附属医院__图片__莆田学院附属医院__莆田炎症图片__ptyz80-4.png,莆田学院附属医院__图片__莆田学院附属医院__莆田炎症图片__ptyz80-4.json
dataset/gastritis_external/processed_images/莆田学院附属医院/crop_ui,莆田学院附属医院__图片__莆田学院附属医院__莆田炎症图片__ptyz103-3.jpg,0,1,1,1,0,,莆田学院附属医院__图片__莆田学院附属医院__莆田炎症图片__ptyz103-3_overlay.jpg,莆田学院附属医院__图片__莆田学院附属医院__莆田炎症图片__ptyz103-3.png,莆田学院附属医院__图片__莆田学院附属医院__莆田炎症图片__ptyz103-3.json
dataset/gastritis_external/processed_images/莆田学院附属医院/crop_ui,莆田学院附属医院__图片__莆田学院附属医院__莆田炎症图片__ptyz414-1.jpg,0,1,1,1,0,,莆田学院附属医院__图片__莆田学院附属医院__莆田炎症图片__ptyz414-1_overlay.jpg,莆田学院附属医院__图片__莆田学院附属医院__莆田炎症图片__ptyz414-1.png,莆田学院附属医院__图片__莆田学院附属医院__莆田炎症图片__ptyz414-1.json
dataset/gastritis_external/processed_images/莆田学院附属医院/crop_ui,莆田学院附属医院__图片__莆田学院附属医院__莆田炎症图片__ptyz399-3.jpg,0,1,1,1,0,,莆田学院附属医院__图片__莆田学院附属医院__莆田炎症图片__ptyz399-3_overlay.jpg,莆田学院附属医院__图片__莆田学院附属医院__莆田炎症图片__ptyz399-3.png,莆田学院附属医院__图片__莆田学院附属医院__莆田炎症图片__ptyz399-3.json
dataset/gastritis_external/processed_images/莆田学院附属医院/crop_ui,莆田学院附属医院__图片__莆田学院附属医院__莆田炎症图片__ptyz251.jpg,0,1,1,1,0,,莆田学院附属医院__图片__莆田学院附属医院__莆田炎症图片__ptyz251_overlay.jpg,莆田学院附属医院__图片__莆田学院附属医院__莆田炎症图片__ptyz251.png,莆田学院附属医院__图片__莆田学院附属医院__莆田炎症图片__ptyz251.json
dataset/gastritis_external/processed_images/莆田学院附属医院/crop_ui,莆田学院附属医院__图片__莆田学院附属医院__莆田炎症图片__ptyz358-3.jpg,0,1,1,1,0,,莆田学院附属医院__图片__莆田学院附属医院__莆田炎症图片__ptyz358-3_overlay.jpg,莆田学院附属医院__图片__莆田学院附属医院__莆田炎症图片__ptyz358-3.png,莆田学院附属医院__图片__莆田学院附属医院__莆田炎症图片__ptyz358-3.json
dataset/gastritis_external/processed_images/莆田学院附属医院/crop_ui,莆田学院附属医院__图片__莆田学院附属医院__莆田炎症图片__ptyz380-1.jpg,0,1,1,1,0,,莆田学院附属医院__图片__莆田学院附属医院__莆田炎症图片__ptyz380-1_overlay.jpg,莆田学院附属医院__图片__莆田学院附属医院__莆田炎症图片__ptyz380-1.png,莆田学院附属医院__图片__莆田学院附属医院__莆田炎症图片__ptyz380-1.json
dataset/gastritis_external/processed_images/莆田学院附属医院/crop_ui,莆田学院附属医院__图片__莆田学院附属医院__莆田炎症图片__ptyz142-1.jpg,0,1,1,1,0,,莆田学院附属医院__图片__莆田学院附属医院__莆田炎症图片__ptyz142-1_overlay.jpg,莆田学院附属医院__图片__莆田学院附属医院__莆田炎症图片__ptyz142-1.png,莆田学院附属医院__图片__莆田学院附属医院__莆田炎症图片__ptyz142-1.json
dataset/gastritis_external/processed_images/莆田学院附属医院/crop_ui,莆田学院附属医院__图片__莆田学院附属医院__莆田炎症图片__ptyz397-2.jpg,0,1,1,1,0,,莆田学院附属医院__图片__莆田学院附属医院__莆田炎症图片__ptyz397-2_overlay.jpg,莆田学院附属医院__图片__莆田学院附属医院__莆田炎症图片__ptyz397-2.png,莆田学院附属医院__图片__莆田学院附属医院__莆田炎症图片__ptyz397-2.json
dataset/gastritis_external/processed_images/莆田学院附属医院/crop_ui,莆田学院附属医院__图片__莆田学院附属医院__莆田炎症图片__ptyz7-4.jpg,0,1,1,1,0,,莆田学院附属医院__图片__莆田学院附属医院__莆田炎症图片__ptyz7-4_overlay.jpg,莆田学院附属医院__图片__莆田学院附属医院__莆田炎症图片__ptyz7-4.png,莆田学院附属医院__图片__莆田学院附属医院__莆田炎症图片__ptyz7-4.json
dataset/gastritis_external/processed_images/莆田学院附属医院/crop_ui,莆田学院附属医院__图片__莆田学院附属医院__莆田炎症图片__ptyz161-3.jpg,0,1,1,1,0,,莆田学院附属医院__图片__莆田学院附属医院__莆田炎症图片__ptyz161-3_overlay.jpg,莆田学院附属医院__图片__莆田学院附属医院__莆田炎症图片__ptyz161-3.png,莆田学院附属医院__图片__莆田学院附属医院__莆田炎症图片__ptyz161-3.json
dataset/gastritis_external/processed_images/莆田学院附属医院/crop_ui,莆田学院附属医院__图片__莆田学院附属医院__莆田炎症图片__ptyz431.jpg,0,1,1,1,0,,莆田学院附属医院__图片__莆田学院附属医院__莆田炎症图片__ptyz431_overlay.jpg,莆田学院附属医院__图片__莆田学院附属医院__莆田炎症图片__ptyz431.png,莆田学院附属医院__图片__莆田学院附属医院__莆田炎症图片__ptyz431.json
dataset/gastritis_external/processed_images/莆田学院附属医院/crop_ui,莆田学院附属医院__图片__莆田学院附属医院__莆田炎症图片__ptyz153-1.jpg,0,1,1,1,0,,莆田学院附属医院__图片__莆田学院附属医院__莆田炎症图片__ptyz153-1_overlay.jpg,莆田学院附属医院__图片__莆田学院附属医院__莆田炎症图片__ptyz153-1.png,莆田学院附属医院__图片__莆田学院附属医院__莆田炎症图片__ptyz153-1.json
dataset/gastritis_external/processed_images/莆田学院附属医院/crop_ui,莆田学院附属医院__图片__莆田学院附属医院__莆田炎症图片__ptyz88-2.jpg,0,1,1,1,0,,莆田学院附属医院__图片__莆田学院附属医院__莆田炎症图片__ptyz88-2_overlay.jpg,莆田学院附属医院__图片__莆田学院附属医院__莆田炎症图片__ptyz88-2.png,莆田学院附属医院__图片__莆田学院附属医院__莆田炎症图片__ptyz88-2.json
dataset/gastritis_external/processed_images/莆田学院附属医院/crop_ui,莆田学院附属医院__图片__莆田学院附属医院__莆田炎症图片__ptyz337-1.jpg,0,1,1,1,0,,莆田学院附属医院__图片__莆田学院附属医院__莆田炎症图片__ptyz337-1_overlay.jpg,莆田学院附属医院__图片__莆田学院附属医院__莆田炎症图片__ptyz337-1.png,莆田学院附属医院__图片__莆田学院附属医院__莆田炎症图片__ptyz337-1.json
dataset/gastritis_external/processed_images/莆田学院附属医院/crop_ui,莆田学院附属医院__图片__莆田学院附属医院__莆田炎症图片__ptyz118-3.jpg,0,1,1,1,0,,莆田学院附属医院__图片__莆田学院附属医院__莆田炎症图片__ptyz118-3_overlay.jpg,莆田学院附属医院__图片__莆田学院附属医院__莆田炎症图片__ptyz118-3.png,莆田学院附属医院__图片__莆田学院附属医院__莆田炎症图片__ptyz118-3.json
dataset/gastritis_external/processed_images/莆田学院附属医院/crop_ui,莆田学院附属医院__图片__莆田学院附属医院__莆田炎症图片__ptyz17-2.jpg,0,1,1,1,0,,莆田学院附属医院__图片__莆田学院附属医院__莆田炎症图片__ptyz17-2_overlay.jpg,莆田学院附属医院__图片__莆田学院附属医院__莆田炎症图片__ptyz17-2.png,莆田学院附属医院__图片__莆田学院附属医院__莆田炎症图片__ptyz17-2.json
dataset/gastritis_external/processed_images/莆田学院附属医院/crop_ui,莆田学院附属医院__图片__莆田学院附属医院__莆田炎症图片__ptyz361-1.jpg,0,1,1,1,0,,莆田学院附属医院__图片__莆田学院附属医院__莆田炎症图片__ptyz361-1_overlay.jpg,莆田学院附属医院__图片__莆田学院附属医院__莆田炎症图片__ptyz361-1.png,莆田学院附属医院__图片__莆田学院附属医院__莆田炎症图片__ptyz361-1.json
dataset/gastritis_external/processed_images/莆田学院附属医院/crop_ui,莆田学院附属医院__图片__莆田学院附属医院__莆田炎症图片__ptyz278-2.jpg,0,1,1,1,0,,莆田学院附属医院__图片__莆田学院附属医院__莆田炎症图片__ptyz278-2_overlay.jpg,莆田学院附属医院__图片__莆田学院附属医院__莆田炎症图片__ptyz278-2.png,莆田学院附属医院__图片__莆田学院附属医院__莆田炎症图片__ptyz278-2.json
dataset/gastritis_external/processed_images/莆田学院附属医院/crop_ui,莆田学院附属医院__图片__莆田学院附属医院__莆田炎症图片__ptyz50-3.jpg,0,1,1,1,0,,莆田学院附属医院__图片__莆田学院附属医院__莆田炎症图片__ptyz50-3_overlay.jpg,莆田学院附属医院__图片__莆田学院附属医院__莆田炎症图片__ptyz50-3.png,莆田学院附属医院__图片__莆田学院附属医院__莆田炎症图片__ptyz50-3.json
dataset/gastritis_external/processed_images/莆田学院附属医院/crop_ui,莆田学院附属医院__图片__莆田学院附属医院__莆田炎症图片__ptyz289-2.jpg,0,1,1,1,0,,莆田学院附属医院__图片__莆田学院附属医院__莆田炎症图片__ptyz289-2_overlay.jpg,莆田学院附属医院__图片__莆田学院附属医院__莆田炎症图片__ptyz289-2.png,莆田学院附属医院__图片__莆田学院附属医院__莆田炎症图片__ptyz289-2.json
dataset/gastritis_external/processed_images/莆田学院附属医院/crop_ui,莆田学院附属医院__图片__莆田学院附属医院__莆田炎症图片__ptyz14-1.jpg,0,1,1,1,0,,莆田学院附属医院__图片__莆田学院附属医院__莆田炎症图片__ptyz14-1_overlay.jpg,莆田学院附属医院__图片__莆田学院附属医院__莆田炎症图片__ptyz14-1.png,莆田学院附属医院__图片__莆田学院附属医院__莆田炎症图片__ptyz14-1.json
dataset/gastritis_external/processed_images/莆田学院附属医院/crop_ui,莆田学院附属医院__图片__莆田学院附属医院__莆田炎症图片__ptyz161-1.jpg,0,1,1,1,0,,莆田学院附属医院__图片__莆田学院附属医院__莆田炎症图片__ptyz161-1_overlay.jpg,莆田学院附属医院__图片__莆田学院附属医院__莆田炎症图片__ptyz161-1.png,莆田学院附属医院__图片__莆田学院附属医院__莆田炎症图片__ptyz161-1.json
dataset/gastritis_external/processed_images/莆田学院附属医院/crop_ui,莆田学院附属医院__图片__莆田学院附属医院__莆田炎症图片__ptyz392-4.jpg,0,1,1,1,0,,莆田学院附属医院__图片__莆田学院附属医院__莆田炎症图片__ptyz392-4_overlay.jpg,莆田学院附属医院__图片__莆田学院附属医院__莆田炎症图片__ptyz392-4.png,莆田学院附属医院__图片__莆田学院附属医院__莆田炎症图片__ptyz392-4.json
dataset/gastritis_external/processed_images/莆田学院附属医院/crop_ui,莆田学院附属医院__图片__莆田学院附属医院__莆田炎症图片__ptyz219.jpg,0,1,1,1,0,,莆田学院附属医院__图片__莆田学院附属医院__莆田炎症图片__ptyz219_overlay.jpg,莆田学院附属医院__图片__莆田学院附属医院__莆田炎症图片__ptyz219.png,莆田学院附属医院__图片__莆田学院附属医院__莆田炎症图片__ptyz219.json
dataset/gastritis_external/processed_images/莆田学院附属医院/crop_ui,莆田学院附属医院__图片__莆田学院附属医院__莆田炎症图片__ptyz166-2.jpg,0,1,1,1,0,,莆田学院附属医院__图片__莆田学院附属医院__莆田炎症图片__ptyz166-2_overlay.jpg,莆田学院附属医院__图片__莆田学院附属医院__莆田炎症图片__ptyz166-2.png,莆田学院附属医院__图片__莆田学院附属医院__莆田炎症图片__ptyz166-2.json
dataset/gastritis_external/processed_images/莆田学院附属医院/crop_ui,莆田学院附属医院__图片__莆田学院附属医院__莆田炎症图片__ptyz270-1.jpg,0,1,1,1,0,,莆田学院附属医院__图片__莆田学院附属医院__莆田炎症图片__ptyz270-1_overlay.jpg,莆田学院附属医院__图片__莆田学院附属医院__莆田炎症图片__ptyz270-1.png,莆田学院附属医院__图片__莆田学院附属医院__莆田炎症图片__ptyz270-1.json
dataset/gastritis_external/processed_images/莆田学院附属医院/crop_ui,莆田学院附属医院__图片__莆田学院附属医院__莆田炎症图片__ptyz240-1.jpg,0,1,1,1,0,,莆田学院附属医院__图片__莆田学院附属医院__莆田炎症图片__ptyz240-1_overlay.jpg,莆田学院附属医院__图片__莆田学院附属医院__莆田炎症图片__ptyz240-1.png,莆田学院附属医院__图片__莆田学院附属医院__莆田炎症图片__ptyz240-1.json
dataset/gastritis_external/processed_images/莆田学院附属医院/crop_ui,莆田学院附属医院__图片__莆田学院附属医院__莆田炎症图片__ptyz338-2.jpg,0,1,1,1,0,,莆田学院附属医院__图片__莆田学院附属医院__莆田炎症图片__ptyz338-2_overlay.jpg,莆田学院附属医院__图片__莆田学院附属医院__莆田炎症图片__ptyz338-2.png,莆田学院附属医院__图片__莆田学院附属医院__莆田炎症图片__ptyz338-2.json
dataset/gastritis_external/processed_images/莆田学院附属医院/crop_ui,莆田学院附属医院__图片__莆田学院附属医院__莆田炎症图片__ptyz302-2.jpg,0,1,1,1,0,,莆田学院附属医院__图片__莆田学院附属医院__莆田炎症图片__ptyz302-2_overlay.jpg,莆田学院附属医院__图片__莆田学院附属医院__莆田炎症图片__ptyz302-2.png,莆田学院附属医院__图片__莆田学院附属医院__莆田炎症图片__ptyz302-2.json
dataset/gastritis_external/processed_images/莆田学院附属医院/crop_ui,莆田学院附属医院__图片__莆田学院附属医院__莆田炎症图片__ptyz77-1.jpg,0,1,1,1,0,,莆田学院附属医院__图片__莆田学院附属医院__莆田炎症图片__ptyz77-1_overlay.jpg,莆田学院附属医院__图片__莆田学院附属医院__莆田炎症图片__ptyz77-1.png,莆田学院附属医院__图片__莆田学院附属医院__莆田炎症图片__ptyz77-1.json
dataset/gastritis_external/processed_images/莆田学院附属医院/crop_ui,莆田学院附属医院__图片__莆田学院附属医院__莆田炎症图片__ptyz118-6.jpg,0,1,1,1,0,,莆田学院附属医院__图片__莆田学院附属医院__莆田炎症图片__ptyz118-6_overlay.jpg,莆田学院附属医院__图片__莆田学院附属医院__莆田炎症图片__ptyz118-6.png,莆田学院附属医院__图片__莆田学院附属医院__莆田炎症图片__ptyz118-6.json
dataset/gastritis_external/processed_images/莆田学院附属医院/crop_ui,莆田学院附属医院__图片__莆田学院附属医院__莆田炎症图片__ptyz277-3.jpg,0,1,1,1,0,,莆田学院附属医院__图片__莆田学院附属医院__莆田炎症图片__ptyz277-3_overlay.jpg,莆田学院附属医院__图片__莆田学院附属医院__莆田炎症图片__ptyz277-3.png,莆田学院附属医院__图片__莆田学院附属医院__莆田炎症图片__ptyz277-3.json
dataset/gastritis_external/processed_images/莆田学院附属医院/crop_ui,莆田学院附属医院__图片__莆田学院附属医院__莆田炎症图片__ptyz57-2.jpg,0,1,1,1,0,,莆田学院附属医院__图片__莆田学院附属医院__莆田炎症图片__ptyz57-2_overlay.jpg,莆田学院附属医院__图片__莆田学院附属医院__莆田炎症图片__ptyz57-2.png,莆田学院附属医院__图片__莆田学院附属医院__莆田炎症图片__ptyz57-2.json
dataset/gastritis_external/processed_images/莆田学院附属医院/crop_ui,莆田学院附属医院__图片__莆田学院附属医院__莆田炎症图片__ptyz38-4.jpg,0,1,1,1,0,,莆田学院附属医院__图片__莆田学院附属医院__莆田炎症图片__ptyz38-4_overlay.jpg,莆田学院附属医院__图片__莆田学院附属医院__莆田炎症图片__ptyz38-4.png,莆田学院附属医院__图片__莆田学院附属医院__莆田炎症图片__ptyz38-4.json
dataset/gastritis_external/processed_images/莆田学院附属医院/crop_ui,莆田学院附属医院__图片__莆田学院附属医院__莆田炎症图片__ptyz165-1.jpg,0,1,1,1,0,,莆田学院附属医院__图片__莆田学院附属医院__莆田炎症图片__ptyz165-1_overlay.jpg,莆田学院附属医院__图片__莆田学院附属医院__莆田炎症图片__ptyz165-1.png,莆田学院附属医院__图片__莆田学院附属医院__莆田炎症图片__ptyz165-1.json
dataset/gastritis_external/processed_images/莆田学院附属医院/crop_ui,莆田学院附属医院__图片__莆田学院附属医院__莆田炎症图片__ptyz341-2.jpg,0,1,1,1,0,,莆田学院附属医院__图片__莆田学院附属医院__莆田炎症图片__ptyz341-2_overlay.jpg,莆田学院附属医院__图片__莆田学院附属医院__莆田炎症图片__ptyz341-2.png,莆田学院附属医院__图片__莆田学院附属医院__莆田炎症图片__ptyz341-2.json
dataset/gastritis_external/processed_images/莆田学院附属医院/crop_ui,莆田学院附属医院__图片__莆田学院附属医院__莆田炎症图片__ptyz82-9.jpg,0,1,1,1,0,,莆田学院附属医院__图片__莆田学院附属医院__莆田炎症图片__ptyz82-9_overlay.jpg,莆田学院附属医院__图片__莆田学院附属医院__莆田炎症图片__ptyz82-9.png,莆田学院附属医院__图片__莆田学院附属医院__莆田炎症图片__ptyz82-9.json
dataset/gastritis_external/processed_images/莆田学院附属医院/crop_ui,莆田学院附属医院__图片__莆田学院附属医院__莆田炎症图片__ptyz257-2.jpg,0,1,1,1,0,,莆田学院附属医院__图片__莆田学院附属医院__莆田炎症图片__ptyz257-2_overlay.jpg,莆田学院附属医院__图片__莆田学院附属医院__莆田炎症图片__ptyz257-2.png,莆田学院附属医院__图片__莆田学院附属医院__莆田炎症图片__ptyz257-2.json
dataset/gastritis_external/processed_images/莆田学院附属医院/crop_ui,莆田学院附属医院__图片__莆田学院附属医院__莆田炎症图片__ptyz367-2.jpg,0,1,1,1,0,,莆田学院附属医院__图片__莆田学院附属医院__莆田炎症图片__ptyz367-2_overlay.jpg,莆田学院附属医院__图片__莆田学院附属医院__莆田炎症图片__ptyz367-2.png,莆田学院附属医院__图片__莆田学院附属医院__莆田炎症图片__ptyz367-2.json
dataset/gastritis_external/processed_images/莆田学院附属医院/crop_ui,莆田学院附属医院__图片__莆田学院附属医院__莆田炎症图片__ptyz81-3.jpg,0,1,1,1,0,,莆田学院附属医院__图片__莆田学院附属医院__莆田炎症图片__ptyz81-3_overlay.jpg,莆田学院附属医院__图片__莆田学院附属医院__莆田炎症图片__ptyz81-3.png,莆田学院附属医院__图片__莆田学院附属医院__莆田炎症图片__ptyz81-3.json
dataset/gastritis_external/processed_images/莆田学院附属医院/crop_ui,莆田学院附属医院__图片__莆田学院附属医院__莆田炎症图片__ptyz12-13.jpg,0,1,1,1,0,,莆田学院附属医院__图片__莆田学院附属医院__莆田炎症图片__ptyz12-13_overlay.jpg,莆田学院附属医院__图片__莆田学院附属医院__莆田炎症图片__ptyz12-13.png,莆田学院附属医院__图片__莆田学院附属医院__莆田炎症图片__ptyz12-13.json
dataset/gastritis_external/processed_images/莆田学院附属医院/crop_ui,莆田学院附属医院__图片__莆田学院附属医院__莆田炎症图片__ptyz348-1.jpg,0,1,1,1,0,,莆田学院附属医院__图片__莆田学院附属医院__莆田炎症图片__ptyz348-1_overlay.jpg,莆田学院附属医院__图片__莆田学院附属医院__莆田炎症图片__ptyz348-1.png,莆田学院附属医院__图片__莆田学院附属医院__莆田炎症图片__ptyz348-1.json
dataset/gastritis_external/processed_images/莆田学院附属医院/crop_ui,莆田学院附属医院__图片__莆田学院附属医院__莆田炎症图片__ptyz424-2.jpg,0,1,1,1,0,,莆田学院附属医院__图片__莆田学院附属医院__莆田炎症图片__ptyz424-2_overlay.jpg,莆田学院附属医院__图片__莆田学院附属医院__莆田炎症图片__ptyz424-2.png,莆田学院附属医院__图片__莆田学院附属医院__莆田炎症图片__ptyz424-2.json
dataset/gastritis_external/processed_images/莆田学院附属医院/crop_ui,莆田学院附属医院__图片__莆田学院附属医院__莆田炎症图片__ptyz299-3.jpg,0,1,1,1,0,,莆田学院附属医院__图片__莆田学院附属医院__莆田炎症图片__ptyz299-3_overlay.jpg,莆田学院附属医院__图片__莆田学院附属医院__莆田炎症图片__ptyz299-3.png,莆田学院附属医院__图片__莆田学院附属医院__莆田炎症图片__ptyz299-3.json
dataset/gastritis_external/processed_images/莆田学院附属医院/crop_ui,莆田学院附属医院__图片__莆田学院附属医院__莆田炎症图片__ptyz90-1.jpg,0,1,1,1,0,,莆田学院附属医院__图片__莆田学院附属医院__莆田炎症图片__ptyz90-1_overlay.jpg,莆田学院附属医院__图片__莆田学院附属医院__莆田炎症图片__ptyz90-1.png,莆田学院附属医院__图片__莆田学院附属医院__莆田炎症图片__ptyz90-1.json
dataset/gastritis_external/processed_images/莆田学院附属医院/crop_ui,莆田学院附属医院__图片__莆田学院附属医院__莆田炎症图片__ptyz424-3.jpg,0,1,1,1,0,,莆田学院附属医院__图片__莆田学院附属医院__莆田炎症图片__ptyz424-3_overlay.jpg,莆田学院附属医院__图片__莆田学院附属医院__莆田炎症图片__ptyz424-3.png,莆田学院附属医院__图片__莆田学院附属医院__莆田炎症图片__ptyz424-3.json
dataset/gastritis_external/processed_images/莆田学院附属医院/crop_ui,莆田学院附属医院__图片__莆田学院附属医院__莆田炎症图片__ptyz18-7.jpg,0,1,1,1,0,,莆田学院附属医院__图片__莆田学院附属医院__莆田炎症图片__ptyz18-7_overlay.jpg,莆田学院附属医院__图片__莆田学院附属医院__莆田炎症图片__ptyz18-7.png,莆田学院附属医院__图片__莆田学院附属医院__莆田炎症图片__ptyz18-7.json
dataset/gastritis_external/processed_images/莆田学院附属医院/crop_ui,莆田学院附属医院__图片__莆田学院附属医院__莆田炎症图片__ptyz303-2.jpg,0,1,1,1,0,,莆田学院附属医院__图片__莆田学院附属医院__莆田炎症图片__ptyz303-2_overlay.jpg,莆田学院附属医院__图片__莆田学院附属医院__莆田炎症图片__ptyz303-2.png,莆田学院附属医院__图片__莆田学院附属医院__莆田炎症图片__ptyz303-2.json
dataset/gastritis_external/processed_images/莆田学院附属医院/crop_ui,莆田学院附属医院__图片__莆田学院附属医院__莆田炎症图片__ptyz105-7.jpg,0,1,1,1,0,,莆田学院附属医院__图片__莆田学院附属医院__莆田炎症图片__ptyz105-7_overlay.jpg,莆田学院附属医院__图片__莆田学院附属医院__莆田炎症图片__ptyz105-7.png,莆田学院附属医院__图片__莆田学院附属医院__莆田炎症图片__ptyz105-7.json
dataset/gastritis_external/processed_images/莆田学院附属医院/crop_ui,莆田学院附属医院__图片__莆田学院附属医院__莆田炎症图片__ptyz124-1.jpg,0,1,1,1,0,,莆田学院附属医院__图片__莆田学院附属医院__莆田炎症图片__ptyz124-1_overlay.jpg,莆田学院附属医院__图片__莆田学院附属医院__莆田炎症图片__ptyz124-1.png,莆田学院附属医院__图片__莆田学院附属医院__莆田炎症图片__ptyz124-1.json
dataset/gastritis_external/processed_images/莆田学院附属医院/crop_ui,莆田学院附属医院__图片__莆田学院附属医院__莆田炎症图片__ptyz3-3.jpg,0,1,1,1,0,,莆田学院附属医院__图片__莆田学院附属医院__莆田炎症图片__ptyz3-3_overlay.jpg,莆田学院附属医院__图片__莆田学院附属医院__莆田炎症图片__ptyz3-3.png,莆田学院附属医院__图片__莆田学院附属医院__莆田炎症图片__ptyz3-3.json
dataset/gastritis_external/processed_images/莆田学院附属医院/crop_ui,莆田学院附属医院__图片__莆田学院附属医院__莆田炎症图片__ptyz260-2.jpg,0,1,1,1,0,,莆田学院附属医院__图片__莆田学院附属医院__莆田炎症图片__ptyz260-2_overlay.jpg,莆田学院附属医院__图片__莆田学院附属医院__莆田炎症图片__ptyz260-2.png,莆田学院附属医院__图片__莆田学院附属医院__莆田炎症图片__ptyz260-2.json
dataset/gastritis_external/processed_images/莆田学院附属医院/crop_ui,莆田学院附属医院__图片__莆田学院附属医院__莆田炎症图片__ptyz256-1.jpg,0,1,1,1,0,,莆田学院附属医院__图片__莆田学院附属医院__莆田炎症图片__ptyz256-1_overlay.jpg,莆田学院附属医院__图片__莆田学院附属医院__莆田炎症图片__ptyz256-1.png,莆田学院附属医院__图片__莆田学院附属医院__莆田炎症图片__ptyz256-1.json
dataset/gastritis_external/processed_images/莆田学院附属医院/crop_ui,莆田学院附属医院__图片__莆田学院附属医院__莆田炎症图片__ptyz354-3.jpg,0,1,1,1,0,,莆田学院附属医院__图片__莆田学院附属医院__莆田炎症图片__ptyz354-3_overlay.jpg,莆田学院附属医院__图片__莆田学院附属医院__莆田炎症图片__ptyz354-3.png,莆田学院附属医院__图片__莆田学院附属医院__莆田炎症图片__ptyz354-3.json
dataset/gastritis_external/processed_images/莆田学院附属医院/crop_ui,莆田学院附属医院__图片__莆田学院附属医院__莆田炎症图片__ptyz183-3.jpg,0,1,1,1,0,,莆田学院附属医院__图片__莆田学院附属医院__莆田炎症图片__ptyz183-3_overlay.jpg,莆田学院附属医院__图片__莆田学院附属医院__莆田炎症图片__ptyz183-3.png,莆田学院附属医院__图片__莆田学院附属医院__莆田炎症图片__ptyz183-3.json
dataset/gastritis_external/processed_images/莆田学院附属医院/crop_ui,莆田学院附属医院__图片__莆田学院附属医院__莆田炎症图片__ptyz52-6.jpg,0,1,1,1,0,,莆田学院附属医院__图片__莆田学院附属医院__莆田炎症图片__ptyz52-6_overlay.jpg,莆田学院附属医院__图片__莆田学院附属医院__莆田炎症图片__ptyz52-6.png,莆田学院附属医院__图片__莆田学院附属医院__莆田炎症图片__ptyz52-6.json
dataset/gastritis_external/processed_images/莆田学院附属医院/crop_ui,莆田学院附属医院__图片__莆田学院附属医院__莆田炎症图片__ptyz438-4.jpg,0,1,1,1,0,,莆田学院附属医院__图片__莆田学院附属医院__莆田炎症图片__ptyz438-4_overlay.jpg,莆田学院附属医院__图片__莆田学院附属医院__莆田炎症图片__ptyz438-4.png,莆田学院附属医院__图片__莆田学院附属医院__莆田炎症图片__ptyz438-4.json
dataset/gastritis_external/processed_images/莆田学院附属医院/crop_ui,莆田学院附属医院__图片__莆田学院附属医院__莆田炎症图片__ptyz406-6.jpg,0,1,1,1,0,,莆田学院附属医院__图片__莆田学院附属医院__莆田炎症图片__ptyz406-6_overlay.jpg,莆田学院附属医院__图片__莆田学院附属医院__莆田炎症图片__ptyz406-6.png,莆田学院附属医院__图片__莆田学院附属医院__莆田炎症图片__ptyz406-6.json
dataset/gastritis_external/processed_images/莆田学院附属医院/crop_ui,莆田学院附属医院__图片__莆田学院附属医院__莆田炎症图片__ptyz98-1.jpg,0,1,1,1,0,,莆田学院附属医院__图片__莆田学院附属医院__莆田炎症图片__ptyz98-1_overlay.jpg,莆田学院附属医院__图片__莆田学院附属医院__莆田炎症图片__ptyz98-1.png,莆田学院附属医院__图片__莆田学院附属医院__莆田炎症图片__ptyz98-1.json
dataset/gastritis_external/processed_images/莆田学院附属医院/crop_ui,莆田学院附属医院__图片__莆田学院附属医院__莆田炎症图片__ptyz177-2.jpg,0,1,1,1,0,,莆田学院附属医院__图片__莆田学院附属医院__莆田炎症图片__ptyz177-2_overlay.jpg,莆田学院附属医院__图片__莆田学院附属医院__莆田炎症图片__ptyz177-2.png,莆田学院附属医院__图片__莆田学院附属医院__莆田炎症图片__ptyz177-2.json
dataset/gastritis_external/processed_images/莆田学院附属医院/crop_ui,莆田学院附属医院__图片__莆田学院附属医院__莆田炎症图片__ptyz275-3.jpg,0,1,1,1,0,,莆田学院附属医院__图片__莆田学院附属医院__莆田炎症图片__ptyz275-3_overlay.jpg,莆田学院附属医院__图片__莆田学院附属医院__莆田炎症图片__ptyz275-3.png,莆田学院附属医院__图片__莆田学院附属医院__莆田炎症图片__ptyz275-3.json
dataset/gastritis_external/processed_images/莆田学院附属医院/crop_ui,莆田学院附属医院__图片__莆田学院附属医院__莆田炎症图片__ptyz74-1.jpg,0,1,1,1,0,,莆田学院附属医院__图片__莆田学院附属医院__莆田炎症图片__ptyz74-1_overlay.jpg,莆田学院附属医院__图片__莆田学院附属医院__莆田炎症图片__ptyz74-1.png,莆田学院附属医院__图片__莆田学院附属医院__莆田炎症图片__ptyz74-1.json
dataset/gastritis_external/processed_images/莆田学院附属医院/crop_ui,莆田学院附属医院__图片__莆田学院附属医院__莆田炎症图片__ptyz412-4.jpg,0,1,1,1,0,,莆田学院附属医院__图片__莆田学院附属医院__莆田炎症图片__ptyz412-4_overlay.jpg,莆田学院附属医院__图片__莆田学院附属医院__莆田炎症图片__ptyz412-4.png,莆田学院附属医院__图片__莆田学院附属医院__莆田炎症图片__ptyz412-4.json
dataset/gastritis_external/processed_images/莆田学院附属医院/crop_ui,莆田学院附属医院__图片__莆田学院附属医院__莆田炎症图片__ptyz327-1.jpg,0,1,1,1,0,,莆田学院附属医院__图片__莆田学院附属医院__莆田炎症图片__ptyz327-1_overlay.jpg,莆田学院附属医院__图片__莆田学院附属医院__莆田炎症图片__ptyz327-1.png,莆田学院附属医院__图片__莆田学院附属医院__莆田炎症图片__ptyz327-1.json
dataset/gastritis_external/processed_images/莆田学院附属医院/crop_ui,莆田学院附属医院__图片__莆田学院附属医院__莆田炎症图片__ptyz327-2.jpg,0,1,1,1,0,,莆田学院附属医院__图片__莆田学院附属医院__莆田炎症图片__ptyz327-2_overlay.jpg,莆田学院附属医院__图片__莆田学院附属医院__莆田炎症图片__ptyz327-2.png,莆田学院附属医院__图片__莆田学院附属医院__莆田炎症图片__ptyz327-2.json
dataset/gastritis_external/processed_images/莆田学院附属医院/crop_ui,莆田学院附属医院__图片__莆田学院附属医院__莆田炎症图片__ptyz60-2.jpg,0,1,1,1,0,,莆田学院附属医院__图片__莆田学院附属医院__莆田炎症图片__ptyz60-2_overlay.jpg,莆田学院附属医院__图片__莆田学院附属医院__莆田炎症图片__ptyz60-2.png,莆田学院附属医院__图片__莆田学院附属医院__莆田炎症图片__ptyz60-2.json
dataset/gastritis_external/processed_images/莆田学院附属医院/crop_ui,莆田学院附属医院__图片__莆田学院附属医院__莆田炎症图片__ptyz135-3.jpg,0,1,1,1,0,,莆田学院附属医院__图片__莆田学院附属医院__莆田炎症图片__ptyz135-3_overlay.jpg,莆田学院附属医院__图片__莆田学院附属医院__莆田炎症图片__ptyz135-3.png,莆田学院附属医院__图片__莆田学院附属医院__莆田炎症图片__ptyz135-3.json
dataset/gastritis_external/processed_images/莆田学院附属医院/crop_ui,莆田学院附属医院__图片__莆田学院附属医院__莆田炎症图片__ptyz100-3.jpg,0,1,1,1,0,,莆田学院附属医院__图片__莆田学院附属医院__莆田炎症图片__ptyz100-3_overlay.jpg,莆田学院附属医院__图片__莆田学院附属医院__莆田炎症图片__ptyz100-3.png,莆田学院附属医院__图片__莆田学院附属医院__莆田炎症图片__ptyz100-3.json
dataset/gastritis_external/processed_images/莆田学院附属医院/crop_ui,莆田学院附属医院__图片__莆田学院附属医院__莆田炎症图片__ptyz235-4.jpg,0,1,1,1,0,,莆田学院附属医院__图片__莆田学院附属医院__莆田炎症图片__ptyz235-4_overlay.jpg,莆田学院附属医院__图片__莆田学院附属医院__莆田炎症图片__ptyz235-4.png,莆田学院附属医院__图片__莆田学院附属医院__莆田炎症图片__ptyz235-4.json
dataset/gastritis_external/processed_images/莆田学院附属医院/crop_ui,莆田学院附属医院__图片__莆田学院附属医院__莆田炎症图片__ptyz211-2.jpg,0,1,1,1,0,,莆田学院附属医院__图片__莆田学院附属医院__莆田炎症图片__ptyz211-2_overlay.jpg,莆田学院附属医院__图片__莆田学院附属医院__莆田炎症图片__ptyz211-2.png,莆田学院附属医院__图片__莆田学院附属医院__莆田炎症图片__ptyz211-2.json
dataset/gastritis_external/processed_images/莆田学院附属医院/crop_ui,莆田学院附属医院__图片__莆田学院附属医院__莆田炎症图片__ptyz305-2.jpg,0,1,1,1,0,,莆田学院附属医院__图片__莆田学院附属医院__莆田炎症图片__ptyz305-2_overlay.jpg,莆田学院附属医院__图片__莆田学院附属医院__莆田炎症图片__ptyz305-2.png,莆田学院附属医院__图片__莆田学院附属医院__莆田炎症图片__ptyz305-2.json
dataset/gastritis_external/processed_images/莆田学院附属医院/crop_ui,莆田学院附属医院__图片__莆田学院附属医院__莆田炎症图片__ptyz12-1.jpg,0,1,1,1,0,,莆田学院附属医院__图片__莆田学院附属医院__莆田炎症图片__ptyz12-1_overlay.jpg,莆田学院附属医院__图片__莆田学院附属医院__莆田炎症图片__ptyz12-1.png,莆田学院附属医院__图片__莆田学院附属医院__莆田炎症图片__ptyz12-1.json
dataset/gastritis_external/processed_images/莆田学院附属医院/crop_ui,莆田学院附属医院__图片__莆田学院附属医院__莆田炎症图片__ptyz379-5.jpg,0,1,1,1,0,,莆田学院附属医院__图片__莆田学院附属医院__莆田炎症图片__ptyz379-5_overlay.jpg,莆田学院附属医院__图片__莆田学院附属医院__莆田炎症图片__ptyz379-5.png,莆田学院附属医院__图片__莆田学院附属医院__莆田炎症图片__ptyz379-5.json
dataset/gastritis_external/processed_images/莆田学院附属医院/crop_ui,莆田学院附属医院__图片__莆田学院附属医院__莆田炎症图片__ptyz12-17.jpg,0,1,1,1,0,,莆田学院附属医院__图片__莆田学院附属医院__莆田炎症图片__ptyz12-17_overlay.jpg,莆田学院附属医院__图片__莆田学院附属医院__莆田炎症图片__ptyz12-17.png,莆田学院附属医院__图片__莆田学院附属医院__莆田炎症图片__ptyz12-17.json
dataset/gastritis_external/processed_images/莆田学院附属医院/crop_ui,莆田学院附属医院__图片__莆田学院附属医院__莆田炎症图片__ptyz331-2.jpg,0,1,1,1,0,,莆田学院附属医院__图片__莆田学院附属医院__莆田炎症图片__ptyz331-2_overlay.jpg,莆田学院附属医院__图片__莆田学院附属医院__莆田炎症图片__ptyz331-2.png,莆田学院附属医院__图片__莆田学院附属医院__莆田炎症图片__ptyz331-2.json
dataset/gastritis_external/processed_images/莆田学院附属医院/crop_ui,莆田学院附属医院__图片__莆田学院附属医院__莆田炎症图片__ptyz142-4.jpg,0,1,1,1,0,,莆田学院附属医院__图片__莆田学院附属医院__莆田炎症图片__ptyz142-4_overlay.jpg,莆田学院附属医院__图片__莆田学院附属医院__莆田炎症图片__ptyz142-4.png,莆田学院附属医院__图片__莆田学院附属医院__莆田炎症图片__ptyz142-4.json
dataset/gastritis_external/processed_images/莆田学院附属医院/crop_ui,莆田学院附属医院__图片__莆田学院附属医院__莆田炎症图片__ptyz120-2.jpg,0,1,1,1,0,,莆田学院附属医院__图片__莆田学院附属医院__莆田炎症图片__ptyz120-2_overlay.jpg,莆田学院附属医院__图片__莆田学院附属医院__莆田炎症图片__ptyz120-2.png,莆田学院附属医院__图片__莆田学院附属医院__莆田炎症图片__ptyz120-2.json
dataset/gastritis_external/processed_images/莆田学院附属医院/crop_ui,莆田学院附属医院__图片__莆田学院附属医院__莆田炎症图片__ptyz69-3.jpg,0,1,1,1,0,,莆田学院附属医院__图片__莆田学院附属医院__莆田炎症图片__ptyz69-3_overlay.jpg,莆田学院附属医院__图片__莆田学院附属医院__莆田炎症图片__ptyz69-3.png,莆田学院附属医院__图片__莆田学院附属医院__莆田炎症图片__ptyz69-3.json
dataset/gastritis_external/processed_images/莆田学院附属医院/crop_ui,莆田学院附属医院__图片__莆田学院附属医院__莆田炎症图片__ptyz43-4.jpg,0,1,1,1,0,,莆田学院附属医院__图片__莆田学院附属医院__莆田炎症图片__ptyz43-4_overlay.jpg,莆田学院附属医院__图片__莆田学院附属医院__莆田炎症图片__ptyz43-4.png,莆田学院附属医院__图片__莆田学院附属医院__莆田炎症图片__ptyz43-4.json
dataset/gastritis_external/processed_images/莆田学院附属医院/crop_ui,莆田学院附属医院__图片__莆田学院附属医院__莆田炎症图片__ptyz396-3.jpg,0,1,1,1,0,,莆田学院附属医院__图片__莆田学院附属医院__莆田炎症图片__ptyz396-3_overlay.jpg,莆田学院附属医院__图片__莆田学院附属医院__莆田炎症图片__ptyz396-3.png,莆田学院附属医院__图片__莆田学院附属医院__莆田炎症图片__ptyz396-3.json
dataset/gastritis_external/processed_images/莆田学院附属医院/crop_ui,莆田学院附属医院__图片__莆田学院附属医院__莆田炎症图片__ptyz203-4.jpg,0,1,1,1,0,,莆田学院附属医院__图片__莆田学院附属医院__莆田炎症图片__ptyz203-4_overlay.jpg,莆田学院附属医院__图片__莆田学院附属医院__莆田炎症图片__ptyz203-4.png,莆田学院附属医院__图片__莆田学院附属医院__莆田炎症图片__ptyz203-4.json
dataset/gastritis_external/processed_images/莆田学院附属医院/crop_ui,莆田学院附属医院__图片__莆田学院附属医院__莆田炎症图片__ptyz380-2.jpg,0,1,1,1,0,,莆田学院附属医院__图片__莆田学院附属医院__莆田炎症图片__ptyz380-2_overlay.jpg,莆田学院附属医院__图片__莆田学院附属医院__莆田炎症图片__ptyz380-2.png,莆田学院附属医院__图片__莆田学院附属医院__莆田炎症图片__ptyz380-2.json
dataset/gastritis_external/processed_images/莆田学院附属医院/crop_ui,莆田学院附属医院__图片__莆田学院附属医院__莆田炎症图片__ptyz376-2.jpg,0,1,1,1,0,,莆田学院附属医院__图片__莆田学院附属医院__莆田炎症图片__ptyz376-2_overlay.jpg,莆田学院附属医院__图片__莆田学院附属医院__莆田炎症图片__ptyz376-2.png,莆田学院附属医院__图片__莆田学院附属医院__莆田炎症图片__ptyz376-2.json
dataset/gastritis_external/processed_images/莆田学院附属医院/crop_ui,莆田学院附属医院__图片__莆田学院附属医院__莆田炎症图片__ptyz51-3.jpg,0,1,1,1,0,,莆田学院附属医院__图片__莆田学院附属医院__莆田炎症图片__ptyz51-3_overlay.jpg,莆田学院附属医院__图片__莆田学院附属医院__莆田炎症图片__ptyz51-3.png,莆田学院附属医院__图片__莆田学院附属医院__莆田炎症图片__ptyz51-3.json
dataset/gastritis_external/processed_images/莆田学院附属医院/crop_ui,莆田学院附属医院__图片__莆田学院附属医院__莆田炎症图片__ptyz364-1.jpg,0,1,1,1,0,,莆田学院附属医院__图片__莆田学院附属医院__莆田炎症图片__ptyz364-1_overlay.jpg,莆田学院附属医院__图片__莆田学院附属医院__莆田炎症图片__ptyz364-1.png,莆田学院附属医院__图片__莆田学院附属医院__莆田炎症图片__ptyz364-1.json
dataset/gastritis_external/processed_images/莆田学院附属医院/crop_ui,莆田学院附属医院__图片__莆田学院附属医院__莆田炎症图片__ptyz143-4.jpg,0,1,1,1,0,,莆田学院附属医院__图片__莆田学院附属医院__莆田炎症图片__ptyz143-4_overlay.jpg,莆田学院附属医院__图片__莆田学院附属医院__莆田炎症图片__ptyz143-4.png,莆田学院附属医院__图片__莆田学院附属医院__莆田炎症图片__ptyz143-4.json
dataset/gastritis_external/processed_images/莆田学院附属医院/crop_ui,莆田学院附属医院__图片__莆田学院附属医院__莆田炎症图片__ptyz161-2.jpg,0,1,1,1,0,,莆田学院附属医院__图片__莆田学院附属医院__莆田炎症图片__ptyz161-2_overlay.jpg,莆田学院附属医院__图片__莆田学院附属医院__莆田炎症图片__ptyz161-2.png,莆田学院附属医院__图片__莆田学院附属医院__莆田炎症图片__ptyz161-2.json
dataset/gastritis_external/processed_images/莆田学院附属医院/crop_ui,莆田学院附属医院__图片__莆田学院附属医院__莆田炎症图片__ptyz310-1.jpg,0,1,1,1,0,,莆田学院附属医院__图片__莆田学院附属医院__莆田炎症图片__ptyz310-1_overlay.jpg,莆田学院附属医院__图片__莆田学院附属医院__莆田炎症图片__ptyz310-1.png,莆田学院附属医院__图片__莆田学院附属医院__莆田炎症图片__ptyz310-1.json
dataset/gastritis_external/processed_images/莆田学院附属医院/crop_ui,莆田学院附属医院__图片__莆田学院附属医院__莆田炎症图片__ptyz199-6.jpg,0,1,1,1,0,,莆田学院附属医院__图片__莆田学院附属医院__莆田炎症图片__ptyz199-6_overlay.jpg,莆田学院附属医院__图片__莆田学院附属医院__莆田炎症图片__ptyz199-6.png,莆田学院附属医院__图片__莆田学院附属医院__莆田炎症图片__ptyz199-6.json
dataset/gastritis_external/processed_images/莆田学院附属医院/crop_ui,莆田学院附属医院__图片__莆田学院附属医院__莆田炎症图片__ptyz317-3.jpg,0,1,1,1,0,,莆田学院附属医院__图片__莆田学院附属医院__莆田炎症图片__ptyz317-3_overlay.jpg,莆田学院附属医院__图片__莆田学院附属医院__莆田炎症图片__ptyz317-3.png,莆田学院附属医院__图片__莆田学院附属医院__莆田炎症图片__ptyz317-3.json
dataset/gastritis_external/processed_images/莆田学院附属医院/crop_ui,莆田学院附属医院__图片__莆田学院附属医院__莆田炎症图片__ptyz282-2.jpg,0,1,1,1,0,,莆田学院附属医院__图片__莆田学院附属医院__莆田炎症图片__ptyz282-2_overlay.jpg,莆田学院附属医院__图片__莆田学院附属医院__莆田炎症图片__ptyz282-2.png,莆田学院附属医院__图片__莆田学院附属医院__莆田炎症图片__ptyz282-2.json
dataset/gastritis_external/processed_images/莆田学院附属医院/crop_ui,莆田学院附属医院__图片__莆田学院附属医院__莆田炎症图片__ptyz200-1.jpg,0,1,1,1,0,,莆田学院附属医院__图片__莆田学院附属医院__莆田炎症图片__ptyz200-1_overlay.jpg,莆田学院附属医院__图片__莆田学院附属医院__莆田炎症图片__ptyz200-1.png,莆田学院附属医院__图片__莆田学院附属医院__莆田炎症图片__ptyz200-1.json
dataset/gastritis_external/processed_images/莆田学院附属医院/crop_ui,莆田学院附属医院__图片__莆田学院附属医院__莆田炎症图片__ptyz274-2.jpg,0,1,1,1,0,,莆田学院附属医院__图片__莆田学院附属医院__莆田炎症图片__ptyz274-2_overlay.jpg,莆田学院附属医院__图片__莆田学院附属医院__莆田炎症图片__ptyz274-2.png,莆田学院附属医院__图片__莆田学院附属医院__莆田炎症图片__ptyz274-2.json
dataset/gastritis_external/processed_images/莆田学院附属医院/crop_ui,莆田学院附属医院__图片__莆田学院附属医院__莆田炎症图片__ptyz53-4.jpg,0,1,1,1,0,,莆田学院附属医院__图片__莆田学院附属医院__莆田炎症图片__ptyz53-4_overlay.jpg,莆田学院附属医院__图片__莆田学院附属医院__莆田炎症图片__ptyz53-4.png,莆田学院附属医院__图片__莆田学院附属医院__莆田炎症图片__ptyz53-4.json
dataset/gastritis_external/processed_images/莆田学院附属医院/crop_ui,莆田学院附属医院__图片__莆田学院附属医院__莆田炎症图片__ptyz203-3.jpg,0,1,1,1,0,,莆田学院附属医院__图片__莆田学院附属医院__莆田炎症图片__ptyz203-3_overlay.jpg,莆田学院附属医院__图片__莆田学院附属医院__莆田炎症图片__ptyz203-3.png,莆田学院附属医院__图片__莆田学院附属医院__莆田炎症图片__ptyz203-3.json
dataset/gastritis_external/processed_images/莆田学院附属医院/crop_ui,莆田学院附属医院__图片__莆田学院附属医院__莆田炎症图片__ptyz210-1.jpg,0,1,1,1,0,,莆田学院附属医院__图片__莆田学院附属医院__莆田炎症图片__ptyz210-1_overlay.jpg,莆田学院附属医院__图片__莆田学院附属医院__莆田炎症图片__ptyz210-1.png,莆田学院附属医院__图片__莆田学院附属医院__莆田炎症图片__ptyz210-1.json
dataset/gastritis_external/processed_images/莆田学院附属医院/crop_ui,莆田学院附属医院__图片__莆田学院附属医院__莆田炎症图片__ptyz260-1.jpg,0,1,1,1,0,,莆田学院附属医院__图片__莆田学院附属医院__莆田炎症图片__ptyz260-1_overlay.jpg,莆田学院附属医院__图片__莆田学院附属医院__莆田炎症图片__ptyz260-1.png,莆田学院附属医院__图片__莆田学院附属医院__莆田炎症图片__ptyz260-1.json
dataset/gastritis_external/processed_images/莆田学院附属医院/crop_ui,莆田学院附属医院__图片__莆田学院附属医院__莆田炎症图片__ptyz427-1.jpg,0,1,1,1,0,,莆田学院附属医院__图片__莆田学院附属医院__莆田炎症图片__ptyz427-1_overlay.jpg,莆田学院附属医院__图片__莆田学院附属医院__莆田炎症图片__ptyz427-1.png,莆田学院附属医院__图片__莆田学院附属医院__莆田炎症图片__ptyz427-1.json
dataset/gastritis_external/processed_images/莆田学院附属医院/crop_ui,莆田学院附属医院__图片__莆田学院附属医院__莆田炎症图片__ptyz81-2.jpg,0,1,1,1,0,,莆田学院附属医院__图片__莆田学院附属医院__莆田炎症图片__ptyz81-2_overlay.jpg,莆田学院附属医院__图片__莆田学院附属医院__莆田炎症图片__ptyz81-2.png,莆田学院附属医院__图片__莆田学院附属医院__莆田炎症图片__ptyz81-2.json
dataset/gastritis_external/processed_images/莆田学院附属医院/crop_ui,莆田学院附属医院__图片__莆田学院附属医院__莆田炎症图片__ptyz185-2.jpg,0,1,1,1,0,,莆田学院附属医院__图片__莆田学院附属医院__莆田炎症图片__ptyz185-2_overlay.jpg,莆田学院附属医院__图片__莆田学院附属医院__莆田炎症图片__ptyz185-2.png,莆田学院附属医院__图片__莆田学院附属医院__莆田炎症图片__ptyz185-2.json
dataset/gastritis_external/processed_images/莆田学院附属医院/crop_ui,莆田学院附属医院__图片__莆田学院附属医院__莆田炎症图片__ptyz15-4.jpg,0,1,1,1,0,,莆田学院附属医院__图片__莆田学院附属医院__莆田炎症图片__ptyz15-4_overlay.jpg,莆田学院附属医院__图片__莆田学院附属医院__莆田炎症图片__ptyz15-4.png,莆田学院附属医院__图片__莆田学院附属医院__莆田炎症图片__ptyz15-4.json
dataset/gastritis_external/processed_images/莆田学院附属医院/crop_ui,莆田学院附属医院__图片__莆田学院附属医院__莆田炎症图片__ptyz124-4.jpg,0,1,1,1,0,,莆田学院附属医院__图片__莆田学院附属医院__莆田炎症图片__ptyz124-4_overlay.jpg,莆田学院附属医院__图片__莆田学院附属医院__莆田炎症图片__ptyz124-4.png,莆田学院附属医院__图片__莆田学院附属医院__莆田炎症图片__ptyz124-4.json
dataset/gastritis_external/processed_images/莆田学院附属医院/crop_ui,莆田学院附属医院__图片__莆田学院附属医院__莆田炎症图片__ptyz56-4.jpg,0,1,1,1,0,,莆田学院附属医院__图片__莆田学院附属医院__莆田炎症图片__ptyz56-4_overlay.jpg,莆田学院附属医院__图片__莆田学院附属医院__莆田炎症图片__ptyz56-4.png,莆田学院附属医院__图片__莆田学院附属医院__莆田炎症图片__ptyz56-4.json
dataset/gastritis_external/processed_images/莆田学院附属医院/crop_ui,莆田学院附属医院__图片__莆田学院附属医院__莆田炎症图片__ptyz227-2.jpg,0,1,1,1,0,,莆田学院附属医院__图片__莆田学院附属医院__莆田炎症图片__ptyz227-2_overlay.jpg,莆田学院附属医院__图片__莆田学院附属医院__莆田炎症图片__ptyz227-2.png,莆田学院附属医院__图片__莆田学院附属医院__莆田炎症图片__ptyz227-2.json
dataset/gastritis_external/processed_images/莆田学院附属医院/crop_ui,莆田学院附属医院__图片__莆田学院附属医院__莆田炎症图片__ptyz126-4.jpg,0,1,1,1,0,,莆田学院附属医院__图片__莆田学院附属医院__莆田炎症图片__ptyz126-4_overlay.jpg,莆田学院附属医院__图片__莆田学院附属医院__莆田炎症图片__ptyz126-4.png,莆田学院附属医院__图片__莆田学院附属医院__莆田炎症图片__ptyz126-4.json
dataset/gastritis_external/processed_images/莆田学院附属医院/crop_ui,莆田学院附属医院__图片__莆田学院附属医院__莆田炎症图片__ptyz155-1.jpg,0,1,1,1,0,,莆田学院附属医院__图片__莆田学院附属医院__莆田炎症图片__ptyz155-1_overlay.jpg,莆田学院附属医院__图片__莆田学院附属医院__莆田炎症图片__ptyz155-1.png,莆田学院附属医院__图片__莆田学院附属医院__莆田炎症图片__ptyz155-1.json
dataset/gastritis_external/processed_images/莆田学院附属医院/crop_ui,莆田学院附属医院__图片__莆田学院附属医院__莆田炎症图片__ptyz290-1.jpg,0,1,1,1,0,,莆田学院附属医院__图片__莆田学院附属医院__莆田炎症图片__ptyz290-1_overlay.jpg,莆田学院附属医院__图片__莆田学院附属医院__莆田炎症图片__ptyz290-1.png,莆田学院附属医院__图片__莆田学院附属医院__莆田炎症图片__ptyz290-1.json
dataset/gastritis_external/processed_images/莆田学院附属医院/crop_ui,莆田学院附属医院__图片__莆田学院附属医院__莆田炎症图片__ptyz368-5.jpg,0,1,1,1,0,,莆田学院附属医院__图片__莆田学院附属医院__莆田炎症图片__ptyz368-5_overlay.jpg,莆田学院附属医院__图片__莆田学院附属医院__莆田炎症图片__ptyz368-5.png,莆田学院附属医院__图片__莆田学院附属医院__莆田炎症图片__ptyz368-5.json
dataset/gastritis_external/processed_images/莆田学院附属医院/crop_ui,莆田学院附属医院__图片__莆田学院附属医院__莆田炎症图片__ptyz433-2.jpg,0,1,1,1,0,,莆田学院附属医院__图片__莆田学院附属医院__莆田炎症图片__ptyz433-2_overlay.jpg,莆田学院附属医院__图片__莆田学院附属医院__莆田炎症图片__ptyz433-2.png,莆田学院附属医院__图片__莆田学院附属医院__莆田炎症图片__ptyz433-2.json
dataset/gastritis_external/processed_images/莆田学院附属医院/crop_ui,莆田学院附属医院__图片__莆田学院附属医院__莆田炎症图片__ptyz159-2.jpg,0,1,1,1,0,,莆田学院附属医院__图片__莆田学院附属医院__莆田炎症图片__ptyz159-2_overlay.jpg,莆田学院附属医院__图片__莆田学院附属医院__莆田炎症图片__ptyz159-2.png,莆田学院附属医院__图片__莆田学院附属医院__莆田炎症图片__ptyz159-2.json
dataset/gastritis_external/processed_images/莆田学院附属医院/crop_ui,莆田学院附属医院__图片__莆田学院附属医院__莆田炎症图片__ptyz317-1.jpg,0,1,1,1,0,,莆田学院附属医院__图片__莆田学院附属医院__莆田炎症图片__ptyz317-1_overlay.jpg,莆田学院附属医院__图片__莆田学院附属医院__莆田炎症图片__ptyz317-1.png,莆田学院附属医院__图片__莆田学院附属医院__莆田炎症图片__ptyz317-1.json
dataset/gastritis_external/processed_images/莆田学院附属医院/crop_ui,莆田学院附属医院__图片__莆田学院附属医院__莆田炎症图片__ptyz166-3.jpg,0,1,1,1,0,,莆田学院附属医院__图片__莆田学院附属医院__莆田炎症图片__ptyz166-3_overlay.jpg,莆田学院附属医院__图片__莆田学院附属医院__莆田炎症图片__ptyz166-3.png,莆田学院附属医院__图片__莆田学院附属医院__莆田炎症图片__ptyz166-3.json
dataset/gastritis_external/processed_images/莆田学院附属医院/crop_ui,莆田学院附属医院__图片__莆田学院附属医院__莆田炎症图片__ptyz78-2.jpg,0,1,1,1,0,,莆田学院附属医院__图片__莆田学院附属医院__莆田炎症图片__ptyz78-2_overlay.jpg,莆田学院附属医院__图片__莆田学院附属医院__莆田炎症图片__ptyz78-2.png,莆田学院附属医院__图片__莆田学院附属医院__莆田炎症图片__ptyz78-2.json
dataset/gastritis_external/processed_images/莆田学院附属医院/crop_ui,莆田学院附属医院__图片__莆田学院附属医院__莆田炎症图片__ptyz147-2.jpg,0,1,1,1,0,,莆田学院附属医院__图片__莆田学院附属医院__莆田炎症图片__ptyz147-2_overlay.jpg,莆田学院附属医院__图片__莆田学院附属医院__莆田炎症图片__ptyz147-2.png,莆田学院附属医院__图片__莆田学院附属医院__莆田炎症图片__ptyz147-2.json
dataset/gastritis_external/processed_images/莆田学院附属医院/crop_ui,莆田学院附属医院__图片__莆田学院附属医院__莆田炎症图片__ptyz353-1.jpg,0,1,1,1,0,,莆田学院附属医院__图片__莆田学院附属医院__莆田炎症图片__ptyz353-1_overlay.jpg,莆田学院附属医院__图片__莆田学院附属医院__莆田炎症图片__ptyz353-1.png,莆田学院附属医院__图片__莆田学院附属医院__莆田炎症图片__ptyz353-1.json
dataset/gastritis_external/processed_images/莆田学院附属医院/crop_ui,莆田学院附属医院__图片__莆田学院附属医院__莆田炎症图片__ptyz358-1.jpg,0,1,1,1,0,,莆田学院附属医院__图片__莆田学院附属医院__莆田炎症图片__ptyz358-1_overlay.jpg,莆田学院附属医院__图片__莆田学院附属医院__莆田炎症图片__ptyz358-1.png,莆田学院附属医院__图片__莆田学院附属医院__莆田炎症图片__ptyz358-1.json
dataset/gastritis_external/processed_images/莆田学院附属医院/crop_ui,莆田学院附属医院__图片__莆田学院附属医院__莆田炎症图片__ptyz58-2.jpg,0,1,1,1,0,,莆田学院附属医院__图片__莆田学院附属医院__莆田炎症图片__ptyz58-2_overlay.jpg,莆田学院附属医院__图片__莆田学院附属医院__莆田炎症图片__ptyz58-2.png,莆田学院附属医院__图片__莆田学院附属医院__莆田炎症图片__ptyz58-2.json
dataset/gastritis_external/processed_images/莆田学院附属医院/crop_ui,莆田学院附属医院__图片__莆田学院附属医院__莆田炎症图片__ptyz326-1.jpg,0,1,1,1,0,,莆田学院附属医院__图片__莆田学院附属医院__莆田炎症图片__ptyz326-1_overlay.jpg,莆田学院附属医院__图片__莆田学院附属医院__莆田炎症图片__ptyz326-1.png,莆田学院附属医院__图片__莆田学院附属医院__莆田炎症图片__ptyz326-1.json
dataset/gastritis_external/processed_images/莆田学院附属医院/crop_ui,莆田学院附属医院__图片__莆田学院附属医院__莆田炎症图片__ptyz326-2.jpg,0,1,1,1,0,,莆田学院附属医院__图片__莆田学院附属医院__莆田炎症图片__ptyz326-2_overlay.jpg,莆田学院附属医院__图片__莆田学院附属医院__莆田炎症图片__ptyz326-2.png,莆田学院附属医院__图片__莆田学院附属医院__莆田炎症图片__ptyz326-2.json
dataset/gastritis_external/processed_images/莆田学院附属医院/crop_ui,莆田学院附属医院__图片__莆田学院附属医院__莆田炎症图片__ptyz25-3.jpg,0,1,1,1,0,,莆田学院附属医院__图片__莆田学院附属医院__莆田炎症图片__ptyz25-3_overlay.jpg,莆田学院附属医院__图片__莆田学院附属医院__莆田炎症图片__ptyz25-3.png,莆田学院附属医院__图片__莆田学院附属医院__莆田炎症图片__ptyz25-3.json
dataset/gastritis_external/processed_images/莆田学院附属医院/crop_ui,莆田学院附属医院__图片__莆田学院附属医院__莆田炎症图片__ptyz320-2.jpg,0,1,1,1,0,,莆田学院附属医院__图片__莆田学院附属医院__莆田炎症图片__ptyz320-2_overlay.jpg,莆田学院附属医院__图片__莆田学院附属医院__莆田炎症图片__ptyz320-2.png,莆田学院附属医院__图片__莆田学院附属医院__莆田炎症图片__ptyz320-2.json
dataset/gastritis_external/processed_images/莆田学院附属医院/crop_ui,莆田学院附属医院__图片__莆田学院附属医院__莆田炎症图片__ptyz22-1.jpg,0,1,1,1,0,,莆田学院附属医院__图片__莆田学院附属医院__莆田炎症图片__ptyz22-1_overlay.jpg,莆田学院附属医院__图片__莆田学院附属医院__莆田炎症图片__ptyz22-1.png,莆田学院附属医院__图片__莆田学院附属医院__莆田炎症图片__ptyz22-1.json
dataset/gastritis_external/processed_images/莆田学院附属医院/crop_ui,莆田学院附属医院__图片__莆田学院附属医院__莆田炎症图片__ptyz182-3.jpg,0,1,1,1,0,,莆田学院附属医院__图片__莆田学院附属医院__莆田炎症图片__ptyz182-3_overlay.jpg,莆田学院附属医院__图片__莆田学院附属医院__莆田炎症图片__ptyz182-3.png,莆田学院附属医院__图片__莆田学院附属医院__莆田炎症图片__ptyz182-3.json
dataset/gastritis_external/processed_images/莆田学院附属医院/crop_ui,莆田学院附属医院__图片__莆田学院附属医院__莆田炎症图片__ptyz211-4.jpg,0,1,1,1,0,,莆田学院附属医院__图片__莆田学院附属医院__莆田炎症图片__ptyz211-4_overlay.jpg,莆田学院附属医院__图片__莆田学院附属医院__莆田炎症图片__ptyz211-4.png,莆田学院附属医院__图片__莆田学院附属医院__莆田炎症图片__ptyz211-4.json
dataset/gastritis_external/processed_images/莆田学院附属医院/crop_ui,莆田学院附属医院__图片__莆田学院附属医院__莆田炎症图片__ptyz87-3.jpg,0,1,1,1,0,,莆田学院附属医院__图片__莆田学院附属医院__莆田炎症图片__ptyz87-3_overlay.jpg,莆田学院附属医院__图片__莆田学院附属医院__莆田炎症图片__ptyz87-3.png,莆田学院附属医院__图片__莆田学院附属医院__莆田炎症图片__ptyz87-3.json
dataset/gastritis_external/processed_images/莆田学院附属医院/crop_ui,莆田学院附属医院__图片__莆田学院附属医院__莆田炎症图片__ptyz23-8.jpg,0,1,1,1,0,,莆田学院附属医院__图片__莆田学院附属医院__莆田炎症图片__ptyz23-8_overlay.jpg,莆田学院附属医院__图片__莆田学院附属医院__莆田炎症图片__ptyz23-8.png,莆田学院附属医院__图片__莆田学院附属医院__莆田炎症图片__ptyz23-8.json
dataset/gastritis_external/processed_images/莆田学院附属医院/crop_ui,莆田学院附属医院__图片__莆田学院附属医院__莆田炎症图片__ptyz369-3.jpg,0,1,1,1,0,,莆田学院附属医院__图片__莆田学院附属医院__莆田炎症图片__ptyz369-3_overlay.jpg,莆田学院附属医院__图片__莆田学院附属医院__莆田炎症图片__ptyz369-3.png,莆田学院附属医院__图片__莆田学院附属医院__莆田炎症图片__ptyz369-3.json
dataset/gastritis_external/processed_images/莆田学院附属医院/crop_ui,莆田学院附属医院__图片__莆田学院附属医院__莆田炎症图片__ptyz339-1.jpg,0,1,1,1,0,,莆田学院附属医院__图片__莆田学院附属医院__莆田炎症图片__ptyz339-1_overlay.jpg,莆田学院附属医院__图片__莆田学院附属医院__莆田炎症图片__ptyz339-1.png,莆田学院附属医院__图片__莆田学院附属医院__莆田炎症图片__ptyz339-1.json
dataset/gastritis_external/processed_images/莆田学院附属医院/crop_ui,莆田学院附属医院__图片__莆田学院附属医院__莆田炎症图片__ptyz59-6.jpg,0,1,1,1,0,,莆田学院附属医院__图片__莆田学院附属医院__莆田炎症图片__ptyz59-6_overlay.jpg,莆田学院附属医院__图片__莆田学院附属医院__莆田炎症图片__ptyz59-6.png,莆田学院附属医院__图片__莆田学院附属医院__莆田炎症图片__ptyz59-6.json
dataset/gastritis_external/processed_images/莆田学院附属医院/crop_ui,莆田学院附属医院__图片__莆田学院附属医院__莆田炎症图片__ptyz369-5.jpg,0,1,1,1,0,,莆田学院附属医院__图片__莆田学院附属医院__莆田炎症图片__ptyz369-5_overlay.jpg,莆田学院附属医院__图片__莆田学院附属医院__莆田炎症图片__ptyz369-5.png,莆田学院附属医院__图片__莆田学院附属医院__莆田炎症图片__ptyz369-5.json
dataset/gastritis_external/processed_images/莆田学院附属医院/crop_ui,莆田学院附属医院__图片__莆田学院附属医院__莆田炎症图片__ptyz396-1.jpg,0,1,1,1,0,,莆田学院附属医院__图片__莆田学院附属医院__莆田炎症图片__ptyz396-1_overlay.jpg,莆田学院附属医院__图片__莆田学院附属医院__莆田炎症图片__ptyz396-1.png,莆田学院附属医院__图片__莆田学院附属医院__莆田炎症图片__ptyz396-1.json
dataset/gastritis_external/processed_images/莆田学院附属医院/crop_ui,莆田学院附属医院__图片__莆田学院附属医院__莆田炎症图片__ptyz297-3.jpg,0,1,1,1,0,,莆田学院附属医院__图片__莆田学院附属医院__莆田炎症图片__ptyz297-3_overlay.jpg,莆田学院附属医院__图片__莆田学院附属医院__莆田炎症图片__ptyz297-3.png,莆田学院附属医院__图片__莆田学院附属医院__莆田炎症图片__ptyz297-3.json
dataset/gastritis_external/processed_images/莆田学院附属医院/crop_ui,莆田学院附属医院__图片__莆田学院附属医院__莆田炎症图片__ptyz159-4.jpg,0,1,1,1,0,,莆田学院附属医院__图片__莆田学院附属医院__莆田炎症图片__ptyz159-4_overlay.jpg,莆田学院附属医院__图片__莆田学院附属医院__莆田炎症图片__ptyz159-4.png,莆田学院附属医院__图片__莆田学院附属医院__莆田炎症图片__ptyz159-4.json
dataset/gastritis_external/processed_images/莆田学院附属医院/crop_ui,莆田学院附属医院__图片__莆田学院附属医院__莆田炎症图片__ptyz33-7.jpg,0,1,1,1,0,,莆田学院附属医院__图片__莆田学院附属医院__莆田炎症图片__ptyz33-7_overlay.jpg,莆田学院附属医院__图片__莆田学院附属医院__莆田炎症图片__ptyz33-7.png,莆田学院附属医院__图片__莆田学院附属医院__莆田炎症图片__ptyz33-7.json
dataset/gastritis_external/processed_images/莆田学院附属医院/crop_ui,莆田学院附属医院__图片__莆田学院附属医院__莆田炎症图片__ptyz117-1.jpg,0,1,1,1,0,,莆田学院附属医院__图片__莆田学院附属医院__莆田炎症图片__ptyz117-1_overlay.jpg,莆田学院附属医院__图片__莆田学院附属医院__莆田炎症图片__ptyz117-1.png,莆田学院附属医院__图片__莆田学院附属医院__莆田炎症图片__ptyz117-1.json
dataset/gastritis_external/processed_images/莆田学院附属医院/crop_ui,莆田学院附属医院__图片__莆田学院附属医院__莆田炎症图片__ptyz268-4.jpg,0,1,1,1,0,,莆田学院附属医院__图片__莆田学院附属医院__莆田炎症图片__ptyz268-4_overlay.jpg,莆田学院附属医院__图片__莆田学院附属医院__莆田炎症图片__ptyz268-4.png,莆田学院附属医院__图片__莆田学院附属医院__莆田炎症图片__ptyz268-4.json
dataset/gastritis_external/processed_images/莆田学院附属医院/crop_ui,莆田学院附属医院__图片__莆田学院附属医院__莆田炎症图片__ptyz152-3.jpg,0,1,1,1,0,,莆田学院附属医院__图片__莆田学院附属医院__莆田炎症图片__ptyz152-3_overlay.jpg,莆田学院附属医院__图片__莆田学院附属医院__莆田炎症图片__ptyz152-3.png,莆田学院附属医院__图片__莆田学院附属医院__莆田炎症图片__ptyz152-3.json
dataset/gastritis_external/processed_images/莆田学院附属医院/crop_ui,莆田学院附属医院__图片__莆田学院附属医院__莆田炎症图片__ptyz181-4.jpg,0,1,1,1,0,,莆田学院附属医院__图片__莆田学院附属医院__莆田炎症图片__ptyz181-4_overlay.jpg,莆田学院附属医院__图片__莆田学院附属医院__莆田炎症图片__ptyz181-4.png,莆田学院附属医院__图片__莆田学院附属医院__莆田炎症图片__ptyz181-4.json
dataset/gastritis_external/processed_images/莆田学院附属医院/crop_ui,莆田学院附属医院__图片__莆田学院附属医院__莆田炎症图片__ptyz167-1.jpg,0,1,1,1,0,,莆田学院附属医院__图片__莆田学院附属医院__莆田炎症图片__ptyz167-1_overlay.jpg,莆田学院附属医院__图片__莆田学院附属医院__莆田炎症图片__ptyz167-1.png,莆田学院附属医院__图片__莆田学院附属医院__莆田炎症图片__ptyz167-1.json
dataset/gastritis_external/processed_images/莆田学院附属医院/crop_ui,莆田学院附属医院__图片__莆田学院附属医院__莆田炎症图片__ptyz37-9.jpg,0,1,1,1,0,,莆田学院附属医院__图片__莆田学院附属医院__莆田炎症图片__ptyz37-9_overlay.jpg,莆田学院附属医院__图片__莆田学院附属医院__莆田炎症图片__ptyz37-9.png,莆田学院附属医院__图片__莆田学院附属医院__莆田炎症图片__ptyz37-9.json
dataset/gastritis_external/processed_images/莆田学院附属医院/crop_ui,莆田学院附属医院__图片__莆田学院附属医院__莆田炎症图片__ptyz287-2.jpg,0,1,1,1,0,,莆田学院附属医院__图片__莆田学院附属医院__莆田炎症图片__ptyz287-2_overlay.jpg,莆田学院附属医院__图片__莆田学院附属医院__莆田炎症图片__ptyz287-2.png,莆田学院附属医院__图片__莆田学院附属医院__莆田炎症图片__ptyz287-2.json
dataset/gastritis_external/processed_images/莆田学院附属医院/crop_ui,莆田学院附属医院__图片__莆田学院附属医院__莆田炎症图片__ptyz16-9.jpg,0,1,1,1,0,,莆田学院附属医院__图片__莆田学院附属医院__莆田炎症图片__ptyz16-9_overlay.jpg,莆田学院附属医院__图片__莆田学院附属医院__莆田炎症图片__ptyz16-9.png,莆田学院附属医院__图片__莆田学院附属医院__莆田炎症图片__ptyz16-9.json
dataset/gastritis_external/processed_images/莆田学院附属医院/crop_ui,莆田学院附属医院__图片__莆田学院附属医院__莆田炎症图片__ptyz80-3.jpg,0,1,1,1,0,,莆田学院附属医院__图片__莆田学院附属医院__莆田炎症图片__ptyz80-3_overlay.jpg,莆田学院附属医院__图片__莆田学院附属医院__莆田炎症图片__ptyz80-3.png,莆田学院附属医院__图片__莆田学院附属医院__莆田炎症图片__ptyz80-3.json
dataset/gastritis_external/processed_images/莆田学院附属医院/crop_ui,莆田学院附属医院__图片__莆田学院附属医院__莆田炎症图片__ptyz97-1.jpg,0,1,1,1,0,,莆田学院附属医院__图片__莆田学院附属医院__莆田炎症图片__ptyz97-1_overlay.jpg,莆田学院附属医院__图片__莆田学院附属医院__莆田炎症图片__ptyz97-1.png,莆田学院附属医院__图片__莆田学院附属医院__莆田炎症图片__ptyz97-1.json
dataset/gastritis_external/processed_images/莆田学院附属医院/crop_ui,莆田学院附属医院__图片__莆田学院附属医院__莆田炎症图片__ptyz436-3.jpg,0,1,1,1,0,,莆田学院附属医院__图片__莆田学院附属医院__莆田炎症图片__ptyz436-3_overlay.jpg,莆田学院附属医院__图片__莆田学院附属医院__莆田炎症图片__ptyz436-3.png,莆田学院附属医院__图片__莆田学院附属医院__莆田炎症图片__ptyz436-3.json
dataset/gastritis_external/processed_images/莆田学院附属医院/crop_ui,莆田学院附属医院__图片__莆田学院附属医院__莆田炎症图片__ptyz206-2.jpg,0,1,1,1,0,,莆田学院附属医院__图片__莆田学院附属医院__莆田炎症图片__ptyz206-2_overlay.jpg,莆田学院附属医院__图片__莆田学院附属医院__莆田炎症图片__ptyz206-2.png,莆田学院附属医院__图片__莆田学院附属医院__莆田炎症图片__ptyz206-2.json
dataset/gastritis_external/processed_images/莆田学院附属医院/crop_ui,莆田学院附属医院__图片__莆田学院附属医院__莆田炎症图片__ptyz80-1.jpg,0,1,1,1,0,,莆田学院附属医院__图片__莆田学院附属医院__莆田炎症图片__ptyz80-1_overlay.jpg,莆田学院附属医院__图片__莆田学院附属医院__莆田炎症图片__ptyz80-1.png,莆田学院附属医院__图片__莆田学院附属医院__莆田炎症图片__ptyz80-1.json
dataset/gastritis_external/processed_images/莆田学院附属医院/crop_ui,莆田学院附属医院__图片__莆田学院附属医院__莆田炎症图片__ptyz164-2.jpg,0,1,1,1,0,,莆田学院附属医院__图片__莆田学院附属医院__莆田炎症图片__ptyz164-2_overlay.jpg,莆田学院附属医院__图片__莆田学院附属医院__莆田炎症图片__ptyz164-2.png,莆田学院附属医院__图片__莆田学院附属医院__莆田炎症图片__ptyz164-2.json
dataset/gastritis_external/processed_images/莆田学院附属医院/crop_ui,莆田学院附属医院__图片__莆田学院附属医院__莆田炎症图片__ptyz131-4.jpg,0,1,1,1,0,,莆田学院附属医院__图片__莆田学院附属医院__莆田炎症图片__ptyz131-4_overlay.jpg,莆田学院附属医院__图片__莆田学院附属医院__莆田炎症图片__ptyz131-4.png,莆田学院附属医院__图片__莆田学院附属医院__莆田炎症图片__ptyz131-4.json
dataset/gastritis_external/processed_images/莆田学院附属医院/crop_ui,莆田学院附属医院__图片__莆田学院附属医院__莆田炎症图片__ptyz339-4.jpg,0,1,1,1,0,,莆田学院附属医院__图片__莆田学院附属医院__莆田炎症图片__ptyz339-4_overlay.jpg,莆田学院附属医院__图片__莆田学院附属医院__莆田炎症图片__ptyz339-4.png,莆田学院附属医院__图片__莆田学院附属医院__莆田炎症图片__ptyz339-4.json
dataset/gastritis_external/processed_images/莆田学院附属医院/crop_ui,莆田学院附属医院__图片__莆田学院附属医院__莆田炎症图片__ptyz228-2.jpg,0,1,1,1,0,,莆田学院附属医院__图片__莆田学院附属医院__莆田炎症图片__ptyz228-2_overlay.jpg,莆田学院附属医院__图片__莆田学院附属医院__莆田炎症图片__ptyz228-2.png,莆田学院附属医院__图片__莆田学院附属医院__莆田炎症图片__ptyz228-2.json
dataset/gastritis_external/processed_images/莆田学院附属医院/crop_ui,莆田学院附属医院__图片__莆田学院附属医院__莆田炎症图片__ptyz434-4.jpg,0,1,1,1,0,,莆田学院附属医院__图片__莆田学院附属医院__莆田炎症图片__ptyz434-4_overlay.jpg,莆田学院附属医院__图片__莆田学院附属医院__莆田炎症图片__ptyz434-4.png,莆田学院附属医院__图片__莆田学院附属医院__莆田炎症图片__ptyz434-4.json
dataset/gastritis_external/processed_images/莆田学院附属医院/crop_ui,莆田学院附属医院__图片__莆田学院附属医院__莆田炎症图片__ptyz377-2.jpg,0,1,1,1,0,,莆田学院附属医院__图片__莆田学院附属医院__莆田炎症图片__ptyz377-2_overlay.jpg,莆田学院附属医院__图片__莆田学院附属医院__莆田炎症图片__ptyz377-2.png,莆田学院附属医院__图片__莆田学院附属医院__莆田炎症图片__ptyz377-2.json
dataset/gastritis_external/processed_images/莆田学院附属医院/crop_ui,莆田学院附属医院__图片__莆田学院附属医院__莆田炎症图片__ptyz134-5.jpg,0,1,1,1,0,,莆田学院附属医院__图片__莆田学院附属医院__莆田炎症图片__ptyz134-5_overlay.jpg,莆田学院附属医院__图片__莆田学院附属医院__莆田炎症图片__ptyz134-5.png,莆田学院附属医院__图片__莆田学院附属医院__莆田炎症图片__ptyz134-5.json
dataset/gastritis_external/processed_images/莆田学院附属医院/crop_ui,莆田学院附属医院__图片__莆田学院附属医院__莆田炎症图片__ptyz61-2.jpg,0,1,1,1,0,,莆田学院附属医院__图片__莆田学院附属医院__莆田炎症图片__ptyz61-2_overlay.jpg,莆田学院附属医院__图片__莆田学院附属医院__莆田炎症图片__ptyz61-2.png,莆田学院附属医院__图片__莆田学院附属医院__莆田炎症图片__ptyz61-2.json
dataset/gastritis_external/processed_images/莆田学院附属医院/crop_ui,莆田学院附属医院__图片__莆田学院附属医院__莆田炎症图片__ptyz36-12.jpg,0,1,1,1,0,,莆田学院附属医院__图片__莆田学院附属医院__莆田炎症图片__ptyz36-12_overlay.jpg,莆田学院附属医院__图片__莆田学院附属医院__莆田炎症图片__ptyz36-12.png,莆田学院附属医院__图片__莆田学院附属医院__莆田炎症图片__ptyz36-12.json
dataset/gastritis_external/processed_images/莆田学院附属医院/crop_ui,莆田学院附属医院__图片__莆田学院附属医院__莆田炎症图片__ptyz82-3.jpg,0,1,1,1,0,,莆田学院附属医院__图片__莆田学院附属医院__莆田炎症图片__ptyz82-3_overlay.jpg,莆田学院附属医院__图片__莆田学院附属医院__莆田炎症图片__ptyz82-3.png,莆田学院附属医院__图片__莆田学院附属医院__莆田炎症图片__ptyz82-3.json
dataset/gastritis_external/processed_images/莆田学院附属医院/crop_ui,莆田学院附属医院__图片__莆田学院附属医院__莆田炎症图片__ptyz2-2.jpg,0,1,1,1,0,,莆田学院附属医院__图片__莆田学院附属医院__莆田炎症图片__ptyz2-2_overlay.jpg,莆田学院附属医院__图片__莆田学院附属医院__莆田炎症图片__ptyz2-2.png,莆田学院附属医院__图片__莆田学院附属医院__莆田炎症图片__ptyz2-2.json
dataset/gastritis_external/processed_images/莆田学院附属医院/crop_ui,莆田学院附属医院__图片__莆田学院附属医院__莆田炎症图片__ptyz84-5.jpg,0,1,1,1,0,,莆田学院附属医院__图片__莆田学院附属医院__莆田炎症图片__ptyz84-5_overlay.jpg,莆田学院附属医院__图片__莆田学院附属医院__莆田炎症图片__ptyz84-5.png,莆田学院附属医院__图片__莆田学院附属医院__莆田炎症图片__ptyz84-5.json
dataset/gastritis_external/processed_images/莆田学院附属医院/crop_ui,莆田学院附属医院__图片__莆田学院附属医院__莆田炎症图片__ptyz255-4.jpg,0,1,1,1,0,,莆田学院附属医院__图片__莆田学院附属医院__莆田炎症图片__ptyz255-4_overlay.jpg,莆田学院附属医院__图片__莆田学院附属医院__莆田炎症图片__ptyz255-4.png,莆田学院附属医院__图片__莆田学院附属医院__莆田炎症图片__ptyz255-4.json
dataset/gastritis_external/processed_images/莆田学院附属医院/crop_ui,莆田学院附属医院__图片__莆田学院附属医院__莆田炎症图片__ptyz156-1.jpg,0,1,1,1,0,,莆田学院附属医院__图片__莆田学院附属医院__莆田炎症图片__ptyz156-1_overlay.jpg,莆田学院附属医院__图片__莆田学院附属医院__莆田炎症图片__ptyz156-1.png,莆田学院附属医院__图片__莆田学院附属医院__莆田炎症图片__ptyz156-1.json
dataset/gastritis_external/processed_images/莆田学院附属医院/crop_ui,莆田学院附属医院__图片__莆田学院附属医院__莆田炎症图片__ptyz37-6.jpg,0,1,1,1,0,,莆田学院附属医院__图片__莆田学院附属医院__莆田炎症图片__ptyz37-6_overlay.jpg,莆田学院附属医院__图片__莆田学院附属医院__莆田炎症图片__ptyz37-6.png,莆田学院附属医院__图片__莆田学院附属医院__莆田炎症图片__ptyz37-6.json
dataset/gastritis_external/processed_images/莆田学院附属医院/crop_ui,莆田学院附属医院__图片__莆田学院附属医院__莆田炎症图片__ptyz97-2.jpg,0,1,1,1,0,,莆田学院附属医院__图片__莆田学院附属医院__莆田炎症图片__ptyz97-2_overlay.jpg,莆田学院附属医院__图片__莆田学院附属医院__莆田炎症图片__ptyz97-2.png,莆田学院附属医院__图片__莆田学院附属医院__莆田炎症图片__ptyz97-2.json
dataset/gastritis_external/processed_images/莆田学院附属医院/crop_ui,莆田学院附属医院__图片__莆田学院附属医院__莆田炎症图片__ptyz53-5.jpg,0,1,1,1,0,,莆田学院附属医院__图片__莆田学院附属医院__莆田炎症图片__ptyz53-5_overlay.jpg,莆田学院附属医院__图片__莆田学院附属医院__莆田炎症图片__ptyz53-5.png,莆田学院附属医院__图片__莆田学院附属医院__莆田炎症图片__ptyz53-5.json
dataset/gastritis_external/processed_images/莆田学院附属医院/crop_ui,莆田学院附属医院__图片__莆田学院附属医院__莆田炎症图片__ptyz37-3.jpg,0,1,1,1,0,,莆田学院附属医院__图片__莆田学院附属医院__莆田炎症图片__ptyz37-3_overlay.jpg,莆田学院附属医院__图片__莆田学院附属医院__莆田炎症图片__ptyz37-3.png,莆田学院附属医院__图片__莆田学院附属医院__莆田炎症图片__ptyz37-3.json
dataset/gastritis_external/processed_images/莆田学院附属医院/crop_ui,莆田学院附属医院__图片__莆田学院附属医院__莆田炎症图片__ptyz412-1.jpg,0,1,1,1,0,,莆田学院附属医院__图片__莆田学院附属医院__莆田炎症图片__ptyz412-1_overlay.jpg,莆田学院附属医院__图片__莆田学院附属医院__莆田炎症图片__ptyz412-1.png,莆田学院附属医院__图片__莆田学院附属医院__莆田炎症图片__ptyz412-1.json
dataset/gastritis_external/processed_images/莆田学院附属医院/crop_ui,莆田学院附属医院__图片__莆田学院附属医院__莆田炎症图片__ptyz125-4.jpg,0,1,1,1,0,,莆田学院附属医院__图片__莆田学院附属医院__莆田炎症图片__ptyz125-4_overlay.jpg,莆田学院附属医院__图片__莆田学院附属医院__莆田炎症图片__ptyz125-4.png,莆田学院附属医院__图片__莆田学院附属医院__莆田炎症图片__ptyz125-4.json
dataset/gastritis_external/processed_images/莆田学院附属医院/crop_ui,莆田学院附属医院__图片__莆田学院附属医院__莆田炎症图片__ptyz149-2.jpg,0,1,1,1,0,,莆田学院附属医院__图片__莆田学院附属医院__莆田炎症图片__ptyz149-2_overlay.jpg,莆田学院附属医院__图片__莆田学院附属医院__莆田炎症图片__ptyz149-2.png,莆田学院附属医院__图片__莆田学院附属医院__莆田炎症图片__ptyz149-2.json
dataset/gastritis_external/processed_images/莆田学院附属医院/crop_ui,莆田学院附属医院__图片__莆田学院附属医院__莆田炎症图片__ptyz285-3.jpg,0,1,1,1,0,,莆田学院附属医院__图片__莆田学院附属医院__莆田炎症图片__ptyz285-3_overlay.jpg,莆田学院附属医院__图片__莆田学院附属医院__莆田炎症图片__ptyz285-3.png,莆田学院附属医院__图片__莆田学院附属医院__莆田炎症图片__ptyz285-3.json
dataset/gastritis_external/processed_images/莆田学院附属医院/crop_ui,莆田学院附属医院__图片__莆田学院附属医院__莆田炎症图片__ptyz281-4.jpg,0,1,1,1,0,,莆田学院附属医院__图片__莆田学院附属医院__莆田炎症图片__ptyz281-4_overlay.jpg,莆田学院附属医院__图片__莆田学院附属医院__莆田炎症图片__ptyz281-4.png,莆田学院附属医院__图片__莆田学院附属医院__莆田炎症图片__ptyz281-4.json
dataset/gastritis_external/processed_images/莆田学院附属医院/crop_ui,莆田学院附属医院__图片__莆田学院附属医院__莆田炎症图片__ptyz214-5.jpg,0,1,1,1,0,,莆田学院附属医院__图片__莆田学院附属医院__莆田炎症图片__ptyz214-5_overlay.jpg,莆田学院附属医院__图片__莆田学院附属医院__莆田炎症图片__ptyz214-5.png,莆田学院附属医院__图片__莆田学院附属医院__莆田炎症图片__ptyz214-5.json
dataset/gastritis_external/processed_images/莆田学院附属医院/crop_ui,莆田学院附属医院__图片__莆田学院附属医院__莆田炎症图片__ptyz190-1.jpg,0,1,1,1,0,,莆田学院附属医院__图片__莆田学院附属医院__莆田炎症图片__ptyz190-1_overlay.jpg,莆田学院附属医院__图片__莆田学院附属医院__莆田炎症图片__ptyz190-1.png,莆田学院附属医院__图片__莆田学院附属医院__莆田炎症图片__ptyz190-1.json
dataset/gastritis_external/processed_images/莆田学院附属医院/crop_ui,莆田学院附属医院__图片__莆田学院附属医院__莆田炎症图片__ptyz29-6.jpg,0,1,1,1,0,,莆田学院附属医院__图片__莆田学院附属医院__莆田炎症图片__ptyz29-6_overlay.jpg,莆田学院附属医院__图片__莆田学院附属医院__莆田炎症图片__ptyz29-6.png,莆田学院附属医院__图片__莆田学院附属医院__莆田炎症图片__ptyz29-6.json
dataset/gastritis_external/processed_images/莆田学院附属医院/crop_ui,莆田学院附属医院__图片__莆田学院附属医院__莆田炎症图片__ptyz432-5.jpg,0,1,1,1,0,,莆田学院附属医院__图片__莆田学院附属医院__莆田炎症图片__ptyz432-5_overlay.jpg,莆田学院附属医院__图片__莆田学院附属医院__莆田炎症图片__ptyz432-5.png,莆田学院附属医院__图片__莆田学院附属医院__莆田炎症图片__ptyz432-5.json
dataset/gastritis_external/processed_images/莆田学院附属医院/crop_ui,莆田学院附属医院__图片__莆田学院附属医院__莆田炎症图片__ptyz318-2.jpg,0,1,1,1,0,,莆田学院附属医院__图片__莆田学院附属医院__莆田炎症图片__ptyz318-2_overlay.jpg,莆田学院附属医院__图片__莆田学院附属医院__莆田炎症图片__ptyz318-2.png,莆田学院附属医院__图片__莆田学院附属医院__莆田炎症图片__ptyz318-2.json
dataset/gastritis_external/processed_images/莆田学院附属医院/crop_ui,莆田学院附属医院__图片__莆田学院附属医院__莆田炎症图片__ptyz89-7.jpg,0,1,1,1,0,,莆田学院附属医院__图片__莆田学院附属医院__莆田炎症图片__ptyz89-7_overlay.jpg,莆田学院附属医院__图片__莆田学院附属医院__莆田炎症图片__ptyz89-7.png,莆田学院附属医院__图片__莆田学院附属医院__莆田炎症图片__ptyz89-7.json
dataset/gastritis_external/processed_images/莆田学院附属医院/crop_ui,莆田学院附属医院__图片__莆田学院附属医院__莆田炎症图片__ptyz194-1.jpg,0,1,1,1,0,,莆田学院附属医院__图片__莆田学院附属医院__莆田炎症图片__ptyz194-1_overlay.jpg,莆田学院附属医院__图片__莆田学院附属医院__莆田炎症图片__ptyz194-1.png,莆田学院附属医院__图片__莆田学院附属医院__莆田炎症图片__ptyz194-1.json
dataset/gastritis_external/processed_images/莆田学院附属医院/crop_ui,莆田学院附属医院__图片__莆田学院附属医院__莆田炎症图片__ptyz32-4.jpg,0,1,1,1,0,,莆田学院附属医院__图片__莆田学院附属医院__莆田炎症图片__ptyz32-4_overlay.jpg,莆田学院附属医院__图片__莆田学院附属医院__莆田炎症图片__ptyz32-4.png,莆田学院附属医院__图片__莆田学院附属医院__莆田炎症图片__ptyz32-4.json
dataset/gastritis_external/processed_images/莆田学院附属医院/crop_ui,莆田学院附属医院__图片__莆田学院附属医院__莆田炎症图片__ptyz37-1.jpg,0,1,1,1,0,,莆田学院附属医院__图片__莆田学院附属医院__莆田炎症图片__ptyz37-1_overlay.jpg,莆田学院附属医院__图片__莆田学院附属医院__莆田炎症图片__ptyz37-1.png,莆田学院附属医院__图片__莆田学院附属医院__莆田炎症图片__ptyz37-1.json
dataset/gastritis_external/processed_images/莆田学院附属医院/crop_ui,莆田学院附属医院__图片__莆田学院附属医院__莆田炎症图片__ptyz234-2.jpg,0,1,1,1,0,,莆田学院附属医院__图片__莆田学院附属医院__莆田炎症图片__ptyz234-2_overlay.jpg,莆田学院附属医院__图片__莆田学院附属医院__莆田炎症图片__ptyz234-2.png,莆田学院附属医院__图片__莆田学院附属医院__莆田炎症图片__ptyz234-2.json
dataset/gastritis_external/processed_images/莆田学院附属医院/crop_ui,莆田学院附属医院__图片__莆田学院附属医院__莆田炎症图片__ptyz391-2.jpg,0,1,1,1,0,,莆田学院附属医院__图片__莆田学院附属医院__莆田炎症图片__ptyz391-2_overlay.jpg,莆田学院附属医院__图片__莆田学院附属医院__莆田炎症图片__ptyz391-2.png,莆田学院附属医院__图片__莆田学院附属医院__莆田炎症图片__ptyz391-2.json
dataset/gastritis_external/processed_images/莆田学院附属医院/crop_ui,莆田学院附属医院__图片__莆田学院附属医院__莆田炎症图片__ptyz7-5.jpg,0,1,1,1,0,,莆田学院附属医院__图片__莆田学院附属医院__莆田炎症图片__ptyz7-5_overlay.jpg,莆田学院附属医院__图片__莆田学院附属医院__莆田炎症图片__ptyz7-5.png,莆田学院附属医院__图片__莆田学院附属医院__莆田炎症图片__ptyz7-5.json
dataset/gastritis_external/processed_images/莆田学院附属医院/crop_ui,莆田学院附属医院__图片__莆田学院附属医院__莆田炎症图片__ptyz102-3.jpg,0,1,1,1,0,,莆田学院附属医院__图片__莆田学院附属医院__莆田炎症图片__ptyz102-3_overlay.jpg,莆田学院附属医院__图片__莆田学院附属医院__莆田炎症图片__ptyz102-3.png,莆田学院附属医院__图片__莆田学院附属医院__莆田炎症图片__ptyz102-3.json
dataset/gastritis_external/processed_images/莆田学院附属医院/crop_ui,莆田学院附属医院__图片__莆田学院附属医院__莆田炎症图片__ptyz143-3.jpg,0,1,1,1,0,,莆田学院附属医院__图片__莆田学院附属医院__莆田炎症图片__ptyz143-3_overlay.jpg,莆田学院附属医院__图片__莆田学院附属医院__莆田炎症图片__ptyz143-3.png,莆田学院附属医院__图片__莆田学院附属医院__莆田炎症图片__ptyz143-3.json
dataset/gastritis_external/processed_images/莆田学院附属医院/crop_ui,莆田学院附属医院__图片__莆田学院附属医院__莆田炎症图片__ptyz379-1.jpg,0,1,1,1,0,,莆田学院附属医院__图片__莆田学院附属医院__莆田炎症图片__ptyz379-1_overlay.jpg,莆田学院附属医院__图片__莆田学院附属医院__莆田炎症图片__ptyz379-1.png,莆田学院附属医院__图片__莆田学院附属医院__莆田炎症图片__ptyz379-1.json
dataset/gastritis_external/processed_images/莆田学院附属医院/crop_ui,莆田学院附属医院__图片__莆田学院附属医院__莆田炎症图片__ptyz167-4.jpg,0,1,1,1,0,,莆田学院附属医院__图片__莆田学院附属医院__莆田炎症图片__ptyz167-4_overlay.jpg,莆田学院附属医院__图片__莆田学院附属医院__莆田炎症图片__ptyz167-4.png,莆田学院附属医院__图片__莆田学院附属医院__莆田炎症图片__ptyz167-4.json
dataset/gastritis_external/processed_images/莆田学院附属医院/crop_ui,莆田学院附属医院__图片__莆田学院附属医院__莆田炎症图片__ptyz430-3.jpg,0,1,1,1,0,,莆田学院附属医院__图片__莆田学院附属医院__莆田炎症图片__ptyz430-3_overlay.jpg,莆田学院附属医院__图片__莆田学院附属医院__莆田炎症图片__ptyz430-3.png,莆田学院附属医院__图片__莆田学院附属医院__莆田炎症图片__ptyz430-3.json
dataset/gastritis_external/processed_images/莆田学院附属医院/crop_ui,莆田学院附属医院__图片__莆田学院附属医院__莆田炎症图片__ptyz264-1.jpg,0,1,1,1,0,,莆田学院附属医院__图片__莆田学院附属医院__莆田炎症图片__ptyz264-1_overlay.jpg,莆田学院附属医院__图片__莆田学院附属医院__莆田炎症图片__ptyz264-1.png,莆田学院附属医院__图片__莆田学院附属医院__莆田炎症图片__ptyz264-1.json
dataset/gastritis_external/processed_images/莆田学院附属医院/crop_ui,莆田学院附属医院__图片__莆田学院附属医院__莆田炎症图片__ptyz38-6.jpg,0,1,1,1,0,,莆田学院附属医院__图片__莆田学院附属医院__莆田炎症图片__ptyz38-6_overlay.jpg,莆田学院附属医院__图片__莆田学院附属医院__莆田炎症图片__ptyz38-6.png,莆田学院附属医院__图片__莆田学院附属医院__莆田炎症图片__ptyz38-6.json
dataset/gastritis_external/processed_images/莆田学院附属医院/crop_ui,莆田学院附属医院__图片__莆田学院附属医院__莆田炎症图片__ptyz92-2.jpg,0,1,1,1,0,,莆田学院附属医院__图片__莆田学院附属医院__莆田炎症图片__ptyz92-2_overlay.jpg,莆田学院附属医院__图片__莆田学院附属医院__莆田炎症图片__ptyz92-2.png,莆田学院附属医院__图片__莆田学院附属医院__莆田炎症图片__ptyz92-2.json
dataset/gastritis_external/processed_images/莆田学院附属医院/crop_ui,莆田学院附属医院__图片__莆田学院附属医院__莆田炎症图片__ptyz12-9.jpg,0,1,1,1,0,,莆田学院附属医院__图片__莆田学院附属医院__莆田炎症图片__ptyz12-9_overlay.jpg,莆田学院附属医院__图片__莆田学院附属医院__莆田炎症图片__ptyz12-9.png,莆田学院附属医院__图片__莆田学院附属医院__莆田炎症图片__ptyz12-9.json
dataset/gastritis_external/processed_images/莆田学院附属医院/crop_ui,莆田学院附属医院__图片__莆田学院附属医院__莆田炎症图片__ptyz276-2.jpg,0,1,1,1,0,,莆田学院附属医院__图片__莆田学院附属医院__莆田炎症图片__ptyz276-2_overlay.jpg,莆田学院附属医院__图片__莆田学院附属医院__莆田炎症图片__ptyz276-2.png,莆田学院附属医院__图片__莆田学院附属医院__莆田炎症图片__ptyz276-2.json
dataset/gastritis_external/processed_images/莆田学院附属医院/crop_ui,莆田学院附属医院__图片__莆田学院附属医院__莆田炎症图片__ptyz351-4.jpg,0,1,1,1,0,,莆田学院附属医院__图片__莆田学院附属医院__莆田炎症图片__ptyz351-4_overlay.jpg,莆田学院附属医院__图片__莆田学院附属医院__莆田炎症图片__ptyz351-4.png,莆田学院附属医院__图片__莆田学院附属医院__莆田炎症图片__ptyz351-4.json
dataset/gastritis_external/processed_images/莆田学院附属医院/crop_ui,莆田学院附属医院__图片__莆田学院附属医院__莆田炎症图片__ptyz435-4.jpg,0,1,1,1,0,,莆田学院附属医院__图片__莆田学院附属医院__莆田炎症图片__ptyz435-4_overlay.jpg,莆田学院附属医院__图片__莆田学院附属医院__莆田炎症图片__ptyz435-4.png,莆田学院附属医院__图片__莆田学院附属医院__莆田炎症图片__ptyz435-4.json
dataset/gastritis_external/processed_images/莆田学院附属医院/crop_ui,莆田学院附属医院__图片__莆田学院附属医院__莆田炎症图片__ptyz32-6.jpg,0,1,1,1,0,,莆田学院附属医院__图片__莆田学院附属医院__莆田炎症图片__ptyz32-6_overlay.jpg,莆田学院附属医院__图片__莆田学院附属医院__莆田炎症图片__ptyz32-6.png,莆田学院附属医院__图片__莆田学院附属医院__莆田炎症图片__ptyz32-6.json
dataset/gastritis_external/processed_images/莆田学院附属医院/crop_ui,莆田学院附属医院__图片__莆田学院附属医院__莆田炎症图片__ptyz348-2.jpg,0,1,1,1,0,,莆田学院附属医院__图片__莆田学院附属医院__莆田炎症图片__ptyz348-2_overlay.jpg,莆田学院附属医院__图片__莆田学院附属医院__莆田炎症图片__ptyz348-2.png,莆田学院附属医院__图片__莆田学院附属医院__莆田炎症图片__ptyz348-2.json
dataset/gastritis_external/processed_images/莆田学院附属医院/crop_ui,莆田学院附属医院__图片__莆田学院附属医院__莆田炎症图片__ptyz105-3.jpg,0,1,1,1,0,,莆田学院附属医院__图片__莆田学院附属医院__莆田炎症图片__ptyz105-3_overlay.jpg,莆田学院附属医院__图片__莆田学院附属医院__莆田炎症图片__ptyz105-3.png,莆田学院附属医院__图片__莆田学院附属医院__莆田炎症图片__ptyz105-3.json
dataset/gastritis_external/processed_images/莆田学院附属医院/crop_ui,莆田学院附属医院__图片__莆田学院附属医院__莆田炎症图片__ptyz158-3.jpg,0,1,1,1,0,,莆田学院附属医院__图片__莆田学院附属医院__莆田炎症图片__ptyz158-3_overlay.jpg,莆田学院附属医院__图片__莆田学院附属医院__莆田炎症图片__ptyz158-3.png,莆田学院附属医院__图片__莆田学院附属医院__莆田炎症图片__ptyz158-3.json
dataset/gastritis_external/processed_images/莆田学院附属医院/crop_ui,莆田学院附属医院__图片__莆田学院附属医院__莆田炎症图片__ptyz375-1.jpg,0,1,1,1,0,,莆田学院附属医院__图片__莆田学院附属医院__莆田炎症图片__ptyz375-1_overlay.jpg,莆田学院附属医院__图片__莆田学院附属医院__莆田炎症图片__ptyz375-1.png,莆田学院附属医院__图片__莆田学院附属医院__莆田炎症图片__ptyz375-1.json
dataset/gastritis_external/processed_images/莆田学院附属医院/crop_ui,莆田学院附属医院__图片__莆田学院附属医院__莆田炎症图片__ptyz295-1.jpg,0,1,1,1,0,,莆田学院附属医院__图片__莆田学院附属医院__莆田炎症图片__ptyz295-1_overlay.jpg,莆田学院附属医院__图片__莆田学院附属医院__莆田炎症图片__ptyz295-1.png,莆田学院附属医院__图片__莆田学院附属医院__莆田炎症图片__ptyz295-1.json
dataset/gastritis_external/processed_images/莆田学院附属医院/crop_ui,莆田学院附属医院__图片__莆田学院附属医院__莆田炎症图片__ptyz141-4.jpg,0,1,1,1,0,,莆田学院附属医院__图片__莆田学院附属医院__莆田炎症图片__ptyz141-4_overlay.jpg,莆田学院附属医院__图片__莆田学院附属医院__莆田炎症图片__ptyz141-4.png,莆田学院附属医院__图片__莆田学院附属医院__莆田炎症图片__ptyz141-4.json
dataset/gastritis_external/processed_images/莆田学院附属医院/crop_ui,莆田学院附属医院__图片__莆田学院附属医院__莆田炎症图片__ptyz307-1.jpg,0,1,1,1,0,,莆田学院附属医院__图片__莆田学院附属医院__莆田炎症图片__ptyz307-1_overlay.jpg,莆田学院附属医院__图片__莆田学院附属医院__莆田炎症图片__ptyz307-1.png,莆田学院附属医院__图片__莆田学院附属医院__莆田炎症图片__ptyz307-1.json
dataset/gastritis_external/processed_images/莆田学院附属医院/crop_ui,莆田学院附属医院__图片__莆田学院附属医院__莆田炎症图片__ptyz359-4.jpg,0,1,1,1,0,,莆田学院附属医院__图片__莆田学院附属医院__莆田炎症图片__ptyz359-4_overlay.jpg,莆田学院附属医院__图片__莆田学院附属医院__莆田炎症图片__ptyz359-4.png,莆田学院附属医院__图片__莆田学院附属医院__莆田炎症图片__ptyz359-4.json
dataset/gastritis_external/processed_images/莆田学院附属医院/crop_ui,莆田学院附属医院__图片__莆田学院附属医院__莆田炎症图片__ptyz27-9.jpg,0,1,1,1,0,,莆田学院附属医院__图片__莆田学院附属医院__莆田炎症图片__ptyz27-9_overlay.jpg,莆田学院附属医院__图片__莆田学院附属医院__莆田炎症图片__ptyz27-9.png,莆田学院附属医院__图片__莆田学院附属医院__莆田炎症图片__ptyz27-9.json
dataset/gastritis_external/processed_images/莆田学院附属医院/crop_ui,莆田学院附属医院__图片__莆田学院附属医院__莆田炎症图片__ptyz188-1.jpg,0,1,1,1,0,,莆田学院附属医院__图片__莆田学院附属医院__莆田炎症图片__ptyz188-1_overlay.jpg,莆田学院附属医院__图片__莆田学院附属医院__莆田炎症图片__ptyz188-1.png,莆田学院附属医院__图片__莆田学院附属医院__莆田炎症图片__ptyz188-1.json
dataset/gastritis_external/processed_images/莆田学院附属医院/crop_ui,莆田学院附属医院__图片__莆田学院附属医院__莆田炎症图片__ptyz12-7.jpg,0,1,1,1,0,,莆田学院附属医院__图片__莆田学院附属医院__莆田炎症图片__ptyz12-7_overlay.jpg,莆田学院附属医院__图片__莆田学院附属医院__莆田炎症图片__ptyz12-7.png,莆田学院附属医院__图片__莆田学院附属医院__莆田炎症图片__ptyz12-7.json
dataset/gastritis_external/processed_images/莆田学院附属医院/crop_ui,莆田学院附属医院__图片__莆田学院附属医院__莆田炎症图片__ptyz211-5.jpg,0,1,1,1,0,,莆田学院附属医院__图片__莆田学院附属医院__莆田炎症图片__ptyz211-5_overlay.jpg,莆田学院附属医院__图片__莆田学院附属医院__莆田炎症图片__ptyz211-5.png,莆田学院附属医院__图片__莆田学院附属医院__莆田炎症图片__ptyz211-5.json
dataset/gastritis_external/processed_images/莆田学院附属医院/crop_ui,莆田学院附属医院__图片__莆田学院附属医院__莆田炎症图片__ptyz108-1.jpg,0,1,1,1,0,,莆田学院附属医院__图片__莆田学院附属医院__莆田炎症图片__ptyz108-1_overlay.jpg,莆田学院附属医院__图片__莆田学院附属医院__莆田炎症图片__ptyz108-1.png,莆田学院附属医院__图片__莆田学院附属医院__莆田炎症图片__ptyz108-1.json
dataset/gastritis_external/processed_images/莆田学院附属医院/crop_ui,莆田学院附属医院__图片__莆田学院附属医院__莆田炎症图片__ptyz184-4.jpg,0,1,1,1,0,,莆田学院附属医院__图片__莆田学院附属医院__莆田炎症图片__ptyz184-4_overlay.jpg,莆田学院附属医院__图片__莆田学院附属医院__莆田炎症图片__ptyz184-4.png,莆田学院附属医院__图片__莆田学院附属医院__莆田炎症图片__ptyz184-4.json
dataset/gastritis_external/processed_images/莆田学院附属医院/crop_ui,莆田学院附属医院__图片__莆田学院附属医院__莆田炎症图片__ptyz123-1.jpg,0,1,1,1,0,,莆田学院附属医院__图片__莆田学院附属医院__莆田炎症图片__ptyz123-1_overlay.jpg,莆田学院附属医院__图片__莆田学院附属医院__莆田炎症图片__ptyz123-1.png,莆田学院附属医院__图片__莆田学院附属医院__莆田炎症图片__ptyz123-1.json
dataset/gastritis_external/processed_images/莆田学院附属医院/crop_ui,莆田学院附属医院__图片__莆田学院附属医院__莆田炎症图片__ptyz12-20.jpg,0,1,1,1,0,,莆田学院附属医院__图片__莆田学院附属医院__莆田炎症图片__ptyz12-20_overlay.jpg,莆田学院附属医院__图片__莆田学院附属医院__莆田炎症图片__ptyz12-20.png,莆田学院附属医院__图片__莆田学院附属医院__莆田炎症图片__ptyz12-20.json
dataset/gastritis_external/processed_images/莆田学院附属医院/crop_ui,莆田学院附属医院__图片__莆田学院附属医院__莆田炎症图片__ptyz84-4.jpg,0,1,1,1,0,,莆田学院附属医院__图片__莆田学院附属医院__莆田炎症图片__ptyz84-4_overlay.jpg,莆田学院附属医院__图片__莆田学院附属医院__莆田炎症图片__ptyz84-4.png,莆田学院附属医院__图片__莆田学院附属医院__莆田炎症图片__ptyz84-4.json
dataset/gastritis_external/processed_images/莆田学院附属医院/crop_ui,莆田学院附属医院__图片__莆田学院附属医院__莆田炎症图片__ptyz270-3.jpg,0,1,1,1,0,,莆田学院附属医院__图片__莆田学院附属医院__莆田炎症图片__ptyz270-3_overlay.jpg,莆田学院附属医院__图片__莆田学院附属医院__莆田炎症图片__ptyz270-3.png,莆田学院附属医院__图片__莆田学院附属医院__莆田炎症图片__ptyz270-3.json
dataset/gastritis_external/processed_images/莆田学院附属医院/crop_ui,莆田学院附属医院__图片__莆田学院附属医院__莆田炎症图片__ptyz314-3.jpg,0,1,1,1,0,,莆田学院附属医院__图片__莆田学院附属医院__莆田炎症图片__ptyz314-3_overlay.jpg,莆田学院附属医院__图片__莆田学院附属医院__莆田炎症图片__ptyz314-3.png,莆田学院附属医院__图片__莆田学院附属医院__莆田炎症图片__ptyz314-3.json
dataset/gastritis_external/processed_images/莆田学院附属医院/crop_ui,莆田学院附属医院__图片__莆田学院附属医院__莆田炎症图片__ptyz95-2.jpg,0,1,1,1,0,,莆田学院附属医院__图片__莆田学院附属医院__莆田炎症图片__ptyz95-2_overlay.jpg,莆田学院附属医院__图片__莆田学院附属医院__莆田炎症图片__ptyz95-2.png,莆田学院附属医院__图片__莆田学院附属医院__莆田炎症图片__ptyz95-2.json
dataset/gastritis_external/processed_images/莆田学院附属医院/crop_ui,莆田学院附属医院__图片__莆田学院附属医院__莆田炎症图片__ptyz409-4.jpg,0,1,1,1,0,,莆田学院附属医院__图片__莆田学院附属医院__莆田炎症图片__ptyz409-4_overlay.jpg,莆田学院附属医院__图片__莆田学院附属医院__莆田炎症图片__ptyz409-4.png,莆田学院附属医院__图片__莆田学院附属医院__莆田炎症图片__ptyz409-4.json
dataset/gastritis_external/processed_images/莆田学院附属医院/crop_ui,莆田学院附属医院__图片__莆田学院附属医院__莆田炎症图片__ptyz363-4.jpg,0,1,1,1,0,,莆田学院附属医院__图片__莆田学院附属医院__莆田炎症图片__ptyz363-4_overlay.jpg,莆田学院附属医院__图片__莆田学院附属医院__莆田炎症图片__ptyz363-4.png,莆田学院附属医院__图片__莆田学院附属医院__莆田炎症图片__ptyz363-4.json
dataset/gastritis_external/processed_images/莆田学院附属医院/crop_ui,莆田学院附属医院__图片__莆田学院附属医院__莆田炎症图片__ptyz90-3.jpg,0,1,1,1,0,,莆田学院附属医院__图片__莆田学院附属医院__莆田炎症图片__ptyz90-3_overlay.jpg,莆田学院附属医院__图片__莆田学院附属医院__莆田炎症图片__ptyz90-3.png,莆田学院附属医院__图片__莆田学院附属医院__莆田炎症图片__ptyz90-3.json
dataset/gastritis_external/processed_images/莆田学院附属医院/crop_ui,莆田学院附属医院__图片__莆田学院附属医院__莆田炎症图片__ptyz407-1.jpg,0,1,1,1,0,,莆田学院附属医院__图片__莆田学院附属医院__莆田炎症图片__ptyz407-1_overlay.jpg,莆田学院附属医院__图片__莆田学院附属医院__莆田炎症图片__ptyz407-1.png,莆田学院附属医院__图片__莆田学院附属医院__莆田炎症图片__ptyz407-1.json
dataset/gastritis_external/processed_images/莆田学院附属医院/crop_ui,莆田学院附属医院__图片__莆田学院附属医院__莆田炎症图片__ptyz91-4.jpg,0,1,1,1,0,,莆田学院附属医院__图片__莆田学院附属医院__莆田炎症图片__ptyz91-4_overlay.jpg,莆田学院附属医院__图片__莆田学院附属医院__莆田炎症图片__ptyz91-4.png,莆田学院附属医院__图片__莆田学院附属医院__莆田炎症图片__ptyz91-4.json
dataset/gastritis_external/processed_images/莆田学院附属医院/crop_ui,莆田学院附属医院__图片__莆田学院附属医院__莆田炎症图片__ptyz36-4.jpg,0,1,1,1,0,,莆田学院附属医院__图片__莆田学院附属医院__莆田炎症图片__ptyz36-4_overlay.jpg,莆田学院附属医院__图片__莆田学院附属医院__莆田炎症图片__ptyz36-4.png,莆田学院附属医院__图片__莆田学院附属医院__莆田炎症图片__ptyz36-4.json
dataset/gastritis_external/processed_images/莆田学院附属医院/crop_ui,莆田学院附属医院__图片__莆田学院附属医院__莆田炎症图片__ptyz36-10.jpg,0,1,1,1,0,,莆田学院附属医院__图片__莆田学院附属医院__莆田炎症图片__ptyz36-10_overlay.jpg,莆田学院附属医院__图片__莆田学院附属医院__莆田炎症图片__ptyz36-10.png,莆田学院附属医院__图片__莆田学院附属医院__莆田炎症图片__ptyz36-10.json
dataset/gastritis_external/processed_images/莆田学院附属医院/crop_ui,莆田学院附属医院__图片__莆田学院附属医院__莆田炎症图片__ptyz141-1.jpg,0,1,1,1,0,,莆田学院附属医院__图片__莆田学院附属医院__莆田炎症图片__ptyz141-1_overlay.jpg,莆田学院附属医院__图片__莆田学院附属医院__莆田炎症图片__ptyz141-1.png,莆田学院附属医院__图片__莆田学院附属医院__莆田炎症图片__ptyz141-1.json
dataset/gastritis_external/processed_images/莆田学院附属医院/crop_ui,莆田学院附属医院__图片__莆田学院附属医院__莆田炎症图片__ptyz227-6.jpg,0,1,1,1,0,,莆田学院附属医院__图片__莆田学院附属医院__莆田炎症图片__ptyz227-6_overlay.jpg,莆田学院附属医院__图片__莆田学院附属医院__莆田炎症图片__ptyz227-6.png,莆田学院附属医院__图片__莆田学院附属医院__莆田炎症图片__ptyz227-6.json
dataset/gastritis_external/processed_images/莆田学院附属医院/crop_ui,莆田学院附属医院__图片__莆田学院附属医院__莆田炎症图片__ptyz145-1.jpg,0,1,1,1,0,,莆田学院附属医院__图片__莆田学院附属医院__莆田炎症图片__ptyz145-1_overlay.jpg,莆田学院附属医院__图片__莆田学院附属医院__莆田炎症图片__ptyz145-1.png,莆田学院附属医院__图片__莆田学院附属医院__莆田炎症图片__ptyz145-1.json
dataset/gastritis_external/processed_images/莆田学院附属医院/crop_ui,莆田学院附属医院__图片__莆田学院附属医院__莆田炎症图片__ptyz135-5.jpg,0,1,1,1,0,,莆田学院附属医院__图片__莆田学院附属医院__莆田炎症图片__ptyz135-5_overlay.jpg,莆田学院附属医院__图片__莆田学院附属医院__莆田炎症图片__ptyz135-5.png,莆田学院附属医院__图片__莆田学院附属医院__莆田炎症图片__ptyz135-5.json
dataset/gastritis_external/processed_images/莆田学院附属医院/crop_ui,莆田学院附属医院__图片__莆田学院附属医院__莆田炎症图片__ptyz79-7.jpg,0,1,1,1,0,,莆田学院附属医院__图片__莆田学院附属医院__莆田炎症图片__ptyz79-7_overlay.jpg,莆田学院附属医院__图片__莆田学院附属医院__莆田炎症图片__ptyz79-7.png,莆田学院附属医院__图片__莆田学院附属医院__莆田炎症图片__ptyz79-7.json
dataset/gastritis_external/processed_images/莆田学院附属医院/crop_ui,莆田学院附属医院__图片__莆田学院附属医院__莆田炎症图片__ptyz141-5.jpg,0,1,1,1,0,,莆田学院附属医院__图片__莆田学院附属医院__莆田炎症图片__ptyz141-5_overlay.jpg,莆田学院附属医院__图片__莆田学院附属医院__莆田炎症图片__ptyz141-5.png,莆田学院附属医院__图片__莆田学院附属医院__莆田炎症图片__ptyz141-5.json
dataset/gastritis_external/processed_images/莆田学院附属医院/crop_ui,莆田学院附属医院__图片__莆田学院附属医院__莆田炎症图片__ptyz363-2.jpg,0,1,1,1,0,,莆田学院附属医院__图片__莆田学院附属医院__莆田炎症图片__ptyz363-2_overlay.jpg,莆田学院附属医院__图片__莆田学院附属医院__莆田炎症图片__ptyz363-2.png,莆田学院附属医院__图片__莆田学院附属医院__莆田炎症图片__ptyz363-2.json
dataset/gastritis_external/processed_images/莆田学院附属医院/crop_ui,莆田学院附属医院__图片__莆田学院附属医院__莆田炎症图片__ptyz163-2.jpg,0,1,1,1,0,,莆田学院附属医院__图片__莆田学院附属医院__莆田炎症图片__ptyz163-2_overlay.jpg,莆田学院附属医院__图片__莆田学院附属医院__莆田炎症图片__ptyz163-2.png,莆田学院附属医院__图片__莆田学院附属医院__莆田炎症图片__ptyz163-2.json
dataset/gastritis_external/processed_images/莆田学院附属医院/crop_ui,莆田学院附属医院__图片__莆田学院附属医院__莆田炎症图片__ptyz368-2.jpg,0,1,1,1,0,,莆田学院附属医院__图片__莆田学院附属医院__莆田炎症图片__ptyz368-2_overlay.jpg,莆田学院附属医院__图片__莆田学院附属医院__莆田炎症图片__ptyz368-2.png,莆田学院附属医院__图片__莆田学院附属医院__莆田炎症图片__ptyz368-2.json
dataset/gastritis_external/processed_images/莆田学院附属医院/crop_ui,莆田学院附属医院__图片__莆田学院附属医院__莆田炎症图片__ptyz154-2.jpg,0,1,1,1,0,,莆田学院附属医院__图片__莆田学院附属医院__莆田炎症图片__ptyz154-2_overlay.jpg,莆田学院附属医院__图片__莆田学院附属医院__莆田炎症图片__ptyz154-2.png,莆田学院附属医院__图片__莆田学院附属医院__莆田炎症图片__ptyz154-2.json
dataset/gastritis_external/processed_images/莆田学院附属医院/crop_ui,莆田学院附属医院__图片__莆田学院附属医院__莆田炎症图片__ptyz104-5.jpg,0,1,1,1,0,,莆田学院附属医院__图片__莆田学院附属医院__莆田炎症图片__ptyz104-5_overlay.jpg,莆田学院附属医院__图片__莆田学院附属医院__莆田炎症图片__ptyz104-5.png,莆田学院附属医院__图片__莆田学院附属医院__莆田炎症图片__ptyz104-5.json
dataset/gastritis_external/processed_images/莆田学院附属医院/crop_ui,莆田学院附属医院__图片__莆田学院附属医院__莆田炎症图片__ptyz177-3.jpg,0,1,1,1,0,,莆田学院附属医院__图片__莆田学院附属医院__莆田炎症图片__ptyz177-3_overlay.jpg,莆田学院附属医院__图片__莆田学院附属医院__莆田炎症图片__ptyz177-3.png,莆田学院附属医院__图片__莆田学院附属医院__莆田炎症图片__ptyz177-3.json
dataset/gastritis_external/processed_images/莆田学院附属医院/crop_ui,莆田学院附属医院__图片__莆田学院附属医院__莆田炎症图片__ptyz437-1.jpg,0,1,1,1,0,,莆田学院附属医院__图片__莆田学院附属医院__莆田炎症图片__ptyz437-1_overlay.jpg,莆田学院附属医院__图片__莆田学院附属医院__莆田炎症图片__ptyz437-1.png,莆田学院附属医院__图片__莆田学院附属医院__莆田炎症图片__ptyz437-1.json
dataset/gastritis_external/processed_images/莆田学院附属医院/crop_ui,莆田学院附属医院__图片__莆田学院附属医院__莆田炎症图片__ptyz181-2.jpg,0,1,1,1,0,,莆田学院附属医院__图片__莆田学院附属医院__莆田炎症图片__ptyz181-2_overlay.jpg,莆田学院附属医院__图片__莆田学院附属医院__莆田炎症图片__ptyz181-2.png,莆田学院附属医院__图片__莆田学院附属医院__莆田炎症图片__ptyz181-2.json
dataset/gastritis_external/processed_images/莆田学院附属医院/crop_ui,莆田学院附属医院__图片__莆田学院附属医院__莆田炎症图片__ptyz33-3.jpg,0,1,1,1,0,,莆田学院附属医院__图片__莆田学院附属医院__莆田炎症图片__ptyz33-3_overlay.jpg,莆田学院附属医院__图片__莆田学院附属医院__莆田炎症图片__ptyz33-3.png,莆田学院附属医院__图片__莆田学院附属医院__莆田炎症图片__ptyz33-3.json
dataset/gastritis_external/processed_images/莆田学院附属医院/crop_ui,莆田学院附属医院__图片__莆田学院附属医院__莆田炎症图片__ptyz106-4.jpg,0,1,1,1,0,,莆田学院附属医院__图片__莆田学院附属医院__莆田炎症图片__ptyz106-4_overlay.jpg,莆田学院附属医院__图片__莆田学院附属医院__莆田炎症图片__ptyz106-4.png,莆田学院附属医院__图片__莆田学院附属医院__莆田炎症图片__ptyz106-4.json
dataset/gastritis_external/processed_images/莆田学院附属医院/crop_ui,莆田学院附属医院__图片__莆田学院附属医院__莆田炎症图片__ptyz159-3.jpg,0,1,1,1,0,,莆田学院附属医院__图片__莆田学院附属医院__莆田炎症图片__ptyz159-3_overlay.jpg,莆田学院附属医院__图片__莆田学院附属医院__莆田炎症图片__ptyz159-3.png,莆田学院附属医院__图片__莆田学院附属医院__莆田炎症图片__ptyz159-3.json
dataset/gastritis_external/processed_images/莆田学院附属医院/crop_ui,莆田学院附属医院__图片__莆田学院附属医院__莆田炎症图片__ptyz199-4.jpg,0,1,1,1,0,,莆田学院附属医院__图片__莆田学院附属医院__莆田炎症图片__ptyz199-4_overlay.jpg,莆田学院附属医院__图片__莆田学院附属医院__莆田炎症图片__ptyz199-4.png,莆田学院附属医院__图片__莆田学院附属医院__莆田炎症图片__ptyz199-4.json
dataset/gastritis_external/processed_images/莆田学院附属医院/crop_ui,莆田学院附属医院__图片__莆田学院附属医院__莆田炎症图片__ptyz115-3.jpg,0,1,1,1,0,,莆田学院附属医院__图片__莆田学院附属医院__莆田炎症图片__ptyz115-3_overlay.jpg,莆田学院附属医院__图片__莆田学院附属医院__莆田炎症图片__ptyz115-3.png,莆田学院附属医院__图片__莆田学院附属医院__莆田炎症图片__ptyz115-3.json
dataset/gastritis_external/processed_images/莆田学院附属医院/crop_ui,莆田学院附属医院__图片__莆田学院附属医院__莆田炎症图片__ptyz42-1.jpg,0,1,1,1,0,,莆田学院附属医院__图片__莆田学院附属医院__莆田炎症图片__ptyz42-1_overlay.jpg,莆田学院附属医院__图片__莆田学院附属医院__莆田炎症图片__ptyz42-1.png,莆田学院附属医院__图片__莆田学院附属医院__莆田炎症图片__ptyz42-1.json
dataset/gastritis_external/processed_images/莆田学院附属医院/crop_ui,莆田学院附属医院__图片__莆田学院附属医院__莆田炎症图片__ptyz16-1.jpg,0,1,1,1,0,,莆田学院附属医院__图片__莆田学院附属医院__莆田炎症图片__ptyz16-1_overlay.jpg,莆田学院附属医院__图片__莆田学院附属医院__莆田炎症图片__ptyz16-1.png,莆田学院附属医院__图片__莆田学院附属医院__莆田炎症图片__ptyz16-1.json
dataset/gastritis_external/processed_images/莆田学院附属医院/crop_ui,莆田学院附属医院__图片__莆田学院附属医院__莆田炎症图片__ptyz176-3.jpg,0,1,1,1,0,,莆田学院附属医院__图片__莆田学院附属医院__莆田炎症图片__ptyz176-3_overlay.jpg,莆田学院附属医院__图片__莆田学院附属医院__莆田炎症图片__ptyz176-3.png,莆田学院附属医院__图片__莆田学院附属医院__莆田炎症图片__ptyz176-3.json
dataset/gastritis_external/processed_images/莆田学院附属医院/crop_ui,莆田学院附属医院__图片__莆田学院附属医院__莆田炎症图片__ptyz275-4.jpg,0,1,1,1,0,,莆田学院附属医院__图片__莆田学院附属医院__莆田炎症图片__ptyz275-4_overlay.jpg,莆田学院附属医院__图片__莆田学院附属医院__莆田炎症图片__ptyz275-4.png,莆田学院附属医院__图片__莆田学院附属医院__莆田炎症图片__ptyz275-4.json
dataset/gastritis_external/processed_images/莆田学院附属医院/crop_ui,莆田学院附属医院__图片__莆田学院附属医院__莆田炎症图片__ptyz333-1.jpg,0,1,1,1,0,,莆田学院附属医院__图片__莆田学院附属医院__莆田炎症图片__ptyz333-1_overlay.jpg,莆田学院附属医院__图片__莆田学院附属医院__莆田炎症图片__ptyz333-1.png,莆田学院附属医院__图片__莆田学院附属医院__莆田炎症图片__ptyz333-1.json
dataset/gastritis_external/processed_images/莆田学院附属医院/crop_ui,莆田学院附属医院__图片__莆田学院附属医院__莆田炎症图片__ptyz31-3.jpg,0,1,1,1,0,,莆田学院附属医院__图片__莆田学院附属医院__莆田炎症图片__ptyz31-3_overlay.jpg,莆田学院附属医院__图片__莆田学院附属医院__莆田炎症图片__ptyz31-3.png,莆田学院附属医院__图片__莆田学院附属医院__莆田炎症图片__ptyz31-3.json
dataset/gastritis_external/processed_images/莆田学院附属医院/crop_ui,莆田学院附属医院__图片__莆田学院附属医院__莆田炎症图片__ptyz82-4.jpg,0,1,1,1,0,,莆田学院附属医院__图片__莆田学院附属医院__莆田炎症图片__ptyz82-4_overlay.jpg,莆田学院附属医院__图片__莆田学院附属医院__莆田炎症图片__ptyz82-4.png,莆田学院附属医院__图片__莆田学院附属医院__莆田炎症图片__ptyz82-4.json
dataset/gastritis_external/processed_images/莆田学院附属医院/crop_ui,莆田学院附属医院__图片__莆田学院附属医院__莆田炎症图片__ptyz23-1.jpg,0,1,1,1,0,,莆田学院附属医院__图片__莆田学院附属医院__莆田炎症图片__ptyz23-1_overlay.jpg,莆田学院附属医院__图片__莆田学院附属医院__莆田炎症图片__ptyz23-1.png,莆田学院附属医院__图片__莆田学院附属医院__莆田炎症图片__ptyz23-1.json
dataset/gastritis_external/processed_images/莆田学院附属医院/crop_ui,莆田学院附属医院__图片__莆田学院附属医院__莆田炎症图片__ptyz392-6.jpg,0,1,1,1,0,,莆田学院附属医院__图片__莆田学院附属医院__莆田炎症图片__ptyz392-6_overlay.jpg,莆田学院附属医院__图片__莆田学院附属医院__莆田炎症图片__ptyz392-6.png,莆田学院附属医院__图片__莆田学院附属医院__莆田炎症图片__ptyz392-6.json
dataset/gastritis_external/processed_images/莆田学院附属医院/crop_ui,莆田学院附属医院__图片__莆田学院附属医院__莆田炎症图片__ptyz349-2.jpg,0,1,1,1,0,,莆田学院附属医院__图片__莆田学院附属医院__莆田炎症图片__ptyz349-2_overlay.jpg,莆田学院附属医院__图片__莆田学院附属医院__莆田炎症图片__ptyz349-2.png,莆田学院附属医院__图片__莆田学院附属医院__莆田炎症图片__ptyz349-2.json
dataset/gastritis_external/processed_images/莆田学院附属医院/crop_ui,莆田学院附属医院__图片__莆田学院附属医院__莆田炎症图片__ptyz57-3.jpg,0,1,1,1,0,,莆田学院附属医院__图片__莆田学院附属医院__莆田炎症图片__ptyz57-3_overlay.jpg,莆田学院附属医院__图片__莆田学院附属医院__莆田炎症图片__ptyz57-3.png,莆田学院附属医院__图片__莆田学院附属医院__莆田炎症图片__ptyz57-3.json
dataset/gastritis_external/processed_images/莆田学院附属医院/crop_ui,莆田学院附属医院__图片__莆田学院附属医院__莆田炎症图片__ptyz23-11.jpg,0,1,1,1,0,,莆田学院附属医院__图片__莆田学院附属医院__莆田炎症图片__ptyz23-11_overlay.jpg,莆田学院附属医院__图片__莆田学院附属医院__莆田炎症图片__ptyz23-11.png,莆田学院附属医院__图片__莆田学院附属医院__莆田炎症图片__ptyz23-11.json
dataset/gastritis_external/processed_images/莆田学院附属医院/crop_ui,莆田学院附属医院__图片__莆田学院附属医院__莆田炎症图片__ptyz434-2.jpg,0,1,1,1,0,,莆田学院附属医院__图片__莆田学院附属医院__莆田炎症图片__ptyz434-2_overlay.jpg,莆田学院附属医院__图片__莆田学院附属医院__莆田炎症图片__ptyz434-2.png,莆田学院附属医院__图片__莆田学院附属医院__莆田炎症图片__ptyz434-2.json
dataset/gastritis_external/processed_images/莆田学院附属医院/crop_ui,莆田学院附属医院__图片__莆田学院附属医院__莆田炎症图片__ptyz20-3.jpg,0,1,1,1,0,,莆田学院附属医院__图片__莆田学院附属医院__莆田炎症图片__ptyz20-3_overlay.jpg,莆田学院附属医院__图片__莆田学院附属医院__莆田炎症图片__ptyz20-3.png,莆田学院附属医院__图片__莆田学院附属医院__莆田炎症图片__ptyz20-3.json
dataset/gastritis_external/processed_images/莆田学院附属医院/crop_ui,莆田学院附属医院__图片__莆田学院附属医院__莆田炎症图片__ptyz101-7.jpg,0,1,1,1,0,,莆田学院附属医院__图片__莆田学院附属医院__莆田炎症图片__ptyz101-7_overlay.jpg,莆田学院附属医院__图片__莆田学院附属医院__莆田炎症图片__ptyz101-7.png,莆田学院附属医院__图片__莆田学院附属医院__莆田炎症图片__ptyz101-7.json
dataset/gastritis_external/processed_images/莆田学院附属医院/crop_ui,莆田学院附属医院__图片__莆田学院附属医院__莆田炎症图片__ptyz335-2.jpg,0,1,1,1,0,,莆田学院附属医院__图片__莆田学院附属医院__莆田炎症图片__ptyz335-2_overlay.jpg,莆田学院附属医院__图片__莆田学院附属医院__莆田炎症图片__ptyz335-2.png,莆田学院附属医院__图片__莆田学院附属医院__莆田炎症图片__ptyz335-2.json
dataset/gastritis_external/processed_images/莆田学院附属医院/crop_ui,莆田学院附属医院__图片__莆田学院附属医院__莆田炎症图片__ptyz263-1.jpg,0,1,1,1,0,,莆田学院附属医院__图片__莆田学院附属医院__莆田炎症图片__ptyz263-1_overlay.jpg,莆田学院附属医院__图片__莆田学院附属医院__莆田炎症图片__ptyz263-1.png,莆田学院附属医院__图片__莆田学院附属医院__莆田炎症图片__ptyz263-1.json
dataset/gastritis_external/processed_images/莆田学院附属医院/crop_ui,莆田学院附属医院__图片__莆田学院附属医院__莆田炎症图片__ptyz53-3.jpg,0,1,1,1,0,,莆田学院附属医院__图片__莆田学院附属医院__莆田炎症图片__ptyz53-3_overlay.jpg,莆田学院附属医院__图片__莆田学院附属医院__莆田炎症图片__ptyz53-3.png,莆田学院附属医院__图片__莆田学院附属医院__莆田炎症图片__ptyz53-3.json
dataset/gastritis_external/processed_images/莆田学院附属医院/crop_ui,莆田学院附属医院__图片__莆田学院附属医院__莆田炎症图片__ptyz419-3.jpg,0,1,1,1,0,,莆田学院附属医院__图片__莆田学院附属医院__莆田炎症图片__ptyz419-3_overlay.jpg,莆田学院附属医院__图片__莆田学院附属医院__莆田炎症图片__ptyz419-3.png,莆田学院附属医院__图片__莆田学院附属医院__莆田炎症图片__ptyz419-3.json
dataset/gastritis_external/processed_images/莆田学院附属医院/crop_ui,莆田学院附属医院__图片__莆田学院附属医院__莆田炎症图片__ptyz133-5.jpg,0,1,1,1,0,,莆田学院附属医院__图片__莆田学院附属医院__莆田炎症图片__ptyz133-5_overlay.jpg,莆田学院附属医院__图片__莆田学院附属医院__莆田炎症图片__ptyz133-5.png,莆田学院附属医院__图片__莆田学院附属医院__莆田炎症图片__ptyz133-5.json
dataset/gastritis_external/processed_images/莆田学院附属医院/crop_ui,莆田学院附属医院__图片__莆田学院附属医院__莆田炎症图片__ptyz374-1.jpg,0,1,1,1,0,,莆田学院附属医院__图片__莆田学院附属医院__莆田炎症图片__ptyz374-1_overlay.jpg,莆田学院附属医院__图片__莆田学院附属医院__莆田炎症图片__ptyz374-1.png,莆田学院附属医院__图片__莆田学院附属医院__莆田炎症图片__ptyz374-1.json
dataset/gastritis_external/processed_images/莆田学院附属医院/crop_ui,莆田学院附属医院__图片__莆田学院附属医院__莆田炎症图片__ptyz103-5.jpg,0,1,1,1,0,,莆田学院附属医院__图片__莆田学院附属医院__莆田炎症图片__ptyz103-5_overlay.jpg,莆田学院附属医院__图片__莆田学院附属医院__莆田炎症图片__ptyz103-5.png,莆田学院附属医院__图片__莆田学院附属医院__莆田炎症图片__ptyz103-5.json
dataset/gastritis_external/processed_images/莆田学院附属医院/crop_ui,莆田学院附属医院__图片__莆田学院附属医院__莆田炎症图片__ptyz157.jpg,0,1,1,1,0,,莆田学院附属医院__图片__莆田学院附属医院__莆田炎症图片__ptyz157_overlay.jpg,莆田学院附属医院__图片__莆田学院附属医院__莆田炎症图片__ptyz157.png,莆田学院附属医院__图片__莆田学院附属医院__莆田炎症图片__ptyz157.json
dataset/gastritis_external/processed_images/莆田学院附属医院/crop_ui,莆田学院附属医院__图片__莆田学院附属医院__莆田炎症图片__ptyz324-2.jpg,0,1,1,1,0,,莆田学院附属医院__图片__莆田学院附属医院__莆田炎症图片__ptyz324-2_overlay.jpg,莆田学院附属医院__图片__莆田学院附属医院__莆田炎症图片__ptyz324-2.png,莆田学院附属医院__图片__莆田学院附属医院__莆田炎症图片__ptyz324-2.json
dataset/gastritis_external/processed_images/莆田学院附属医院/crop_ui,莆田学院附属医院__图片__莆田学院附属医院__莆田炎症图片__ptyz4-6.jpg,0,1,1,1,0,,莆田学院附属医院__图片__莆田学院附属医院__莆田炎症图片__ptyz4-6_overlay.jpg,莆田学院附属医院__图片__莆田学院附属医院__莆田炎症图片__ptyz4-6.png,莆田学院附属医院__图片__莆田学院附属医院__莆田炎症图片__ptyz4-6.json
dataset/gastritis_external/processed_images/莆田学院附属医院/crop_ui,莆田学院附属医院__图片__莆田学院附属医院__莆田炎症图片__ptyz306-4.jpg,0,1,1,1,0,,莆田学院附属医院__图片__莆田学院附属医院__莆田炎症图片__ptyz306-4_overlay.jpg,莆田学院附属医院__图片__莆田学院附属医院__莆田炎症图片__ptyz306-4.png,莆田学院附属医院__图片__莆田学院附属医院__莆田炎症图片__ptyz306-4.json
dataset/gastritis_external/processed_images/莆田学院附属医院/crop_ui,莆田学院附属医院__图片__莆田学院附属医院__莆田炎症图片__ptyz249.jpg,0,1,1,1,0,,莆田学院附属医院__图片__莆田学院附属医院__莆田炎症图片__ptyz249_overlay.jpg,莆田学院附属医院__图片__莆田学院附属医院__莆田炎症图片__ptyz249.png,莆田学院附属医院__图片__莆田学院附属医院__莆田炎症图片__ptyz249.json
dataset/gastritis_external/processed_images/莆田学院附属医院/crop_ui,莆田学院附属医院__图片__莆田学院附属医院__莆田炎症图片__ptyz7-6.jpg,0,1,1,1,0,,莆田学院附属医院__图片__莆田学院附属医院__莆田炎症图片__ptyz7-6_overlay.jpg,莆田学院附属医院__图片__莆田学院附属医院__莆田炎症图片__ptyz7-6.png,莆田学院附属医院__图片__莆田学院附属医院__莆田炎症图片__ptyz7-6.json
dataset/gastritis_external/processed_images/莆田学院附属医院/crop_ui,莆田学院附属医院__图片__莆田学院附属医院__莆田炎症图片__ptyz7-7.jpg,0,1,1,1,0,,莆田学院附属医院__图片__莆田学院附属医院__莆田炎症图片__ptyz7-7_overlay.jpg,莆田学院附属医院__图片__莆田学院附属医院__莆田炎症图片__ptyz7-7.png,莆田学院附属医院__图片__莆田学院附属医院__莆田炎症图片__ptyz7-7.json
dataset/gastritis_external/processed_images/莆田学院附属医院/crop_ui,莆田学院附属医院__图片__莆田学院附属医院__莆田炎症图片__ptyz103-1.jpg,0,1,1,1,0,,莆田学院附属医院__图片__莆田学院附属医院__莆田炎症图片__ptyz103-1_overlay.jpg,莆田学院附属医院__图片__莆田学院附属医院__莆田炎症图片__ptyz103-1.png,莆田学院附属医院__图片__莆田学院附属医院__莆田炎症图片__ptyz103-1.json
dataset/gastritis_external/processed_images/莆田学院附属医院/crop_ui,莆田学院附属医院__图片__莆田学院附属医院__莆田炎症图片__ptyz45-1.jpg,0,1,1,1,0,,莆田学院附属医院__图片__莆田学院附属医院__莆田炎症图片__ptyz45-1_overlay.jpg,莆田学院附属医院__图片__莆田学院附属医院__莆田炎症图片__ptyz45-1.png,莆田学院附属医院__图片__莆田学院附属医院__莆田炎症图片__ptyz45-1.json
dataset/gastritis_external/processed_images/莆田学院附属医院/crop_ui,莆田学院附属医院__图片__莆田学院附属医院__莆田炎症图片__ptyz298-1.jpg,0,1,1,1,0,,莆田学院附属医院__图片__莆田学院附属医院__莆田炎症图片__ptyz298-1_overlay.jpg,莆田学院附属医院__图片__莆田学院附属医院__莆田炎症图片__ptyz298-1.png,莆田学院附属医院__图片__莆田学院附属医院__莆田炎症图片__ptyz298-1.json
dataset/gastritis_external/processed_images/莆田学院附属医院/crop_ui,莆田学院附属医院__图片__莆田学院附属医院__莆田炎症图片__ptyz30-5.jpg,0,1,1,1,0,,莆田学院附属医院__图片__莆田学院附属医院__莆田炎症图片__ptyz30-5_overlay.jpg,莆田学院附属医院__图片__莆田学院附属医院__莆田炎症图片__ptyz30-5.png,莆田学院附属医院__图片__莆田学院附属医院__莆田炎症图片__ptyz30-5.json
dataset/gastritis_external/processed_images/莆田学院附属医院/crop_ui,莆田学院附属医院__图片__莆田学院附属医院__莆田炎症图片__ptyz105-2.jpg,0,1,1,1,0,,莆田学院附属医院__图片__莆田学院附属医院__莆田炎症图片__ptyz105-2_overlay.jpg,莆田学院附属医院__图片__莆田学院附属医院__莆田炎症图片__ptyz105-2.png,莆田学院附属医院__图片__莆田学院附属医院__莆田炎症图片__ptyz105-2.json
dataset/gastritis_external/processed_images/莆田学院附属医院/crop_ui,莆田学院附属医院__图片__莆田学院附属医院__莆田炎症图片__ptyz83-4.jpg,0,1,1,1,0,,莆田学院附属医院__图片__莆田学院附属医院__莆田炎症图片__ptyz83-4_overlay.jpg,莆田学院附属医院__图片__莆田学院附属医院__莆田炎症图片__ptyz83-4.png,莆田学院附属医院__图片__莆田学院附属医院__莆田炎症图片__ptyz83-4.json
dataset/gastritis_external/processed_images/莆田学院附属医院/crop_ui,莆田学院附属医院__图片__莆田学院附属医院__莆田炎症图片__ptyz299-4.jpg,0,1,1,1,0,,莆田学院附属医院__图片__莆田学院附属医院__莆田炎症图片__ptyz299-4_overlay.jpg,莆田学院附属医院__图片__莆田学院附属医院__莆田炎症图片__ptyz299-4.png,莆田学院附属医院__图片__莆田学院附属医院__莆田炎症图片__ptyz299-4.json
dataset/gastritis_external/processed_images/莆田学院附属医院/crop_ui,莆田学院附属医院__图片__莆田学院附属医院__莆田炎症图片__ptyz377-1.jpg,0,1,1,1,0,,莆田学院附属医院__图片__莆田学院附属医院__莆田炎症图片__ptyz377-1_overlay.jpg,莆田学院附属医院__图片__莆田学院附属医院__莆田炎症图片__ptyz377-1.png,莆田学院附属医院__图片__莆田学院附属医院__莆田炎症图片__ptyz377-1.json
dataset/gastritis_external/processed_images/莆田学院附属医院/crop_ui,莆田学院附属医院__图片__莆田学院附属医院__莆田炎症图片__ptyz281-1.jpg,0,1,1,1,0,,莆田学院附属医院__图片__莆田学院附属医院__莆田炎症图片__ptyz281-1_overlay.jpg,莆田学院附属医院__图片__莆田学院附属医院__莆田炎症图片__ptyz281-1.png,莆田学院附属医院__图片__莆田学院附属医院__莆田炎症图片__ptyz281-1.json
dataset/gastritis_external/processed_images/莆田学院附属医院/crop_ui,莆田学院附属医院__图片__莆田学院附属医院__莆田炎症图片__ptyz62-3.jpg,0,1,1,1,0,,莆田学院附属医院__图片__莆田学院附属医院__莆田炎症图片__ptyz62-3_overlay.jpg,莆田学院附属医院__图片__莆田学院附属医院__莆田炎症图片__ptyz62-3.png,莆田学院附属医院__图片__莆田学院附属医院__莆田炎症图片__ptyz62-3.json
dataset/gastritis_external/processed_images/莆田学院附属医院/crop_ui,莆田学院附属医院__图片__莆田学院附属医院__莆田炎症图片__ptyz61-5.jpg,0,1,1,1,0,,莆田学院附属医院__图片__莆田学院附属医院__莆田炎症图片__ptyz61-5_overlay.jpg,莆田学院附属医院__图片__莆田学院附属医院__莆田炎症图片__ptyz61-5.png,莆田学院附属医院__图片__莆田学院附属医院__莆田炎症图片__ptyz61-5.json
dataset/gastritis_external/processed_images/莆田学院附属医院/crop_ui,莆田学院附属医院__图片__莆田学院附属医院__莆田炎症图片__ptyz63-2.jpg,0,1,1,1,0,,莆田学院附属医院__图片__莆田学院附属医院__莆田炎症图片__ptyz63-2_overlay.jpg,莆田学院附属医院__图片__莆田学院附属医院__莆田炎症图片__ptyz63-2.png,莆田学院附属医院__图片__莆田学院附属医院__莆田炎症图片__ptyz63-2.json
dataset/gastritis_external/processed_images/莆田学院附属医院/crop_ui,莆田学院附属医院__图片__莆田学院附属医院__莆田炎症图片__ptyz122-4.jpg,0,1,1,1,0,,莆田学院附属医院__图片__莆田学院附属医院__莆田炎症图片__ptyz122-4_overlay.jpg,莆田学院附属医院__图片__莆田学院附属医院__莆田炎症图片__ptyz122-4.png,莆田学院附属医院__图片__莆田学院附属医院__莆田炎症图片__ptyz122-4.json
dataset/gastritis_external/processed_images/莆田学院附属医院/crop_ui,莆田学院附属医院__图片__莆田学院附属医院__莆田炎症图片__ptyz77-3.jpg,0,1,1,1,0,,莆田学院附属医院__图片__莆田学院附属医院__莆田炎症图片__ptyz77-3_overlay.jpg,莆田学院附属医院__图片__莆田学院附属医院__莆田炎症图片__ptyz77-3.png,莆田学院附属医院__图片__莆田学院附属医院__莆田炎症图片__ptyz77-3.json
dataset/gastritis_external/processed_images/莆田学院附属医院/crop_ui,莆田学院附属医院__图片__莆田学院附属医院__莆田炎症图片__ptyz352-2.jpg,0,1,1,1,0,,莆田学院附属医院__图片__莆田学院附属医院__莆田炎症图片__ptyz352-2_overlay.jpg,莆田学院附属医院__图片__莆田学院附属医院__莆田炎症图片__ptyz352-2.png,莆田学院附属医院__图片__莆田学院附属医院__莆田炎症图片__ptyz352-2.json
dataset/gastritis_external/processed_images/莆田学院附属医院/crop_ui,莆田学院附属医院__图片__莆田学院附属医院__莆田炎症图片__ptyz166-1.jpg,0,1,1,1,0,,莆田学院附属医院__图片__莆田学院附属医院__莆田炎症图片__ptyz166-1_overlay.jpg,莆田学院附属医院__图片__莆田学院附属医院__莆田炎症图片__ptyz166-1.png,莆田学院附属医院__图片__莆田学院附属医院__莆田炎症图片__ptyz166-1.json
dataset/gastritis_external/processed_images/莆田学院附属医院/crop_ui,莆田学院附属医院__图片__莆田学院附属医院__莆田炎症图片__ptyz435-3.jpg,0,1,1,1,0,,莆田学院附属医院__图片__莆田学院附属医院__莆田炎症图片__ptyz435-3_overlay.jpg,莆田学院附属医院__图片__莆田学院附属医院__莆田炎症图片__ptyz435-3.png,莆田学院附属医院__图片__莆田学院附属医院__莆田炎症图片__ptyz435-3.json
dataset/gastritis_external/processed_images/莆田学院附属医院/crop_ui,莆田学院附属医院__图片__莆田学院附属医院__莆田炎症图片__ptyz36-2.jpg,0,1,1,1,0,,莆田学院附属医院__图片__莆田学院附属医院__莆田炎症图片__ptyz36-2_overlay.jpg,莆田学院附属医院__图片__莆田学院附属医院__莆田炎症图片__ptyz36-2.png,莆田学院附属医院__图片__莆田学院附属医院__莆田炎症图片__ptyz36-2.json
dataset/gastritis_external/processed_images/莆田学院附属医院/crop_ui,莆田学院附属医院__图片__莆田学院附属医院__莆田炎症图片__ptyz72-2.jpg,0,1,1,1,0,,莆田学院附属医院__图片__莆田学院附属医院__莆田炎症图片__ptyz72-2_overlay.jpg,莆田学院附属医院__图片__莆田学院附属医院__莆田炎症图片__ptyz72-2.png,莆田学院附属医院__图片__莆田学院附属医院__莆田炎症图片__ptyz72-2.json
dataset/gastritis_external/processed_images/莆田学院附属医院/crop_ui,莆田学院附属医院__图片__莆田学院附属医院__莆田炎症图片__ptyz83-2.jpg,0,1,1,1,0,,莆田学院附属医院__图片__莆田学院附属医院__莆田炎症图片__ptyz83-2_overlay.jpg,莆田学院附属医院__图片__莆田学院附属医院__莆田炎症图片__ptyz83-2.png,莆田学院附属医院__图片__莆田学院附属医院__莆田炎症图片__ptyz83-2.json
dataset/gastritis_external/processed_images/莆田学院附属医院/crop_ui,莆田学院附属医院__图片__莆田学院附属医院__莆田炎症图片__ptyz58-1.jpg,0,1,1,1,0,,莆田学院附属医院__图片__莆田学院附属医院__莆田炎症图片__ptyz58-1_overlay.jpg,莆田学院附属医院__图片__莆田学院附属医院__莆田炎症图片__ptyz58-1.png,莆田学院附属医院__图片__莆田学院附属医院__莆田炎症图片__ptyz58-1.json
dataset/gastritis_external/processed_images/莆田学院附属医院/crop_ui,莆田学院附属医院__图片__莆田学院附属医院__莆田炎症图片__ptyz134-6.jpg,0,1,1,1,0,,莆田学院附属医院__图片__莆田学院附属医院__莆田炎症图片__ptyz134-6_overlay.jpg,莆田学院附属医院__图片__莆田学院附属医院__莆田炎症图片__ptyz134-6.png,莆田学院附属医院__图片__莆田学院附属医院__莆田炎症图片__ptyz134-6.json
dataset/gastritis_external/processed_images/莆田学院附属医院/crop_ui,莆田学院附属医院__图片__莆田学院附属医院__莆田炎症图片__ptyz29-1.jpg,0,1,1,1,0,,莆田学院附属医院__图片__莆田学院附属医院__莆田炎症图片__ptyz29-1_overlay.jpg,莆田学院附属医院__图片__莆田学院附属医院__莆田炎症图片__ptyz29-1.png,莆田学院附属医院__图片__莆田学院附属医院__莆田炎症图片__ptyz29-1.json
dataset/gastritis_external/processed_images/莆田学院附属医院/crop_ui,莆田学院附属医院__图片__莆田学院附属医院__莆田炎症图片__ptyz411-3.jpg,0,1,1,1,0,,莆田学院附属医院__图片__莆田学院附属医院__莆田炎症图片__ptyz411-3_overlay.jpg,莆田学院附属医院__图片__莆田学院附属医院__莆田炎症图片__ptyz411-3.png,莆田学院附属医院__图片__莆田学院附属医院__莆田炎症图片__ptyz411-3.json
dataset/gastritis_external/processed_images/莆田学院附属医院/crop_ui,莆田学院附属医院__图片__莆田学院附属医院__莆田炎症图片__ptyz148-3.jpg,0,1,1,1,0,,莆田学院附属医院__图片__莆田学院附属医院__莆田炎症图片__ptyz148-3_overlay.jpg,莆田学院附属医院__图片__莆田学院附属医院__莆田炎症图片__ptyz148-3.png,莆田学院附属医院__图片__莆田学院附属医院__莆田炎症图片__ptyz148-3.json
dataset/gastritis_external/processed_images/莆田学院附属医院/crop_ui,莆田学院附属医院__图片__莆田学院附属医院__莆田炎症图片__ptyz133-1.jpg,0,1,1,1,0,,莆田学院附属医院__图片__莆田学院附属医院__莆田炎症图片__ptyz133-1_overlay.jpg,莆田学院附属医院__图片__莆田学院附属医院__莆田炎症图片__ptyz133-1.png,莆田学院附属医院__图片__莆田学院附属医院__莆田炎症图片__ptyz133-1.json
dataset/gastritis_external/processed_images/莆田学院附属医院/crop_ui,莆田学院附属医院__图片__莆田学院附属医院__莆田炎症图片__ptyz134-4.jpg,0,1,1,1,0,,莆田学院附属医院__图片__莆田学院附属医院__莆田炎症图片__ptyz134-4_overlay.jpg,莆田学院附属医院__图片__莆田学院附属医院__莆田炎症图片__ptyz134-4.png,莆田学院附属医院__图片__莆田学院附属医院__莆田炎症图片__ptyz134-4.json
dataset/gastritis_external/processed_images/莆田学院附属医院/crop_ui,莆田学院附属医院__图片__莆田学院附属医院__莆田炎症图片__ptyz150-2.jpg,0,1,1,1,0,,莆田学院附属医院__图片__莆田学院附属医院__莆田炎症图片__ptyz150-2_overlay.jpg,莆田学院附属医院__图片__莆田学院附属医院__莆田炎症图片__ptyz150-2.png,莆田学院附属医院__图片__莆田学院附属医院__莆田炎症图片__ptyz150-2.json
dataset/gastritis_external/processed_images/莆田学院附属医院/crop_ui,莆田学院附属医院__图片__莆田学院附属医院__莆田炎症图片__ptyz336-4.jpg,0,1,1,1,0,,莆田学院附属医院__图片__莆田学院附属医院__莆田炎症图片__ptyz336-4_overlay.jpg,莆田学院附属医院__图片__莆田学院附属医院__莆田炎症图片__ptyz336-4.png,莆田学院附属医院__图片__莆田学院附属医院__莆田炎症图片__ptyz336-4.json
dataset/gastritis_external/processed_images/莆田学院附属医院/crop_ui,莆田学院附属医院__图片__莆田学院附属医院__莆田炎症图片__ptyz369-2.jpg,0,1,1,1,0,,莆田学院附属医院__图片__莆田学院附属医院__莆田炎症图片__ptyz369-2_overlay.jpg,莆田学院附属医院__图片__莆田学院附属医院__莆田炎症图片__ptyz369-2.png,莆田学院附属医院__图片__莆田学院附属医院__莆田炎症图片__ptyz369-2.json
dataset/gastritis_external/processed_images/莆田学院附属医院/crop_ui,莆田学院附属医院__图片__莆田学院附属医院__莆田炎症图片__ptyz228-3.jpg,0,1,1,1,0,,莆田学院附属医院__图片__莆田学院附属医院__莆田炎症图片__ptyz228-3_overlay.jpg,莆田学院附属医院__图片__莆田学院附属医院__莆田炎症图片__ptyz228-3.png,莆田学院附属医院__图片__莆田学院附属医院__莆田炎症图片__ptyz228-3.json
dataset/gastritis_external/processed_images/莆田学院附属医院/crop_ui,莆田学院附属医院__图片__莆田学院附属医院__莆田炎症图片__ptyz220-2.jpg,0,1,1,1,0,,莆田学院附属医院__图片__莆田学院附属医院__莆田炎症图片__ptyz220-2_overlay.jpg,莆田学院附属医院__图片__莆田学院附属医院__莆田炎症图片__ptyz220-2.png,莆田学院附属医院__图片__莆田学院附属医院__莆田炎症图片__ptyz220-2.json
dataset/gastritis_external/processed_images/莆田学院附属医院/crop_ui,莆田学院附属医院__图片__莆田学院附属医院__莆田炎症图片__ptyz4-7.jpg,0,1,1,1,0,,莆田学院附属医院__图片__莆田学院附属医院__莆田炎症图片__ptyz4-7_overlay.jpg,莆田学院附属医院__图片__莆田学院附属医院__莆田炎症图片__ptyz4-7.png,莆田学院附属医院__图片__莆田学院附属医院__莆田炎症图片__ptyz4-7.json
dataset/gastritis_external/processed_images/莆田学院附属医院/crop_ui,莆田学院附属医院__图片__莆田学院附属医院__莆田炎症图片__ptyz137-2.jpg,0,1,1,1,0,,莆田学院附属医院__图片__莆田学院附属医院__莆田炎症图片__ptyz137-2_overlay.jpg,莆田学院附属医院__图片__莆田学院附属医院__莆田炎症图片__ptyz137-2.png,莆田学院附属医院__图片__莆田学院附属医院__莆田炎症图片__ptyz137-2.json
dataset/gastritis_external/processed_images/莆田学院附属医院/crop_ui,莆田学院附属医院__图片__莆田学院附属医院__莆田炎症图片__ptyz155-3.jpg,0,1,1,1,0,,莆田学院附属医院__图片__莆田学院附属医院__莆田炎症图片__ptyz155-3_overlay.jpg,莆田学院附属医院__图片__莆田学院附属医院__莆田炎症图片__ptyz155-3.png,莆田学院附属医院__图片__莆田学院附属医院__莆田炎症图片__ptyz155-3.json
dataset/gastritis_external/processed_images/莆田学院附属医院/crop_ui,莆田学院附属医院__图片__莆田学院附属医院__莆田炎症图片__ptyz282-1.jpg,0,1,1,1,0,,莆田学院附属医院__图片__莆田学院附属医院__莆田炎症图片__ptyz282-1_overlay.jpg,莆田学院附属医院__图片__莆田学院附属医院__莆田炎症图片__ptyz282-1.png,莆田学院附属医院__图片__莆田学院附属医院__莆田炎症图片__ptyz282-1.json
dataset/gastritis_external/processed_images/莆田学院附属医院/crop_ui,莆田学院附属医院__图片__莆田学院附属医院__莆田炎症图片__ptyz289-1.jpg,0,1,1,1,0,,莆田学院附属医院__图片__莆田学院附属医院__莆田炎症图片__ptyz289-1_overlay.jpg,莆田学院附属医院__图片__莆田学院附属医院__莆田炎症图片__ptyz289-1.png,莆田学院附属医院__图片__莆田学院附属医院__莆田炎症图片__ptyz289-1.json
dataset/gastritis_external/processed_images/莆田学院附属医院/crop_ui,莆田学院附属医院__图片__莆田学院附属医院__莆田炎症图片__ptyz181-5.jpg,0,1,1,1,0,,莆田学院附属医院__图片__莆田学院附属医院__莆田炎症图片__ptyz181-5_overlay.jpg,莆田学院附属医院__图片__莆田学院附属医院__莆田炎症图片__ptyz181-5.png,莆田学院附属医院__图片__莆田学院附属医院__莆田炎症图片__ptyz181-5.json
dataset/gastritis_external/processed_images/莆田学院附属医院/crop_ui,莆田学院附属医院__图片__莆田学院附属医院__莆田炎症图片__ptyz234-3.jpg,0,1,1,1,0,,莆田学院附属医院__图片__莆田学院附属医院__莆田炎症图片__ptyz234-3_overlay.jpg,莆田学院附属医院__图片__莆田学院附属医院__莆田炎症图片__ptyz234-3.png,莆田学院附属医院__图片__莆田学院附属医院__莆田炎症图片__ptyz234-3.json
dataset/gastritis_external/processed_images/莆田学院附属医院/crop_ui,莆田学院附属医院__图片__莆田学院附属医院__莆田炎症图片__ptyz199-5.jpg,0,1,1,1,0,,莆田学院附属医院__图片__莆田学院附属医院__莆田炎症图片__ptyz199-5_overlay.jpg,莆田学院附属医院__图片__莆田学院附属医院__莆田炎症图片__ptyz199-5.png,莆田学院附属医院__图片__莆田学院附属医院__莆田炎症图片__ptyz199-5.json
dataset/gastritis_external/processed_images/莆田学院附属医院/crop_ui,莆田学院附属医院__图片__莆田学院附属医院__莆田炎症图片__ptyz63-3.jpg,0,1,1,1,0,,莆田学院附属医院__图片__莆田学院附属医院__莆田炎症图片__ptyz63-3_overlay.jpg,莆田学院附属医院__图片__莆田学院附属医院__莆田炎症图片__ptyz63-3.png,莆田学院附属医院__图片__莆田学院附属医院__莆田炎症图片__ptyz63-3.json
dataset/gastritis_external/processed_images/莆田学院附属医院/crop_ui,莆田学院附属医院__图片__莆田学院附属医院__莆田炎症图片__ptyz234-1.jpg,0,1,1,1,0,,莆田学院附属医院__图片__莆田学院附属医院__莆田炎症图片__ptyz234-1_overlay.jpg,莆田学院附属医院__图片__莆田学院附属医院__莆田炎症图片__ptyz234-1.png,莆田学院附属医院__图片__莆田学院附属医院__莆田炎症图片__ptyz234-1.json
dataset/gastritis_external/processed_images/莆田学院附属医院/crop_ui,莆田学院附属医院__图片__莆田学院附属医院__莆田炎症图片__ptyz27-4.jpg,0,1,1,1,0,,莆田学院附属医院__图片__莆田学院附属医院__莆田炎症图片__ptyz27-4_overlay.jpg,莆田学院附属医院__图片__莆田学院附属医院__莆田炎症图片__ptyz27-4.png,莆田学院附属医院__图片__莆田学院附属医院__莆田炎症图片__ptyz27-4.json
dataset/gastritis_external/processed_images/莆田学院附属医院/crop_ui,莆田学院附属医院__图片__莆田学院附属医院__莆田炎症图片__ptyz138-4.jpg,0,1,1,1,0,,莆田学院附属医院__图片__莆田学院附属医院__莆田炎症图片__ptyz138-4_overlay.jpg,莆田学院附属医院__图片__莆田学院附属医院__莆田炎症图片__ptyz138-4.png,莆田学院附属医院__图片__莆田学院附属医院__莆田炎症图片__ptyz138-4.json
dataset/gastritis_external/processed_images/莆田学院附属医院/crop_ui,莆田学院附属医院__图片__莆田学院附属医院__莆田炎症图片__ptyz214-3.jpg,0,1,1,1,0,,莆田学院附属医院__图片__莆田学院附属医院__莆田炎症图片__ptyz214-3_overlay.jpg,莆田学院附属医院__图片__莆田学院附属医院__莆田炎症图片__ptyz214-3.png,莆田学院附属医院__图片__莆田学院附属医院__莆田炎症图片__ptyz214-3.json
dataset/gastritis_external/processed_images/莆田学院附属医院/crop_ui,莆田学院附属医院__图片__莆田学院附属医院__莆田炎症图片__ptyz300-2.jpg,0,1,1,1,0,,莆田学院附属医院__图片__莆田学院附属医院__莆田炎症图片__ptyz300-2_overlay.jpg,莆田学院附属医院__图片__莆田学院附属医院__莆田炎症图片__ptyz300-2.png,莆田学院附属医院__图片__莆田学院附属医院__莆田炎症图片__ptyz300-2.json
dataset/gastritis_external/processed_images/莆田学院附属医院/crop_ui,莆田学院附属医院__图片__莆田学院附属医院__莆田炎症图片__ptyz274-1.jpg,0,1,1,1,0,,莆田学院附属医院__图片__莆田学院附属医院__莆田炎症图片__ptyz274-1_overlay.jpg,莆田学院附属医院__图片__莆田学院附属医院__莆田炎症图片__ptyz274-1.png,莆田学院附属医院__图片__莆田学院附属医院__莆田炎症图片__ptyz274-1.json
dataset/gastritis_external/processed_images/莆田学院附属医院/crop_ui,莆田学院附属医院__图片__莆田学院附属医院__莆田炎症图片__ptyz176-1.jpg,0,1,1,1,0,,莆田学院附属医院__图片__莆田学院附属医院__莆田炎症图片__ptyz176-1_overlay.jpg,莆田学院附属医院__图片__莆田学院附属医院__莆田炎症图片__ptyz176-1.png,莆田学院附属医院__图片__莆田学院附属医院__莆田炎症图片__ptyz176-1.json
dataset/gastritis_external/processed_images/莆田学院附属医院/crop_ui,莆田学院附属医院__图片__莆田学院附属医院__莆田炎症图片__ptyz304-1.jpg,0,1,1,1,0,,莆田学院附属医院__图片__莆田学院附属医院__莆田炎症图片__ptyz304-1_overlay.jpg,莆田学院附属医院__图片__莆田学院附属医院__莆田炎症图片__ptyz304-1.png,莆田学院附属医院__图片__莆田学院附属医院__莆田炎症图片__ptyz304-1.json
dataset/gastritis_external/processed_images/莆田学院附属医院/crop_ui,莆田学院附属医院__图片__莆田学院附属医院__莆田炎症图片__ptyz188-3.jpg,0,1,1,1,0,,莆田学院附属医院__图片__莆田学院附属医院__莆田炎症图片__ptyz188-3_overlay.jpg,莆田学院附属医院__图片__莆田学院附属医院__莆田炎症图片__ptyz188-3.png,莆田学院附属医院__图片__莆田学院附属医院__莆田炎症图片__ptyz188-3.json
dataset/gastritis_external/processed_images/莆田学院附属医院/crop_ui,莆田学院附属医院__图片__莆田学院附属医院__莆田炎症图片__ptyz64-5.jpg,0,1,1,1,0,,莆田学院附属医院__图片__莆田学院附属医院__莆田炎症图片__ptyz64-5_overlay.jpg,莆田学院附属医院__图片__莆田学院附属医院__莆田炎症图片__ptyz64-5.png,莆田学院附属医院__图片__莆田学院附属医院__莆田炎症图片__ptyz64-5.json
dataset/gastritis_external/processed_images/莆田学院附属医院/crop_ui,莆田学院附属医院__图片__莆田学院附属医院__莆田炎症图片__ptyz392-3.jpg,0,1,1,1,0,,莆田学院附属医院__图片__莆田学院附属医院__莆田炎症图片__ptyz392-3_overlay.jpg,莆田学院附属医院__图片__莆田学院附属医院__莆田炎症图片__ptyz392-3.png,莆田学院附属医院__图片__莆田学院附属医院__莆田炎症图片__ptyz392-3.json
dataset/gastritis_external/processed_images/莆田学院附属医院/crop_ui,莆田学院附属医院__图片__莆田学院附属医院__莆田炎症图片__ptyz255-7.jpg,0,1,1,1,0,,莆田学院附属医院__图片__莆田学院附属医院__莆田炎症图片__ptyz255-7_overlay.jpg,莆田学院附属医院__图片__莆田学院附属医院__莆田炎症图片__ptyz255-7.png,莆田学院附属医院__图片__莆田学院附属医院__莆田炎症图片__ptyz255-7.json
dataset/gastritis_external/processed_images/莆田学院附属医院/crop_ui,莆田学院附属医院__图片__莆田学院附属医院__莆田炎症图片__ptyz30-1.jpg,0,1,1,1,0,,莆田学院附属医院__图片__莆田学院附属医院__莆田炎症图片__ptyz30-1_overlay.jpg,莆田学院附属医院__图片__莆田学院附属医院__莆田炎症图片__ptyz30-1.png,莆田学院附属医院__图片__莆田学院附属医院__莆田炎症图片__ptyz30-1.json
dataset/gastritis_external/processed_images/莆田学院附属医院/crop_ui,莆田学院附属医院__图片__莆田学院附属医院__莆田炎症图片__ptyz60-1.jpg,0,1,1,1,0,,莆田学院附属医院__图片__莆田学院附属医院__莆田炎症图片__ptyz60-1_overlay.jpg,莆田学院附属医院__图片__莆田学院附属医院__莆田炎症图片__ptyz60-1.png,莆田学院附属医院__图片__莆田学院附属医院__莆田炎症图片__ptyz60-1.json
dataset/gastritis_external/processed_images/莆田学院附属医院/crop_ui,莆田学院附属医院__图片__莆田学院附属医院__莆田炎症图片__ptyz154-1.jpg,0,1,1,1,0,,莆田学院附属医院__图片__莆田学院附属医院__莆田炎症图片__ptyz154-1_overlay.jpg,莆田学院附属医院__图片__莆田学院附属医院__莆田炎症图片__ptyz154-1.png,莆田学院附属医院__图片__莆田学院附属医院__莆田炎症图片__ptyz154-1.json
dataset/gastritis_external/processed_images/莆田学院附属医院/crop_ui,莆田学院附属医院__图片__莆田学院附属医院__莆田炎症图片__ptyz121-4.jpg,0,1,1,1,0,,莆田学院附属医院__图片__莆田学院附属医院__莆田炎症图片__ptyz121-4_overlay.jpg,莆田学院附属医院__图片__莆田学院附属医院__莆田炎症图片__ptyz121-4.png,莆田学院附属医院__图片__莆田学院附属医院__莆田炎症图片__ptyz121-4.json
dataset/gastritis_external/processed_images/莆田学院附属医院/crop_ui,莆田学院附属医院__图片__莆田学院附属医院__莆田炎症图片__ptyz209-2.jpg,0,1,1,1,0,,莆田学院附属医院__图片__莆田学院附属医院__莆田炎症图片__ptyz209-2_overlay.jpg,莆田学院附属医院__图片__莆田学院附属医院__莆田炎症图片__ptyz209-2.png,莆田学院附属医院__图片__莆田学院附属医院__莆田炎症图片__ptyz209-2.json
dataset/gastritis_external/processed_images/莆田学院附属医院/crop_ui,莆田学院附属医院__图片__莆田学院附属医院__莆田炎症图片__ptyz230-5.jpg,0,1,1,1,0,,莆田学院附属医院__图片__莆田学院附属医院__莆田炎症图片__ptyz230-5_overlay.jpg,莆田学院附属医院__图片__莆田学院附属医院__莆田炎症图片__ptyz230-5.png,莆田学院附属医院__图片__莆田学院附属医院__莆田炎症图片__ptyz230-5.json
dataset/gastritis_external/processed_images/莆田学院附属医院/crop_ui,莆田学院附属医院__图片__莆田学院附属医院__莆田炎症图片__ptyz20-1.jpg,0,1,1,1,0,,莆田学院附属医院__图片__莆田学院附属医院__莆田炎症图片__ptyz20-1_overlay.jpg,莆田学院附属医院__图片__莆田学院附属医院__莆田炎症图片__ptyz20-1.png,莆田学院附属医院__图片__莆田学院附属医院__莆田炎症图片__ptyz20-1.json
dataset/gastritis_external/processed_images/莆田学院附属医院/crop_ui,莆田学院附属医院__图片__莆田学院附属医院__莆田炎症图片__ptyz88-4.jpg,0,1,1,1,0,,莆田学院附属医院__图片__莆田学院附属医院__莆田炎症图片__ptyz88-4_overlay.jpg,莆田学院附属医院__图片__莆田学院附属医院__莆田炎症图片__ptyz88-4.png,莆田学院附属医院__图片__莆田学院附属医院__莆田炎症图片__ptyz88-4.json
dataset/gastritis_external/processed_images/莆田学院附属医院/crop_ui,莆田学院附属医院__图片__莆田学院附属医院__莆田炎症图片__ptyz111-2.jpg,0,1,1,1,0,,莆田学院附属医院__图片__莆田学院附属医院__莆田炎症图片__ptyz111-2_overlay.jpg,莆田学院附属医院__图片__莆田学院附属医院__莆田炎症图片__ptyz111-2.png,莆田学院附属医院__图片__莆田学院附属医院__莆田炎症图片__ptyz111-2.json
dataset/gastritis_external/processed_images/莆田学院附属医院/crop_ui,莆田学院附属医院__图片__莆田学院附属医院__莆田炎症图片__ptyz89-4.jpg,0,1,1,1,0,,莆田学院附属医院__图片__莆田学院附属医院__莆田炎症图片__ptyz89-4_overlay.jpg,莆田学院附属医院__图片__莆田学院附属医院__莆田炎症图片__ptyz89-4.png,莆田学院附属医院__图片__莆田学院附属医院__莆田炎症图片__ptyz89-4.json
dataset/gastritis_external/processed_images/莆田学院附属医院/crop_ui,莆田学院附属医院__图片__莆田学院附属医院__莆田炎症图片__ptyz101-4.jpg,0,1,1,1,0,,莆田学院附属医院__图片__莆田学院附属医院__莆田炎症图片__ptyz101-4_overlay.jpg,莆田学院附属医院__图片__莆田学院附属医院__莆田炎症图片__ptyz101-4.png,莆田学院附属医院__图片__莆田学院附属医院__莆田炎症图片__ptyz101-4.json
dataset/gastritis_external/processed_images/莆田学院附属医院/crop_ui,莆田学院附属医院__图片__莆田学院附属医院__莆田炎症图片__ptyz24-1.jpg,0,1,1,1,0,,莆田学院附属医院__图片__莆田学院附属医院__莆田炎症图片__ptyz24-1_overlay.jpg,莆田学院附属医院__图片__莆田学院附属医院__莆田炎症图片__ptyz24-1.png,莆田学院附属医院__图片__莆田学院附属医院__莆田炎症图片__ptyz24-1.json
dataset/gastritis_external/processed_images/莆田学院附属医院/crop_ui,莆田学院附属医院__图片__莆田学院附属医院__莆田炎症图片__ptyz114-2.jpg,0,1,1,1,0,,莆田学院附属医院__图片__莆田学院附属医院__莆田炎症图片__ptyz114-2_overlay.jpg,莆田学院附属医院__图片__莆田学院附属医院__莆田炎症图片__ptyz114-2.png,莆田学院附属医院__图片__莆田学院附属医院__莆田炎症图片__ptyz114-2.json
dataset/gastritis_external/processed_images/莆田学院附属医院/crop_ui,莆田学院附属医院__图片__莆田学院附属医院__莆田炎症图片__ptyz255-6.jpg,0,1,1,1,0,,莆田学院附属医院__图片__莆田学院附属医院__莆田炎症图片__ptyz255-6_overlay.jpg,莆田学院附属医院__图片__莆田学院附属医院__莆田炎症图片__ptyz255-6.png,莆田学院附属医院__图片__莆田学院附属医院__莆田炎症图片__ptyz255-6.json
dataset/gastritis_external/processed_images/莆田学院附属医院/crop_ui,莆田学院附属医院__图片__莆田学院附属医院__莆田炎症图片__ptyz252-3.jpg,0,1,1,1,0,,莆田学院附属医院__图片__莆田学院附属医院__莆田炎症图片__ptyz252-3_overlay.jpg,莆田学院附属医院__图片__莆田学院附属医院__莆田炎症图片__ptyz252-3.png,莆田学院附属医院__图片__莆田学院附属医院__莆田炎症图片__ptyz252-3.json
dataset/gastritis_external/processed_images/莆田学院附属医院/crop_ui,莆田学院附属医院__图片__莆田学院附属医院__莆田炎症图片__ptyz321-1.jpg,0,1,1,1,0,,莆田学院附属医院__图片__莆田学院附属医院__莆田炎症图片__ptyz321-1_overlay.jpg,莆田学院附属医院__图片__莆田学院附属医院__莆田炎症图片__ptyz321-1.png,莆田学院附属医院__图片__莆田学院附属医院__莆田炎症图片__ptyz321-1.json
dataset/gastritis_external/processed_images/莆田学院附属医院/crop_ui,莆田学院附属医院__图片__莆田学院附属医院__莆田炎症图片__ptyz105-6.jpg,0,1,1,1,0,,莆田学院附属医院__图片__莆田学院附属医院__莆田炎症图片__ptyz105-6_overlay.jpg,莆田学院附属医院__图片__莆田学院附属医院__莆田炎症图片__ptyz105-6.png,莆田学院附属医院__图片__莆田学院附属医院__莆田炎症图片__ptyz105-6.json
dataset/gastritis_external/processed_images/莆田学院附属医院/crop_ui,莆田学院附属医院__图片__莆田学院附属医院__莆田炎症图片__ptyz221-3.jpg,0,1,1,1,0,,莆田学院附属医院__图片__莆田学院附属医院__莆田炎症图片__ptyz221-3_overlay.jpg,莆田学院附属医院__图片__莆田学院附属医院__莆田炎症图片__ptyz221-3.png,莆田学院附属医院__图片__莆田学院附属医院__莆田炎症图片__ptyz221-3.json
dataset/gastritis_external/processed_images/莆田学院附属医院/crop_ui,莆田学院附属医院__图片__莆田学院附属医院__莆田炎症图片__ptyz366-5.jpg,0,1,1,1,0,,莆田学院附属医院__图片__莆田学院附属医院__莆田炎症图片__ptyz366-5_overlay.jpg,莆田学院附属医院__图片__莆田学院附属医院__莆田炎症图片__ptyz366-5.png,莆田学院附属医院__图片__莆田学院附属医院__莆田炎症图片__ptyz366-5.json
dataset/gastritis_external/processed_images/莆田学院附属医院/crop_ui,莆田学院附属医院__图片__莆田学院附属医院__莆田炎症图片__ptyz396-4.jpg,0,1,1,1,0,,莆田学院附属医院__图片__莆田学院附属医院__莆田炎症图片__ptyz396-4_overlay.jpg,莆田学院附属医院__图片__莆田学院附属医院__莆田炎症图片__ptyz396-4.png,莆田学院附属医院__图片__莆田学院附属医院__莆田炎症图片__ptyz396-4.json
dataset/gastritis_external/processed_images/莆田学院附属医院/crop_ui,莆田学院附属医院__图片__莆田学院附属医院__莆田炎症图片__ptyz44-3.jpg,0,1,1,1,0,,莆田学院附属医院__图片__莆田学院附属医院__莆田炎症图片__ptyz44-3_overlay.jpg,莆田学院附属医院__图片__莆田学院附属医院__莆田炎症图片__ptyz44-3.png,莆田学院附属医院__图片__莆田学院附属医院__莆田炎症图片__ptyz44-3.json
dataset/gastritis_external/processed_images/莆田学院附属医院/crop_ui,莆田学院附属医院__图片__莆田学院附属医院__莆田炎症图片__ptyz141-7.jpg,0,1,1,1,0,,莆田学院附属医院__图片__莆田学院附属医院__莆田炎症图片__ptyz141-7_overlay.jpg,莆田学院附属医院__图片__莆田学院附属医院__莆田炎症图片__ptyz141-7.png,莆田学院附属医院__图片__莆田学院附属医院__莆田炎症图片__ptyz141-7.json
dataset/gastritis_external/processed_images/莆田学院附属医院/crop_ui,莆田学院附属医院__图片__莆田学院附属医院__莆田炎症图片__ptyz307-2.jpg,0,1,1,1,0,,莆田学院附属医院__图片__莆田学院附属医院__莆田炎症图片__ptyz307-2_overlay.jpg,莆田学院附属医院__图片__莆田学院附属医院__莆田炎症图片__ptyz307-2.png,莆田学院附属医院__图片__莆田学院附属医院__莆田炎症图片__ptyz307-2.json
dataset/gastritis_external/processed_images/莆田学院附属医院/crop_ui,莆田学院附属医院__图片__莆田学院附属医院__莆田炎症图片__ptyz361-2.jpg,0,1,1,1,0,,莆田学院附属医院__图片__莆田学院附属医院__莆田炎症图片__ptyz361-2_overlay.jpg,莆田学院附属医院__图片__莆田学院附属医院__莆田炎症图片__ptyz361-2.png,莆田学院附属医院__图片__莆田学院附属医院__莆田炎症图片__ptyz361-2.json
dataset/gastritis_external/processed_images/莆田学院附属医院/crop_ui,莆田学院附属医院__图片__莆田学院附属医院__莆田炎症图片__ptyz108-4.jpg,0,1,1,1,0,,莆田学院附属医院__图片__莆田学院附属医院__莆田炎症图片__ptyz108-4_overlay.jpg,莆田学院附属医院__图片__莆田学院附属医院__莆田炎症图片__ptyz108-4.png,莆田学院附属医院__图片__莆田学院附属医院__莆田炎症图片__ptyz108-4.json
dataset/gastritis_external/processed_images/莆田学院附属医院/crop_ui,莆田学院附属医院__图片__莆田学院附属医院__莆田炎症图片__ptyz26-2.jpg,0,1,1,1,0,,莆田学院附属医院__图片__莆田学院附属医院__莆田炎症图片__ptyz26-2_overlay.jpg,莆田学院附属医院__图片__莆田学院附属医院__莆田炎症图片__ptyz26-2.png,莆田学院附属医院__图片__莆田学院附属医院__莆田炎症图片__ptyz26-2.json
dataset/gastritis_external/processed_images/莆田学院附属医院/crop_ui,莆田学院附属医院__图片__莆田学院附属医院__莆田炎症图片__ptyz26-5.jpg,0,1,1,1,0,,莆田学院附属医院__图片__莆田学院附属医院__莆田炎症图片__ptyz26-5_overlay.jpg,莆田学院附属医院__图片__莆田学院附属医院__莆田炎症图片__ptyz26-5.png,莆田学院附属医院__图片__莆田学院附属医院__莆田炎症图片__ptyz26-5.json
dataset/gastritis_external/processed_images/莆田学院附属医院/crop_ui,莆田学院附属医院__图片__莆田学院附属医院__莆田炎症图片__ptyz349-1.jpg,0,1,1,1,0,,莆田学院附属医院__图片__莆田学院附属医院__莆田炎症图片__ptyz349-1_overlay.jpg,莆田学院附属医院__图片__莆田学院附属医院__莆田炎症图片__ptyz349-1.png,莆田学院附属医院__图片__莆田学院附属医院__莆田炎症图片__ptyz349-1.json
dataset/gastritis_external/processed_images/莆田学院附属医院/crop_ui,莆田学院附属医院__图片__莆田学院附属医院__莆田炎症图片__ptyz56-6.jpg,0,1,1,1,0,,莆田学院附属医院__图片__莆田学院附属医院__莆田炎症图片__ptyz56-6_overlay.jpg,莆田学院附属医院__图片__莆田学院附属医院__莆田炎症图片__ptyz56-6.png,莆田学院附属医院__图片__莆田学院附属医院__莆田炎症图片__ptyz56-6.json
dataset/gastritis_external/processed_images/莆田学院附属医院/crop_ui,莆田学院附属医院__图片__莆田学院附属医院__莆田炎症图片__ptyz64-1.jpg,0,1,1,1,0,,莆田学院附属医院__图片__莆田学院附属医院__莆田炎症图片__ptyz64-1_overlay.jpg,莆田学院附属医院__图片__莆田学院附属医院__莆田炎症图片__ptyz64-1.png,莆田学院附属医院__图片__莆田学院附属医院__莆田炎症图片__ptyz64-1.json
dataset/gastritis_external/processed_images/莆田学院附属医院/crop_ui,莆田学院附属医院__图片__莆田学院附属医院__莆田炎症图片__ptyz223-2.jpg,0,1,1,1,0,,莆田学院附属医院__图片__莆田学院附属医院__莆田炎症图片__ptyz223-2_overlay.jpg,莆田学院附属医院__图片__莆田学院附属医院__莆田炎症图片__ptyz223-2.png,莆田学院附属医院__图片__莆田学院附属医院__莆田炎症图片__ptyz223-2.json
dataset/gastritis_external/processed_images/莆田学院附属医院/crop_ui,莆田学院附属医院__图片__莆田学院附属医院__莆田炎症图片__ptyz394-1.jpg,0,1,1,1,0,,莆田学院附属医院__图片__莆田学院附属医院__莆田炎症图片__ptyz394-1_overlay.jpg,莆田学院附属医院__图片__莆田学院附属医院__莆田炎症图片__ptyz394-1.png,莆田学院附属医院__图片__莆田学院附属医院__莆田炎症图片__ptyz394-1.json
dataset/gastritis_external/processed_images/莆田学院附属医院/crop_ui,莆田学院附属医院__图片__莆田学院附属医院__莆田炎症图片__ptyz394-2.jpg,0,1,1,1,0,,莆田学院附属医院__图片__莆田学院附属医院__莆田炎症图片__ptyz394-2_overlay.jpg,莆田学院附属医院__图片__莆田学院附属医院__莆田炎症图片__ptyz394-2.png,莆田学院附属医院__图片__莆田学院附属医院__莆田炎症图片__ptyz394-2.json
dataset/gastritis_external/processed_images/莆田学院附属医院/crop_ui,莆田学院附属医院__图片__莆田学院附属医院__莆田炎症图片__ptyz365-1.jpg,0,1,1,1,0,,莆田学院附属医院__图片__莆田学院附属医院__莆田炎症图片__ptyz365-1_overlay.jpg,莆田学院附属医院__图片__莆田学院附属医院__莆田炎症图片__ptyz365-1.png,莆田学院附属医院__图片__莆田学院附属医院__莆田炎症图片__ptyz365-1.json
dataset/gastritis_external/processed_images/莆田学院附属医院/crop_ui,莆田学院附属医院__图片__莆田学院附属医院__莆田炎症图片__ptyz63-4.jpg,0,1,1,1,0,,莆田学院附属医院__图片__莆田学院附属医院__莆田炎症图片__ptyz63-4_overlay.jpg,莆田学院附属医院__图片__莆田学院附属医院__莆田炎症图片__ptyz63-4.png,莆田学院附属医院__图片__莆田学院附属医院__莆田炎症图片__ptyz63-4.json
dataset/gastritis_external/processed_images/莆田学院附属医院/crop_ui,莆田学院附属医院__图片__莆田学院附属医院__莆田炎症图片__ptyz428-2.jpg,0,1,1,1,0,,莆田学院附属医院__图片__莆田学院附属医院__莆田炎症图片__ptyz428-2_overlay.jpg,莆田学院附属医院__图片__莆田学院附属医院__莆田炎症图片__ptyz428-2.png,莆田学院附属医院__图片__莆田学院附属医院__莆田炎症图片__ptyz428-2.json
dataset/gastritis_external/processed_images/莆田学院附属医院/crop_ui,莆田学院附属医院__图片__莆田学院附属医院__莆田炎症图片__ptyz409-5.jpg,0,1,1,1,0,,莆田学院附属医院__图片__莆田学院附属医院__莆田炎症图片__ptyz409-5_overlay.jpg,莆田学院附属医院__图片__莆田学院附属医院__莆田炎症图片__ptyz409-5.png,莆田学院附属医院__图片__莆田学院附属医院__莆田炎症图片__ptyz409-5.json
dataset/gastritis_external/processed_images/莆田学院附属医院/crop_ui,莆田学院附属医院__图片__莆田学院附属医院__莆田炎症图片__ptyz134-3.jpg,0,1,1,1,0,,莆田学院附属医院__图片__莆田学院附属医院__莆田炎症图片__ptyz134-3_overlay.jpg,莆田学院附属医院__图片__莆田学院附属医院__莆田炎症图片__ptyz134-3.png,莆田学院附属医院__图片__莆田学院附属医院__莆田炎症图片__ptyz134-3.json
dataset/gastritis_external/processed_images/莆田学院附属医院/crop_ui,莆田学院附属医院__图片__莆田学院附属医院__莆田炎症图片__ptyz425-3.jpg,0,1,1,1,0,,莆田学院附属医院__图片__莆田学院附属医院__莆田炎症图片__ptyz425-3_overlay.jpg,莆田学院附属医院__图片__莆田学院附属医院__莆田炎症图片__ptyz425-3.png,莆田学院附属医院__图片__莆田学院附属医院__莆田炎症图片__ptyz425-3.json
dataset/gastritis_external/processed_images/莆田学院附属医院/crop_ui,莆田学院附属医院__图片__莆田学院附属医院__莆田炎症图片__ptyz74-4.jpg,0,1,1,1,0,,莆田学院附属医院__图片__莆田学院附属医院__莆田炎症图片__ptyz74-4_overlay.jpg,莆田学院附属医院__图片__莆田学院附属医院__莆田炎症图片__ptyz74-4.png,莆田学院附属医院__图片__莆田学院附属医院__莆田炎症图片__ptyz74-4.json
dataset/gastritis_external/processed_images/莆田学院附属医院/crop_ui,莆田学院附属医院__图片__莆田学院附属医院__莆田炎症图片__ptyz273-3.jpg,0,1,1,1,0,,莆田学院附属医院__图片__莆田学院附属医院__莆田炎症图片__ptyz273-3_overlay.jpg,莆田学院附属医院__图片__莆田学院附属医院__莆田炎症图片__ptyz273-3.png,莆田学院附属医院__图片__莆田学院附属医院__莆田炎症图片__ptyz273-3.json
dataset/gastritis_external/processed_images/莆田学院附属医院/crop_ui,莆田学院附属医院__图片__莆田学院附属医院__莆田炎症图片__ptyz69-1.jpg,0,1,1,1,0,,莆田学院附属医院__图片__莆田学院附属医院__莆田炎症图片__ptyz69-1_overlay.jpg,莆田学院附属医院__图片__莆田学院附属医院__莆田炎症图片__ptyz69-1.png,莆田学院附属医院__图片__莆田学院附属医院__莆田炎症图片__ptyz69-1.json
dataset/gastritis_external/processed_images/莆田学院附属医院/crop_ui,莆田学院附属医院__图片__莆田学院附属医院__莆田炎症图片__ptyz227-3.jpg,0,1,1,1,0,,莆田学院附属医院__图片__莆田学院附属医院__莆田炎症图片__ptyz227-3_overlay.jpg,莆田学院附属医院__图片__莆田学院附属医院__莆田炎症图片__ptyz227-3.png,莆田学院附属医院__图片__莆田学院附属医院__莆田炎症图片__ptyz227-3.json
dataset/gastritis_external/processed_images/莆田学院附属医院/crop_ui,莆田学院附属医院__图片__莆田学院附属医院__莆田炎症图片__ptyz319-1.jpg,0,1,1,1,0,,莆田学院附属医院__图片__莆田学院附属医院__莆田炎症图片__ptyz319-1_overlay.jpg,莆田学院附属医院__图片__莆田学院附属医院__莆田炎症图片__ptyz319-1.png,莆田学院附属医院__图片__莆田学院附属医院__莆田炎症图片__ptyz319-1.json
dataset/gastritis_external/processed_images/莆田学院附属医院/crop_ui,莆田学院附属医院__图片__莆田学院附属医院__莆田炎症图片__ptyz398-1.jpg,0,1,1,1,0,,莆田学院附属医院__图片__莆田学院附属医院__莆田炎症图片__ptyz398-1_overlay.jpg,莆田学院附属医院__图片__莆田学院附属医院__莆田炎症图片__ptyz398-1.png,莆田学院附属医院__图片__莆田学院附属医院__莆田炎症图片__ptyz398-1.json
dataset/gastritis_external/processed_images/莆田学院附属医院/crop_ui,莆田学院附属医院__图片__莆田学院附属医院__莆田炎症图片__ptyz206-3.jpg,0,1,1,1,0,,莆田学院附属医院__图片__莆田学院附属医院__莆田炎症图片__ptyz206-3_overlay.jpg,莆田学院附属医院__图片__莆田学院附属医院__莆田炎症图片__ptyz206-3.png,莆田学院附属医院__图片__莆田学院附属医院__莆田炎症图片__ptyz206-3.json
dataset/gastritis_external/processed_images/莆田学院附属医院/crop_ui,莆田学院附属医院__图片__莆田学院附属医院__莆田炎症图片__ptyz253-2.jpg,0,1,1,1,0,,莆田学院附属医院__图片__莆田学院附属医院__莆田炎症图片__ptyz253-2_overlay.jpg,莆田学院附属医院__图片__莆田学院附属医院__莆田炎症图片__ptyz253-2.png,莆田学院附属医院__图片__莆田学院附属医院__莆田炎症图片__ptyz253-2.json
dataset/gastritis_external/processed_images/莆田学院附属医院/crop_ui,莆田学院附属医院__图片__莆田学院附属医院__莆田炎症图片__ptyz439-1.jpg,0,1,1,1,0,,莆田学院附属医院__图片__莆田学院附属医院__莆田炎症图片__ptyz439-1_overlay.jpg,莆田学院附属医院__图片__莆田学院附属医院__莆田炎症图片__ptyz439-1.png,莆田学院附属医院__图片__莆田学院附属医院__莆田炎症图片__ptyz439-1.json
dataset/gastritis_external/processed_images/莆田学院附属医院/crop_ui,莆田学院附属医院__图片__莆田学院附属医院__莆田炎症图片__ptyz403-2.jpg,0,1,1,1,0,,莆田学院附属医院__图片__莆田学院附属医院__莆田炎症图片__ptyz403-2_overlay.jpg,莆田学院附属医院__图片__莆田学院附属医院__莆田炎症图片__ptyz403-2.png,莆田学院附属医院__图片__莆田学院附属医院__莆田炎症图片__ptyz403-2.json
dataset/gastritis_external/processed_images/莆田学院附属医院/crop_ui,莆田学院附属医院__图片__莆田学院附属医院__莆田炎症图片__ptyz423-2.jpg,0,1,1,1,0,,莆田学院附属医院__图片__莆田学院附属医院__莆田炎症图片__ptyz423-2_overlay.jpg,莆田学院附属医院__图片__莆田学院附属医院__莆田炎症图片__ptyz423-2.png,莆田学院附属医院__图片__莆田学院附属医院__莆田炎症图片__ptyz423-2.json
dataset/gastritis_external/processed_images/莆田学院附属医院/crop_ui,莆田学院附属医院__图片__莆田学院附属医院__莆田炎症图片__ptyz388.jpg,0,1,1,1,0,,莆田学院附属医院__图片__莆田学院附属医院__莆田炎症图片__ptyz388_overlay.jpg,莆田学院附属医院__图片__莆田学院附属医院__莆田炎症图片__ptyz388.png,莆田学院附属医院__图片__莆田学院附属医院__莆田炎症图片__ptyz388.json
dataset/gastritis_external/processed_images/莆田学院附属医院/crop_ui,莆田学院附属医院__图片__莆田学院附属医院__莆田炎症图片__ptyz363-3.jpg,0,1,1,1,0,,莆田学院附属医院__图片__莆田学院附属医院__莆田炎症图片__ptyz363-3_overlay.jpg,莆田学院附属医院__图片__莆田学院附属医院__莆田炎症图片__ptyz363-3.png,莆田学院附属医院__图片__莆田学院附属医院__莆田炎症图片__ptyz363-3.json
dataset/gastritis_external/processed_images/莆田学院附属医院/crop_ui,莆田学院附属医院__图片__莆田学院附属医院__莆田炎症图片__ptyz124-2.jpg,0,1,1,1,0,,莆田学院附属医院__图片__莆田学院附属医院__莆田炎症图片__ptyz124-2_overlay.jpg,莆田学院附属医院__图片__莆田学院附属医院__莆田炎症图片__ptyz124-2.png,莆田学院附属医院__图片__莆田学院附属医院__莆田炎症图片__ptyz124-2.json
dataset/gastritis_external/processed_images/莆田学院附属医院/crop_ui,莆田学院附属医院__图片__莆田学院附属医院__莆田炎症图片__ptyz179-2.jpg,0,1,1,1,0,,莆田学院附属医院__图片__莆田学院附属医院__莆田炎症图片__ptyz179-2_overlay.jpg,莆田学院附属医院__图片__莆田学院附属医院__莆田炎症图片__ptyz179-2.png,莆田学院附属医院__图片__莆田学院附属医院__莆田炎症图片__ptyz179-2.json
dataset/gastritis_external/processed_images/莆田学院附属医院/crop_ui,莆田学院附属医院__图片__莆田学院附属医院__莆田炎症图片__ptyz233-1.jpg,0,1,1,1,0,,莆田学院附属医院__图片__莆田学院附属医院__莆田炎症图片__ptyz233-1_overlay.jpg,莆田学院附属医院__图片__莆田学院附属医院__莆田炎症图片__ptyz233-1.png,莆田学院附属医院__图片__莆田学院附属医院__莆田炎症图片__ptyz233-1.json
dataset/gastritis_external/processed_images/莆田学院附属医院/crop_ui,莆田学院附属医院__图片__莆田学院附属医院__莆田炎症图片__ptyz31-2.jpg,0,1,1,1,0,,莆田学院附属医院__图片__莆田学院附属医院__莆田炎症图片__ptyz31-2_overlay.jpg,莆田学院附属医院__图片__莆田学院附属医院__莆田炎症图片__ptyz31-2.png,莆田学院附属医院__图片__莆田学院附属医院__莆田炎症图片__ptyz31-2.json
dataset/gastritis_external/processed_images/莆田学院附属医院/crop_ui,莆田学院附属医院__图片__莆田学院附属医院__莆田炎症图片__ptyz28-5.jpg,0,1,1,1,0,,莆田学院附属医院__图片__莆田学院附属医院__莆田炎症图片__ptyz28-5_overlay.jpg,莆田学院附属医院__图片__莆田学院附属医院__莆田炎症图片__ptyz28-5.png,莆田学院附属医院__图片__莆田学院附属医院__莆田炎症图片__ptyz28-5.json
dataset/gastritis_external/processed_images/莆田学院附属医院/crop_ui,莆田学院附属医院__图片__莆田学院附属医院__莆田炎症图片__ptyz83-1.jpg,0,1,1,1,0,,莆田学院附属医院__图片__莆田学院附属医院__莆田炎症图片__ptyz83-1_overlay.jpg,莆田学院附属医院__图片__莆田学院附属医院__莆田炎症图片__ptyz83-1.png,莆田学院附属医院__图片__莆田学院附属医院__莆田炎症图片__ptyz83-1.json
dataset/gastritis_external/processed_images/莆田学院附属医院/crop_ui,莆田学院附属医院__图片__莆田学院附属医院__莆田炎症图片__ptyz1-1.jpg,0,1,1,1,0,,莆田学院附属医院__图片__莆田学院附属医院__莆田炎症图片__ptyz1-1_overlay.jpg,莆田学院附属医院__图片__莆田学院附属医院__莆田炎症图片__ptyz1-1.png,莆田学院附属医院__图片__莆田学院附属医院__莆田炎症图片__ptyz1-1.json
dataset/gastritis_external/processed_images/莆田学院附属医院/crop_ui,莆田学院附属医院__图片__莆田学院附属医院__莆田炎症图片__ptyz201-5.jpg,0,1,1,1,0,,莆田学院附属医院__图片__莆田学院附属医院__莆田炎症图片__ptyz201-5_overlay.jpg,莆田学院附属医院__图片__莆田学院附属医院__莆田炎症图片__ptyz201-5.png,莆田学院附属医院__图片__莆田学院附属医院__莆田炎症图片__ptyz201-5.json
dataset/gastritis_external/processed_images/莆田学院附属医院/crop_ui,莆田学院附属医院__图片__莆田学院附属医院__莆田炎症图片__ptyz26-6.jpg,0,1,1,1,0,,莆田学院附属医院__图片__莆田学院附属医院__莆田炎症图片__ptyz26-6_overlay.jpg,莆田学院附属医院__图片__莆田学院附属医院__莆田炎症图片__ptyz26-6.png,莆田学院附属医院__图片__莆田学院附属医院__莆田炎症图片__ptyz26-6.json
dataset/gastritis_external/processed_images/莆田学院附属医院/crop_ui,莆田学院附属医院__图片__莆田学院附属医院__莆田炎症图片__ptyz5-3.jpg,0,1,1,1,0,,莆田学院附属医院__图片__莆田学院附属医院__莆田炎症图片__ptyz5-3_overlay.jpg,莆田学院附属医院__图片__莆田学院附属医院__莆田炎症图片__ptyz5-3.png,莆田学院附属医院__图片__莆田学院附属医院__莆田炎症图片__ptyz5-3.json
dataset/gastritis_external/processed_images/莆田学院附属医院/crop_ui,莆田学院附属医院__图片__莆田学院附属医院__莆田炎症图片__ptyz113-1.jpg,0,1,1,1,0,,莆田学院附属医院__图片__莆田学院附属医院__莆田炎症图片__ptyz113-1_overlay.jpg,莆田学院附属医院__图片__莆田学院附属医院__莆田炎症图片__ptyz113-1.png,莆田学院附属医院__图片__莆田学院附属医院__莆田炎症图片__ptyz113-1.json
dataset/gastritis_external/processed_images/莆田学院附属医院/crop_ui,莆田学院附属医院__图片__莆田学院附属医院__莆田炎症图片__ptyz429-1.jpg,0,1,1,1,0,,莆田学院附属医院__图片__莆田学院附属医院__莆田炎症图片__ptyz429-1_overlay.jpg,莆田学院附属医院__图片__莆田学院附属医院__莆田炎症图片__ptyz429-1.png,莆田学院附属医院__图片__莆田学院附属医院__莆田炎症图片__ptyz429-1.json
dataset/gastritis_external/processed_images/莆田学院附属医院/crop_ui,莆田学院附属医院__图片__莆田学院附属医院__莆田炎症图片__ptyz179-1.jpg,0,1,1,1,0,,莆田学院附属医院__图片__莆田学院附属医院__莆田炎症图片__ptyz179-1_overlay.jpg,莆田学院附属医院__图片__莆田学院附属医院__莆田炎症图片__ptyz179-1.png,莆田学院附属医院__图片__莆田学院附属医院__莆田炎症图片__ptyz179-1.json
dataset/gastritis_external/processed_images/莆田学院附属医院/crop_ui,莆田学院附属医院__图片__莆田学院附属医院__莆田炎症图片__ptyz351-1.jpg,0,1,1,1,0,,莆田学院附属医院__图片__莆田学院附属医院__莆田炎症图片__ptyz351-1_overlay.jpg,莆田学院附属医院__图片__莆田学院附属医院__莆田炎症图片__ptyz351-1.png,莆田学院附属医院__图片__莆田学院附属医院__莆田炎症图片__ptyz351-1.json
dataset/gastritis_external/processed_images/莆田学院附属医院/crop_ui,莆田学院附属医院__图片__莆田学院附属医院__莆田炎症图片__ptyz397-1.jpg,0,1,1,1,0,,莆田学院附属医院__图片__莆田学院附属医院__莆田炎症图片__ptyz397-1_overlay.jpg,莆田学院附属医院__图片__莆田学院附属医院__莆田炎症图片__ptyz397-1.png,莆田学院附属医院__图片__莆田学院附属医院__莆田炎症图片__ptyz397-1.json
dataset/gastritis_external/processed_images/莆田学院附属医院/crop_ui,莆田学院附属医院__图片__莆田学院附属医院__莆田炎症图片__ptyz318-1.jpg,0,1,1,1,0,,莆田学院附属医院__图片__莆田学院附属医院__莆田炎症图片__ptyz318-1_overlay.jpg,莆田学院附属医院__图片__莆田学院附属医院__莆田炎症图片__ptyz318-1.png,莆田学院附属医院__图片__莆田学院附属医院__莆田炎症图片__ptyz318-1.json
dataset/gastritis_external/processed_images/莆田学院附属医院/crop_ui,莆田学院附属医院__图片__莆田学院附属医院__莆田炎症图片__ptyz145-3.jpg,0,1,1,1,0,,莆田学院附属医院__图片__莆田学院附属医院__莆田炎症图片__ptyz145-3_overlay.jpg,莆田学院附属医院__图片__莆田学院附属医院__莆田炎症图片__ptyz145-3.png,莆田学院附属医院__图片__莆田学院附属医院__莆田炎症图片__ptyz145-3.json
dataset/gastritis_external/processed_images/莆田学院附属医院/crop_ui,莆田学院附属医院__图片__莆田学院附属医院__莆田炎症图片__ptyz196.jpg,0,1,1,1,0,,莆田学院附属医院__图片__莆田学院附属医院__莆田炎症图片__ptyz196_overlay.jpg,莆田学院附属医院__图片__莆田学院附属医院__莆田炎症图片__ptyz196.png,莆田学院附属医院__图片__莆田学院附属医院__莆田炎症图片__ptyz196.json
dataset/gastritis_external/processed_images/莆田学院附属医院/crop_ui,莆田学院附属医院__图片__莆田学院附属医院__莆田炎症图片__ptyz84-1.jpg,0,1,1,1,0,,莆田学院附属医院__图片__莆田学院附属医院__莆田炎症图片__ptyz84-1_overlay.jpg,莆田学院附属医院__图片__莆田学院附属医院__莆田炎症图片__ptyz84-1.png,莆田学院附属医院__图片__莆田学院附属医院__莆田炎症图片__ptyz84-1.json
dataset/gastritis_external/processed_images/莆田学院附属医院/crop_ui,莆田学院附属医院__图片__莆田学院附属医院__莆田炎症图片__ptyz211-1.jpg,0,1,1,1,0,,莆田学院附属医院__图片__莆田学院附属医院__莆田炎症图片__ptyz211-1_overlay.jpg,莆田学院附属医院__图片__莆田学院附属医院__莆田炎症图片__ptyz211-1.png,莆田学院附属医院__图片__莆田学院附属医院__莆田炎症图片__ptyz211-1.json
dataset/gastritis_external/processed_images/莆田学院附属医院/crop_ui,莆田学院附属医院__图片__莆田学院附属医院__莆田炎症图片__ptyz438-1.jpg,0,1,1,1,0,,莆田学院附属医院__图片__莆田学院附属医院__莆田炎症图片__ptyz438-1_overlay.jpg,莆田学院附属医院__图片__莆田学院附属医院__莆田炎症图片__ptyz438-1.png,莆田学院附属医院__图片__莆田学院附属医院__莆田炎症图片__ptyz438-1.json
dataset/gastritis_external/processed_images/莆田学院附属医院/crop_ui,莆田学院附属医院__图片__莆田学院附属医院__莆田炎症图片__ptyz216.jpg,0,1,1,1,0,,莆田学院附属医院__图片__莆田学院附属医院__莆田炎症图片__ptyz216_overlay.jpg,莆田学院附属医院__图片__莆田学院附属医院__莆田炎症图片__ptyz216.png,莆田学院附属医院__图片__莆田学院附属医院__莆田炎症图片__ptyz216.json
dataset/gastritis_external/processed_images/莆田学院附属医院/crop_ui,莆田学院附属医院__图片__莆田学院附属医院__莆田炎症图片__ptyz188-2.jpg,0,1,1,1,0,,莆田学院附属医院__图片__莆田学院附属医院__莆田炎症图片__ptyz188-2_overlay.jpg,莆田学院附属医院__图片__莆田学院附属医院__莆田炎症图片__ptyz188-2.png,莆田学院附属医院__图片__莆田学院附属医院__莆田炎症图片__ptyz188-2.json
dataset/gastritis_external/processed_images/莆田学院附属医院/crop_ui,莆田学院附属医院__图片__莆田学院附属医院__莆田炎症图片__ptyz96-5.jpg,0,1,1,1,0,,莆田学院附属医院__图片__莆田学院附属医院__莆田炎症图片__ptyz96-5_overlay.jpg,莆田学院附属医院__图片__莆田学院附属医院__莆田炎症图片__ptyz96-5.png,莆田学院附属医院__图片__莆田学院附属医院__莆田炎症图片__ptyz96-5.json
dataset/gastritis_external/processed_images/莆田学院附属医院/crop_ui,莆田学院附属医院__图片__莆田学院附属医院__莆田炎症图片__ptyz356.jpg,0,1,1,1,0,,莆田学院附属医院__图片__莆田学院附属医院__莆田炎症图片__ptyz356_overlay.jpg,莆田学院附属医院__图片__莆田学院附属医院__莆田炎症图片__ptyz356.png,莆田学院附属医院__图片__莆田学院附属医院__莆田炎症图片__ptyz356.json
dataset/gastritis_external/processed_images/莆田学院附属医院/crop_ui,莆田学院附属医院__图片__莆田学院附属医院__莆田炎症图片__ptyz412-5.jpg,0,1,1,1,0,,莆田学院附属医院__图片__莆田学院附属医院__莆田炎症图片__ptyz412-5_overlay.jpg,莆田学院附属医院__图片__莆田学院附属医院__莆田炎症图片__ptyz412-5.png,莆田学院附属医院__图片__莆田学院附属医院__莆田炎症图片__ptyz412-5.json
dataset/gastritis_external/processed_images/莆田学院附属医院/crop_ui,莆田学院附属医院__图片__莆田学院附属医院__莆田炎症图片__ptyz171-4.jpg,0,1,1,1,0,,莆田学院附属医院__图片__莆田学院附属医院__莆田炎症图片__ptyz171-4_overlay.jpg,莆田学院附属医院__图片__莆田学院附属医院__莆田炎症图片__ptyz171-4.png,莆田学院附属医院__图片__莆田学院附属医院__莆田炎症图片__ptyz171-4.json
dataset/gastritis_external/processed_images/莆田学院附属医院/crop_ui,莆田学院附属医院__图片__莆田学院附属医院__莆田炎症图片__ptyz326-3.jpg,0,1,1,1,0,,莆田学院附属医院__图片__莆田学院附属医院__莆田炎症图片__ptyz326-3_overlay.jpg,莆田学院附属医院__图片__莆田学院附属医院__莆田炎症图片__ptyz326-3.png,莆田学院附属医院__图片__莆田学院附属医院__莆田炎症图片__ptyz326-3.json
dataset/gastritis_external/processed_images/莆田学院附属医院/crop_ui,莆田学院附属医院__图片__莆田学院附属医院__莆田炎症图片__ptyz414-3.jpg,0,1,1,1,0,,莆田学院附属医院__图片__莆田学院附属医院__莆田炎症图片__ptyz414-3_overlay.jpg,莆田学院附属医院__图片__莆田学院附属医院__莆田炎症图片__ptyz414-3.png,莆田学院附属医院__图片__莆田学院附属医院__莆田炎症图片__ptyz414-3.json
dataset/gastritis_external/processed_images/莆田学院附属医院/crop_ui,莆田学院附属医院__图片__莆田学院附属医院__莆田炎症图片__ptyz136-4.jpg,0,1,1,1,0,,莆田学院附属医院__图片__莆田学院附属医院__莆田炎症图片__ptyz136-4_overlay.jpg,莆田学院附属医院__图片__莆田学院附属医院__莆田炎症图片__ptyz136-4.png,莆田学院附属医院__图片__莆田学院附属医院__莆田炎症图片__ptyz136-4.json
dataset/gastritis_external/processed_images/莆田学院附属医院/crop_ui,莆田学院附属医院__图片__莆田学院附属医院__莆田炎症图片__ptyz299-2.jpg,0,1,1,1,0,,莆田学院附属医院__图片__莆田学院附属医院__莆田炎症图片__ptyz299-2_overlay.jpg,莆田学院附属医院__图片__莆田学院附属医院__莆田炎症图片__ptyz299-2.png,莆田学院附属医院__图片__莆田学院附属医院__莆田炎症图片__ptyz299-2.json
dataset/gastritis_external/processed_images/莆田学院附属医院/crop_ui,莆田学院附属医院__图片__莆田学院附属医院__莆田炎症图片__ptyz109-6.jpg,0,1,1,1,0,,莆田学院附属医院__图片__莆田学院附属医院__莆田炎症图片__ptyz109-6_overlay.jpg,莆田学院附属医院__图片__莆田学院附属医院__莆田炎症图片__ptyz109-6.png,莆田学院附属医院__图片__莆田学院附属医院__莆田炎症图片__ptyz109-6.json
dataset/gastritis_external/processed_images/莆田学院附属医院/crop_ui,莆田学院附属医院__图片__莆田学院附属医院__莆田炎症图片__ptyz427-2.jpg,0,1,1,1,0,,莆田学院附属医院__图片__莆田学院附属医院__莆田炎症图片__ptyz427-2_overlay.jpg,莆田学院附属医院__图片__莆田学院附属医院__莆田炎症图片__ptyz427-2.png,莆田学院附属医院__图片__莆田学院附属医院__莆田炎症图片__ptyz427-2.json
dataset/gastritis_external/processed_images/莆田学院附属医院/crop_ui,莆田学院附属医院__图片__莆田学院附属医院__莆田炎症图片__ptyz238-1.jpg,0,1,1,1,0,,莆田学院附属医院__图片__莆田学院附属医院__莆田炎症图片__ptyz238-1_overlay.jpg,莆田学院附属医院__图片__莆田学院附属医院__莆田炎症图片__ptyz238-1.png,莆田学院附属医院__图片__莆田学院附属医院__莆田炎症图片__ptyz238-1.json
dataset/gastritis_external/processed_images/莆田学院附属医院/crop_ui,莆田学院附属医院__图片__莆田学院附属医院__莆田炎症图片__ptyz6-4.jpg,0,1,1,1,0,,莆田学院附属医院__图片__莆田学院附属医院__莆田炎症图片__ptyz6-4_overlay.jpg,莆田学院附属医院__图片__莆田学院附属医院__莆田炎症图片__ptyz6-4.png,莆田学院附属医院__图片__莆田学院附属医院__莆田炎症图片__ptyz6-4.json
dataset/gastritis_external/processed_images/莆田学院附属医院/crop_ui,莆田学院附属医院__图片__莆田学院附属医院__莆田炎症图片__ptyz27-1.jpg,0,1,1,1,0,,莆田学院附属医院__图片__莆田学院附属医院__莆田炎症图片__ptyz27-1_overlay.jpg,莆田学院附属医院__图片__莆田学院附属医院__莆田炎症图片__ptyz27-1.png,莆田学院附属医院__图片__莆田学院附属医院__莆田炎症图片__ptyz27-1.json
dataset/gastritis_external/processed_images/莆田学院附属医院/crop_ui,莆田学院附属医院__图片__莆田学院附属医院__莆田炎症图片__ptyz49-2.jpg,0,1,1,1,0,,莆田学院附属医院__图片__莆田学院附属医院__莆田炎症图片__ptyz49-2_overlay.jpg,莆田学院附属医院__图片__莆田学院附属医院__莆田炎症图片__ptyz49-2.png,莆田学院附属医院__图片__莆田学院附属医院__莆田炎症图片__ptyz49-2.json
dataset/gastritis_external/processed_images/莆田学院附属医院/crop_ui,莆田学院附属医院__图片__莆田学院附属医院__莆田炎症图片__ptyz33-4.jpg,0,1,1,1,0,,莆田学院附属医院__图片__莆田学院附属医院__莆田炎症图片__ptyz33-4_overlay.jpg,莆田学院附属医院__图片__莆田学院附属医院__莆田炎症图片__ptyz33-4.png,莆田学院附属医院__图片__莆田学院附属医院__莆田炎症图片__ptyz33-4.json
dataset/gastritis_external/processed_images/莆田学院附属医院/crop_ui,莆田学院附属医院__图片__莆田学院附属医院__莆田炎症图片__ptyz132-5.jpg,0,1,1,1,0,,莆田学院附属医院__图片__莆田学院附属医院__莆田炎症图片__ptyz132-5_overlay.jpg,莆田学院附属医院__图片__莆田学院附属医院__莆田炎症图片__ptyz132-5.png,莆田学院附属医院__图片__莆田学院附属医院__莆田炎症图片__ptyz132-5.json
dataset/gastritis_external/processed_images/莆田学院附属医院/crop_ui,莆田学院附属医院__图片__莆田学院附属医院__莆田炎症图片__ptyz54-3.jpg,0,1,1,1,0,,莆田学院附属医院__图片__莆田学院附属医院__莆田炎症图片__ptyz54-3_overlay.jpg,莆田学院附属医院__图片__莆田学院附属医院__莆田炎症图片__ptyz54-3.png,莆田学院附属医院__图片__莆田学院附属医院__莆田炎症图片__ptyz54-3.json
dataset/gastritis_external/processed_images/莆田学院附属医院/crop_ui,莆田学院附属医院__图片__莆田学院附属医院__莆田炎症图片__ptyz68-5.jpg,0,1,1,1,0,,莆田学院附属医院__图片__莆田学院附属医院__莆田炎症图片__ptyz68-5_overlay.jpg,莆田学院附属医院__图片__莆田学院附属医院__莆田炎症图片__ptyz68-5.png,莆田学院附属医院__图片__莆田学院附属医院__莆田炎症图片__ptyz68-5.json
dataset/gastritis_external/processed_images/莆田学院附属医院/crop_ui,莆田学院附属医院__图片__莆田学院附属医院__莆田炎症图片__ptyz355-2.jpg,0,1,1,1,0,,莆田学院附属医院__图片__莆田学院附属医院__莆田炎症图片__ptyz355-2_overlay.jpg,莆田学院附属医院__图片__莆田学院附属医院__莆田炎症图片__ptyz355-2.png,莆田学院附属医院__图片__莆田学院附属医院__莆田炎症图片__ptyz355-2.json
dataset/gastritis_external/processed_images/莆田学院附属医院/crop_ui,莆田学院附属医院__图片__莆田学院附属医院__莆田炎症图片__ptyz235-1.jpg,0,1,1,1,0,,莆田学院附属医院__图片__莆田学院附属医院__莆田炎症图片__ptyz235-1_overlay.jpg,莆田学院附属医院__图片__莆田学院附属医院__莆田炎症图片__ptyz235-1.png,莆田学院附属医院__图片__莆田学院附属医院__莆田炎症图片__ptyz235-1.json
dataset/gastritis_external/processed_images/莆田学院附属医院/crop_ui,莆田学院附属医院__图片__莆田学院附属医院__莆田炎症图片__ptyz79-5.jpg,0,1,1,1,0,,莆田学院附属医院__图片__莆田学院附属医院__莆田炎症图片__ptyz79-5_overlay.jpg,莆田学院附属医院__图片__莆田学院附属医院__莆田炎症图片__ptyz79-5.png,莆田学院附属医院__图片__莆田学院附属医院__莆田炎症图片__ptyz79-5.json
dataset/gastritis_external/processed_images/莆田学院附属医院/crop_ui,莆田学院附属医院__图片__莆田学院附属医院__莆田炎症图片__ptyz168-4.jpg,0,1,1,1,0,,莆田学院附属医院__图片__莆田学院附属医院__莆田炎症图片__ptyz168-4_overlay.jpg,莆田学院附属医院__图片__莆田学院附属医院__莆田炎症图片__ptyz168-4.png,莆田学院附属医院__图片__莆田学院附属医院__莆田炎症图片__ptyz168-4.json
dataset/gastritis_external/processed_images/莆田学院附属医院/crop_ui,莆田学院附属医院__图片__莆田学院附属医院__莆田炎症图片__ptyz177-4.jpg,0,1,1,1,0,,莆田学院附属医院__图片__莆田学院附属医院__莆田炎症图片__ptyz177-4_overlay.jpg,莆田学院附属医院__图片__莆田学院附属医院__莆田炎症图片__ptyz177-4.png,莆田学院附属医院__图片__莆田学院附属医院__莆田炎症图片__ptyz177-4.json
dataset/gastritis_external/processed_images/莆田学院附属医院/crop_ui,莆田学院附属医院__图片__莆田学院附属医院__莆田炎症图片__ptyz390-2.jpg,0,1,1,1,0,,莆田学院附属医院__图片__莆田学院附属医院__莆田炎症图片__ptyz390-2_overlay.jpg,莆田学院附属医院__图片__莆田学院附属医院__莆田炎症图片__ptyz390-2.png,莆田学院附属医院__图片__莆田学院附属医院__莆田炎症图片__ptyz390-2.json
dataset/gastritis_external/processed_images/莆田学院附属医院/crop_ui,莆田学院附属医院__图片__莆田学院附属医院__莆田炎症图片__ptyz96-4.jpg,0,1,1,1,0,,莆田学院附属医院__图片__莆田学院附属医院__莆田炎症图片__ptyz96-4_overlay.jpg,莆田学院附属医院__图片__莆田学院附属医院__莆田炎症图片__ptyz96-4.png,莆田学院附属医院__图片__莆田学院附属医院__莆田炎症图片__ptyz96-4.json
dataset/gastritis_external/processed_images/莆田学院附属医院/crop_ui,莆田学院附属医院__图片__莆田学院附属医院__莆田炎症图片__ptyz262-1.jpg,0,1,1,1,0,,莆田学院附属医院__图片__莆田学院附属医院__莆田炎症图片__ptyz262-1_overlay.jpg,莆田学院附属医院__图片__莆田学院附属医院__莆田炎症图片__ptyz262-1.png,莆田学院附属医院__图片__莆田学院附属医院__莆田炎症图片__ptyz262-1.json
dataset/gastritis_external/processed_images/莆田学院附属医院/crop_ui,莆田学院附属医院__图片__莆田学院附属医院__莆田炎症图片__ptyz439-2.jpg,0,1,1,1,0,,莆田学院附属医院__图片__莆田学院附属医院__莆田炎症图片__ptyz439-2_overlay.jpg,莆田学院附属医院__图片__莆田学院附属医院__莆田炎症图片__ptyz439-2.png,莆田学院附属医院__图片__莆田学院附属医院__莆田炎症图片__ptyz439-2.json
dataset/gastritis_external/processed_images/莆田学院附属医院/crop_ui,莆田学院附属医院__图片__莆田学院附属医院__莆田炎症图片__ptyz39-1.jpg,0,1,1,1,0,,莆田学院附属医院__图片__莆田学院附属医院__莆田炎症图片__ptyz39-1_overlay.jpg,莆田学院附属医院__图片__莆田学院附属医院__莆田炎症图片__ptyz39-1.png,莆田学院附属医院__图片__莆田学院附属医院__莆田炎症图片__ptyz39-1.json
dataset/gastritis_external/processed_images/莆田学院附属医院/crop_ui,莆田学院附属医院__图片__莆田学院附属医院__莆田炎症图片__ptyz413-3.jpg,0,1,1,1,0,,莆田学院附属医院__图片__莆田学院附属医院__莆田炎症图片__ptyz413-3_overlay.jpg,莆田学院附属医院__图片__莆田学院附属医院__莆田炎症图片__ptyz413-3.png,莆田学院附属医院__图片__莆田学院附属医院__莆田炎症图片__ptyz413-3.json
dataset/gastritis_external/processed_images/莆田学院附属医院/crop_ui,莆田学院附属医院__图片__莆田学院附属医院__莆田炎症图片__ptyz204-2.jpg,0,1,1,1,0,,莆田学院附属医院__图片__莆田学院附属医院__莆田炎症图片__ptyz204-2_overlay.jpg,莆田学院附属医院__图片__莆田学院附属医院__莆田炎症图片__ptyz204-2.png,莆田学院附属医院__图片__莆田学院附属医院__莆田炎症图片__ptyz204-2.json
dataset/gastritis_external/processed_images/莆田学院附属医院/crop_ui,莆田学院附属医院__图片__莆田学院附属医院__莆田炎症图片__ptyz88-5.jpg,0,1,1,1,0,,莆田学院附属医院__图片__莆田学院附属医院__莆田炎症图片__ptyz88-5_overlay.jpg,莆田学院附属医院__图片__莆田学院附属医院__莆田炎症图片__ptyz88-5.png,莆田学院附属医院__图片__莆田学院附属医院__莆田炎症图片__ptyz88-5.json
dataset/gastritis_external/processed_images/莆田学院附属医院/crop_ui,莆田学院附属医院__图片__莆田学院附属医院__莆田炎症图片__ptyz45-3.jpg,0,1,1,1,0,,莆田学院附属医院__图片__莆田学院附属医院__莆田炎症图片__ptyz45-3_overlay.jpg,莆田学院附属医院__图片__莆田学院附属医院__莆田炎症图片__ptyz45-3.png,莆田学院附属医院__图片__莆田学院附属医院__莆田炎症图片__ptyz45-3.json
dataset/gastritis_external/processed_images/莆田学院附属医院/crop_ui,莆田学院附属医院__图片__莆田学院附属医院__莆田炎症图片__ptyz181-3.jpg,0,1,1,1,0,,莆田学院附属医院__图片__莆田学院附属医院__莆田炎症图片__ptyz181-3_overlay.jpg,莆田学院附属医院__图片__莆田学院附属医院__莆田炎症图片__ptyz181-3.png,莆田学院附属医院__图片__莆田学院附属医院__莆田炎症图片__ptyz181-3.json
dataset/gastritis_external/processed_images/莆田学院附属医院/crop_ui,莆田学院附属医院__图片__莆田学院附属医院__莆田炎症图片__ptyz4-3.jpg,0,1,1,1,0,,莆田学院附属医院__图片__莆田学院附属医院__莆田炎症图片__ptyz4-3_overlay.jpg,莆田学院附属医院__图片__莆田学院附属医院__莆田炎症图片__ptyz4-3.png,莆田学院附属医院__图片__莆田学院附属医院__莆田炎症图片__ptyz4-3.json
dataset/gastritis_external/processed_images/莆田学院附属医院/crop_ui,莆田学院附属医院__图片__莆田学院附属医院__莆田炎症图片__ptyz111-5.jpg,0,1,1,1,0,,莆田学院附属医院__图片__莆田学院附属医院__莆田炎症图片__ptyz111-5_overlay.jpg,莆田学院附属医院__图片__莆田学院附属医院__莆田炎症图片__ptyz111-5.png,莆田学院附属医院__图片__莆田学院附属医院__莆田炎症图片__ptyz111-5.json
dataset/gastritis_external/processed_images/莆田学院附属医院/crop_ui,莆田学院附属医院__图片__莆田学院附属医院__莆田炎症图片__ptyz325-1.jpg,0,1,1,1,0,,莆田学院附属医院__图片__莆田学院附属医院__莆田炎症图片__ptyz325-1_overlay.jpg,莆田学院附属医院__图片__莆田学院附属医院__莆田炎症图片__ptyz325-1.png,莆田学院附属医院__图片__莆田学院附属医院__莆田炎症图片__ptyz325-1.json
dataset/gastritis_external/processed_images/莆田学院附属医院/crop_ui,莆田学院附属医院__图片__莆田学院附属医院__莆田炎症图片__ptyz155-4.jpg,0,1,1,1,0,,莆田学院附属医院__图片__莆田学院附属医院__莆田炎症图片__ptyz155-4_overlay.jpg,莆田学院附属医院__图片__莆田学院附属医院__莆田炎症图片__ptyz155-4.png,莆田学院附属医院__图片__莆田学院附属医院__莆田炎症图片__ptyz155-4.json
dataset/gastritis_external/processed_images/莆田学院附属医院/crop_ui,莆田学院附属医院__图片__莆田学院附属医院__莆田炎症图片__ptyz95-3.jpg,0,1,1,1,0,,莆田学院附属医院__图片__莆田学院附属医院__莆田炎症图片__ptyz95-3_overlay.jpg,莆田学院附属医院__图片__莆田学院附属医院__莆田炎症图片__ptyz95-3.png,莆田学院附属医院__图片__莆田学院附属医院__莆田炎症图片__ptyz95-3.json
dataset/gastritis_external/processed_images/莆田学院附属医院/crop_ui,莆田学院附属医院__图片__莆田学院附属医院__莆田炎症图片__ptyz6-3.jpg,0,1,1,1,0,,莆田学院附属医院__图片__莆田学院附属医院__莆田炎症图片__ptyz6-3_overlay.jpg,莆田学院附属医院__图片__莆田学院附属医院__莆田炎症图片__ptyz6-3.png,莆田学院附属医院__图片__莆田学院附属医院__莆田炎症图片__ptyz6-3.json
dataset/gastritis_external/processed_images/莆田学院附属医院/crop_ui,莆田学院附属医院__图片__莆田学院附属医院__莆田炎症图片__ptyz258-1.jpg,0,1,1,1,0,,莆田学院附属医院__图片__莆田学院附属医院__莆田炎症图片__ptyz258-1_overlay.jpg,莆田学院附属医院__图片__莆田学院附属医院__莆田炎症图片__ptyz258-1.png,莆田学院附属医院__图片__莆田学院附属医院__莆田炎症图片__ptyz258-1.json
dataset/gastritis_external/processed_images/莆田学院附属医院/crop_ui,莆田学院附属医院__图片__莆田学院附属医院__莆田炎症图片__ptyz361-3.jpg,0,1,1,1,0,,莆田学院附属医院__图片__莆田学院附属医院__莆田炎症图片__ptyz361-3_overlay.jpg,莆田学院附属医院__图片__莆田学院附属医院__莆田炎症图片__ptyz361-3.png,莆田学院附属医院__图片__莆田学院附属医院__莆田炎症图片__ptyz361-3.json
dataset/gastritis_external/processed_images/莆田学院附属医院/crop_ui,莆田学院附属医院__图片__莆田学院附属医院__莆田炎症图片__ptyz112-5.jpg,0,1,1,1,0,,莆田学院附属医院__图片__莆田学院附属医院__莆田炎症图片__ptyz112-5_overlay.jpg,莆田学院附属医院__图片__莆田学院附属医院__莆田炎症图片__ptyz112-5.png,莆田学院附属医院__图片__莆田学院附属医院__莆田炎症图片__ptyz112-5.json
dataset/gastritis_external/processed_images/莆田学院附属医院/crop_ui,莆田学院附属医院__图片__莆田学院附属医院__莆田炎症图片__ptyz222-1.jpg,0,1,1,1,0,,莆田学院附属医院__图片__莆田学院附属医院__莆田炎症图片__ptyz222-1_overlay.jpg,莆田学院附属医院__图片__莆田学院附属医院__莆田炎症图片__ptyz222-1.png,莆田学院附属医院__图片__莆田学院附属医院__莆田炎症图片__ptyz222-1.json
dataset/gastritis_external/processed_images/莆田学院附属医院/crop_ui,莆田学院附属医院__图片__莆田学院附属医院__莆田炎症图片__ptyz51-2.jpg,0,1,1,1,0,,莆田学院附属医院__图片__莆田学院附属医院__莆田炎症图片__ptyz51-2_overlay.jpg,莆田学院附属医院__图片__莆田学院附属医院__莆田炎症图片__ptyz51-2.png,莆田学院附属医院__图片__莆田学院附属医院__莆田炎症图片__ptyz51-2.json
dataset/gastritis_external/processed_images/莆田学院附属医院/crop_ui,莆田学院附属医院__图片__莆田学院附属医院__莆田炎症图片__ptyz317-5.jpg,0,1,1,1,0,,莆田学院附属医院__图片__莆田学院附属医院__莆田炎症图片__ptyz317-5_overlay.jpg,莆田学院附属医院__图片__莆田学院附属医院__莆田炎症图片__ptyz317-5.png,莆田学院附属医院__图片__莆田学院附属医院__莆田炎症图片__ptyz317-5.json
dataset/gastritis_external/processed_images/莆田学院附属医院/crop_ui,莆田学院附属医院__图片__莆田学院附属医院__莆田炎症图片__ptyz23-3.jpg,0,1,1,1,0,,莆田学院附属医院__图片__莆田学院附属医院__莆田炎症图片__ptyz23-3_overlay.jpg,莆田学院附属医院__图片__莆田学院附属医院__莆田炎症图片__ptyz23-3.png,莆田学院附属医院__图片__莆田学院附属医院__莆田炎症图片__ptyz23-3.json
dataset/gastritis_external/processed_images/莆田学院附属医院/crop_ui,莆田学院附属医院__图片__莆田学院附属医院__莆田炎症图片__ptyz387.jpg,0,1,1,1,0,,莆田学院附属医院__图片__莆田学院附属医院__莆田炎症图片__ptyz387_overlay.jpg,莆田学院附属医院__图片__莆田学院附属医院__莆田炎症图片__ptyz387.png,莆田学院附属医院__图片__莆田学院附属医院__莆田炎症图片__ptyz387.json
dataset/gastritis_external/processed_images/莆田学院附属医院/crop_ui,莆田学院附属医院__图片__莆田学院附属医院__莆田炎症图片__ptyz44-5.jpg,0,1,1,1,0,,莆田学院附属医院__图片__莆田学院附属医院__莆田炎症图片__ptyz44-5_overlay.jpg,莆田学院附属医院__图片__莆田学院附属医院__莆田炎症图片__ptyz44-5.png,莆田学院附属医院__图片__莆田学院附属医院__莆田炎症图片__ptyz44-5.json
dataset/gastritis_external/processed_images/莆田学院附属医院/crop_ui,莆田学院附属医院__图片__莆田学院附属医院__莆田炎症图片__ptyz308-1.jpg,0,1,1,1,0,,莆田学院附属医院__图片__莆田学院附属医院__莆田炎症图片__ptyz308-1_overlay.jpg,莆田学院附属医院__图片__莆田学院附属医院__莆田炎症图片__ptyz308-1.png,莆田学院附属医院__图片__莆田学院附属医院__莆田炎症图片__ptyz308-1.json
dataset/gastritis_external/processed_images/莆田学院附属医院/crop_ui,莆田学院附属医院__图片__莆田学院附属医院__莆田炎症图片__ptyz142-2.jpg,0,1,1,1,0,,莆田学院附属医院__图片__莆田学院附属医院__莆田炎症图片__ptyz142-2_overlay.jpg,莆田学院附属医院__图片__莆田学院附属医院__莆田炎症图片__ptyz142-2.png,莆田学院附属医院__图片__莆田学院附属医院__莆田炎症图片__ptyz142-2.json
dataset/gastritis_external/processed_images/莆田学院附属医院/crop_ui,莆田学院附属医院__图片__莆田学院附属医院__莆田炎症图片__ptyz44-2.jpg,0,1,1,1,0,,莆田学院附属医院__图片__莆田学院附属医院__莆田炎症图片__ptyz44-2_overlay.jpg,莆田学院附属医院__图片__莆田学院附属医院__莆田炎症图片__ptyz44-2.png,莆田学院附属医院__图片__莆田学院附属医院__莆田炎症图片__ptyz44-2.json
dataset/gastritis_external/processed_images/莆田学院附属医院/crop_ui,莆田学院附属医院__图片__莆田学院附属医院__莆田炎症图片__ptyz59-8.jpg,0,1,1,1,0,,莆田学院附属医院__图片__莆田学院附属医院__莆田炎症图片__ptyz59-8_overlay.jpg,莆田学院附属医院__图片__莆田学院附属医院__莆田炎症图片__ptyz59-8.png,莆田学院附属医院__图片__莆田学院附属医院__莆田炎症图片__ptyz59-8.json
dataset/gastritis_external/processed_images/莆田学院附属医院/crop_ui,莆田学院附属医院__图片__莆田学院附属医院__莆田炎症图片__ptyz368-4.jpg,0,1,1,1,0,,莆田学院附属医院__图片__莆田学院附属医院__莆田炎症图片__ptyz368-4_overlay.jpg,莆田学院附属医院__图片__莆田学院附属医院__莆田炎症图片__ptyz368-4.png,莆田学院附属医院__图片__莆田学院附属医院__莆田炎症图片__ptyz368-4.json
dataset/gastritis_external/processed_images/莆田学院附属医院/crop_ui,莆田学院附属医院__图片__莆田学院附属医院__莆田炎症图片__ptyz317-2.jpg,0,1,1,1,0,,莆田学院附属医院__图片__莆田学院附属医院__莆田炎症图片__ptyz317-2_overlay.jpg,莆田学院附属医院__图片__莆田学院附属医院__莆田炎症图片__ptyz317-2.png,莆田学院附属医院__图片__莆田学院附属医院__莆田炎症图片__ptyz317-2.json
dataset/gastritis_external/processed_images/莆田学院附属医院/crop_ui,莆田学院附属医院__图片__莆田学院附属医院__莆田炎症图片__ptyz412-3.jpg,0,1,1,1,0,,莆田学院附属医院__图片__莆田学院附属医院__莆田炎症图片__ptyz412-3_overlay.jpg,莆田学院附属医院__图片__莆田学院附属医院__莆田炎症图片__ptyz412-3.png,莆田学院附属医院__图片__莆田学院附属医院__莆田炎症图片__ptyz412-3.json
dataset/gastritis_external/processed_images/莆田学院附属医院/crop_ui,莆田学院附属医院__图片__莆田学院附属医院__莆田炎症图片__ptyz86-2.jpg,0,1,1,1,0,,莆田学院附属医院__图片__莆田学院附属医院__莆田炎症图片__ptyz86-2_overlay.jpg,莆田学院附属医院__图片__莆田学院附属医院__莆田炎症图片__ptyz86-2.png,莆田学院附属医院__图片__莆田学院附属医院__莆田炎症图片__ptyz86-2.json
dataset/gastritis_external/processed_images/莆田学院附属医院/crop_ui,莆田学院附属医院__图片__莆田学院附属医院__莆田炎症图片__ptyz308-4.jpg,0,1,1,1,0,,莆田学院附属医院__图片__莆田学院附属医院__莆田炎症图片__ptyz308-4_overlay.jpg,莆田学院附属医院__图片__莆田学院附属医院__莆田炎症图片__ptyz308-4.png,莆田学院附属医院__图片__莆田学院附属医院__莆田炎症图片__ptyz308-4.json
dataset/gastritis_external/processed_images/莆田学院附属医院/crop_ui,莆田学院附属医院__图片__莆田学院附属医院__莆田炎症图片__ptyz99-1.jpg,0,1,1,1,0,,莆田学院附属医院__图片__莆田学院附属医院__莆田炎症图片__ptyz99-1_overlay.jpg,莆田学院附属医院__图片__莆田学院附属医院__莆田炎症图片__ptyz99-1.png,莆田学院附属医院__图片__莆田学院附属医院__莆田炎症图片__ptyz99-1.json
dataset/gastritis_external/processed_images/莆田学院附属医院/crop_ui,莆田学院附属医院__图片__莆田学院附属医院__莆田炎症图片__ptyz190-3.jpg,0,1,1,1,0,,莆田学院附属医院__图片__莆田学院附属医院__莆田炎症图片__ptyz190-3_overlay.jpg,莆田学院附属医院__图片__莆田学院附属医院__莆田炎症图片__ptyz190-3.png,莆田学院附属医院__图片__莆田学院附属医院__莆田炎症图片__ptyz190-3.json
dataset/gastritis_external/processed_images/莆田学院附属医院/crop_ui,莆田学院附属医院__图片__莆田学院附属医院__莆田炎症图片__ptyz10-3.jpg,0,1,1,1,0,,莆田学院附属医院__图片__莆田学院附属医院__莆田炎症图片__ptyz10-3_overlay.jpg,莆田学院附属医院__图片__莆田学院附属医院__莆田炎症图片__ptyz10-3.png,莆田学院附属医院__图片__莆田学院附属医院__莆田炎症图片__ptyz10-3.json
dataset/gastritis_external/processed_images/莆田学院附属医院/crop_ui,莆田学院附属医院__图片__莆田学院附属医院__莆田炎症图片__ptyz325-2.jpg,0,1,1,1,0,,莆田学院附属医院__图片__莆田学院附属医院__莆田炎症图片__ptyz325-2_overlay.jpg,莆田学院附属医院__图片__莆田学院附属医院__莆田炎症图片__ptyz325-2.png,莆田学院附属医院__图片__莆田学院附属医院__莆田炎症图片__ptyz325-2.json
dataset/gastritis_external/processed_images/莆田学院附属医院/crop_ui,莆田学院附属医院__图片__莆田学院附属医院__莆田炎症图片__ptyz35-4.jpg,0,1,1,1,0,,莆田学院附属医院__图片__莆田学院附属医院__莆田炎症图片__ptyz35-4_overlay.jpg,莆田学院附属医院__图片__莆田学院附属医院__莆田炎症图片__ptyz35-4.png,莆田学院附属医院__图片__莆田学院附属医院__莆田炎症图片__ptyz35-4.json
dataset/gastritis_external/processed_images/莆田学院附属医院/crop_ui,莆田学院附属医院__图片__莆田学院附属医院__莆田炎症图片__ptyz176-2.jpg,0,1,1,1,0,,莆田学院附属医院__图片__莆田学院附属医院__莆田炎症图片__ptyz176-2_overlay.jpg,莆田学院附属医院__图片__莆田学院附属医院__莆田炎症图片__ptyz176-2.png,莆田学院附属医院__图片__莆田学院附属医院__莆田炎症图片__ptyz176-2.json
dataset/gastritis_external/processed_images/莆田学院附属医院/crop_ui,莆田学院附属医院__图片__莆田学院附属医院__莆田炎症图片__ptyz1-8.jpg,0,1,1,1,0,,莆田学院附属医院__图片__莆田学院附属医院__莆田炎症图片__ptyz1-8_overlay.jpg,莆田学院附属医院__图片__莆田学院附属医院__莆田炎症图片__ptyz1-8.png,莆田学院附属医院__图片__莆田学院附属医院__莆田炎症图片__ptyz1-8.json
dataset/gastritis_external/processed_images/莆田学院附属医院/crop_ui,莆田学院附属医院__图片__莆田学院附属医院__莆田炎症图片__ptyz28-2.jpg,0,1,1,1,0,,莆田学院附属医院__图片__莆田学院附属医院__莆田炎症图片__ptyz28-2_overlay.jpg,莆田学院附属医院__图片__莆田学院附属医院__莆田炎症图片__ptyz28-2.png,莆田学院附属医院__图片__莆田学院附属医院__莆田炎症图片__ptyz28-2.json
dataset/gastritis_external/processed_images/莆田学院附属医院/crop_ui,莆田学院附属医院__图片__莆田学院附属医院__莆田炎症图片__ptyz46-1.jpg,0,1,1,1,0,,莆田学院附属医院__图片__莆田学院附属医院__莆田炎症图片__ptyz46-1_overlay.jpg,莆田学院附属医院__图片__莆田学院附属医院__莆田炎症图片__ptyz46-1.png,莆田学院附属医院__图片__莆田学院附属医院__莆田炎症图片__ptyz46-1.json
dataset/gastritis_external/processed_images/莆田学院附属医院/crop_ui,莆田学院附属医院__图片__莆田学院附属医院__莆田炎症图片__ptyz372-1.jpg,0,1,1,1,0,,莆田学院附属医院__图片__莆田学院附属医院__莆田炎症图片__ptyz372-1_overlay.jpg,莆田学院附属医院__图片__莆田学院附属医院__莆田炎症图片__ptyz372-1.png,莆田学院附属医院__图片__莆田学院附属医院__莆田炎症图片__ptyz372-1.json
dataset/gastritis_external/processed_images/莆田学院附属医院/crop_ui,莆田学院附属医院__图片__莆田学院附属医院__莆田炎症图片__ptyz341-1.jpg,0,1,1,1,0,,莆田学院附属医院__图片__莆田学院附属医院__莆田炎症图片__ptyz341-1_overlay.jpg,莆田学院附属医院__图片__莆田学院附属医院__莆田炎症图片__ptyz341-1.png,莆田学院附属医院__图片__莆田学院附属医院__莆田炎症图片__ptyz341-1.json
dataset/gastritis_external/processed_images/莆田学院附属医院/crop_ui,莆田学院附属医院__图片__莆田学院附属医院__莆田炎症图片__ptyz343-1.jpg,0,1,1,1,0,,莆田学院附属医院__图片__莆田学院附属医院__莆田炎症图片__ptyz343-1_overlay.jpg,莆田学院附属医院__图片__莆田学院附属医院__莆田炎症图片__ptyz343-1.png,莆田学院附属医院__图片__莆田学院附属医院__莆田炎症图片__ptyz343-1.json
dataset/gastritis_external/processed_images/莆田学院附属医院/crop_ui,莆田学院附属医院__图片__莆田学院附属医院__莆田炎症图片__ptyz91-3.jpg,0,1,1,1,0,,莆田学院附属医院__图片__莆田学院附属医院__莆田炎症图片__ptyz91-3_overlay.jpg,莆田学院附属医院__图片__莆田学院附属医院__莆田炎症图片__ptyz91-3.png,莆田学院附属医院__图片__莆田学院附属医院__莆田炎症图片__ptyz91-3.json
dataset/gastritis_external/processed_images/莆田学院附属医院/crop_ui,莆田学院附属医院__图片__莆田学院附属医院__莆田炎症图片__ptyz36-3.jpg,0,1,1,1,0,,莆田学院附属医院__图片__莆田学院附属医院__莆田炎症图片__ptyz36-3_overlay.jpg,莆田学院附属医院__图片__莆田学院附属医院__莆田炎症图片__ptyz36-3.png,莆田学院附属医院__图片__莆田学院附属医院__莆田炎症图片__ptyz36-3.json
dataset/gastritis_external/processed_images/莆田学院附属医院/crop_ui,莆田学院附属医院__图片__莆田学院附属医院__莆田炎症图片__ptyz12-12.jpg,0,1,1,1,0,,莆田学院附属医院__图片__莆田学院附属医院__莆田炎症图片__ptyz12-12_overlay.jpg,莆田学院附属医院__图片__莆田学院附属医院__莆田炎症图片__ptyz12-12.png,莆田学院附属医院__图片__莆田学院附属医院__莆田炎症图片__ptyz12-12.json
dataset/gastritis_external/processed_images/莆田学院附属医院/crop_ui,莆田学院附属医院__图片__莆田学院附属医院__莆田炎症图片__ptyz81-1.jpg,0,1,1,1,0,,莆田学院附属医院__图片__莆田学院附属医院__莆田炎症图片__ptyz81-1_overlay.jpg,莆田学院附属医院__图片__莆田学院附属医院__莆田炎症图片__ptyz81-1.png,莆田学院附属医院__图片__莆田学院附属医院__莆田炎症图片__ptyz81-1.json
dataset/gastritis_external/processed_images/莆田学院附属医院/crop_ui,莆田学院附属医院__图片__莆田学院附属医院__莆田炎症图片__ptyz205.jpg,0,1,1,1,0,,莆田学院附属医院__图片__莆田学院附属医院__莆田炎症图片__ptyz205_overlay.jpg,莆田学院附属医院__图片__莆田学院附属医院__莆田炎症图片__ptyz205.png,莆田学院附属医院__图片__莆田学院附属医院__莆田炎症图片__ptyz205.json
dataset/gastritis_external/processed_images/莆田学院附属医院/crop_ui,莆田学院附属医院__图片__莆田学院附属医院__莆田炎症图片__ptyz23-4.jpg,0,1,1,1,0,,莆田学院附属医院__图片__莆田学院附属医院__莆田炎症图片__ptyz23-4_overlay.jpg,莆田学院附属医院__图片__莆田学院附属医院__莆田炎症图片__ptyz23-4.png,莆田学院附属医院__图片__莆田学院附属医院__莆田炎症图片__ptyz23-4.json
dataset/gastritis_external/processed_images/莆田学院附属医院/crop_ui,莆田学院附属医院__图片__莆田学院附属医院__莆田炎症图片__ptyz169-2.jpg,0,1,1,1,0,,莆田学院附属医院__图片__莆田学院附属医院__莆田炎症图片__ptyz169-2_overlay.jpg,莆田学院附属医院__图片__莆田学院附属医院__莆田炎症图片__ptyz169-2.png,莆田学院附属医院__图片__莆田学院附属医院__莆田炎症图片__ptyz169-2.json
dataset/gastritis_external/processed_images/莆田学院附属医院/crop_ui,莆田学院附属医院__图片__莆田学院附属医院__莆田炎症图片__ptyz280-1.jpg,0,1,1,1,0,,莆田学院附属医院__图片__莆田学院附属医院__莆田炎症图片__ptyz280-1_overlay.jpg,莆田学院附属医院__图片__莆田学院附属医院__莆田炎症图片__ptyz280-1.png,莆田学院附属医院__图片__莆田学院附属医院__莆田炎症图片__ptyz280-1.json
dataset/gastritis_external/processed_images/莆田学院附属医院/crop_ui,莆田学院附属医院__图片__莆田学院附属医院__莆田炎症图片__ptyz230-2.jpg,0,1,1,1,0,,莆田学院附属医院__图片__莆田学院附属医院__莆田炎症图片__ptyz230-2_overlay.jpg,莆田学院附属医院__图片__莆田学院附属医院__莆田炎症图片__ptyz230-2.png,莆田学院附属医院__图片__莆田学院附属医院__莆田炎症图片__ptyz230-2.json
dataset/gastritis_external/processed_images/莆田学院附属医院/crop_ui,莆田学院附属医院__图片__莆田学院附属医院__莆田炎症图片__ptyz346-1.jpg,0,1,1,1,0,,莆田学院附属医院__图片__莆田学院附属医院__莆田炎症图片__ptyz346-1_overlay.jpg,莆田学院附属医院__图片__莆田学院附属医院__莆田炎症图片__ptyz346-1.png,莆田学院附属医院__图片__莆田学院附属医院__莆田炎症图片__ptyz346-1.json
dataset/gastritis_external/processed_images/莆田学院附属医院/crop_ui,莆田学院附属医院__图片__莆田学院附属医院__莆田炎症图片__ptyz122-1.jpg,0,1,1,1,0,,莆田学院附属医院__图片__莆田学院附属医院__莆田炎症图片__ptyz122-1_overlay.jpg,莆田学院附属医院__图片__莆田学院附属医院__莆田炎症图片__ptyz122-1.png,莆田学院附属医院__图片__莆田学院附属医院__莆田炎症图片__ptyz122-1.json
dataset/gastritis_external/processed_images/莆田学院附属医院/crop_ui,莆田学院附属医院__图片__莆田学院附属医院__莆田炎症图片__ptyz170-1.jpg,0,1,1,1,0,,莆田学院附属医院__图片__莆田学院附属医院__莆田炎症图片__ptyz170-1_overlay.jpg,莆田学院附属医院__图片__莆田学院附属医院__莆田炎症图片__ptyz170-1.png,莆田学院附属医院__图片__莆田学院附属医院__莆田炎症图片__ptyz170-1.json
dataset/gastritis_external/processed_images/莆田学院附属医院/crop_ui,莆田学院附属医院__图片__莆田学院附属医院__莆田炎症图片__ptyz119-3.jpg,0,1,1,1,0,,莆田学院附属医院__图片__莆田学院附属医院__莆田炎症图片__ptyz119-3_overlay.jpg,莆田学院附属医院__图片__莆田学院附属医院__莆田炎症图片__ptyz119-3.png,莆田学院附属医院__图片__莆田学院附属医院__莆田炎症图片__ptyz119-3.json
dataset/gastritis_external/processed_images/莆田学院附属医院/crop_ui,莆田学院附属医院__图片__莆田学院附属医院__莆田炎症图片__ptyz309.jpg,0,1,1,1,0,,莆田学院附属医院__图片__莆田学院附属医院__莆田炎症图片__ptyz309_overlay.jpg,莆田学院附属医院__图片__莆田学院附属医院__莆田炎症图片__ptyz309.png,莆田学院附属医院__图片__莆田学院附属医院__莆田炎症图片__ptyz309.json
dataset/gastritis_external/processed_images/莆田学院附属医院/crop_ui,莆田学院附属医院__图片__莆田学院附属医院__莆田炎症图片__ptyz118-1.jpg,0,1,1,1,0,,莆田学院附属医院__图片__莆田学院附属医院__莆田炎症图片__ptyz118-1_overlay.jpg,莆田学院附属医院__图片__莆田学院附属医院__莆田炎症图片__ptyz118-1.png,莆田学院附属医院__图片__莆田学院附属医院__莆田炎症图片__ptyz118-1.json
dataset/gastritis_external/processed_images/莆田学院附属医院/crop_ui,莆田学院附属医院__图片__莆田学院附属医院__莆田炎症图片__ptyz235-3.jpg,0,1,1,1,0,,莆田学院附属医院__图片__莆田学院附属医院__莆田炎症图片__ptyz235-3_overlay.jpg,莆田学院附属医院__图片__莆田学院附属医院__莆田炎症图片__ptyz235-3.png,莆田学院附属医院__图片__莆田学院附属医院__莆田炎症图片__ptyz235-3.json
dataset/gastritis_external/processed_images/莆田学院附属医院/crop_ui,莆田学院附属医院__图片__莆田学院附属医院__莆田炎症图片__ptyz12-4.jpg,0,1,1,1,0,,莆田学院附属医院__图片__莆田学院附属医院__莆田炎症图片__ptyz12-4_overlay.jpg,莆田学院附属医院__图片__莆田学院附属医院__莆田炎症图片__ptyz12-4.png,莆田学院附属医院__图片__莆田学院附属医院__莆田炎症图片__ptyz12-4.json
dataset/gastritis_external/processed_images/莆田学院附属医院/crop_ui,莆田学院附属医院__图片__莆田学院附属医院__莆田炎症图片__ptyz250-2.jpg,0,1,1,1,0,,莆田学院附属医院__图片__莆田学院附属医院__莆田炎症图片__ptyz250-2_overlay.jpg,莆田学院附属医院__图片__莆田学院附属医院__莆田炎症图片__ptyz250-2.png,莆田学院附属医院__图片__莆田学院附属医院__莆田炎症图片__ptyz250-2.json
dataset/gastritis_external/processed_images/莆田学院附属医院/crop_ui,莆田学院附属医院__图片__莆田学院附属医院__莆田炎症图片__ptyz402-1.jpg,0,1,1,1,0,,莆田学院附属医院__图片__莆田学院附属医院__莆田炎症图片__ptyz402-1_overlay.jpg,莆田学院附属医院__图片__莆田学院附属医院__莆田炎症图片__ptyz402-1.png,莆田学院附属医院__图片__莆田学院附属医院__莆田炎症图片__ptyz402-1.json
dataset/gastritis_external/processed_images/莆田学院附属医院/crop_ui,莆田学院附属医院__图片__莆田学院附属医院__莆田炎症图片__ptyz161-4.jpg,0,1,1,1,0,,莆田学院附属医院__图片__莆田学院附属医院__莆田炎症图片__ptyz161-4_overlay.jpg,莆田学院附属医院__图片__莆田学院附属医院__莆田炎症图片__ptyz161-4.png,莆田学院附属医院__图片__莆田学院附属医院__莆田炎症图片__ptyz161-4.json
dataset/gastritis_external/processed_images/莆田学院附属医院/crop_ui,莆田学院附属医院__图片__莆田学院附属医院__莆田炎症图片__ptyz198-5.jpg,0,1,1,1,0,,莆田学院附属医院__图片__莆田学院附属医院__莆田炎症图片__ptyz198-5_overlay.jpg,莆田学院附属医院__图片__莆田学院附属医院__莆田炎症图片__ptyz198-5.png,莆田学院附属医院__图片__莆田学院附属医院__莆田炎症图片__ptyz198-5.json
dataset/gastritis_external/processed_images/莆田学院附属医院/crop_ui,莆田学院附属医院__图片__莆田学院附属医院__莆田炎症图片__ptyz18-4.jpg,0,1,1,1,0,,莆田学院附属医院__图片__莆田学院附属医院__莆田炎症图片__ptyz18-4_overlay.jpg,莆田学院附属医院__图片__莆田学院附属医院__莆田炎症图片__ptyz18-4.png,莆田学院附属医院__图片__莆田学院附属医院__莆田炎症图片__ptyz18-4.json
dataset/gastritis_external/processed_images/莆田学院附属医院/crop_ui,莆田学院附属医院__图片__莆田学院附属医院__莆田炎症图片__ptyz172-3.jpg,0,1,1,1,0,,莆田学院附属医院__图片__莆田学院附属医院__莆田炎症图片__ptyz172-3_overlay.jpg,莆田学院附属医院__图片__莆田学院附属医院__莆田炎症图片__ptyz172-3.png,莆田学院附属医院__图片__莆田学院附属医院__莆田炎症图片__ptyz172-3.json
dataset/gastritis_external/processed_images/莆田学院附属医院/crop_ui,莆田学院附属医院__图片__莆田学院附属医院__莆田炎症图片__ptyz407-2.jpg,0,1,1,1,0,,莆田学院附属医院__图片__莆田学院附属医院__莆田炎症图片__ptyz407-2_overlay.jpg,莆田学院附属医院__图片__莆田学院附属医院__莆田炎症图片__ptyz407-2.png,莆田学院附属医院__图片__莆田学院附属医院__莆田炎症图片__ptyz407-2.json
dataset/gastritis_external/processed_images/莆田学院附属医院/crop_ui,莆田学院附属医院__图片__莆田学院附属医院__莆田炎症图片__ptyz125-1.jpg,0,1,1,1,0,,莆田学院附属医院__图片__莆田学院附属医院__莆田炎症图片__ptyz125-1_overlay.jpg,莆田学院附属医院__图片__莆田学院附属医院__莆田炎症图片__ptyz125-1.png,莆田学院附属医院__图片__莆田学院附属医院__莆田炎症图片__ptyz125-1.json
dataset/gastritis_external/processed_images/莆田学院附属医院/crop_ui,莆田学院附属医院__图片__莆田学院附属医院__莆田炎症图片__ptyz10-2.jpg,0,1,1,1,0,,莆田学院附属医院__图片__莆田学院附属医院__莆田炎症图片__ptyz10-2_overlay.jpg,莆田学院附属医院__图片__莆田学院附属医院__莆田炎症图片__ptyz10-2.png,莆田学院附属医院__图片__莆田学院附属医院__莆田炎症图片__ptyz10-2.json
dataset/gastritis_external/processed_images/莆田学院附属医院/crop_ui,莆田学院附属医院__图片__莆田学院附属医院__莆田炎症图片__ptyz33-2.jpg,0,1,1,1,0,,莆田学院附属医院__图片__莆田学院附属医院__莆田炎症图片__ptyz33-2_overlay.jpg,莆田学院附属医院__图片__莆田学院附属医院__莆田炎症图片__ptyz33-2.png,莆田学院附属医院__图片__莆田学院附属医院__莆田炎症图片__ptyz33-2.json
dataset/gastritis_external/processed_images/莆田学院附属医院/crop_ui,莆田学院附属医院__图片__莆田学院附属医院__莆田炎症图片__ptyz85-1.jpg,0,1,1,1,0,,莆田学院附属医院__图片__莆田学院附属医院__莆田炎症图片__ptyz85-1_overlay.jpg,莆田学院附属医院__图片__莆田学院附属医院__莆田炎症图片__ptyz85-1.png,莆田学院附属医院__图片__莆田学院附属医院__莆田炎症图片__ptyz85-1.json
dataset/gastritis_external/processed_images/莆田学院附属医院/crop_ui,莆田学院附属医院__图片__莆田学院附属医院__莆田炎症图片__ptyz2-3.jpg,0,1,1,1,0,,莆田学院附属医院__图片__莆田学院附属医院__莆田炎症图片__ptyz2-3_overlay.jpg,莆田学院附属医院__图片__莆田学院附属医院__莆田炎症图片__ptyz2-3.png,莆田学院附属医院__图片__莆田学院附属医院__莆田炎症图片__ptyz2-3.json
dataset/gastritis_external/processed_images/莆田学院附属医院/crop_ui,莆田学院附属医院__图片__莆田学院附属医院__莆田炎症图片__ptyz48-3.jpg,0,1,1,1,0,,莆田学院附属医院__图片__莆田学院附属医院__莆田炎症图片__ptyz48-3_overlay.jpg,莆田学院附属医院__图片__莆田学院附属医院__莆田炎症图片__ptyz48-3.png,莆田学院附属医院__图片__莆田学院附属医院__莆田炎症图片__ptyz48-3.json
dataset/gastritis_external/processed_images/莆田学院附属医院/crop_ui,莆田学院附属医院__图片__莆田学院附属医院__莆田炎症图片__ptyz131-3.jpg,0,1,1,1,0,,莆田学院附属医院__图片__莆田学院附属医院__莆田炎症图片__ptyz131-3_overlay.jpg,莆田学院附属医院__图片__莆田学院附属医院__莆田炎症图片__ptyz131-3.png,莆田学院附属医院__图片__莆田学院附属医院__莆田炎症图片__ptyz131-3.json
dataset/gastritis_external/processed_images/莆田学院附属医院/crop_ui,莆田学院附属医院__图片__莆田学院附属医院__莆田炎症图片__ptyz90-4.jpg,0,1,1,1,0,,莆田学院附属医院__图片__莆田学院附属医院__莆田炎症图片__ptyz90-4_overlay.jpg,莆田学院附属医院__图片__莆田学院附属医院__莆田炎症图片__ptyz90-4.png,莆田学院附属医院__图片__莆田学院附属医院__莆田炎症图片__ptyz90-4.json
dataset/gastritis_external/processed_images/莆田学院附属医院/crop_ui,莆田学院附属医院__图片__莆田学院附属医院__莆田炎症图片__ptyz162-3.jpg,0,1,1,1,0,,莆田学院附属医院__图片__莆田学院附属医院__莆田炎症图片__ptyz162-3_overlay.jpg,莆田学院附属医院__图片__莆田学院附属医院__莆田炎症图片__ptyz162-3.png,莆田学院附属医院__图片__莆田学院附属医院__莆田炎症图片__ptyz162-3.json
dataset/gastritis_external/processed_images/莆田学院附属医院/crop_ui,莆田学院附属医院__图片__莆田学院附属医院__莆田炎症图片__ptyz406-4.jpg,0,1,1,1,0,,莆田学院附属医院__图片__莆田学院附属医院__莆田炎症图片__ptyz406-4_overlay.jpg,莆田学院附属医院__图片__莆田学院附属医院__莆田炎症图片__ptyz406-4.png,莆田学院附属医院__图片__莆田学院附属医院__莆田炎症图片__ptyz406-4.json
dataset/gastritis_external/processed_images/莆田学院附属医院/crop_ui,莆田学院附属医院__图片__莆田学院附属医院__莆田炎症图片__ptyz63-5.jpg,0,1,1,1,0,,莆田学院附属医院__图片__莆田学院附属医院__莆田炎症图片__ptyz63-5_overlay.jpg,莆田学院附属医院__图片__莆田学院附属医院__莆田炎症图片__ptyz63-5.png,莆田学院附属医院__图片__莆田学院附属医院__莆田炎症图片__ptyz63-5.json
dataset/gastritis_external/processed_images/莆田学院附属医院/crop_ui,莆田学院附属医院__图片__莆田学院附属医院__莆田炎症图片__ptyz25-2.jpg,0,1,1,1,0,,莆田学院附属医院__图片__莆田学院附属医院__莆田炎症图片__ptyz25-2_overlay.jpg,莆田学院附属医院__图片__莆田学院附属医院__莆田炎症图片__ptyz25-2.png,莆田学院附属医院__图片__莆田学院附属医院__莆田炎症图片__ptyz25-2.json
dataset/gastritis_external/processed_images/莆田学院附属医院/crop_ui,莆田学院附属医院__图片__莆田学院附属医院__莆田炎症图片__ptyz433-1.jpg,0,1,1,1,0,,莆田学院附属医院__图片__莆田学院附属医院__莆田炎症图片__ptyz433-1_overlay.jpg,莆田学院附属医院__图片__莆田学院附属医院__莆田炎症图片__ptyz433-1.png,莆田学院附属医院__图片__莆田学院附属医院__莆田炎症图片__ptyz433-1.json
dataset/gastritis_external/processed_images/莆田学院附属医院/crop_ui,莆田学院附属医院__图片__莆田学院附属医院__莆田炎症图片__ptyz89-6.jpg,0,1,1,1,0,,莆田学院附属医院__图片__莆田学院附属医院__莆田炎症图片__ptyz89-6_overlay.jpg,莆田学院附属医院__图片__莆田学院附属医院__莆田炎症图片__ptyz89-6.png,莆田学院附属医院__图片__莆田学院附属医院__莆田炎症图片__ptyz89-6.json
dataset/gastritis_external/processed_images/莆田学院附属医院/crop_ui,莆田学院附属医院__图片__莆田学院附属医院__莆田炎症图片__ptyz171-2.jpg,0,1,1,1,0,,莆田学院附属医院__图片__莆田学院附属医院__莆田炎症图片__ptyz171-2_overlay.jpg,莆田学院附属医院__图片__莆田学院附属医院__莆田炎症图片__ptyz171-2.png,莆田学院附属医院__图片__莆田学院附属医院__莆田炎症图片__ptyz171-2.json
dataset/gastritis_external/processed_images/莆田学院附属医院/crop_ui,莆田学院附属医院__图片__莆田学院附属医院__莆田炎症图片__ptyz171-5.jpg,0,1,1,1,0,,莆田学院附属医院__图片__莆田学院附属医院__莆田炎症图片__ptyz171-5_overlay.jpg,莆田学院附属医院__图片__莆田学院附属医院__莆田炎症图片__ptyz171-5.png,莆田学院附属医院__图片__莆田学院附属医院__莆田炎症图片__ptyz171-5.json
dataset/gastritis_external/processed_images/莆田学院附属医院/crop_ui,莆田学院附属医院__图片__莆田学院附属医院__莆田炎症图片__ptyz383-3.jpg,0,1,1,1,0,,莆田学院附属医院__图片__莆田学院附属医院__莆田炎症图片__ptyz383-3_overlay.jpg,莆田学院附属医院__图片__莆田学院附属医院__莆田炎症图片__ptyz383-3.png,莆田学院附属医院__图片__莆田学院附属医院__莆田炎症图片__ptyz383-3.json
dataset/gastritis_external/processed_images/莆田学院附属医院/crop_ui,莆田学院附属医院__图片__莆田学院附属医院__莆田炎症图片__ptyz242-3.jpg,0,1,1,1,0,,莆田学院附属医院__图片__莆田学院附属医院__莆田炎症图片__ptyz242-3_overlay.jpg,莆田学院附属医院__图片__莆田学院附属医院__莆田炎症图片__ptyz242-3.png,莆田学院附属医院__图片__莆田学院附属医院__莆田炎症图片__ptyz242-3.json
dataset/gastritis_external/processed_images/莆田学院附属医院/crop_ui,莆田学院附属医院__图片__莆田学院附属医院__莆田炎症图片__ptyz419-1.jpg,0,1,1,1,0,,莆田学院附属医院__图片__莆田学院附属医院__莆田炎症图片__ptyz419-1_overlay.jpg,莆田学院附属医院__图片__莆田学院附属医院__莆田炎症图片__ptyz419-1.png,莆田学院附属医院__图片__莆田学院附属医院__莆田炎症图片__ptyz419-1.json
dataset/gastritis_external/processed_images/莆田学院附属医院/crop_ui,莆田学院附属医院__图片__莆田学院附属医院__莆田炎症图片__ptyz246-2.jpg,0,1,1,1,0,,莆田学院附属医院__图片__莆田学院附属医院__莆田炎症图片__ptyz246-2_overlay.jpg,莆田学院附属医院__图片__莆田学院附属医院__莆田炎症图片__ptyz246-2.png,莆田学院附属医院__图片__莆田学院附属医院__莆田炎症图片__ptyz246-2.json
dataset/gastritis_external/processed_images/莆田学院附属医院/crop_ui,莆田学院附属医院__图片__莆田学院附属医院__莆田炎症图片__ptyz402-3.jpg,0,1,1,1,0,,莆田学院附属医院__图片__莆田学院附属医院__莆田炎症图片__ptyz402-3_overlay.jpg,莆田学院附属医院__图片__莆田学院附属医院__莆田炎症图片__ptyz402-3.png,莆田学院附属医院__图片__莆田学院附属医院__莆田炎症图片__ptyz402-3.json
dataset/gastritis_external/processed_images/莆田学院附属医院/crop_ui,莆田学院附属医院__图片__莆田学院附属医院__莆田炎症图片__ptyz160-2.jpg,0,1,1,1,0,,莆田学院附属医院__图片__莆田学院附属医院__莆田炎症图片__ptyz160-2_overlay.jpg,莆田学院附属医院__图片__莆田学院附属医院__莆田炎症图片__ptyz160-2.png,莆田学院附属医院__图片__莆田学院附属医院__莆田炎症图片__ptyz160-2.json
dataset/gastritis_external/processed_images/莆田学院附属医院/crop_ui,莆田学院附属医院__图片__莆田学院附属医院__莆田炎症图片__ptyz432-6.jpg,0,1,1,1,0,,莆田学院附属医院__图片__莆田学院附属医院__莆田炎症图片__ptyz432-6_overlay.jpg,莆田学院附属医院__图片__莆田学院附属医院__莆田炎症图片__ptyz432-6.png,莆田学院附属医院__图片__莆田学院附属医院__莆田炎症图片__ptyz432-6.json
dataset/gastritis_external/processed_images/莆田学院附属医院/crop_ui,莆田学院附属医院__图片__莆田学院附属医院__莆田炎症图片__ptyz235-2.jpg,0,1,1,1,0,,莆田学院附属医院__图片__莆田学院附属医院__莆田炎症图片__ptyz235-2_overlay.jpg,莆田学院附属医院__图片__莆田学院附属医院__莆田炎症图片__ptyz235-2.png,莆田学院附属医院__图片__莆田学院附属医院__莆田炎症图片__ptyz235-2.json
dataset/gastritis_external/processed_images/莆田学院附属医院/crop_ui,莆田学院附属医院__图片__莆田学院附属医院__莆田炎症图片__ptyz12-3.jpg,0,1,1,1,0,,莆田学院附属医院__图片__莆田学院附属医院__莆田炎症图片__ptyz12-3_overlay.jpg,莆田学院附属医院__图片__莆田学院附属医院__莆田炎症图片__ptyz12-3.png,莆田学院附属医院__图片__莆田学院附属医院__莆田炎症图片__ptyz12-3.json
dataset/gastritis_external/processed_images/莆田学院附属医院/crop_ui,莆田学院附属医院__图片__莆田学院附属医院__莆田炎症图片__ptyz34-1.jpg,0,1,1,1,0,,莆田学院附属医院__图片__莆田学院附属医院__莆田炎症图片__ptyz34-1_overlay.jpg,莆田学院附属医院__图片__莆田学院附属医院__莆田炎症图片__ptyz34-1.png,莆田学院附属医院__图片__莆田学院附属医院__莆田炎症图片__ptyz34-1.json
dataset/gastritis_external/processed_images/莆田学院附属医院/crop_ui,莆田学院附属医院__图片__莆田学院附属医院__莆田炎症图片__ptyz429-4.jpg,0,1,1,1,0,,莆田学院附属医院__图片__莆田学院附属医院__莆田炎症图片__ptyz429-4_overlay.jpg,莆田学院附属医院__图片__莆田学院附属医院__莆田炎症图片__ptyz429-4.png,莆田学院附属医院__图片__莆田学院附属医院__莆田炎症图片__ptyz429-4.json
dataset/gastritis_external/processed_images/莆田学院附属医院/crop_ui,莆田学院附属医院__图片__莆田学院附属医院__莆田炎症图片__ptyz29-4.jpg,0,1,1,1,0,,莆田学院附属医院__图片__莆田学院附属医院__莆田炎症图片__ptyz29-4_overlay.jpg,莆田学院附属医院__图片__莆田学院附属医院__莆田炎症图片__ptyz29-4.png,莆田学院附属医院__图片__莆田学院附属医院__莆田炎症图片__ptyz29-4.json
dataset/gastritis_external/processed_images/莆田学院附属医院/crop_ui,莆田学院附属医院__图片__莆田学院附属医院__莆田炎症图片__ptyz59-5.jpg,0,1,1,1,0,,莆田学院附属医院__图片__莆田学院附属医院__莆田炎症图片__ptyz59-5_overlay.jpg,莆田学院附属医院__图片__莆田学院附属医院__莆田炎症图片__ptyz59-5.png,莆田学院附属医院__图片__莆田学院附属医院__莆田炎症图片__ptyz59-5.json
dataset/gastritis_external/processed_images/莆田学院附属医院/crop_ui,莆田学院附属医院__图片__莆田学院附属医院__莆田炎症图片__ptyz226-4.jpg,0,1,1,1,0,,莆田学院附属医院__图片__莆田学院附属医院__莆田炎症图片__ptyz226-4_overlay.jpg,莆田学院附属医院__图片__莆田学院附属医院__莆田炎症图片__ptyz226-4.png,莆田学院附属医院__图片__莆田学院附属医院__莆田炎症图片__ptyz226-4.json
dataset/gastritis_external/processed_images/莆田学院附属医院/crop_ui,莆田学院附属医院__图片__莆田学院附属医院__莆田炎症图片__ptyz207-3.jpg,0,1,1,1,0,,莆田学院附属医院__图片__莆田学院附属医院__莆田炎症图片__ptyz207-3_overlay.jpg,莆田学院附属医院__图片__莆田学院附属医院__莆田炎症图片__ptyz207-3.png,莆田学院附属医院__图片__莆田学院附属医院__莆田炎症图片__ptyz207-3.json
dataset/gastritis_external/processed_images/莆田学院附属医院/crop_ui,莆田学院附属医院__图片__莆田学院附属医院__莆田炎症图片__ptyz26-3.jpg,0,1,1,1,0,,莆田学院附属医院__图片__莆田学院附属医院__莆田炎症图片__ptyz26-3_overlay.jpg,莆田学院附属医院__图片__莆田学院附属医院__莆田炎症图片__ptyz26-3.png,莆田学院附属医院__图片__莆田学院附属医院__莆田炎症图片__ptyz26-3.json
dataset/gastritis_external/processed_images/莆田学院附属医院/crop_ui,莆田学院附属医院__图片__莆田学院附属医院__莆田炎症图片__ptyz53-2.jpg,0,1,1,1,0,,莆田学院附属医院__图片__莆田学院附属医院__莆田炎症图片__ptyz53-2_overlay.jpg,莆田学院附属医院__图片__莆田学院附属医院__莆田炎症图片__ptyz53-2.png,莆田学院附属医院__图片__莆田学院附属医院__莆田炎症图片__ptyz53-2.json
dataset/gastritis_external/processed_images/莆田学院附属医院/crop_ui,莆田学院附属医院__图片__莆田学院附属医院__莆田炎症图片__ptyz90-2.jpg,0,1,1,1,0,,莆田学院附属医院__图片__莆田学院附属医院__莆田炎症图片__ptyz90-2_overlay.jpg,莆田学院附属医院__图片__莆田学院附属医院__莆田炎症图片__ptyz90-2.png,莆田学院附属医院__图片__莆田学院附属医院__莆田炎症图片__ptyz90-2.json
dataset/gastritis_external/processed_images/莆田学院附属医院/crop_ui,莆田学院附属医院__图片__莆田学院附属医院__莆田炎症图片__ptyz301-1.jpg,0,1,1,1,0,,莆田学院附属医院__图片__莆田学院附属医院__莆田炎症图片__ptyz301-1_overlay.jpg,莆田学院附属医院__图片__莆田学院附属医院__莆田炎症图片__ptyz301-1.png,莆田学院附属医院__图片__莆田学院附属医院__莆田炎症图片__ptyz301-1.json
dataset/gastritis_external/processed_images/莆田学院附属医院/crop_ui,莆田学院附属医院__图片__莆田学院附属医院__莆田炎症图片__ptyz68-1.jpg,0,1,1,1,0,,莆田学院附属医院__图片__莆田学院附属医院__莆田炎症图片__ptyz68-1_overlay.jpg,莆田学院附属医院__图片__莆田学院附属医院__莆田炎症图片__ptyz68-1.png,莆田学院附属医院__图片__莆田学院附属医院__莆田炎症图片__ptyz68-1.json
dataset/gastritis_external/processed_images/莆田学院附属医院/crop_ui,莆田学院附属医院__图片__莆田学院附属医院__莆田炎症图片__ptyz98-4.jpg,0,1,1,1,0,,莆田学院附属医院__图片__莆田学院附属医院__莆田炎症图片__ptyz98-4_overlay.jpg,莆田学院附属医院__图片__莆田学院附属医院__莆田炎症图片__ptyz98-4.png,莆田学院附属医院__图片__莆田学院附属医院__莆田炎症图片__ptyz98-4.json
dataset/gastritis_external/processed_images/莆田学院附属医院/crop_ui,莆田学院附属医院__图片__莆田学院附属医院__莆田炎症图片__ptyz294-2.jpg,0,1,1,1,0,,莆田学院附属医院__图片__莆田学院附属医院__莆田炎症图片__ptyz294-2_overlay.jpg,莆田学院附属医院__图片__莆田学院附属医院__莆田炎症图片__ptyz294-2.png,莆田学院附属医院__图片__莆田学院附属医院__莆田炎症图片__ptyz294-2.json
dataset/gastritis_external/processed_images/莆田学院附属医院/crop_ui,莆田学院附属医院__图片__莆田学院附属医院__莆田炎症图片__ptyz40-3.jpg,0,1,1,1,0,,莆田学院附属医院__图片__莆田学院附属医院__莆田炎症图片__ptyz40-3_overlay.jpg,莆田学院附属医院__图片__莆田学院附属医院__莆田炎症图片__ptyz40-3.png,莆田学院附属医院__图片__莆田学院附属医院__莆田炎症图片__ptyz40-3.json
dataset/gastritis_external/processed_images/莆田学院附属医院/crop_ui,莆田学院附属医院__图片__莆田学院附属医院__莆田炎症图片__ptyz230-4.jpg,0,1,1,1,0,,莆田学院附属医院__图片__莆田学院附属医院__莆田炎症图片__ptyz230-4_overlay.jpg,莆田学院附属医院__图片__莆田学院附属医院__莆田炎症图片__ptyz230-4.png,莆田学院附属医院__图片__莆田学院附属医院__莆田炎症图片__ptyz230-4.json
dataset/gastritis_external/processed_images/莆田学院附属医院/crop_ui,莆田学院附属医院__图片__莆田学院附属医院__莆田炎症图片__ptyz264-2.jpg,0,1,1,1,0,,莆田学院附属医院__图片__莆田学院附属医院__莆田炎症图片__ptyz264-2_overlay.jpg,莆田学院附属医院__图片__莆田学院附属医院__莆田炎症图片__ptyz264-2.png,莆田学院附属医院__图片__莆田学院附属医院__莆田炎症图片__ptyz264-2.json
dataset/gastritis_external/processed_images/莆田学院附属医院/crop_ui,莆田学院附属医院__图片__莆田学院附属医院__莆田炎症图片__ptyz92-5.jpg,0,1,1,1,0,,莆田学院附属医院__图片__莆田学院附属医院__莆田炎症图片__ptyz92-5_overlay.jpg,莆田学院附属医院__图片__莆田学院附属医院__莆田炎症图片__ptyz92-5.png,莆田学院附属医院__图片__莆田学院附属医院__莆田炎症图片__ptyz92-5.json
dataset/gastritis_external/processed_images/莆田学院附属医院/crop_ui,莆田学院附属医院__图片__莆田学院附属医院__莆田炎症图片__ptyz118-5.jpg,0,1,1,1,0,,莆田学院附属医院__图片__莆田学院附属医院__莆田炎症图片__ptyz118-5_overlay.jpg,莆田学院附属医院__图片__莆田学院附属医院__莆田炎症图片__ptyz118-5.png,莆田学院附属医院__图片__莆田学院附属医院__莆田炎症图片__ptyz118-5.json
dataset/gastritis_external/processed_images/莆田学院附属医院/crop_ui,莆田学院附属医院__图片__莆田学院附属医院__莆田炎症图片__ptyz115-2.jpg,0,1,1,1,0,,莆田学院附属医院__图片__莆田学院附属医院__莆田炎症图片__ptyz115-2_overlay.jpg,莆田学院附属医院__图片__莆田学院附属医院__莆田炎症图片__ptyz115-2.png,莆田学院附属医院__图片__莆田学院附属医院__莆田炎症图片__ptyz115-2.json
dataset/gastritis_external/processed_images/莆田学院附属医院/crop_ui,莆田学院附属医院__图片__莆田学院附属医院__莆田炎症图片__ptyz351-2.jpg,0,1,1,1,0,,莆田学院附属医院__图片__莆田学院附属医院__莆田炎症图片__ptyz351-2_overlay.jpg,莆田学院附属医院__图片__莆田学院附属医院__莆田炎症图片__ptyz351-2.png,莆田学院附属医院__图片__莆田学院附属医院__莆田炎症图片__ptyz351-2.json
dataset/gastritis_external/processed_images/莆田学院附属医院/crop_ui,莆田学院附属医院__图片__莆田学院附属医院__莆田炎症图片__ptyz72-1.jpg,0,1,1,1,0,,莆田学院附属医院__图片__莆田学院附属医院__莆田炎症图片__ptyz72-1_overlay.jpg,莆田学院附属医院__图片__莆田学院附属医院__莆田炎症图片__ptyz72-1.png,莆田学院附属医院__图片__莆田学院附属医院__莆田炎症图片__ptyz72-1.json
dataset/gastritis_external/processed_images/莆田学院附属医院/crop_ui,莆田学院附属医院__图片__莆田学院附属医院__莆田炎症图片__ptyz12-2.jpg,0,1,1,1,0,,莆田学院附属医院__图片__莆田学院附属医院__莆田炎症图片__ptyz12-2_overlay.jpg,莆田学院附属医院__图片__莆田学院附属医院__莆田炎症图片__ptyz12-2.png,莆田学院附属医院__图片__莆田学院附属医院__莆田炎症图片__ptyz12-2.json
dataset/gastritis_external/processed_images/莆田学院附属医院/crop_ui,莆田学院附属医院__图片__莆田学院附属医院__莆田炎症图片__ptyz128-3.jpg,0,1,1,1,0,,莆田学院附属医院__图片__莆田学院附属医院__莆田炎症图片__ptyz128-3_overlay.jpg,莆田学院附属医院__图片__莆田学院附属医院__莆田炎症图片__ptyz128-3.png,莆田学院附属医院__图片__莆田学院附属医院__莆田炎症图片__ptyz128-3.json
dataset/gastritis_external/processed_images/莆田学院附属医院/crop_ui,莆田学院附属医院__图片__莆田学院附属医院__莆田炎症图片__ptyz345-2.jpg,0,1,1,1,0,,莆田学院附属医院__图片__莆田学院附属医院__莆田炎症图片__ptyz345-2_overlay.jpg,莆田学院附属医院__图片__莆田学院附属医院__莆田炎症图片__ptyz345-2.png,莆田学院附属医院__图片__莆田学院附属医院__莆田炎症图片__ptyz345-2.json
dataset/gastritis_external/processed_images/莆田学院附属医院/crop_ui,莆田学院附属医院__图片__莆田学院附属医院__莆田炎症图片__ptyz295-2.jpg,0,1,1,1,0,,莆田学院附属医院__图片__莆田学院附属医院__莆田炎症图片__ptyz295-2_overlay.jpg,莆田学院附属医院__图片__莆田学院附属医院__莆田炎症图片__ptyz295-2.png,莆田学院附属医院__图片__莆田学院附属医院__莆田炎症图片__ptyz295-2.json
dataset/gastritis_external/processed_images/莆田学院附属医院/crop_ui,莆田学院附属医院__图片__莆田学院附属医院__莆田炎症图片__ptyz65-5.jpg,0,1,1,1,0,,莆田学院附属医院__图片__莆田学院附属医院__莆田炎症图片__ptyz65-5_overlay.jpg,莆田学院附属医院__图片__莆田学院附属医院__莆田炎症图片__ptyz65-5.png,莆田学院附属医院__图片__莆田学院附属医院__莆田炎症图片__ptyz65-5.json
dataset/gastritis_external/processed_images/莆田学院附属医院/crop_ui,莆田学院附属医院__图片__莆田学院附属医院__莆田炎症图片__ptyz116-1.jpg,0,1,1,1,0,,莆田学院附属医院__图片__莆田学院附属医院__莆田炎症图片__ptyz116-1_overlay.jpg,莆田学院附属医院__图片__莆田学院附属医院__莆田炎症图片__ptyz116-1.png,莆田学院附属医院__图片__莆田学院附属医院__莆田炎症图片__ptyz116-1.json
dataset/gastritis_external/processed_images/莆田学院附属医院/crop_ui,莆田学院附属医院__图片__莆田学院附属医院__莆田炎症图片__ptyz194-2.jpg,0,1,1,1,0,,莆田学院附属医院__图片__莆田学院附属医院__莆田炎症图片__ptyz194-2_overlay.jpg,莆田学院附属医院__图片__莆田学院附属医院__莆田炎症图片__ptyz194-2.png,莆田学院附属医院__图片__莆田学院附属医院__莆田炎症图片__ptyz194-2.json
dataset/gastritis_external/processed_images/莆田学院附属医院/crop_ui,莆田学院附属医院__图片__莆田学院附属医院__莆田炎症图片__ptyz217-2.jpg,0,1,1,1,0,,莆田学院附属医院__图片__莆田学院附属医院__莆田炎症图片__ptyz217-2_overlay.jpg,莆田学院附属医院__图片__莆田学院附属医院__莆田炎症图片__ptyz217-2.png,莆田学院附属医院__图片__莆田学院附属医院__莆田炎症图片__ptyz217-2.json
dataset/gastritis_external/processed_images/莆田学院附属医院/crop_ui,莆田学院附属医院__图片__莆田学院附属医院__莆田炎症图片__ptyz133-4.jpg,0,1,1,1,0,,莆田学院附属医院__图片__莆田学院附属医院__莆田炎症图片__ptyz133-4_overlay.jpg,莆田学院附属医院__图片__莆田学院附属医院__莆田炎症图片__ptyz133-4.png,莆田学院附属医院__图片__莆田学院附属医院__莆田炎症图片__ptyz133-4.json
dataset/gastritis_external/processed_images/莆田学院附属医院/crop_ui,莆田学院附属医院__图片__莆田学院附属医院__莆田炎症图片__ptyz401-3.jpg,0,1,1,1,0,,莆田学院附属医院__图片__莆田学院附属医院__莆田炎症图片__ptyz401-3_overlay.jpg,莆田学院附属医院__图片__莆田学院附属医院__莆田炎症图片__ptyz401-3.png,莆田学院附属医院__图片__莆田学院附属医院__莆田炎症图片__ptyz401-3.json
dataset/gastritis_external/processed_images/莆田学院附属医院/crop_ui,莆田学院附属医院__图片__莆田学院附属医院__莆田炎症图片__ptyz153-4.jpg,0,1,1,1,0,,莆田学院附属医院__图片__莆田学院附属医院__莆田炎症图片__ptyz153-4_overlay.jpg,莆田学院附属医院__图片__莆田学院附属医院__莆田炎症图片__ptyz153-4.png,莆田学院附属医院__图片__莆田学院附属医院__莆田炎症图片__ptyz153-4.json
dataset/gastritis_external/processed_images/莆田学院附属医院/crop_ui,莆田学院附属医院__图片__莆田学院附属医院__莆田炎症图片__ptyz440-2.jpg,0,1,1,1,0,,莆田学院附属医院__图片__莆田学院附属医院__莆田炎症图片__ptyz440-2_overlay.jpg,莆田学院附属医院__图片__莆田学院附属医院__莆田炎症图片__ptyz440-2.png,莆田学院附属医院__图片__莆田学院附属医院__莆田炎症图片__ptyz440-2.json
dataset/gastritis_external/processed_images/莆田学院附属医院/crop_ui,莆田学院附属医院__图片__莆田学院附属医院__莆田炎症图片__ptyz209-1.jpg,0,1,1,1,0,,莆田学院附属医院__图片__莆田学院附属医院__莆田炎症图片__ptyz209-1_overlay.jpg,莆田学院附属医院__图片__莆田学院附属医院__莆田炎症图片__ptyz209-1.png,莆田学院附属医院__图片__莆田学院附属医院__莆田炎症图片__ptyz209-1.json
dataset/gastritis_external/processed_images/莆田学院附属医院/crop_ui,莆田学院附属医院__图片__莆田学院附属医院__莆田炎症图片__ptyz69-2.jpg,0,1,1,1,0,,莆田学院附属医院__图片__莆田学院附属医院__莆田炎症图片__ptyz69-2_overlay.jpg,莆田学院附属医院__图片__莆田学院附属医院__莆田炎症图片__ptyz69-2.png,莆田学院附属医院__图片__莆田学院附属医院__莆田炎症图片__ptyz69-2.json
dataset/gastritis_external/processed_images/莆田学院附属医院/crop_ui,莆田学院附属医院__图片__莆田学院附属医院__莆田炎症图片__ptyz16-11.jpg,0,1,1,1,0,,莆田学院附属医院__图片__莆田学院附属医院__莆田炎症图片__ptyz16-11_overlay.jpg,莆田学院附属医院__图片__莆田学院附属医院__莆田炎症图片__ptyz16-11.png,莆田学院附属医院__图片__莆田学院附属医院__莆田炎症图片__ptyz16-11.json
dataset/gastritis_external/processed_images/莆田学院附属医院/crop_ui,莆田学院附属医院__图片__莆田学院附属医院__莆田炎症图片__ptyz389-5.jpg,0,1,1,1,0,,莆田学院附属医院__图片__莆田学院附属医院__莆田炎症图片__ptyz389-5_overlay.jpg,莆田学院附属医院__图片__莆田学院附属医院__莆田炎症图片__ptyz389-5.png,莆田学院附属医院__图片__莆田学院附属医院__莆田炎症图片__ptyz389-5.json
dataset/gastritis_external/processed_images/莆田学院附属医院/crop_ui,莆田学院附属医院__图片__莆田学院附属医院__莆田炎症图片__ptyz156-4.jpg,0,1,1,1,0,,莆田学院附属医院__图片__莆田学院附属医院__莆田炎症图片__ptyz156-4_overlay.jpg,莆田学院附属医院__图片__莆田学院附属医院__莆田炎症图片__ptyz156-4.png,莆田学院附属医院__图片__莆田学院附属医院__莆田炎症图片__ptyz156-4.json
dataset/gastritis_external/processed_images/莆田学院附属医院/crop_ui,莆田学院附属医院__图片__莆田学院附属医院__莆田炎症图片__ptyz91-1.jpg,0,1,1,1,0,,莆田学院附属医院__图片__莆田学院附属医院__莆田炎症图片__ptyz91-1_overlay.jpg,莆田学院附属医院__图片__莆田学院附属医院__莆田炎症图片__ptyz91-1.png,莆田学院附属医院__图片__莆田学院附属医院__莆田炎症图片__ptyz91-1.json
dataset/gastritis_external/processed_images/莆田学院附属医院/crop_ui,莆田学院附属医院__图片__莆田学院附属医院__莆田炎症图片__ptyz386-1.jpg,0,1,1,1,0,,莆田学院附属医院__图片__莆田学院附属医院__莆田炎症图片__ptyz386-1_overlay.jpg,莆田学院附属医院__图片__莆田学院附属医院__莆田炎症图片__ptyz386-1.png,莆田学院附属医院__图片__莆田学院附属医院__莆田炎症图片__ptyz386-1.json
dataset/gastritis_external/processed_images/莆田学院附属医院/crop_ui,莆田学院附属医院__图片__莆田学院附属医院__莆田炎症图片__ptyz232-4.jpg,0,1,1,1,0,,莆田学院附属医院__图片__莆田学院附属医院__莆田炎症图片__ptyz232-4_overlay.jpg,莆田学院附属医院__图片__莆田学院附属医院__莆田炎症图片__ptyz232-4.png,莆田学院附属医院__图片__莆田学院附属医院__莆田炎症图片__ptyz232-4.json
dataset/gastritis_external/processed_images/莆田学院附属医院/crop_ui,莆田学院附属医院__图片__莆田学院附属医院__莆田炎症图片__ptyz113-3.jpg,0,1,1,1,0,,莆田学院附属医院__图片__莆田学院附属医院__莆田炎症图片__ptyz113-3_overlay.jpg,莆田学院附属医院__图片__莆田学院附属医院__莆田炎症图片__ptyz113-3.png,莆田学院附属医院__图片__莆田学院附属医院__莆田炎症图片__ptyz113-3.json
dataset/gastritis_external/processed_images/莆田学院附属医院/crop_ui,莆田学院附属医院__图片__莆田学院附属医院__莆田炎症图片__ptyz147-4.jpg,0,1,1,1,0,,莆田学院附属医院__图片__莆田学院附属医院__莆田炎症图片__ptyz147-4_overlay.jpg,莆田学院附属医院__图片__莆田学院附属医院__莆田炎症图片__ptyz147-4.png,莆田学院附属医院__图片__莆田学院附属医院__莆田炎症图片__ptyz147-4.json
dataset/gastritis_external/processed_images/莆田学院附属医院/crop_ui,莆田学院附属医院__图片__莆田学院附属医院__莆田炎症图片__ptyz308-3.jpg,0,1,1,1,0,,莆田学院附属医院__图片__莆田学院附属医院__莆田炎症图片__ptyz308-3_overlay.jpg,莆田学院附属医院__图片__莆田学院附属医院__莆田炎症图片__ptyz308-3.png,莆田学院附属医院__图片__莆田学院附属医院__莆田炎症图片__ptyz308-3.json
dataset/gastritis_external/processed_images/莆田学院附属医院/crop_ui,莆田学院附属医院__图片__莆田学院附属医院__莆田炎症图片__ptyz32-5.jpg,0,1,1,1,0,,莆田学院附属医院__图片__莆田学院附属医院__莆田炎症图片__ptyz32-5_overlay.jpg,莆田学院附属医院__图片__莆田学院附属医院__莆田炎症图片__ptyz32-5.png,莆田学院附属医院__图片__莆田学院附属医院__莆田炎症图片__ptyz32-5.json
dataset/gastritis_external/processed_images/莆田学院附属医院/crop_ui,莆田学院附属医院__图片__莆田学院附属医院__莆田炎症图片__ptyz39-6.jpg,0,1,1,1,0,,莆田学院附属医院__图片__莆田学院附属医院__莆田炎症图片__ptyz39-6_overlay.jpg,莆田学院附属医院__图片__莆田学院附属医院__莆田炎症图片__ptyz39-6.png,莆田学院附属医院__图片__莆田学院附属医院__莆田炎症图片__ptyz39-6.json
dataset/gastritis_external/processed_images/莆田学院附属医院/crop_ui,莆田学院附属医院__图片__莆田学院附属医院__莆田炎症图片__ptyz256-4.jpg,0,1,1,1,0,,莆田学院附属医院__图片__莆田学院附属医院__莆田炎症图片__ptyz256-4_overlay.jpg,莆田学院附属医院__图片__莆田学院附属医院__莆田炎症图片__ptyz256-4.png,莆田学院附属医院__图片__莆田学院附属医院__莆田炎症图片__ptyz256-4.json
dataset/gastritis_external/processed_images/莆田学院附属医院/crop_ui,莆田学院附属医院__图片__莆田学院附属医院__莆田炎症图片__ptyz1-7.jpg,0,1,1,1,0,,莆田学院附属医院__图片__莆田学院附属医院__莆田炎症图片__ptyz1-7_overlay.jpg,莆田学院附属医院__图片__莆田学院附属医院__莆田炎症图片__ptyz1-7.png,莆田学院附属医院__图片__莆田学院附属医院__莆田炎症图片__ptyz1-7.json
dataset/gastritis_external/processed_images/莆田学院附属医院/crop_ui,莆田学院附属医院__图片__莆田学院附属医院__莆田炎症图片__ptyz339-3.jpg,0,1,1,1,0,,莆田学院附属医院__图片__莆田学院附属医院__莆田炎症图片__ptyz339-3_overlay.jpg,莆田学院附属医院__图片__莆田学院附属医院__莆田炎症图片__ptyz339-3.png,莆田学院附属医院__图片__莆田学院附属医院__莆田炎症图片__ptyz339-3.json
dataset/gastritis_external/processed_images/莆田学院附属医院/crop_ui,莆田学院附属医院__图片__莆田学院附属医院__莆田炎症图片__ptyz353-5.jpg,0,1,1,1,0,,莆田学院附属医院__图片__莆田学院附属医院__莆田炎症图片__ptyz353-5_overlay.jpg,莆田学院附属医院__图片__莆田学院附属医院__莆田炎症图片__ptyz353-5.png,莆田学院附属医院__图片__莆田学院附属医院__莆田炎症图片__ptyz353-5.json
dataset/gastritis_external/processed_images/莆田学院附属医院/crop_ui,莆田学院附属医院__图片__莆田学院附属医院__莆田炎症图片__ptyz184-5.jpg,0,1,1,1,0,,莆田学院附属医院__图片__莆田学院附属医院__莆田炎症图片__ptyz184-5_overlay.jpg,莆田学院附属医院__图片__莆田学院附属医院__莆田炎症图片__ptyz184-5.png,莆田学院附属医院__图片__莆田学院附属医院__莆田炎症图片__ptyz184-5.json
dataset/gastritis_external/processed_images/莆田学院附属医院/crop_ui,莆田学院附属医院__图片__莆田学院附属医院__莆田炎症图片__ptyz182-6.jpg,0,1,1,1,0,,莆田学院附属医院__图片__莆田学院附属医院__莆田炎症图片__ptyz182-6_overlay.jpg,莆田学院附属医院__图片__莆田学院附属医院__莆田炎症图片__ptyz182-6.png,莆田学院附属医院__图片__莆田学院附属医院__莆田炎症图片__ptyz182-6.json
dataset/gastritis_external/processed_images/莆田学院附属医院/crop_ui,莆田学院附属医院__图片__莆田学院附属医院__莆田炎症图片__ptyz232-1.jpg,0,1,1,1,0,,莆田学院附属医院__图片__莆田学院附属医院__莆田炎症图片__ptyz232-1_overlay.jpg,莆田学院附属医院__图片__莆田学院附属医院__莆田炎症图片__ptyz232-1.png,莆田学院附属医院__图片__莆田学院附属医院__莆田炎症图片__ptyz232-1.json
dataset/gastritis_external/processed_images/莆田学院附属医院/crop_ui,莆田学院附属医院__图片__莆田学院附属医院__莆田炎症图片__ptyz285-5.jpg,0,1,1,1,0,,莆田学院附属医院__图片__莆田学院附属医院__莆田炎症图片__ptyz285-5_overlay.jpg,莆田学院附属医院__图片__莆田学院附属医院__莆田炎症图片__ptyz285-5.png,莆田学院附属医院__图片__莆田学院附属医院__莆田炎症图片__ptyz285-5.json
dataset/gastritis_external/processed_images/莆田学院附属医院/crop_ui,莆田学院附属医院__图片__莆田学院附属医院__莆田炎症图片__ptyz311-2.jpg,0,1,1,1,0,,莆田学院附属医院__图片__莆田学院附属医院__莆田炎症图片__ptyz311-2_overlay.jpg,莆田学院附属医院__图片__莆田学院附属医院__莆田炎症图片__ptyz311-2.png,莆田学院附属医院__图片__莆田学院附属医院__莆田炎症图片__ptyz311-2.json
dataset/gastritis_external/processed_images/莆田学院附属医院/crop_ui,莆田学院附属医院__图片__莆田学院附属医院__莆田炎症图片__ptyz433-4.jpg,0,1,1,1,0,,莆田学院附属医院__图片__莆田学院附属医院__莆田炎症图片__ptyz433-4_overlay.jpg,莆田学院附属医院__图片__莆田学院附属医院__莆田炎症图片__ptyz433-4.png,莆田学院附属医院__图片__莆田学院附属医院__莆田炎症图片__ptyz433-4.json
dataset/gastritis_external/processed_images/莆田学院附属医院/crop_ui,莆田学院附属医院__图片__莆田学院附属医院__莆田炎症图片__ptyz99-2.jpg,0,1,1,1,0,,莆田学院附属医院__图片__莆田学院附属医院__莆田炎症图片__ptyz99-2_overlay.jpg,莆田学院附属医院__图片__莆田学院附属医院__莆田炎症图片__ptyz99-2.png,莆田学院附属医院__图片__莆田学院附属医院__莆田炎症图片__ptyz99-2.json
dataset/gastritis_external/processed_images/莆田学院附属医院/crop_ui,莆田学院附属医院__图片__莆田学院附属医院__莆田炎症图片__ptyz168-1.jpg,0,1,1,1,0,,莆田学院附属医院__图片__莆田学院附属医院__莆田炎症图片__ptyz168-1_overlay.jpg,莆田学院附属医院__图片__莆田学院附属医院__莆田炎症图片__ptyz168-1.png,莆田学院附属医院__图片__莆田学院附属医院__莆田炎症图片__ptyz168-1.json
dataset/gastritis_external/processed_images/莆田学院附属医院/crop_ui,莆田学院附属医院__图片__莆田学院附属医院__莆田炎症图片__ptyz422-2.jpg,0,1,1,1,0,,莆田学院附属医院__图片__莆田学院附属医院__莆田炎症图片__ptyz422-2_overlay.jpg,莆田学院附属医院__图片__莆田学院附属医院__莆田炎症图片__ptyz422-2.png,莆田学院附属医院__图片__莆田学院附属医院__莆田炎症图片__ptyz422-2.json
dataset/gastritis_external/processed_images/莆田学院附属医院/crop_ui,莆田学院附属医院__图片__莆田学院附属医院__莆田炎症图片__ptyz226-5.jpg,0,1,1,1,0,,莆田学院附属医院__图片__莆田学院附属医院__莆田炎症图片__ptyz226-5_overlay.jpg,莆田学院附属医院__图片__莆田学院附属医院__莆田炎症图片__ptyz226-5.png,莆田学院附属医院__图片__莆田学院附属医院__莆田炎症图片__ptyz226-5.json
dataset/gastritis_external/processed_images/莆田学院附属医院/crop_ui,莆田学院附属医院__图片__莆田学院附属医院__莆田炎症图片__ptyz315-1.jpg,0,1,1,1,0,,莆田学院附属医院__图片__莆田学院附属医院__莆田炎症图片__ptyz315-1_overlay.jpg,莆田学院附属医院__图片__莆田学院附属医院__莆田炎症图片__ptyz315-1.png,莆田学院附属医院__图片__莆田学院附属医院__莆田炎症图片__ptyz315-1.json
dataset/gastritis_external/processed_images/莆田学院附属医院/crop_ui,莆田学院附属医院__图片__莆田学院附属医院__莆田炎症图片__ptyz271-4.jpg,0,1,1,1,0,,莆田学院附属医院__图片__莆田学院附属医院__莆田炎症图片__ptyz271-4_overlay.jpg,莆田学院附属医院__图片__莆田学院附属医院__莆田炎症图片__ptyz271-4.png,莆田学院附属医院__图片__莆田学院附属医院__莆田炎症图片__ptyz271-4.json
dataset/gastritis_external/processed_images/莆田学院附属医院/crop_ui,莆田学院附属医院__图片__莆田学院附属医院__莆田炎症图片__ptyz255-3.jpg,0,1,1,1,0,,莆田学院附属医院__图片__莆田学院附属医院__莆田炎症图片__ptyz255-3_overlay.jpg,莆田学院附属医院__图片__莆田学院附属医院__莆田炎症图片__ptyz255-3.png,莆田学院附属医院__图片__莆田学院附属医院__莆田炎症图片__ptyz255-3.json
dataset/gastritis_external/processed_images/莆田学院附属医院/crop_ui,莆田学院附属医院__图片__莆田学院附属医院__莆田炎症图片__ptyz182-1.jpg,0,1,1,1,0,,莆田学院附属医院__图片__莆田学院附属医院__莆田炎症图片__ptyz182-1_overlay.jpg,莆田学院附属医院__图片__莆田学院附属医院__莆田炎症图片__ptyz182-1.png,莆田学院附属医院__图片__莆田学院附属医院__莆田炎症图片__ptyz182-1.json
dataset/gastritis_external/processed_images/莆田学院附属医院/crop_ui,莆田学院附属医院__图片__莆田学院附属医院__莆田炎症图片__ptyz54-1.jpg,0,1,1,1,0,,莆田学院附属医院__图片__莆田学院附属医院__莆田炎症图片__ptyz54-1_overlay.jpg,莆田学院附属医院__图片__莆田学院附属医院__莆田炎症图片__ptyz54-1.png,莆田学院附属医院__图片__莆田学院附属医院__莆田炎症图片__ptyz54-1.json
dataset/gastritis_external/processed_images/莆田学院附属医院/crop_ui,莆田学院附属医院__图片__莆田学院附属医院__莆田炎症图片__ptyz92-4.jpg,0,1,1,1,0,,莆田学院附属医院__图片__莆田学院附属医院__莆田炎症图片__ptyz92-4_overlay.jpg,莆田学院附属医院__图片__莆田学院附属医院__莆田炎症图片__ptyz92-4.png,莆田学院附属医院__图片__莆田学院附属医院__莆田炎症图片__ptyz92-4.json
dataset/gastritis_external/processed_images/莆田学院附属医院/crop_ui,莆田学院附属医院__图片__莆田学院附属医院__莆田炎症图片__ptyz392-1.jpg,0,1,1,1,0,,莆田学院附属医院__图片__莆田学院附属医院__莆田炎症图片__ptyz392-1_overlay.jpg,莆田学院附属医院__图片__莆田学院附属医院__莆田炎症图片__ptyz392-1.png,莆田学院附属医院__图片__莆田学院附属医院__莆田炎症图片__ptyz392-1.json
dataset/gastritis_external/processed_images/莆田学院附属医院/crop_ui,莆田学院附属医院__图片__莆田学院附属医院__莆田炎症图片__ptyz74-2.jpg,0,1,1,1,0,,莆田学院附属医院__图片__莆田学院附属医院__莆田炎症图片__ptyz74-2_overlay.jpg,莆田学院附属医院__图片__莆田学院附属医院__莆田炎症图片__ptyz74-2.png,莆田学院附属医院__图片__莆田学院附属医院__莆田炎症图片__ptyz74-2.json
dataset/gastritis_external/processed_images/莆田学院附属医院/crop_ui,莆田学院附属医院__图片__莆田学院附属医院__莆田炎症图片__ptyz353-2.jpg,0,1,1,1,0,,莆田学院附属医院__图片__莆田学院附属医院__莆田炎症图片__ptyz353-2_overlay.jpg,莆田学院附属医院__图片__莆田学院附属医院__莆田炎症图片__ptyz353-2.png,莆田学院附属医院__图片__莆田学院附属医院__莆田炎症图片__ptyz353-2.json
dataset/gastritis_external/processed_images/莆田学院附属医院/crop_ui,莆田学院附属医院__图片__莆田学院附属医院__莆田炎症图片__ptyz233-5.jpg,0,1,1,1,0,,莆田学院附属医院__图片__莆田学院附属医院__莆田炎症图片__ptyz233-5_overlay.jpg,莆田学院附属医院__图片__莆田学院附属医院__莆田炎症图片__ptyz233-5.png,莆田学院附属医院__图片__莆田学院附属医院__莆田炎症图片__ptyz233-5.json
dataset/gastritis_external/processed_images/莆田学院附属医院/crop_ui,莆田学院附属医院__图片__莆田学院附属医院__莆田炎症图片__ptyz16-3.jpg,0,1,1,1,0,,莆田学院附属医院__图片__莆田学院附属医院__莆田炎症图片__ptyz16-3_overlay.jpg,莆田学院附属医院__图片__莆田学院附属医院__莆田炎症图片__ptyz16-3.png,莆田学院附属医院__图片__莆田学院附属医院__莆田炎症图片__ptyz16-3.json
dataset/gastritis_external/processed_images/莆田学院附属医院/crop_ui,莆田学院附属医院__图片__莆田学院附属医院__莆田炎症图片__ptyz172-1.jpg,0,1,1,1,0,,莆田学院附属医院__图片__莆田学院附属医院__莆田炎症图片__ptyz172-1_overlay.jpg,莆田学院附属医院__图片__莆田学院附属医院__莆田炎症图片__ptyz172-1.png,莆田学院附属医院__图片__莆田学院附属医院__莆田炎症图片__ptyz172-1.json
dataset/gastritis_external/processed_images/莆田学院附属医院/crop_ui,莆田学院附属医院__图片__莆田学院附属医院__莆田炎症图片__ptyz71-2.jpg,0,1,1,1,0,,莆田学院附属医院__图片__莆田学院附属医院__莆田炎症图片__ptyz71-2_overlay.jpg,莆田学院附属医院__图片__莆田学院附属医院__莆田炎症图片__ptyz71-2.png,莆田学院附属医院__图片__莆田学院附属医院__莆田炎症图片__ptyz71-2.json
dataset/gastritis_external/processed_images/莆田学院附属医院/crop_ui,莆田学院附属医院__图片__莆田学院附属医院__莆田炎症图片__ptyz362-1.jpg,0,1,1,1,0,,莆田学院附属医院__图片__莆田学院附属医院__莆田炎症图片__ptyz362-1_overlay.jpg,莆田学院附属医院__图片__莆田学院附属医院__莆田炎症图片__ptyz362-1.png,莆田学院附属医院__图片__莆田学院附属医院__莆田炎症图片__ptyz362-1.json
dataset/gastritis_external/processed_images/莆田学院附属医院/crop_ui,莆田学院附属医院__图片__莆田学院附属医院__莆田炎症图片__ptyz347-1.jpg,0,1,1,1,0,,莆田学院附属医院__图片__莆田学院附属医院__莆田炎症图片__ptyz347-1_overlay.jpg,莆田学院附属医院__图片__莆田学院附属医院__莆田炎症图片__ptyz347-1.png,莆田学院附属医院__图片__莆田学院附属医院__莆田炎症图片__ptyz347-1.json
dataset/gastritis_external/processed_images/莆田学院附属医院/crop_ui,莆田学院附属医院__图片__莆田学院附属医院__莆田炎症图片__ptyz152-2.jpg,0,1,1,1,0,,莆田学院附属医院__图片__莆田学院附属医院__莆田炎症图片__ptyz152-2_overlay.jpg,莆田学院附属医院__图片__莆田学院附属医院__莆田炎症图片__ptyz152-2.png,莆田学院附属医院__图片__莆田学院附属医院__莆田炎症图片__ptyz152-2.json
dataset/gastritis_external/processed_images/莆田学院附属医院/crop_ui,莆田学院附属医院__图片__莆田学院附属医院__莆田炎症图片__ptyz345-3.jpg,0,1,1,1,0,,莆田学院附属医院__图片__莆田学院附属医院__莆田炎症图片__ptyz345-3_overlay.jpg,莆田学院附属医院__图片__莆田学院附属医院__莆田炎症图片__ptyz345-3.png,莆田学院附属医院__图片__莆田学院附属医院__莆田炎症图片__ptyz345-3.json
dataset/gastritis_external/processed_images/莆田学院附属医院/crop_ui,莆田学院附属医院__图片__莆田学院附属医院__莆田炎症图片__ptyz247-2.jpg,0,1,1,1,0,,莆田学院附属医院__图片__莆田学院附属医院__莆田炎症图片__ptyz247-2_overlay.jpg,莆田学院附属医院__图片__莆田学院附属医院__莆田炎症图片__ptyz247-2.png,莆田学院附属医院__图片__莆田学院附属医院__莆田炎症图片__ptyz247-2.json
dataset/gastritis_external/processed_images/莆田学院附属医院/crop_ui,莆田学院附属医院__图片__莆田学院附属医院__莆田炎症图片__ptyz127-2.jpg,0,1,1,1,0,,莆田学院附属医院__图片__莆田学院附属医院__莆田炎症图片__ptyz127-2_overlay.jpg,莆田学院附属医院__图片__莆田学院附属医院__莆田炎症图片__ptyz127-2.png,莆田学院附属医院__图片__莆田学院附属医院__莆田炎症图片__ptyz127-2.json
dataset/gastritis_external/processed_images/莆田学院附属医院/crop_ui,莆田学院附属医院__图片__莆田学院附属医院__莆田炎症图片__ptyz250-4.jpg,0,1,1,1,0,,莆田学院附属医院__图片__莆田学院附属医院__莆田炎症图片__ptyz250-4_overlay.jpg,莆田学院附属医院__图片__莆田学院附属医院__莆田炎症图片__ptyz250-4.png,莆田学院附属医院__图片__莆田学院附属医院__莆田炎症图片__ptyz250-4.json
dataset/gastritis_external/processed_images/莆田学院附属医院/crop_ui,莆田学院附属医院__图片__莆田学院附属医院__莆田炎症图片__ptyz28-3.jpg,0,1,1,1,0,,莆田学院附属医院__图片__莆田学院附属医院__莆田炎症图片__ptyz28-3_overlay.jpg,莆田学院附属医院__图片__莆田学院附属医院__莆田炎症图片__ptyz28-3.png,莆田学院附属医院__图片__莆田学院附属医院__莆田炎症图片__ptyz28-3.json
dataset/gastritis_external/processed_images/莆田学院附属医院/crop_ui,莆田学院附属医院__图片__莆田学院附属医院__莆田炎症图片__ptyz150-3.jpg,0,1,1,1,0,,莆田学院附属医院__图片__莆田学院附属医院__莆田炎症图片__ptyz150-3_overlay.jpg,莆田学院附属医院__图片__莆田学院附属医院__莆田炎症图片__ptyz150-3.png,莆田学院附属医院__图片__莆田学院附属医院__莆田炎症图片__ptyz150-3.json
dataset/gastritis_external/processed_images/莆田学院附属医院/crop_ui,莆田学院附属医院__图片__莆田学院附属医院__莆田炎症图片__ptyz268-2.jpg,0,1,1,1,0,,莆田学院附属医院__图片__莆田学院附属医院__莆田炎症图片__ptyz268-2_overlay.jpg,莆田学院附属医院__图片__莆田学院附属医院__莆田炎症图片__ptyz268-2.png,莆田学院附属医院__图片__莆田学院附属医院__莆田炎症图片__ptyz268-2.json
dataset/gastritis_external/processed_images/莆田学院附属医院/crop_ui,莆田学院附属医院__图片__莆田学院附属医院__莆田炎症图片__ptyz64-6.jpg,0,1,1,1,0,,莆田学院附属医院__图片__莆田学院附属医院__莆田炎症图片__ptyz64-6_overlay.jpg,莆田学院附属医院__图片__莆田学院附属医院__莆田炎症图片__ptyz64-6.png,莆田学院附属医院__图片__莆田学院附属医院__莆田炎症图片__ptyz64-6.json
dataset/gastritis_external/processed_images/莆田学院附属医院/crop_ui,莆田学院附属医院__图片__莆田学院附属医院__莆田炎症图片__ptyz359-5.jpg,0,1,1,1,0,,莆田学院附属医院__图片__莆田学院附属医院__莆田炎症图片__ptyz359-5_overlay.jpg,莆田学院附属医院__图片__莆田学院附属医院__莆田炎症图片__ptyz359-5.png,莆田学院附属医院__图片__莆田学院附属医院__莆田炎症图片__ptyz359-5.json
dataset/gastritis_external/processed_images/莆田学院附属医院/crop_ui,莆田学院附属医院__图片__莆田学院附属医院__莆田炎症图片__ptyz33-1.jpg,0,1,1,1,0,,莆田学院附属医院__图片__莆田学院附属医院__莆田炎症图片__ptyz33-1_overlay.jpg,莆田学院附属医院__图片__莆田学院附属医院__莆田炎症图片__ptyz33-1.png,莆田学院附属医院__图片__莆田学院附属医院__莆田炎症图片__ptyz33-1.json
dataset/gastritis_external/processed_images/莆田学院附属医院/crop_ui,莆田学院附属医院__图片__莆田学院附属医院__莆田炎症图片__ptyz371-3.jpg,0,1,1,1,0,,莆田学院附属医院__图片__莆田学院附属医院__莆田炎症图片__ptyz371-3_overlay.jpg,莆田学院附属医院__图片__莆田学院附属医院__莆田炎症图片__ptyz371-3.png,莆田学院附属医院__图片__莆田学院附属医院__莆田炎症图片__ptyz371-3.json
dataset/gastritis_external/processed_images/莆田学院附属医院/crop_ui,莆田学院附属医院__图片__莆田学院附属医院__莆田炎症图片__ptyz359-2.jpg,0,1,1,1,0,,莆田学院附属医院__图片__莆田学院附属医院__莆田炎症图片__ptyz359-2_overlay.jpg,莆田学院附属医院__图片__莆田学院附属医院__莆田炎症图片__ptyz359-2.png,莆田学院附属医院__图片__莆田学院附属医院__莆田炎症图片__ptyz359-2.json
dataset/gastritis_external/processed_images/莆田学院附属医院/crop_ui,莆田学院附属医院__图片__莆田学院附属医院__莆田炎症图片__ptyz243-3.jpg,0,1,1,1,0,,莆田学院附属医院__图片__莆田学院附属医院__莆田炎症图片__ptyz243-3_overlay.jpg,莆田学院附属医院__图片__莆田学院附属医院__莆田炎症图片__ptyz243-3.png,莆田学院附属医院__图片__莆田学院附属医院__莆田炎症图片__ptyz243-3.json
dataset/gastritis_external/processed_images/莆田学院附属医院/crop_ui,莆田学院附属医院__图片__莆田学院附属医院__莆田炎症图片__ptyz246-5.jpg,0,1,1,1,0,,莆田学院附属医院__图片__莆田学院附属医院__莆田炎症图片__ptyz246-5_overlay.jpg,莆田学院附属医院__图片__莆田学院附属医院__莆田炎症图片__ptyz246-5.png,莆田学院附属医院__图片__莆田学院附属医院__莆田炎症图片__ptyz246-5.json
dataset/gastritis_external/processed_images/莆田学院附属医院/crop_ui,莆田学院附属医院__图片__莆田学院附属医院__莆田炎症图片__ptyz134-2.jpg,0,1,1,1,0,,莆田学院附属医院__图片__莆田学院附属医院__莆田炎症图片__ptyz134-2_overlay.jpg,莆田学院附属医院__图片__莆田学院附属医院__莆田炎症图片__ptyz134-2.png,莆田学院附属医院__图片__莆田学院附属医院__莆田炎症图片__ptyz134-2.json
dataset/gastritis_external/processed_images/莆田学院附属医院/crop_ui,莆田学院附属医院__图片__莆田学院附属医院__莆田炎症图片__ptyz112-1.jpg,0,1,1,1,0,,莆田学院附属医院__图片__莆田学院附属医院__莆田炎症图片__ptyz112-1_overlay.jpg,莆田学院附属医院__图片__莆田学院附属医院__莆田炎症图片__ptyz112-1.png,莆田学院附属医院__图片__莆田学院附属医院__莆田炎症图片__ptyz112-1.json
dataset/gastritis_external/processed_images/莆田学院附属医院/crop_ui,莆田学院附属医院__图片__莆田学院附属医院__莆田炎症图片__ptyz57-4.jpg,0,1,1,1,0,,莆田学院附属医院__图片__莆田学院附属医院__莆田炎症图片__ptyz57-4_overlay.jpg,莆田学院附属医院__图片__莆田学院附属医院__莆田炎症图片__ptyz57-4.png,莆田学院附属医院__图片__莆田学院附属医院__莆田炎症图片__ptyz57-4.json
dataset/gastritis_external/processed_images/莆田学院附属医院/crop_ui,莆田学院附属医院__图片__莆田学院附属医院__莆田炎症图片__ptyz434-3.jpg,0,1,1,1,0,,莆田学院附属医院__图片__莆田学院附属医院__莆田炎症图片__ptyz434-3_overlay.jpg,莆田学院附属医院__图片__莆田学院附属医院__莆田炎症图片__ptyz434-3.png,莆田学院附属医院__图片__莆田学院附属医院__莆田炎症图片__ptyz434-3.json
dataset/gastritis_external/processed_images/莆田学院附属医院/crop_ui,莆田学院附属医院__图片__莆田学院附属医院__莆田炎症图片__ptyz430-2.jpg,0,1,1,1,0,,莆田学院附属医院__图片__莆田学院附属医院__莆田炎症图片__ptyz430-2_overlay.jpg,莆田学院附属医院__图片__莆田学院附属医院__莆田炎症图片__ptyz430-2.png,莆田学院附属医院__图片__莆田学院附属医院__莆田炎症图片__ptyz430-2.json
dataset/gastritis_external/processed_images/莆田学院附属医院/crop_ui,莆田学院附属医院__图片__莆田学院附属医院__莆田炎症图片__ptyz98-7.jpg,0,1,1,1,0,,莆田学院附属医院__图片__莆田学院附属医院__莆田炎症图片__ptyz98-7_overlay.jpg,莆田学院附属医院__图片__莆田学院附属医院__莆田炎症图片__ptyz98-7.png,莆田学院附属医院__图片__莆田学院附属医院__莆田炎症图片__ptyz98-7.json
dataset/gastritis_external/processed_images/莆田学院附属医院/crop_ui,莆田学院附属医院__图片__莆田学院附属医院__莆田炎症图片__ptyz400.jpg,0,1,1,1,0,,莆田学院附属医院__图片__莆田学院附属医院__莆田炎症图片__ptyz400_overlay.jpg,莆田学院附属医院__图片__莆田学院附属医院__莆田炎症图片__ptyz400.png,莆田学院附属医院__图片__莆田学院附属医院__莆田炎症图片__ptyz400.json
dataset/gastritis_external/processed_images/莆田学院附属医院/crop_ui,莆田学院附属医院__图片__莆田学院附属医院__莆田炎症图片__ptyz127-4.jpg,0,1,1,1,0,,莆田学院附属医院__图片__莆田学院附属医院__莆田炎症图片__ptyz127-4_overlay.jpg,莆田学院附属医院__图片__莆田学院附属医院__莆田炎症图片__ptyz127-4.png,莆田学院附属医院__图片__莆田学院附属医院__莆田炎症图片__ptyz127-4.json
dataset/gastritis_external/processed_images/莆田学院附属医院/crop_ui,莆田学院附属医院__图片__莆田学院附属医院__莆田炎症图片__ptyz316-3.jpg,0,1,1,1,0,,莆田学院附属医院__图片__莆田学院附属医院__莆田炎症图片__ptyz316-3_overlay.jpg,莆田学院附属医院__图片__莆田学院附属医院__莆田炎症图片__ptyz316-3.png,莆田学院附属医院__图片__莆田学院附属医院__莆田炎症图片__ptyz316-3.json
dataset/gastritis_external/processed_images/莆田学院附属医院/crop_ui,莆田学院附属医院__图片__莆田学院附属医院__莆田炎症图片__ptyz310-2.jpg,0,1,1,1,0,,莆田学院附属医院__图片__莆田学院附属医院__莆田炎症图片__ptyz310-2_overlay.jpg,莆田学院附属医院__图片__莆田学院附属医院__莆田炎症图片__ptyz310-2.png,莆田学院附属医院__图片__莆田学院附属医院__莆田炎症图片__ptyz310-2.json
dataset/gastritis_external/processed_images/莆田学院附属医院/crop_ui,莆田学院附属医院__图片__莆田学院附属医院__莆田炎症图片__ptyz257-1.jpg,0,1,1,1,0,,莆田学院附属医院__图片__莆田学院附属医院__莆田炎症图片__ptyz257-1_overlay.jpg,莆田学院附属医院__图片__莆田学院附属医院__莆田炎症图片__ptyz257-1.png,莆田学院附属医院__图片__莆田学院附属医院__莆田炎症图片__ptyz257-1.json
dataset/gastritis_external/processed_images/莆田学院附属医院/crop_ui,莆田学院附属医院__图片__莆田学院附属医院__莆田炎症图片__ptyz258-3.jpg,0,1,1,1,0,,莆田学院附属医院__图片__莆田学院附属医院__莆田炎症图片__ptyz258-3_overlay.jpg,莆田学院附属医院__图片__莆田学院附属医院__莆田炎症图片__ptyz258-3.png,莆田学院附属医院__图片__莆田学院附属医院__莆田炎症图片__ptyz258-3.json
dataset/gastritis_external/processed_images/莆田学院附属医院/crop_ui,莆田学院附属医院__图片__莆田学院附属医院__莆田炎症图片__ptyz403-1.jpg,0,1,1,1,0,,莆田学院附属医院__图片__莆田学院附属医院__莆田炎症图片__ptyz403-1_overlay.jpg,莆田学院附属医院__图片__莆田学院附属医院__莆田炎症图片__ptyz403-1.png,莆田学院附属医院__图片__莆田学院附属医院__莆田炎症图片__ptyz403-1.json
dataset/gastritis_external/processed_images/莆田学院附属医院/crop_ui,莆田学院附属医院__图片__莆田学院附属医院__莆田炎症图片__ptyz215-5.jpg,0,1,1,1,0,,莆田学院附属医院__图片__莆田学院附属医院__莆田炎症图片__ptyz215-5_overlay.jpg,莆田学院附属医院__图片__莆田学院附属医院__莆田炎症图片__ptyz215-5.png,莆田学院附属医院__图片__莆田学院附属医院__莆田炎症图片__ptyz215-5.json
dataset/gastritis_external/processed_images/莆田学院附属医院/crop_ui,莆田学院附属医院__图片__莆田学院附属医院__莆田炎症图片__ptyz384-3.jpg,0,1,1,1,0,,莆田学院附属医院__图片__莆田学院附属医院__莆田炎症图片__ptyz384-3_overlay.jpg,莆田学院附属医院__图片__莆田学院附属医院__莆田炎症图片__ptyz384-3.png,莆田学院附属医院__图片__莆田学院附属医院__莆田炎症图片__ptyz384-3.json
dataset/gastritis_external/processed_images/莆田学院附属医院/crop_ui,莆田学院附属医院__图片__莆田学院附属医院__莆田炎症图片__ptyz39-3.jpg,0,1,1,1,0,,莆田学院附属医院__图片__莆田学院附属医院__莆田炎症图片__ptyz39-3_overlay.jpg,莆田学院附属医院__图片__莆田学院附属医院__莆田炎症图片__ptyz39-3.png,莆田学院附属医院__图片__莆田学院附属医院__莆田炎症图片__ptyz39-3.json
dataset/gastritis_external/processed_images/莆田学院附属医院/crop_ui,莆田学院附属医院__图片__莆田学院附属医院__莆田炎症图片__ptyz143-5.jpg,0,1,1,1,0,,莆田学院附属医院__图片__莆田学院附属医院__莆田炎症图片__ptyz143-5_overlay.jpg,莆田学院附属医院__图片__莆田学院附属医院__莆田炎症图片__ptyz143-5.png,莆田学院附属医院__图片__莆田学院附属医院__莆田炎症图片__ptyz143-5.json
dataset/gastritis_external/processed_images/莆田学院附属医院/crop_ui,莆田学院附属医院__图片__莆田学院附属医院__莆田炎症图片__ptyz210-3.jpg,0,1,1,1,0,,莆田学院附属医院__图片__莆田学院附属医院__莆田炎症图片__ptyz210-3_overlay.jpg,莆田学院附属医院__图片__莆田学院附属医院__莆田炎症图片__ptyz210-3.png,莆田学院附属医院__图片__莆田学院附属医院__莆田炎症图片__ptyz210-3.json
dataset/gastritis_external/processed_images/莆田学院附属医院/crop_ui,莆田学院附属医院__图片__莆田学院附属医院__莆田炎症图片__ptyz435-2.jpg,0,1,1,1,0,,莆田学院附属医院__图片__莆田学院附属医院__莆田炎症图片__ptyz435-2_overlay.jpg,莆田学院附属医院__图片__莆田学院附属医院__莆田炎症图片__ptyz435-2.png,莆田学院附属医院__图片__莆田学院附属医院__莆田炎症图片__ptyz435-2.json
dataset/gastritis_external/processed_images/莆田学院附属医院/crop_ui,莆田学院附属医院__图片__莆田学院附属医院__莆田炎症图片__ptyz83-6.jpg,0,1,1,1,0,,莆田学院附属医院__图片__莆田学院附属医院__莆田炎症图片__ptyz83-6_overlay.jpg,莆田学院附属医院__图片__莆田学院附属医院__莆田炎症图片__ptyz83-6.png,莆田学院附属医院__图片__莆田学院附属医院__莆田炎症图片__ptyz83-6.json
dataset/gastritis_external/processed_images/莆田学院附属医院/crop_ui,莆田学院附属医院__图片__莆田学院附属医院__莆田炎症图片__ptyz9-2.jpg,0,1,1,1,0,,莆田学院附属医院__图片__莆田学院附属医院__莆田炎症图片__ptyz9-2_overlay.jpg,莆田学院附属医院__图片__莆田学院附属医院__莆田炎症图片__ptyz9-2.png,莆田学院附属医院__图片__莆田学院附属医院__莆田炎症图片__ptyz9-2.json
dataset/gastritis_external/processed_images/莆田学院附属医院/crop_ui,莆田学院附属医院__图片__莆田学院附属医院__莆田炎症图片__ptyz5-1.jpg,0,1,1,1,0,,莆田学院附属医院__图片__莆田学院附属医院__莆田炎症图片__ptyz5-1_overlay.jpg,莆田学院附属医院__图片__莆田学院附属医院__莆田炎症图片__ptyz5-1.png,莆田学院附属医院__图片__莆田学院附属医院__莆田炎症图片__ptyz5-1.json
dataset/gastritis_external/processed_images/莆田学院附属医院/crop_ui,莆田学院附属医院__图片__莆田学院附属医院__莆田炎症图片__ptyz184-1.jpg,0,1,1,1,0,,莆田学院附属医院__图片__莆田学院附属医院__莆田炎症图片__ptyz184-1_overlay.jpg,莆田学院附属医院__图片__莆田学院附属医院__莆田炎症图片__ptyz184-1.png,莆田学院附属医院__图片__莆田学院附属医院__莆田炎症图片__ptyz184-1.json
dataset/gastritis_external/processed_images/莆田学院附属医院/crop_ui,莆田学院附属医院__图片__莆田学院附属医院__莆田炎症图片__ptyz52-3.jpg,0,1,1,1,0,,莆田学院附属医院__图片__莆田学院附属医院__莆田炎症图片__ptyz52-3_overlay.jpg,莆田学院附属医院__图片__莆田学院附属医院__莆田炎症图片__ptyz52-3.png,莆田学院附属医院__图片__莆田学院附属医院__莆田炎症图片__ptyz52-3.json
dataset/gastritis_external/processed_images/莆田学院附属医院/crop_ui,莆田学院附属医院__图片__莆田学院附属医院__莆田炎症图片__ptyz230-1.jpg,0,1,1,1,0,,莆田学院附属医院__图片__莆田学院附属医院__莆田炎症图片__ptyz230-1_overlay.jpg,莆田学院附属医院__图片__莆田学院附属医院__莆田炎症图片__ptyz230-1.png,莆田学院附属医院__图片__莆田学院附属医院__莆田炎症图片__ptyz230-1.json
dataset/gastritis_external/processed_images/莆田学院附属医院/crop_ui,莆田学院附属医院__图片__莆田学院附属医院__莆田炎症图片__ptyz437-7.jpg,0,1,1,1,0,,莆田学院附属医院__图片__莆田学院附属医院__莆田炎症图片__ptyz437-7_overlay.jpg,莆田学院附属医院__图片__莆田学院附属医院__莆田炎症图片__ptyz437-7.png,莆田学院附属医院__图片__莆田学院附属医院__莆田炎症图片__ptyz437-7.json
dataset/gastritis_external/processed_images/莆田学院附属医院/crop_ui,莆田学院附属医院__图片__莆田学院附属医院__莆田炎症图片__ptyz11-5.jpg,0,1,1,1,0,,莆田学院附属医院__图片__莆田学院附属医院__莆田炎症图片__ptyz11-5_overlay.jpg,莆田学院附属医院__图片__莆田学院附属医院__莆田炎症图片__ptyz11-5.png,莆田学院附属医院__图片__莆田学院附属医院__莆田炎症图片__ptyz11-5.json
dataset/gastritis_external/processed_images/莆田学院附属医院/crop_ui,莆田学院附属医院__图片__莆田学院附属医院__莆田炎症图片__ptyz105-5.jpg,0,1,1,1,0,,莆田学院附属医院__图片__莆田学院附属医院__莆田炎症图片__ptyz105-5_overlay.jpg,莆田学院附属医院__图片__莆田学院附属医院__莆田炎症图片__ptyz105-5.png,莆田学院附属医院__图片__莆田学院附属医院__莆田炎症图片__ptyz105-5.json
dataset/gastritis_external/processed_images/莆田学院附属医院/crop_ui,莆田学院附属医院__图片__莆田学院附属医院__莆田炎症图片__ptyz39-5.jpg,0,1,1,1,0,,莆田学院附属医院__图片__莆田学院附属医院__莆田炎症图片__ptyz39-5_overlay.jpg,莆田学院附属医院__图片__莆田学院附属医院__莆田炎症图片__ptyz39-5.png,莆田学院附属医院__图片__莆田学院附属医院__莆田炎症图片__ptyz39-5.json
dataset/gastritis_external/processed_images/莆田学院附属医院/crop_ui,莆田学院附属医院__图片__莆田学院附属医院__莆田炎症图片__ptyz111-1.jpg,0,1,1,1,0,,莆田学院附属医院__图片__莆田学院附属医院__莆田炎症图片__ptyz111-1_overlay.jpg,莆田学院附属医院__图片__莆田学院附属医院__莆田炎症图片__ptyz111-1.png,莆田学院附属医院__图片__莆田学院附属医院__莆田炎症图片__ptyz111-1.json
dataset/gastritis_external/processed_images/莆田学院附属医院/crop_ui,莆田学院附属医院__图片__莆田学院附属医院__莆田炎症图片__ptyz293-3.jpg,0,1,1,1,0,,莆田学院附属医院__图片__莆田学院附属医院__莆田炎症图片__ptyz293-3_overlay.jpg,莆田学院附属医院__图片__莆田学院附属医院__莆田炎症图片__ptyz293-3.png,莆田学院附属医院__图片__莆田学院附属医院__莆田炎症图片__ptyz293-3.json
dataset/gastritis_external/processed_images/莆田学院附属医院/crop_ui,莆田学院附属医院__图片__莆田学院附属医院__莆田炎症图片__ptyz370-2.jpg,0,1,1,1,0,,莆田学院附属医院__图片__莆田学院附属医院__莆田炎症图片__ptyz370-2_overlay.jpg,莆田学院附属医院__图片__莆田学院附属医院__莆田炎症图片__ptyz370-2.png,莆田学院附属医院__图片__莆田学院附属医院__莆田炎症图片__ptyz370-2.json
dataset/gastritis_external/processed_images/莆田学院附属医院/crop_ui,莆田学院附属医院__图片__莆田学院附属医院__莆田炎症图片__ptyz37-8.jpg,0,1,1,1,0,,莆田学院附属医院__图片__莆田学院附属医院__莆田炎症图片__ptyz37-8_overlay.jpg,莆田学院附属医院__图片__莆田学院附属医院__莆田炎症图片__ptyz37-8.png,莆田学院附属医院__图片__莆田学院附属医院__莆田炎症图片__ptyz37-8.json
dataset/gastritis_external/processed_images/莆田学院附属医院/crop_ui,莆田学院附属医院__图片__莆田学院附属医院__莆田炎症图片__ptyz237-2.jpg,0,1,1,1,0,,莆田学院附属医院__图片__莆田学院附属医院__莆田炎症图片__ptyz237-2_overlay.jpg,莆田学院附属医院__图片__莆田学院附属医院__莆田炎症图片__ptyz237-2.png,莆田学院附属医院__图片__莆田学院附属医院__莆田炎症图片__ptyz237-2.json
dataset/gastritis_external/processed_images/莆田学院附属医院/crop_ui,莆田学院附属医院__图片__莆田学院附属医院__莆田炎症图片__ptyz153-5.jpg,0,1,1,1,0,,莆田学院附属医院__图片__莆田学院附属医院__莆田炎症图片__ptyz153-5_overlay.jpg,莆田学院附属医院__图片__莆田学院附属医院__莆田炎症图片__ptyz153-5.png,莆田学院附属医院__图片__莆田学院附属医院__莆田炎症图片__ptyz153-5.json
dataset/gastritis_external/processed_images/莆田学院附属医院/crop_ui,莆田学院附属医院__图片__莆田学院附属医院__莆田炎症图片__ptyz227-5.jpg,0,1,1,1,0,,莆田学院附属医院__图片__莆田学院附属医院__莆田炎症图片__ptyz227-5_overlay.jpg,莆田学院附属医院__图片__莆田学院附属医院__莆田炎症图片__ptyz227-5.png,莆田学院附属医院__图片__莆田学院附属医院__莆田炎症图片__ptyz227-5.json
dataset/gastritis_external/processed_images/莆田学院附属医院/crop_ui,莆田学院附属医院__图片__莆田学院附属医院__莆田炎症图片__ptyz441-5.jpg,0,1,1,1,0,,莆田学院附属医院__图片__莆田学院附属医院__莆田炎症图片__ptyz441-5_overlay.jpg,莆田学院附属医院__图片__莆田学院附属医院__莆田炎症图片__ptyz441-5.png,莆田学院附属医院__图片__莆田学院附属医院__莆田炎症图片__ptyz441-5.json
dataset/gastritis_external/processed_images/莆田学院附属医院/crop_ui,莆田学院附属医院__图片__莆田学院附属医院__莆田炎症图片__ptyz42-4.jpg,0,1,1,1,0,,莆田学院附属医院__图片__莆田学院附属医院__莆田炎症图片__ptyz42-4_overlay.jpg,莆田学院附属医院__图片__莆田学院附属医院__莆田炎症图片__ptyz42-4.png,莆田学院附属医院__图片__莆田学院附属医院__莆田炎症图片__ptyz42-4.json
dataset/gastritis_external/processed_images/莆田学院附属医院/crop_ui,莆田学院附属医院__图片__莆田学院附属医院__莆田炎症图片__ptyz61-3.jpg,0,1,1,1,0,,莆田学院附属医院__图片__莆田学院附属医院__莆田炎症图片__ptyz61-3_overlay.jpg,莆田学院附属医院__图片__莆田学院附属医院__莆田炎症图片__ptyz61-3.png,莆田学院附属医院__图片__莆田学院附属医院__莆田炎症图片__ptyz61-3.json
dataset/gastritis_external/processed_images/莆田学院附属医院/crop_ui,莆田学院附属医院__图片__莆田学院附属医院__莆田炎症图片__ptyz1-6.jpg,0,1,1,1,0,,莆田学院附属医院__图片__莆田学院附属医院__莆田炎症图片__ptyz1-6_overlay.jpg,莆田学院附属医院__图片__莆田学院附属医院__莆田炎症图片__ptyz1-6.png,莆田学院附属医院__图片__莆田学院附属医院__莆田炎症图片__ptyz1-6.json
dataset/gastritis_external/processed_images/莆田学院附属医院/crop_ui,莆田学院附属医院__图片__莆田学院附属医院__莆田炎症图片__ptyz131-5.jpg,0,1,1,1,0,,莆田学院附属医院__图片__莆田学院附属医院__莆田炎症图片__ptyz131-5_overlay.jpg,莆田学院附属医院__图片__莆田学院附属医院__莆田炎症图片__ptyz131-5.png,莆田学院附属医院__图片__莆田学院附属医院__莆田炎症图片__ptyz131-5.json
dataset/gastritis_external/processed_images/莆田学院附属医院/crop_ui,莆田学院附属医院__图片__莆田学院附属医院__莆田炎症图片__ptyz422-3.jpg,0,1,1,1,0,,莆田学院附属医院__图片__莆田学院附属医院__莆田炎症图片__ptyz422-3_overlay.jpg,莆田学院附属医院__图片__莆田学院附属医院__莆田炎症图片__ptyz422-3.png,莆田学院附属医院__图片__莆田学院附属医院__莆田炎症图片__ptyz422-3.json
dataset/gastritis_external/processed_images/莆田学院附属医院/crop_ui,莆田学院附属医院__图片__莆田学院附属医院__莆田炎症图片__ptyz329-4.jpg,0,1,1,1,0,,莆田学院附属医院__图片__莆田学院附属医院__莆田炎症图片__ptyz329-4_overlay.jpg,莆田学院附属医院__图片__莆田学院附属医院__莆田炎症图片__ptyz329-4.png,莆田学院附属医院__图片__莆田学院附属医院__莆田炎症图片__ptyz329-4.json
dataset/gastritis_external/processed_images/莆田学院附属医院/crop_ui,莆田学院附属医院__图片__莆田学院附属医院__莆田炎症图片__ptyz86-4.jpg,0,1,1,1,0,,莆田学院附属医院__图片__莆田学院附属医院__莆田炎症图片__ptyz86-4_overlay.jpg,莆田学院附属医院__图片__莆田学院附属医院__莆田炎症图片__ptyz86-4.png,莆田学院附属医院__图片__莆田学院附属医院__莆田炎症图片__ptyz86-4.json
dataset/gastritis_external/processed_images/莆田学院附属医院/crop_ui,莆田学院附属医院__图片__莆田学院附属医院__莆田炎症图片__ptyz78-3.jpg,0,1,1,1,0,,莆田学院附属医院__图片__莆田学院附属医院__莆田炎症图片__ptyz78-3_overlay.jpg,莆田学院附属医院__图片__莆田学院附属医院__莆田炎症图片__ptyz78-3.png,莆田学院附属医院__图片__莆田学院附属医院__莆田炎症图片__ptyz78-3.json
dataset/gastritis_external/processed_images/莆田学院附属医院/crop_ui,莆田学院附属医院__图片__莆田学院附属医院__莆田炎症图片__ptyz191-2.jpg,0,1,1,1,0,,莆田学院附属医院__图片__莆田学院附属医院__莆田炎症图片__ptyz191-2_overlay.jpg,莆田学院附属医院__图片__莆田学院附属医院__莆田炎症图片__ptyz191-2.png,莆田学院附属医院__图片__莆田学院附属医院__莆田炎症图片__ptyz191-2.json
dataset/gastritis_external/processed_images/莆田学院附属医院/crop_ui,莆田学院附属医院__图片__莆田学院附属医院__莆田炎症图片__ptyz1-3.jpg,0,1,1,1,0,,莆田学院附属医院__图片__莆田学院附属医院__莆田炎症图片__ptyz1-3_overlay.jpg,莆田学院附属医院__图片__莆田学院附属医院__莆田炎症图片__ptyz1-3.png,莆田学院附属医院__图片__莆田学院附属医院__莆田炎症图片__ptyz1-3.json
dataset/gastritis_external/processed_images/莆田学院附属医院/crop_ui,莆田学院附属医院__图片__莆田学院附属医院__莆田炎症图片__ptyz255-5.jpg,0,1,1,1,0,,莆田学院附属医院__图片__莆田学院附属医院__莆田炎症图片__ptyz255-5_overlay.jpg,莆田学院附属医院__图片__莆田学院附属医院__莆田炎症图片__ptyz255-5.png,莆田学院附属医院__图片__莆田学院附属医院__莆田炎症图片__ptyz255-5.json
dataset/gastritis_external/processed_images/莆田学院附属医院/crop_ui,莆田学院附属医院__图片__莆田学院附属医院__莆田炎症图片__ptyz132-4.jpg,0,1,1,1,0,,莆田学院附属医院__图片__莆田学院附属医院__莆田炎症图片__ptyz132-4_overlay.jpg,莆田学院附属医院__图片__莆田学院附属医院__莆田炎症图片__ptyz132-4.png,莆田学院附属医院__图片__莆田学院附属医院__莆田炎症图片__ptyz132-4.json
dataset/gastritis_external/processed_images/莆田学院附属医院/crop_ui,莆田学院附属医院__图片__莆田学院附属医院__莆田炎症图片__ptyz305-1.jpg,0,1,1,1,0,,莆田学院附属医院__图片__莆田学院附属医院__莆田炎症图片__ptyz305-1_overlay.jpg,莆田学院附属医院__图片__莆田学院附属医院__莆田炎症图片__ptyz305-1.png,莆田学院附属医院__图片__莆田学院附属医院__莆田炎症图片__ptyz305-1.json
dataset/gastritis_external/processed_images/莆田学院附属医院/crop_ui,莆田学院附属医院__图片__莆田学院附属医院__莆田炎症图片__ptyz199-1.jpg,0,1,1,1,0,,莆田学院附属医院__图片__莆田学院附属医院__莆田炎症图片__ptyz199-1_overlay.jpg,莆田学院附属医院__图片__莆田学院附属医院__莆田炎症图片__ptyz199-1.png,莆田学院附属医院__图片__莆田学院附属医院__莆田炎症图片__ptyz199-1.json
dataset/gastritis_external/processed_images/莆田学院附属医院/crop_ui,莆田学院附属医院__图片__莆田学院附属医院__莆田炎症图片__ptyz16-2.jpg,0,1,1,1,0,,莆田学院附属医院__图片__莆田学院附属医院__莆田炎症图片__ptyz16-2_overlay.jpg,莆田学院附属医院__图片__莆田学院附属医院__莆田炎症图片__ptyz16-2.png,莆田学院附属医院__图片__莆田学院附属医院__莆田炎症图片__ptyz16-2.json
dataset/gastritis_external/processed_images/莆田学院附属医院/crop_ui,莆田学院附属医院__图片__莆田学院附属医院__莆田炎症图片__ptyz307-4.jpg,0,1,1,1,0,,莆田学院附属医院__图片__莆田学院附属医院__莆田炎症图片__ptyz307-4_overlay.jpg,莆田学院附属医院__图片__莆田学院附属医院__莆田炎症图片__ptyz307-4.png,莆田学院附属医院__图片__莆田学院附属医院__莆田炎症图片__ptyz307-4.json
dataset/gastritis_external/processed_images/莆田学院附属医院/crop_ui,莆田学院附属医院__图片__莆田学院附属医院__莆田炎症图片__ptyz96-3.jpg,0,1,1,1,0,,莆田学院附属医院__图片__莆田学院附属医院__莆田炎症图片__ptyz96-3_overlay.jpg,莆田学院附属医院__图片__莆田学院附属医院__莆田炎症图片__ptyz96-3.png,莆田学院附属医院__图片__莆田学院附属医院__莆田炎症图片__ptyz96-3.json
dataset/gastritis_external/processed_images/莆田学院附属医院/crop_ui,莆田学院附属医院__图片__莆田学院附属医院__莆田炎症图片__ptyz421-3.jpg,0,1,1,1,0,,莆田学院附属医院__图片__莆田学院附属医院__莆田炎症图片__ptyz421-3_overlay.jpg,莆田学院附属医院__图片__莆田学院附属医院__莆田炎症图片__ptyz421-3.png,莆田学院附属医院__图片__莆田学院附属医院__莆田炎症图片__ptyz421-3.json
dataset/gastritis_external/processed_images/莆田学院附属医院/crop_ui,莆田学院附属医院__图片__莆田学院附属医院__莆田炎症图片__ptyz256-6.jpg,0,1,1,1,0,,莆田学院附属医院__图片__莆田学院附属医院__莆田炎症图片__ptyz256-6_overlay.jpg,莆田学院附属医院__图片__莆田学院附属医院__莆田炎症图片__ptyz256-6.png,莆田学院附属医院__图片__莆田学院附属医院__莆田炎症图片__ptyz256-6.json
dataset/gastritis_external/processed_images/莆田学院附属医院/crop_ui,莆田学院附属医院__图片__莆田学院附属医院__莆田炎症图片__ptyz376-1.jpg,0,1,1,1,0,,莆田学院附属医院__图片__莆田学院附属医院__莆田炎症图片__ptyz376-1_overlay.jpg,莆田学院附属医院__图片__莆田学院附属医院__莆田炎症图片__ptyz376-1.png,莆田学院附属医院__图片__莆田学院附属医院__莆田炎症图片__ptyz376-1.json
dataset/gastritis_external/processed_images/莆田学院附属医院/crop_ui,莆田学院附属医院__图片__莆田学院附属医院__莆田炎症图片__ptyz106-1.jpg,0,1,1,1,0,,莆田学院附属医院__图片__莆田学院附属医院__莆田炎症图片__ptyz106-1_overlay.jpg,莆田学院附属医院__图片__莆田学院附属医院__莆田炎症图片__ptyz106-1.png,莆田学院附属医院__图片__莆田学院附属医院__莆田炎症图片__ptyz106-1.json
dataset/gastritis_external/processed_images/莆田学院附属医院/crop_ui,莆田学院附属医院__图片__莆田学院附属医院__莆田炎症图片__ptyz321-4.jpg,0,1,1,1,0,,莆田学院附属医院__图片__莆田学院附属医院__莆田炎症图片__ptyz321-4_overlay.jpg,莆田学院附属医院__图片__莆田学院附属医院__莆田炎症图片__ptyz321-4.png,莆田学院附属医院__图片__莆田学院附属医院__莆田炎症图片__ptyz321-4.json
dataset/gastritis_external/processed_images/莆田学院附属医院/crop_ui,莆田学院附属医院__图片__莆田学院附属医院__莆田炎症图片__ptyz416-1.jpg,0,1,1,1,0,,莆田学院附属医院__图片__莆田学院附属医院__莆田炎症图片__ptyz416-1_overlay.jpg,莆田学院附属医院__图片__莆田学院附属医院__莆田炎症图片__ptyz416-1.png,莆田学院附属医院__图片__莆田学院附属医院__莆田炎症图片__ptyz416-1.json
dataset/gastritis_external/processed_images/莆田学院附属医院/crop_ui,莆田学院附属医院__图片__莆田学院附属医院__莆田炎症图片__ptyz294-5.jpg,0,1,1,1,0,,莆田学院附属医院__图片__莆田学院附属医院__莆田炎症图片__ptyz294-5_overlay.jpg,莆田学院附属医院__图片__莆田学院附属医院__莆田炎症图片__ptyz294-5.png,莆田学院附属医院__图片__莆田学院附属医院__莆田炎症图片__ptyz294-5.json
dataset/gastritis_external/processed_images/莆田学院附属医院/crop_ui,莆田学院附属医院__图片__莆田学院附属医院__莆田炎症图片__ptyz93-3.jpg,0,1,1,1,0,,莆田学院附属医院__图片__莆田学院附属医院__莆田炎症图片__ptyz93-3_overlay.jpg,莆田学院附属医院__图片__莆田学院附属医院__莆田炎症图片__ptyz93-3.png,莆田学院附属医院__图片__莆田学院附属医院__莆田炎症图片__ptyz93-3.json
dataset/gastritis_external/processed_images/莆田学院附属医院/crop_ui,莆田学院附属医院__图片__莆田学院附属医院__莆田炎症图片__ptyz218-3.jpg,0,1,1,1,0,,莆田学院附属医院__图片__莆田学院附属医院__莆田炎症图片__ptyz218-3_overlay.jpg,莆田学院附属医院__图片__莆田学院附属医院__莆田炎症图片__ptyz218-3.png,莆田学院附属医院__图片__莆田学院附属医院__莆田炎症图片__ptyz218-3.json
dataset/gastritis_external/processed_images/莆田学院附属医院/crop_ui,莆田学院附属医院__图片__莆田学院附属医院__莆田炎症图片__ptyz275-2.jpg,0,1,1,1,0,,莆田学院附属医院__图片__莆田学院附属医院__莆田炎症图片__ptyz275-2_overlay.jpg,莆田学院附属医院__图片__莆田学院附属医院__莆田炎症图片__ptyz275-2.png,莆田学院附属医院__图片__莆田学院附属医院__莆田炎症图片__ptyz275-2.json
dataset/gastritis_external/processed_images/莆田学院附属医院/crop_ui,莆田学院附属医院__图片__莆田学院附属医院__莆田炎症图片__ptyz435-1.jpg,0,1,1,1,0,,莆田学院附属医院__图片__莆田学院附属医院__莆田炎症图片__ptyz435-1_overlay.jpg,莆田学院附属医院__图片__莆田学院附属医院__莆田炎症图片__ptyz435-1.png,莆田学院附属医院__图片__莆田学院附属医院__莆田炎症图片__ptyz435-1.json
dataset/gastritis_external/processed_images/莆田学院附属医院/crop_ui,莆田学院附属医院__图片__莆田学院附属医院__莆田炎症图片__ptyz441-7.jpg,0,1,1,1,0,,莆田学院附属医院__图片__莆田学院附属医院__莆田炎症图片__ptyz441-7_overlay.jpg,莆田学院附属医院__图片__莆田学院附属医院__莆田炎症图片__ptyz441-7.png,莆田学院附属医院__图片__莆田学院附属医院__莆田炎症图片__ptyz441-7.json
dataset/gastritis_external/processed_images/莆田学院附属医院/crop_ui,莆田学院附属医院__图片__莆田学院附属医院__莆田炎症图片__ptyz87-4.jpg,0,1,1,1,0,,莆田学院附属医院__图片__莆田学院附属医院__莆田炎症图片__ptyz87-4_overlay.jpg,莆田学院附属医院__图片__莆田学院附属医院__莆田炎症图片__ptyz87-4.png,莆田学院附属医院__图片__莆田学院附属医院__莆田炎症图片__ptyz87-4.json
dataset/gastritis_external/processed_images/莆田学院附属医院/crop_ui,莆田学院附属医院__图片__莆田学院附属医院__莆田炎症图片__ptyz233-2.jpg,0,1,1,1,0,,莆田学院附属医院__图片__莆田学院附属医院__莆田炎症图片__ptyz233-2_overlay.jpg,莆田学院附属医院__图片__莆田学院附属医院__莆田炎症图片__ptyz233-2.png,莆田学院附属医院__图片__莆田学院附属医院__莆田炎症图片__ptyz233-2.json
dataset/gastritis_external/processed_images/莆田学院附属医院/crop_ui,莆田学院附属医院__图片__莆田学院附属医院__莆田炎症图片__ptyz243-2.jpg,0,1,1,1,0,,莆田学院附属医院__图片__莆田学院附属医院__莆田炎症图片__ptyz243-2_overlay.jpg,莆田学院附属医院__图片__莆田学院附属医院__莆田炎症图片__ptyz243-2.png,莆田学院附属医院__图片__莆田学院附属医院__莆田炎症图片__ptyz243-2.json
dataset/gastritis_external/processed_images/莆田学院附属医院/crop_ui,莆田学院附属医院__图片__莆田学院附属医院__莆田炎症图片__ptyz390-1.jpg,0,1,1,1,0,,莆田学院附属医院__图片__莆田学院附属医院__莆田炎症图片__ptyz390-1_overlay.jpg,莆田学院附属医院__图片__莆田学院附属医院__莆田炎症图片__ptyz390-1.png,莆田学院附属医院__图片__莆田学院附属医院__莆田炎症图片__ptyz390-1.json
dataset/gastritis_external/processed_images/莆田学院附属医院/crop_ui,莆田学院附属医院__图片__莆田学院附属医院__莆田炎症图片__ptyz392-5.jpg,0,1,1,1,0,,莆田学院附属医院__图片__莆田学院附属医院__莆田炎症图片__ptyz392-5_overlay.jpg,莆田学院附属医院__图片__莆田学院附属医院__莆田炎症图片__ptyz392-5.png,莆田学院附属医院__图片__莆田学院附属医院__莆田炎症图片__ptyz392-5.json
dataset/gastritis_external/processed_images/莆田学院附属医院/crop_ui,莆田学院附属医院__图片__莆田学院附属医院__莆田炎症图片__ptyz276-3.jpg,0,1,1,1,0,,莆田学院附属医院__图片__莆田学院附属医院__莆田炎症图片__ptyz276-3_overlay.jpg,莆田学院附属医院__图片__莆田学院附属医院__莆田炎症图片__ptyz276-3.png,莆田学院附属医院__图片__莆田学院附属医院__莆田炎症图片__ptyz276-3.json
dataset/gastritis_external/processed_images/莆田学院附属医院/crop_ui,莆田学院附属医院__图片__莆田学院附属医院__莆田炎症图片__ptyz77-4.jpg,0,1,1,1,0,,莆田学院附属医院__图片__莆田学院附属医院__莆田炎症图片__ptyz77-4_overlay.jpg,莆田学院附属医院__图片__莆田学院附属医院__莆田炎症图片__ptyz77-4.png,莆田学院附属医院__图片__莆田学院附属医院__莆田炎症图片__ptyz77-4.json
dataset/gastritis_external/processed_images/莆田学院附属医院/crop_ui,莆田学院附属医院__图片__莆田学院附属医院__莆田炎症图片__ptyz426-4.jpg,0,1,1,1,0,,莆田学院附属医院__图片__莆田学院附属医院__莆田炎症图片__ptyz426-4_overlay.jpg,莆田学院附属医院__图片__莆田学院附属医院__莆田炎症图片__ptyz426-4.png,莆田学院附属医院__图片__莆田学院附属医院__莆田炎症图片__ptyz426-4.json
dataset/gastritis_external/processed_images/莆田学院附属医院/crop_ui,莆田学院附属医院__图片__莆田学院附属医院__莆田炎症图片__ptyz23-6.jpg,0,1,1,1,0,,莆田学院附属医院__图片__莆田学院附属医院__莆田炎症图片__ptyz23-6_overlay.jpg,莆田学院附属医院__图片__莆田学院附属医院__莆田炎症图片__ptyz23-6.png,莆田学院附属医院__图片__莆田学院附属医院__莆田炎症图片__ptyz23-6.json
dataset/gastritis_external/processed_images/莆田学院附属医院/crop_ui,莆田学院附属医院__图片__莆田学院附属医院__莆田炎症图片__ptyz252-1.jpg,0,1,1,1,0,,莆田学院附属医院__图片__莆田学院附属医院__莆田炎症图片__ptyz252-1_overlay.jpg,莆田学院附属医院__图片__莆田学院附属医院__莆田炎症图片__ptyz252-1.png,莆田学院附属医院__图片__莆田学院附属医院__莆田炎症图片__ptyz252-1.json
dataset/gastritis_external/processed_images/莆田学院附属医院/crop_ui,莆田学院附属医院__图片__莆田学院附属医院__莆田炎症图片__ptyz383-1.jpg,0,1,1,1,0,,莆田学院附属医院__图片__莆田学院附属医院__莆田炎症图片__ptyz383-1_overlay.jpg,莆田学院附属医院__图片__莆田学院附属医院__莆田炎症图片__ptyz383-1.png,莆田学院附属医院__图片__莆田学院附属医院__莆田炎症图片__ptyz383-1.json
dataset/gastritis_external/processed_images/莆田学院附属医院/crop_ui,莆田学院附属医院__图片__莆田学院附属医院__莆田炎症图片__ptyz338-4.jpg,0,1,1,1,0,,莆田学院附属医院__图片__莆田学院附属医院__莆田炎症图片__ptyz338-4_overlay.jpg,莆田学院附属医院__图片__莆田学院附属医院__莆田炎症图片__ptyz338-4.png,莆田学院附属医院__图片__莆田学院附属医院__莆田炎症图片__ptyz338-4.json
dataset/gastritis_external/processed_images/莆田学院附属医院/crop_ui,莆田学院附属医院__图片__莆田学院附属医院__莆田炎症图片__ptyz197-1.jpg,0,1,1,1,0,,莆田学院附属医院__图片__莆田学院附属医院__莆田炎症图片__ptyz197-1_overlay.jpg,莆田学院附属医院__图片__莆田学院附属医院__莆田炎症图片__ptyz197-1.png,莆田学院附属医院__图片__莆田学院附属医院__莆田炎症图片__ptyz197-1.json
dataset/gastritis_external/processed_images/莆田学院附属医院/crop_ui,莆田学院附属医院__图片__莆田学院附属医院__莆田炎症图片__ptyz298-2.jpg,0,1,1,1,0,,莆田学院附属医院__图片__莆田学院附属医院__莆田炎症图片__ptyz298-2_overlay.jpg,莆田学院附属医院__图片__莆田学院附属医院__莆田炎症图片__ptyz298-2.png,莆田学院附属医院__图片__莆田学院附属医院__莆田炎症图片__ptyz298-2.json
dataset/gastritis_external/processed_images/莆田学院附属医院/crop_ui,莆田学院附属医院__图片__莆田学院附属医院__莆田炎症图片__ptyz194-3.jpg,0,1,1,1,0,,莆田学院附属医院__图片__莆田学院附属医院__莆田炎症图片__ptyz194-3_overlay.jpg,莆田学院附属医院__图片__莆田学院附属医院__莆田炎症图片__ptyz194-3.png,莆田学院附属医院__图片__莆田学院附属医院__莆田炎症图片__ptyz194-3.json
dataset/gastritis_external/processed_images/莆田学院附属医院/crop_ui,莆田学院附属医院__图片__莆田学院附属医院__莆田炎症图片__ptyz126-3.jpg,0,1,1,1,0,,莆田学院附属医院__图片__莆田学院附属医院__莆田炎症图片__ptyz126-3_overlay.jpg,莆田学院附属医院__图片__莆田学院附属医院__莆田炎症图片__ptyz126-3.png,莆田学院附属医院__图片__莆田学院附属医院__莆田炎症图片__ptyz126-3.json
dataset/gastritis_external/processed_images/莆田学院附属医院/crop_ui,莆田学院附属医院__图片__莆田学院附属医院__莆田炎症图片__ptyz121-3.jpg,0,1,1,1,0,,莆田学院附属医院__图片__莆田学院附属医院__莆田炎症图片__ptyz121-3_overlay.jpg,莆田学院附属医院__图片__莆田学院附属医院__莆田炎症图片__ptyz121-3.png,莆田学院附属医院__图片__莆田学院附属医院__莆田炎症图片__ptyz121-3.json
dataset/gastritis_external/processed_images/莆田学院附属医院/crop_ui,莆田学院附属医院__图片__莆田学院附属医院__莆田炎症图片__ptyz184-3.jpg,0,1,1,1,0,,莆田学院附属医院__图片__莆田学院附属医院__莆田炎症图片__ptyz184-3_overlay.jpg,莆田学院附属医院__图片__莆田学院附属医院__莆田炎症图片__ptyz184-3.png,莆田学院附属医院__图片__莆田学院附属医院__莆田炎症图片__ptyz184-3.json
dataset/gastritis_external/processed_images/莆田学院附属医院/crop_ui,莆田学院附属医院__图片__莆田学院附属医院__莆田炎症图片__ptyz20-7.jpg,0,1,1,1,0,,莆田学院附属医院__图片__莆田学院附属医院__莆田炎症图片__ptyz20-7_overlay.jpg,莆田学院附属医院__图片__莆田学院附属医院__莆田炎症图片__ptyz20-7.png,莆田学院附属医院__图片__莆田学院附属医院__莆田炎症图片__ptyz20-7.json
dataset/gastritis_external/processed_images/莆田学院附属医院/crop_ui,莆田学院附属医院__图片__莆田学院附属医院__莆田炎症图片__ptyz264-3.jpg,0,1,1,1,0,,莆田学院附属医院__图片__莆田学院附属医院__莆田炎症图片__ptyz264-3_overlay.jpg,莆田学院附属医院__图片__莆田学院附属医院__莆田炎症图片__ptyz264-3.png,莆田学院附属医院__图片__莆田学院附属医院__莆田炎症图片__ptyz264-3.json
dataset/gastritis_external/processed_images/莆田学院附属医院/crop_ui,莆田学院附属医院__图片__莆田学院附属医院__莆田炎症图片__ptyz406-2.jpg,0,1,1,1,0,,莆田学院附属医院__图片__莆田学院附属医院__莆田炎症图片__ptyz406-2_overlay.jpg,莆田学院附属医院__图片__莆田学院附属医院__莆田炎症图片__ptyz406-2.png,莆田学院附属医院__图片__莆田学院附属医院__莆田炎症图片__ptyz406-2.json
dataset/gastritis_external/processed_images/莆田学院附属医院/crop_ui,莆田学院附属医院__图片__莆田学院附属医院__莆田炎症图片__ptyz79-8.jpg,0,1,1,1,0,,莆田学院附属医院__图片__莆田学院附属医院__莆田炎症图片__ptyz79-8_overlay.jpg,莆田学院附属医院__图片__莆田学院附属医院__莆田炎症图片__ptyz79-8.png,莆田学院附属医院__图片__莆田学院附属医院__莆田炎症图片__ptyz79-8.json
dataset/gastritis_external/processed_images/莆田学院附属医院/crop_ui,莆田学院附属医院__图片__莆田学院附属医院__莆田炎症图片__ptyz32-3.jpg,0,1,1,1,0,,莆田学院附属医院__图片__莆田学院附属医院__莆田炎症图片__ptyz32-3_overlay.jpg,莆田学院附属医院__图片__莆田学院附属医院__莆田炎症图片__ptyz32-3.png,莆田学院附属医院__图片__莆田学院附属医院__莆田炎症图片__ptyz32-3.json
dataset/gastritis_external/processed_images/莆田学院附属医院/crop_ui,莆田学院附属医院__图片__莆田学院附属医院__莆田炎症图片__ptyz285-6.jpg,0,1,1,1,0,,莆田学院附属医院__图片__莆田学院附属医院__莆田炎症图片__ptyz285-6_overlay.jpg,莆田学院附属医院__图片__莆田学院附属医院__莆田炎症图片__ptyz285-6.png,莆田学院附属医院__图片__莆田学院附属医院__莆田炎症图片__ptyz285-6.json
dataset/gastritis_external/processed_images/莆田学院附属医院/crop_ui,莆田学院附属医院__图片__莆田学院附属医院__莆田炎症图片__ptyz227-4.jpg,0,1,1,1,0,,莆田学院附属医院__图片__莆田学院附属医院__莆田炎症图片__ptyz227-4_overlay.jpg,莆田学院附属医院__图片__莆田学院附属医院__莆田炎症图片__ptyz227-4.png,莆田学院附属医院__图片__莆田学院附属医院__莆田炎症图片__ptyz227-4.json
dataset/gastritis_external/processed_images/莆田学院附属医院/crop_ui,莆田学院附属医院__图片__莆田学院附属医院__莆田炎症图片__ptyz145-2.jpg,0,1,1,1,0,,莆田学院附属医院__图片__莆田学院附属医院__莆田炎症图片__ptyz145-2_overlay.jpg,莆田学院附属医院__图片__莆田学院附属医院__莆田炎症图片__ptyz145-2.png,莆田学院附属医院__图片__莆田学院附属医院__莆田炎症图片__ptyz145-2.json
dataset/gastritis_external/processed_images/莆田学院附属医院/crop_ui,莆田学院附属医院__图片__莆田学院附属医院__莆田炎症图片__ptyz88-3.jpg,0,1,1,1,0,,莆田学院附属医院__图片__莆田学院附属医院__莆田炎症图片__ptyz88-3_overlay.jpg,莆田学院附属医院__图片__莆田学院附属医院__莆田炎症图片__ptyz88-3.png,莆田学院附属医院__图片__莆田学院附属医院__莆田炎症图片__ptyz88-3.json
dataset/gastritis_external/processed_images/莆田学院附属医院/crop_ui,莆田学院附属医院__图片__莆田学院附属医院__莆田炎症图片__ptyz118-4.jpg,0,1,1,1,0,,莆田学院附属医院__图片__莆田学院附属医院__莆田炎症图片__ptyz118-4_overlay.jpg,莆田学院附属医院__图片__莆田学院附属医院__莆田炎症图片__ptyz118-4.png,莆田学院附属医院__图片__莆田学院附属医院__莆田炎症图片__ptyz118-4.json
dataset/gastritis_external/processed_images/莆田学院附属医院/crop_ui,莆田学院附属医院__图片__莆田学院附属医院__莆田炎症图片__ptyz332-1.jpg,0,1,1,1,0,,莆田学院附属医院__图片__莆田学院附属医院__莆田炎症图片__ptyz332-1_overlay.jpg,莆田学院附属医院__图片__莆田学院附属医院__莆田炎症图片__ptyz332-1.png,莆田学院附属医院__图片__莆田学院附属医院__莆田炎症图片__ptyz332-1.json
dataset/gastritis_external/processed_images/莆田学院附属医院/crop_ui,莆田学院附属医院__图片__莆田学院附属医院__莆田炎症图片__ptyz345-5.jpg,0,1,1,1,0,,莆田学院附属医院__图片__莆田学院附属医院__莆田炎症图片__ptyz345-5_overlay.jpg,莆田学院附属医院__图片__莆田学院附属医院__莆田炎症图片__ptyz345-5.png,莆田学院附属医院__图片__莆田学院附属医院__莆田炎症图片__ptyz345-5.json
dataset/gastritis_external/processed_images/莆田学院附属医院/crop_ui,莆田学院附属医院__图片__莆田学院附属医院__莆田炎症图片__ptyz381.jpg,0,1,1,1,0,,莆田学院附属医院__图片__莆田学院附属医院__莆田炎症图片__ptyz381_overlay.jpg,莆田学院附属医院__图片__莆田学院附属医院__莆田炎症图片__ptyz381.png,莆田学院附属医院__图片__莆田学院附属医院__莆田炎症图片__ptyz381.json
dataset/gastritis_external/processed_images/莆田学院附属医院/crop_ui,莆田学院附属医院__图片__莆田学院附属医院__莆田炎症图片__ptyz217-1.jpg,0,1,1,1,0,,莆田学院附属医院__图片__莆田学院附属医院__莆田炎症图片__ptyz217-1_overlay.jpg,莆田学院附属医院__图片__莆田学院附属医院__莆田炎症图片__ptyz217-1.png,莆田学院附属医院__图片__莆田学院附属医院__莆田炎症图片__ptyz217-1.json
dataset/gastritis_external/processed_images/莆田学院附属医院/crop_ui,莆田学院附属医院__图片__莆田学院附属医院__莆田炎症图片__ptyz103-4.jpg,0,1,1,1,0,,莆田学院附属医院__图片__莆田学院附属医院__莆田炎症图片__ptyz103-4_overlay.jpg,莆田学院附属医院__图片__莆田学院附属医院__莆田炎症图片__ptyz103-4.png,莆田学院附属医院__图片__莆田学院附属医院__莆田炎症图片__ptyz103-4.json
dataset/gastritis_external/processed_images/莆田学院附属医院/crop_ui,莆田学院附属医院__图片__莆田学院附属医院__莆田炎症图片__ptyz164-4.jpg,0,1,1,1,0,,莆田学院附属医院__图片__莆田学院附属医院__莆田炎症图片__ptyz164-4_overlay.jpg,莆田学院附属医院__图片__莆田学院附属医院__莆田炎症图片__ptyz164-4.png,莆田学院附属医院__图片__莆田学院附属医院__莆田炎症图片__ptyz164-4.json
dataset/gastritis_external/processed_images/莆田学院附属医院/crop_ui,莆田学院附属医院__图片__莆田学院附属医院__莆田炎症图片__ptyz150-4.jpg,0,1,1,1,0,,莆田学院附属医院__图片__莆田学院附属医院__莆田炎症图片__ptyz150-4_overlay.jpg,莆田学院附属医院__图片__莆田学院附属医院__莆田炎症图片__ptyz150-4.png,莆田学院附属医院__图片__莆田学院附属医院__莆田炎症图片__ptyz150-4.json
dataset/gastritis_external/processed_images/莆田学院附属医院/crop_ui,莆田学院附属医院__图片__莆田学院附属医院__莆田炎症图片__ptyz86-6.jpg,0,1,1,1,0,,莆田学院附属医院__图片__莆田学院附属医院__莆田炎症图片__ptyz86-6_overlay.jpg,莆田学院附属医院__图片__莆田学院附属医院__莆田炎症图片__ptyz86-6.png,莆田学院附属医院__图片__莆田学院附属医院__莆田炎症图片__ptyz86-6.json
dataset/gastritis_external/processed_images/莆田学院附属医院/crop_ui,莆田学院附属医院__图片__莆田学院附属医院__莆田炎症图片__ptyz6-7.jpg,0,1,1,1,0,,莆田学院附属医院__图片__莆田学院附属医院__莆田炎症图片__ptyz6-7_overlay.jpg,莆田学院附属医院__图片__莆田学院附属医院__莆田炎症图片__ptyz6-7.png,莆田学院附属医院__图片__莆田学院附属医院__莆田炎症图片__ptyz6-7.json
dataset/gastritis_external/processed_images/莆田学院附属医院/crop_ui,莆田学院附属医院__图片__莆田学院附属医院__莆田炎症图片__ptyz12-19.jpg,0,1,1,1,0,,莆田学院附属医院__图片__莆田学院附属医院__莆田炎症图片__ptyz12-19_overlay.jpg,莆田学院附属医院__图片__莆田学院附属医院__莆田炎症图片__ptyz12-19.png,莆田学院附属医院__图片__莆田学院附属医院__莆田炎症图片__ptyz12-19.json
dataset/gastritis_external/processed_images/莆田学院附属医院/crop_ui,莆田学院附属医院__图片__莆田学院附属医院__莆田炎症图片__ptyz84-2.jpg,0,1,1,1,0,,莆田学院附属医院__图片__莆田学院附属医院__莆田炎症图片__ptyz84-2_overlay.jpg,莆田学院附属医院__图片__莆田学院附属医院__莆田炎症图片__ptyz84-2.png,莆田学院附属医院__图片__莆田学院附属医院__莆田炎症图片__ptyz84-2.json
dataset/gastritis_external/processed_images/莆田学院附属医院/crop_ui,莆田学院附属医院__图片__莆田学院附属医院__莆田炎症图片__ptyz126-1.jpg,0,1,1,1,0,,莆田学院附属医院__图片__莆田学院附属医院__莆田炎症图片__ptyz126-1_overlay.jpg,莆田学院附属医院__图片__莆田学院附属医院__莆田炎症图片__ptyz126-1.png,莆田学院附属医院__图片__莆田学院附属医院__莆田炎症图片__ptyz126-1.json
dataset/gastritis_external/processed_images/莆田学院附属医院/crop_ui,莆田学院附属医院__图片__莆田学院附属医院__莆田炎症图片__ptyz228-4.jpg,0,1,1,1,0,,莆田学院附属医院__图片__莆田学院附属医院__莆田炎症图片__ptyz228-4_overlay.jpg,莆田学院附属医院__图片__莆田学院附属医院__莆田炎症图片__ptyz228-4.png,莆田学院附属医院__图片__莆田学院附属医院__莆田炎症图片__ptyz228-4.json
dataset/gastritis_external/processed_images/莆田学院附属医院/crop_ui,莆田学院附属医院__图片__莆田学院附属医院__莆田炎症图片__ptyz62-1.jpg,0,1,1,1,0,,莆田学院附属医院__图片__莆田学院附属医院__莆田炎症图片__ptyz62-1_overlay.jpg,莆田学院附属医院__图片__莆田学院附属医院__莆田炎症图片__ptyz62-1.png,莆田学院附属医院__图片__莆田学院附属医院__莆田炎症图片__ptyz62-1.json
dataset/gastritis_external/processed_images/莆田学院附属医院/crop_ui,莆田学院附属医院__图片__莆田学院附属医院__莆田炎症图片__ptyz385-1.jpg,0,1,1,1,0,,莆田学院附属医院__图片__莆田学院附属医院__莆田炎症图片__ptyz385-1_overlay.jpg,莆田学院附属医院__图片__莆田学院附属医院__莆田炎症图片__ptyz385-1.png,莆田学院附属医院__图片__莆田学院附属医院__莆田炎症图片__ptyz385-1.json
dataset/gastritis_external/processed_images/莆田学院附属医院/crop_ui,莆田学院附属医院__图片__莆田学院附属医院__莆田炎症图片__ptyz222-3.jpg,0,1,1,1,0,,莆田学院附属医院__图片__莆田学院附属医院__莆田炎症图片__ptyz222-3_overlay.jpg,莆田学院附属医院__图片__莆田学院附属医院__莆田炎症图片__ptyz222-3.png,莆田学院附属医院__图片__莆田学院附属医院__莆田炎症图片__ptyz222-3.json
dataset/gastritis_external/processed_images/莆田学院附属医院/crop_ui,莆田学院附属医院__图片__莆田学院附属医院__莆田炎症图片__ptyz319-2.jpg,0,1,1,1,0,,莆田学院附属医院__图片__莆田学院附属医院__莆田炎症图片__ptyz319-2_overlay.jpg,莆田学院附属医院__图片__莆田学院附属医院__莆田炎症图片__ptyz319-2.png,莆田学院附属医院__图片__莆田学院附属医院__莆田炎症图片__ptyz319-2.json
dataset/gastritis_external/processed_images/莆田学院附属医院/crop_ui,莆田学院附属医院__图片__莆田学院附属医院__莆田炎症图片__ptyz58-3.jpg,0,1,1,1,0,,莆田学院附属医院__图片__莆田学院附属医院__莆田炎症图片__ptyz58-3_overlay.jpg,莆田学院附属医院__图片__莆田学院附属医院__莆田炎症图片__ptyz58-3.png,莆田学院附属医院__图片__莆田学院附属医院__莆田炎症图片__ptyz58-3.json
dataset/gastritis_external/processed_images/莆田学院附属医院/crop_ui,莆田学院附属医院__图片__莆田学院附属医院__莆田炎症图片__ptyz198-4.jpg,0,1,1,1,0,,莆田学院附属医院__图片__莆田学院附属医院__莆田炎症图片__ptyz198-4_overlay.jpg,莆田学院附属医院__图片__莆田学院附属医院__莆田炎症图片__ptyz198-4.png,莆田学院附属医院__图片__莆田学院附属医院__莆田炎症图片__ptyz198-4.json
dataset/gastritis_external/processed_images/莆田学院附属医院/crop_ui,莆田学院附属医院__图片__莆田学院附属医院__莆田炎症图片__ptyz61-4.jpg,0,1,1,1,0,,莆田学院附属医院__图片__莆田学院附属医院__莆田炎症图片__ptyz61-4_overlay.jpg,莆田学院附属医院__图片__莆田学院附属医院__莆田炎症图片__ptyz61-4.png,莆田学院附属医院__图片__莆田学院附属医院__莆田炎症图片__ptyz61-4.json
dataset/gastritis_external/processed_images/莆田学院附属医院/crop_ui,莆田学院附属医院__图片__莆田学院附属医院__莆田炎症图片__ptyz64-9.jpg,0,1,1,1,0,,莆田学院附属医院__图片__莆田学院附属医院__莆田炎症图片__ptyz64-9_overlay.jpg,莆田学院附属医院__图片__莆田学院附属医院__莆田炎症图片__ptyz64-9.png,莆田学院附属医院__图片__莆田学院附属医院__莆田炎症图片__ptyz64-9.json
dataset/gastritis_external/processed_images/莆田学院附属医院/crop_ui,莆田学院附属医院__图片__莆田学院附属医院__莆田炎症图片__ptyz345-4.jpg,0,1,1,1,0,,莆田学院附属医院__图片__莆田学院附属医院__莆田炎症图片__ptyz345-4_overlay.jpg,莆田学院附属医院__图片__莆田学院附属医院__莆田炎症图片__ptyz345-4.png,莆田学院附属医院__图片__莆田学院附属医院__莆田炎症图片__ptyz345-4.json
dataset/gastritis_external/processed_images/莆田学院附属医院/crop_ui,莆田学院附属医院__图片__莆田学院附属医院__莆田炎症图片__ptyz429-3.jpg,0,1,1,1,0,,莆田学院附属医院__图片__莆田学院附属医院__莆田炎症图片__ptyz429-3_overlay.jpg,莆田学院附属医院__图片__莆田学院附属医院__莆田炎症图片__ptyz429-3.png,莆田学院附属医院__图片__莆田学院附属医院__莆田炎症图片__ptyz429-3.json
dataset/gastritis_external/processed_images/莆田学院附属医院/crop_ui,莆田学院附属医院__图片__莆田学院附属医院__莆田炎症图片__ptyz63-1.jpg,0,1,1,1,0,,莆田学院附属医院__图片__莆田学院附属医院__莆田炎症图片__ptyz63-1_overlay.jpg,莆田学院附属医院__图片__莆田学院附属医院__莆田炎症图片__ptyz63-1.png,莆田学院附属医院__图片__莆田学院附属医院__莆田炎症图片__ptyz63-1.json
dataset/gastritis_external/processed_images/莆田学院附属医院/crop_ui,莆田学院附属医院__图片__莆田学院附属医院__莆田炎症图片__ptyz355-4.jpg,0,1,1,1,0,,莆田学院附属医院__图片__莆田学院附属医院__莆田炎症图片__ptyz355-4_overlay.jpg,莆田学院附属医院__图片__莆田学院附属医院__莆田炎症图片__ptyz355-4.png,莆田学院附属医院__图片__莆田学院附属医院__莆田炎症图片__ptyz355-4.json
dataset/gastritis_external/processed_images/莆田学院附属医院/crop_ui,莆田学院附属医院__图片__莆田学院附属医院__莆田炎症图片__ptyz116-3.jpg,0,1,1,1,0,,莆田学院附属医院__图片__莆田学院附属医院__莆田炎症图片__ptyz116-3_overlay.jpg,莆田学院附属医院__图片__莆田学院附属医院__莆田炎症图片__ptyz116-3.png,莆田学院附属医院__图片__莆田学院附属医院__莆田炎症图片__ptyz116-3.json
dataset/gastritis_external/processed_images/莆田学院附属医院/crop_ui,莆田学院附属医院__图片__莆田学院附属医院__莆田炎症图片__ptyz37-7.jpg,0,1,1,1,0,,莆田学院附属医院__图片__莆田学院附属医院__莆田炎症图片__ptyz37-7_overlay.jpg,莆田学院附属医院__图片__莆田学院附属医院__莆田炎症图片__ptyz37-7.png,莆田学院附属医院__图片__莆田学院附属医院__莆田炎症图片__ptyz37-7.json
dataset/gastritis_external/processed_images/莆田学院附属医院/crop_ui,莆田学院附属医院__图片__莆田学院附属医院__莆田炎症图片__ptyz113-2.jpg,0,1,1,1,0,,莆田学院附属医院__图片__莆田学院附属医院__莆田炎症图片__ptyz113-2_overlay.jpg,莆田学院附属医院__图片__莆田学院附属医院__莆田炎症图片__ptyz113-2.png,莆田学院附属医院__图片__莆田学院附属医院__莆田炎症图片__ptyz113-2.json
dataset/gastritis_external/processed_images/莆田学院附属医院/crop_ui,莆田学院附属医院__图片__莆田学院附属医院__莆田炎症图片__ptyz20-5.jpg,0,1,1,1,0,,莆田学院附属医院__图片__莆田学院附属医院__莆田炎症图片__ptyz20-5_overlay.jpg,莆田学院附属医院__图片__莆田学院附属医院__莆田炎症图片__ptyz20-5.png,莆田学院附属医院__图片__莆田学院附属医院__莆田炎症图片__ptyz20-5.json
dataset/gastritis_external/processed_images/莆田学院附属医院/crop_ui,莆田学院附属医院__图片__莆田学院附属医院__莆田炎症图片__ptyz111-3.jpg,0,1,1,1,0,,莆田学院附属医院__图片__莆田学院附属医院__莆田炎症图片__ptyz111-3_overlay.jpg,莆田学院附属医院__图片__莆田学院附属医院__莆田炎症图片__ptyz111-3.png,莆田学院附属医院__图片__莆田学院附属医院__莆田炎症图片__ptyz111-3.json
dataset/gastritis_external/processed_images/莆田学院附属医院/crop_ui,莆田学院附属医院__图片__莆田学院附属医院__莆田炎症图片__ptyz125-2.jpg,0,1,1,1,0,,莆田学院附属医院__图片__莆田学院附属医院__莆田炎症图片__ptyz125-2_overlay.jpg,莆田学院附属医院__图片__莆田学院附属医院__莆田炎症图片__ptyz125-2.png,莆田学院附属医院__图片__莆田学院附属医院__莆田炎症图片__ptyz125-2.json
dataset/gastritis_external/processed_images/莆田学院附属医院/crop_ui,莆田学院附属医院__图片__莆田学院附属医院__莆田炎症图片__ptyz186-1.jpg,0,1,1,1,0,,莆田学院附属医院__图片__莆田学院附属医院__莆田炎症图片__ptyz186-1_overlay.jpg,莆田学院附属医院__图片__莆田学院附属医院__莆田炎症图片__ptyz186-1.png,莆田学院附属医院__图片__莆田学院附属医院__莆田炎症图片__ptyz186-1.json
dataset/gastritis_external/processed_images/莆田学院附属医院/crop_ui,莆田学院附属医院__图片__莆田学院附属医院__莆田炎症图片__ptyz272-1.jpg,0,1,1,1,0,,莆田学院附属医院__图片__莆田学院附属医院__莆田炎症图片__ptyz272-1_overlay.jpg,莆田学院附属医院__图片__莆田学院附属医院__莆田炎症图片__ptyz272-1.png,莆田学院附属医院__图片__莆田学院附属医院__莆田炎症图片__ptyz272-1.json
dataset/gastritis_external/processed_images/莆田学院附属医院/crop_ui,莆田学院附属医院__图片__莆田学院附属医院__莆田炎症图片__ptyz285-2.jpg,0,1,1,1,0,,莆田学院附属医院__图片__莆田学院附属医院__莆田炎症图片__ptyz285-2_overlay.jpg,莆田学院附属医院__图片__莆田学院附属医院__莆田炎症图片__ptyz285-2.png,莆田学院附属医院__图片__莆田学院附属医院__莆田炎症图片__ptyz285-2.json
dataset/gastritis_external/processed_images/莆田学院附属医院/crop_ui,莆田学院附属医院__图片__莆田学院附属医院__莆田炎症图片__ptyz385-3.jpg,0,1,1,1,0,,莆田学院附属医院__图片__莆田学院附属医院__莆田炎症图片__ptyz385-3_overlay.jpg,莆田学院附属医院__图片__莆田学院附属医院__莆田炎症图片__ptyz385-3.png,莆田学院附属医院__图片__莆田学院附属医院__莆田炎症图片__ptyz385-3.json
dataset/gastritis_external/processed_images/莆田学院附属医院/crop_ui,莆田学院附属医院__图片__莆田学院附属医院__莆田炎症图片__ptyz27-3.jpg,0,1,1,1,0,,莆田学院附属医院__图片__莆田学院附属医院__莆田炎症图片__ptyz27-3_overlay.jpg,莆田学院附属医院__图片__莆田学院附属医院__莆田炎症图片__ptyz27-3.png,莆田学院附属医院__图片__莆田学院附属医院__莆田炎症图片__ptyz27-3.json
dataset/gastritis_external/processed_images/莆田学院附属医院/crop_ui,莆田学院附属医院__图片__莆田学院附属医院__莆田炎症图片__ptyz119-2.jpg,0,1,1,1,0,,莆田学院附属医院__图片__莆田学院附属医院__莆田炎症图片__ptyz119-2_overlay.jpg,莆田学院附属医院__图片__莆田学院附属医院__莆田炎症图片__ptyz119-2.png,莆田学院附属医院__图片__莆田学院附属医院__莆田炎症图片__ptyz119-2.json
dataset/gastritis_external/processed_images/莆田学院附属医院/crop_ui,莆田学院附属医院__图片__莆田学院附属医院__莆田炎症图片__ptyz136-1.jpg,0,1,1,1,0,,莆田学院附属医院__图片__莆田学院附属医院__莆田炎症图片__ptyz136-1_overlay.jpg,莆田学院附属医院__图片__莆田学院附属医院__莆田炎症图片__ptyz136-1.png,莆田学院附属医院__图片__莆田学院附属医院__莆田炎症图片__ptyz136-1.json
dataset/gastritis_external/processed_images/莆田学院附属医院/crop_ui,莆田学院附属医院__图片__莆田学院附属医院__莆田炎症图片__ptyz87-2.jpg,0,1,1,1,0,,莆田学院附属医院__图片__莆田学院附属医院__莆田炎症图片__ptyz87-2_overlay.jpg,莆田学院附属医院__图片__莆田学院附属医院__莆田炎症图片__ptyz87-2.png,莆田学院附属医院__图片__莆田学院附属医院__莆田炎症图片__ptyz87-2.json
dataset/gastritis_external/processed_images/莆田学院附属医院/crop_ui,莆田学院附属医院__图片__莆田学院附属医院__莆田炎症图片__ptyz271-2.jpg,0,1,1,1,0,,莆田学院附属医院__图片__莆田学院附属医院__莆田炎症图片__ptyz271-2_overlay.jpg,莆田学院附属医院__图片__莆田学院附属医院__莆田炎症图片__ptyz271-2.png,莆田学院附属医院__图片__莆田学院附属医院__莆田炎症图片__ptyz271-2.json
dataset/gastritis_external/processed_images/莆田学院附属医院/crop_ui,莆田学院附属医院__图片__莆田学院附属医院__莆田炎症图片__ptyz31-1.jpg,0,1,1,1,0,,莆田学院附属医院__图片__莆田学院附属医院__莆田炎症图片__ptyz31-1_overlay.jpg,莆田学院附属医院__图片__莆田学院附属医院__莆田炎症图片__ptyz31-1.png,莆田学院附属医院__图片__莆田学院附属医院__莆田炎症图片__ptyz31-1.json
dataset/gastritis_external/processed_images/莆田学院附属医院/crop_ui,莆田学院附属医院__图片__莆田学院附属医院__莆田炎症图片__ptyz75-1.jpg,0,1,1,1,0,,莆田学院附属医院__图片__莆田学院附属医院__莆田炎症图片__ptyz75-1_overlay.jpg,莆田学院附属医院__图片__莆田学院附属医院__莆田炎症图片__ptyz75-1.png,莆田学院附属医院__图片__莆田学院附属医院__莆田炎症图片__ptyz75-1.json
dataset/gastritis_external/processed_images/莆田学院附属医院/crop_ui,莆田学院附属医院__图片__莆田学院附属医院__莆田炎症图片__ptyz151-2.jpg,0,1,1,1,0,,莆田学院附属医院__图片__莆田学院附属医院__莆田炎症图片__ptyz151-2_overlay.jpg,莆田学院附属医院__图片__莆田学院附属医院__莆田炎症图片__ptyz151-2.png,莆田学院附属医院__图片__莆田学院附属医院__莆田炎症图片__ptyz151-2.json
dataset/gastritis_external/processed_images/莆田学院附属医院/crop_ui,莆田学院附属医院__图片__莆田学院附属医院__莆田炎症图片__ptyz102-7.jpg,0,1,1,1,0,,莆田学院附属医院__图片__莆田学院附属医院__莆田炎症图片__ptyz102-7_overlay.jpg,莆田学院附属医院__图片__莆田学院附属医院__莆田炎症图片__ptyz102-7.png,莆田学院附属医院__图片__莆田学院附属医院__莆田炎症图片__ptyz102-7.json
dataset/gastritis_external/processed_images/莆田学院附属医院/crop_ui,莆田学院附属医院__图片__莆田学院附属医院__莆田炎症图片__ptyz273-1.jpg,0,1,1,1,0,,莆田学院附属医院__图片__莆田学院附属医院__莆田炎症图片__ptyz273-1_overlay.jpg,莆田学院附属医院__图片__莆田学院附属医院__莆田炎症图片__ptyz273-1.png,莆田学院附属医院__图片__莆田学院附属医院__莆田炎症图片__ptyz273-1.json
dataset/gastritis_external/processed_images/莆田学院附属医院/crop_ui,莆田学院附属医院__图片__莆田学院附属医院__莆田炎症图片__ptyz29-7.jpg,0,1,1,1,0,,莆田学院附属医院__图片__莆田学院附属医院__莆田炎症图片__ptyz29-7_overlay.jpg,莆田学院附属医院__图片__莆田学院附属医院__莆田炎症图片__ptyz29-7.png,莆田学院附属医院__图片__莆田学院附属医院__莆田炎症图片__ptyz29-7.json
dataset/gastritis_external/processed_images/莆田学院附属医院/crop_ui,莆田学院附属医院__图片__莆田学院附属医院__莆田炎症图片__ptyz131-2.jpg,0,1,1,1,0,,莆田学院附属医院__图片__莆田学院附属医院__莆田炎症图片__ptyz131-2_overlay.jpg,莆田学院附属医院__图片__莆田学院附属医院__莆田炎症图片__ptyz131-2.png,莆田学院附属医院__图片__莆田学院附属医院__莆田炎症图片__ptyz131-2.json
dataset/gastritis_external/processed_images/莆田学院附属医院/crop_ui,莆田学院附属医院__图片__莆田学院附属医院__莆田炎症图片__ptyz259-1.jpg,0,1,1,1,0,,莆田学院附属医院__图片__莆田学院附属医院__莆田炎症图片__ptyz259-1_overlay.jpg,莆田学院附属医院__图片__莆田学院附属医院__莆田炎症图片__ptyz259-1.png,莆田学院附属医院__图片__莆田学院附属医院__莆田炎症图片__ptyz259-1.json
dataset/gastritis_external/processed_images/莆田学院附属医院/crop_ui,莆田学院附属医院__图片__莆田学院附属医院__莆田炎症图片__ptyz66-1.jpg,0,1,1,1,0,,莆田学院附属医院__图片__莆田学院附属医院__莆田炎症图片__ptyz66-1_overlay.jpg,莆田学院附属医院__图片__莆田学院附属医院__莆田炎症图片__ptyz66-1.png,莆田学院附属医院__图片__莆田学院附属医院__莆田炎症图片__ptyz66-1.json
dataset/gastritis_external/processed_images/莆田学院附属医院/crop_ui,莆田学院附属医院__图片__莆田学院附属医院__莆田炎症图片__ptyz424-1.jpg,0,1,1,1,0,,莆田学院附属医院__图片__莆田学院附属医院__莆田炎症图片__ptyz424-1_overlay.jpg,莆田学院附属医院__图片__莆田学院附属医院__莆田炎症图片__ptyz424-1.png,莆田学院附属医院__图片__莆田学院附属医院__莆田炎症图片__ptyz424-1.json
dataset/gastritis_external/processed_images/莆田学院附属医院/crop_ui,莆田学院附属医院__图片__莆田学院附属医院__莆田炎症图片__ptyz368-3.jpg,0,1,1,1,0,,莆田学院附属医院__图片__莆田学院附属医院__莆田炎症图片__ptyz368-3_overlay.jpg,莆田学院附属医院__图片__莆田学院附属医院__莆田炎症图片__ptyz368-3.png,莆田学院附属医院__图片__莆田学院附属医院__莆田炎症图片__ptyz368-3.json
dataset/gastritis_external/processed_images/莆田学院附属医院/crop_ui,莆田学院附属医院__图片__莆田学院附属医院__莆田炎症图片__ptyz429-2.jpg,0,1,1,1,0,,莆田学院附属医院__图片__莆田学院附属医院__莆田炎症图片__ptyz429-2_overlay.jpg,莆田学院附属医院__图片__莆田学院附属医院__莆田炎症图片__ptyz429-2.png,莆田学院附属医院__图片__莆田学院附属医院__莆田炎症图片__ptyz429-2.json
dataset/gastritis_external/processed_images/莆田学院附属医院/crop_ui,莆田学院附属医院__图片__莆田学院附属医院__莆田炎症图片__ptyz17-3.jpg,0,1,1,1,0,,莆田学院附属医院__图片__莆田学院附属医院__莆田炎症图片__ptyz17-3_overlay.jpg,莆田学院附属医院__图片__莆田学院附属医院__莆田炎症图片__ptyz17-3.png,莆田学院附属医院__图片__莆田学院附属医院__莆田炎症图片__ptyz17-3.json
dataset/gastritis_external/processed_images/莆田学院附属医院/crop_ui,莆田学院附属医院__图片__莆田学院附属医院__莆田炎症图片__ptyz386-3.jpg,0,1,1,1,0,,莆田学院附属医院__图片__莆田学院附属医院__莆田炎症图片__ptyz386-3_overlay.jpg,莆田学院附属医院__图片__莆田学院附属医院__莆田炎症图片__ptyz386-3.png,莆田学院附属医院__图片__莆田学院附属医院__莆田炎症图片__ptyz386-3.json
dataset/gastritis_external/processed_images/莆田学院附属医院/crop_ui,莆田学院附属医院__图片__莆田学院附属医院__莆田炎症图片__ptyz73-2.jpg,0,1,1,1,0,,莆田学院附属医院__图片__莆田学院附属医院__莆田炎症图片__ptyz73-2_overlay.jpg,莆田学院附属医院__图片__莆田学院附属医院__莆田炎症图片__ptyz73-2.png,莆田学院附属医院__图片__莆田学院附属医院__莆田炎症图片__ptyz73-2.json
dataset/gastritis_external/processed_images/莆田学院附属医院/crop_ui,莆田学院附属医院__图片__莆田学院附属医院__莆田炎症图片__ptyz201-1.jpg,0,1,1,1,0,,莆田学院附属医院__图片__莆田学院附属医院__莆田炎症图片__ptyz201-1_overlay.jpg,莆田学院附属医院__图片__莆田学院附属医院__莆田炎症图片__ptyz201-1.png,莆田学院附属医院__图片__莆田学院附属医院__莆田炎症图片__ptyz201-1.json
dataset/gastritis_external/processed_images/莆田学院附属医院/crop_ui,莆田学院附属医院__图片__莆田学院附属医院__莆田炎症图片__ptyz389-2.jpg,0,1,1,1,0,,莆田学院附属医院__图片__莆田学院附属医院__莆田炎症图片__ptyz389-2_overlay.jpg,莆田学院附属医院__图片__莆田学院附属医院__莆田炎症图片__ptyz389-2.png,莆田学院附属医院__图片__莆田学院附属医院__莆田炎症图片__ptyz389-2.json
dataset/gastritis_external/processed_images/莆田学院附属医院/crop_ui,莆田学院附属医院__图片__莆田学院附属医院__莆田炎症图片__ptyz31-7.jpg,0,1,1,1,0,,莆田学院附属医院__图片__莆田学院附属医院__莆田炎症图片__ptyz31-7_overlay.jpg,莆田学院附属医院__图片__莆田学院附属医院__莆田炎症图片__ptyz31-7.png,莆田学院附属医院__图片__莆田学院附属医院__莆田炎症图片__ptyz31-7.json
dataset/gastritis_external/processed_images/莆田学院附属医院/crop_ui,莆田学院附属医院__图片__莆田学院附属医院__莆田炎症图片__ptyz303-1.jpg,0,1,1,1,0,,莆田学院附属医院__图片__莆田学院附属医院__莆田炎症图片__ptyz303-1_overlay.jpg,莆田学院附属医院__图片__莆田学院附属医院__莆田炎症图片__ptyz303-1.png,莆田学院附属医院__图片__莆田学院附属医院__莆田炎症图片__ptyz303-1.json
dataset/gastritis_external/processed_images/莆田学院附属医院/crop_ui,莆田学院附属医院__图片__莆田学院附属医院__莆田炎症图片__ptyz358-4.jpg,0,1,1,1,0,,莆田学院附属医院__图片__莆田学院附属医院__莆田炎症图片__ptyz358-4_overlay.jpg,莆田学院附属医院__图片__莆田学院附属医院__莆田炎症图片__ptyz358-4.png,莆田学院附属医院__图片__莆田学院附属医院__莆田炎症图片__ptyz358-4.json
dataset/gastritis_external/processed_images/莆田学院附属医院/crop_ui,莆田学院附属医院__图片__莆田学院附属医院__莆田炎症图片__ptyz38-5.jpg,0,1,1,1,0,,莆田学院附属医院__图片__莆田学院附属医院__莆田炎症图片__ptyz38-5_overlay.jpg,莆田学院附属医院__图片__莆田学院附属医院__莆田炎症图片__ptyz38-5.png,莆田学院附属医院__图片__莆田学院附属医院__莆田炎症图片__ptyz38-5.json
dataset/gastritis_external/processed_images/莆田学院附属医院/crop_ui,莆田学院附属医院__图片__莆田学院附属医院__莆田炎症图片__ptyz39-2.jpg,0,1,1,1,0,,莆田学院附属医院__图片__莆田学院附属医院__莆田炎症图片__ptyz39-2_overlay.jpg,莆田学院附属医院__图片__莆田学院附属医院__莆田炎症图片__ptyz39-2.png,莆田学院附属医院__图片__莆田学院附属医院__莆田炎症图片__ptyz39-2.json
dataset/gastritis_external/processed_images/莆田学院附属医院/crop_ui,莆田学院附属医院__图片__莆田学院附属医院__莆田炎症图片__ptyz246-3.jpg,0,1,1,1,0,,莆田学院附属医院__图片__莆田学院附属医院__莆田炎症图片__ptyz246-3_overlay.jpg,莆田学院附属医院__图片__莆田学院附属医院__莆田炎症图片__ptyz246-3.png,莆田学院附属医院__图片__莆田学院附属医院__莆田炎症图片__ptyz246-3.json
dataset/gastritis_external/processed_images/莆田学院附属医院/crop_ui,莆田学院附属医院__图片__莆田学院附属医院__莆田炎症图片__ptyz68-3.jpg,0,1,1,1,0,,莆田学院附属医院__图片__莆田学院附属医院__莆田炎症图片__ptyz68-3_overlay.jpg,莆田学院附属医院__图片__莆田学院附属医院__莆田炎症图片__ptyz68-3.png,莆田学院附属医院__图片__莆田学院附属医院__莆田炎症图片__ptyz68-3.json
dataset/gastritis_external/processed_images/莆田学院附属医院/crop_ui,莆田学院附属医院__图片__莆田学院附属医院__莆田炎症图片__ptyz67-2.jpg,0,1,1,1,0,,莆田学院附属医院__图片__莆田学院附属医院__莆田炎症图片__ptyz67-2_overlay.jpg,莆田学院附属医院__图片__莆田学院附属医院__莆田炎症图片__ptyz67-2.png,莆田学院附属医院__图片__莆田学院附属医院__莆田炎症图片__ptyz67-2.json
dataset/gastritis_external/processed_images/莆田学院附属医院/crop_ui,莆田学院附属医院__图片__莆田学院附属医院__莆田炎症图片__ptyz32-1.jpg,0,1,1,1,0,,莆田学院附属医院__图片__莆田学院附属医院__莆田炎症图片__ptyz32-1_overlay.jpg,莆田学院附属医院__图片__莆田学院附属医院__莆田炎症图片__ptyz32-1.png,莆田学院附属医院__图片__莆田学院附属医院__莆田炎症图片__ptyz32-1.json
dataset/gastritis_external/processed_images/莆田学院附属医院/crop_ui,莆田学院附属医院__图片__莆田学院附属医院__莆田炎症图片__ptyz271-3.jpg,0,1,1,1,0,,莆田学院附属医院__图片__莆田学院附属医院__莆田炎症图片__ptyz271-3_overlay.jpg,莆田学院附属医院__图片__莆田学院附属医院__莆田炎症图片__ptyz271-3.png,莆田学院附属医院__图片__莆田学院附属医院__莆田炎症图片__ptyz271-3.json
dataset/gastritis_external/processed_images/莆田学院附属医院/crop_ui,莆田学院附属医院__图片__莆田学院附属医院__莆田炎症图片__ptyz344-1.jpg,0,1,1,1,0,,莆田学院附属医院__图片__莆田学院附属医院__莆田炎症图片__ptyz344-1_overlay.jpg,莆田学院附属医院__图片__莆田学院附属医院__莆田炎症图片__ptyz344-1.png,莆田学院附属医院__图片__莆田学院附属医院__莆田炎症图片__ptyz344-1.json
dataset/gastritis_external/processed_images/莆田学院附属医院/crop_ui,莆田学院附属医院__图片__莆田学院附属医院__莆田炎症图片__ptyz79-2.jpg,0,1,1,1,0,,莆田学院附属医院__图片__莆田学院附属医院__莆田炎症图片__ptyz79-2_overlay.jpg,莆田学院附属医院__图片__莆田学院附属医院__莆田炎症图片__ptyz79-2.png,莆田学院附属医院__图片__莆田学院附属医院__莆田炎症图片__ptyz79-2.json
dataset/gastritis_external/processed_images/莆田学院附属医院/crop_ui,莆田学院附属医院__图片__莆田学院附属医院__莆田炎症图片__ptyz362-2.jpg,0,1,1,1,0,,莆田学院附属医院__图片__莆田学院附属医院__莆田炎症图片__ptyz362-2_overlay.jpg,莆田学院附属医院__图片__莆田学院附属医院__莆田炎症图片__ptyz362-2.png,莆田学院附属医院__图片__莆田学院附属医院__莆田炎症图片__ptyz362-2.json
dataset/gastritis_external/processed_images/莆田学院附属医院/crop_ui,莆田学院附属医院__图片__莆田学院附属医院__莆田炎症图片__ptyz305-3.jpg,0,1,1,1,0,,莆田学院附属医院__图片__莆田学院附属医院__莆田炎症图片__ptyz305-3_overlay.jpg,莆田学院附属医院__图片__莆田学院附属医院__莆田炎症图片__ptyz305-3.png,莆田学院附属医院__图片__莆田学院附属医院__莆田炎症图片__ptyz305-3.json
dataset/gastritis_external/processed_images/莆田学院附属医院/crop_ui,莆田学院附属医院__图片__莆田学院附属医院__莆田炎症图片__ptyz50-2.jpg,0,1,1,1,0,,莆田学院附属医院__图片__莆田学院附属医院__莆田炎症图片__ptyz50-2_overlay.jpg,莆田学院附属医院__图片__莆田学院附属医院__莆田炎症图片__ptyz50-2.png,莆田学院附属医院__图片__莆田学院附属医院__莆田炎症图片__ptyz50-2.json
dataset/gastritis_external/processed_images/莆田学院附属医院/crop_ui,莆田学院附属医院__图片__莆田学院附属医院__莆田炎症图片__ptyz430-6.jpg,0,1,1,1,0,,莆田学院附属医院__图片__莆田学院附属医院__莆田炎症图片__ptyz430-6_overlay.jpg,莆田学院附属医院__图片__莆田学院附属医院__莆田炎症图片__ptyz430-6.png,莆田学院附属医院__图片__莆田学院附属医院__莆田炎症图片__ptyz430-6.json
dataset/gastritis_external/processed_images/莆田学院附属医院/crop_ui,莆田学院附属医院__图片__莆田学院附属医院__莆田炎症图片__ptyz207-5.jpg,0,1,1,1,0,,莆田学院附属医院__图片__莆田学院附属医院__莆田炎症图片__ptyz207-5_overlay.jpg,莆田学院附属医院__图片__莆田学院附属医院__莆田炎症图片__ptyz207-5.png,莆田学院附属医院__图片__莆田学院附属医院__莆田炎症图片__ptyz207-5.json
dataset/gastritis_external/processed_images/莆田学院附属医院/crop_ui,莆田学院附属医院__图片__莆田学院附属医院__莆田炎症图片__ptyz293-2.jpg,0,1,1,1,0,,莆田学院附属医院__图片__莆田学院附属医院__莆田炎症图片__ptyz293-2_overlay.jpg,莆田学院附属医院__图片__莆田学院附属医院__莆田炎症图片__ptyz293-2.png,莆田学院附属医院__图片__莆田学院附属医院__莆田炎症图片__ptyz293-2.json
dataset/gastritis_external/processed_images/莆田学院附属医院/crop_ui,莆田学院附属医院__图片__莆田学院附属医院__莆田炎症图片__ptyz56-1.jpg,0,1,1,1,0,,莆田学院附属医院__图片__莆田学院附属医院__莆田炎症图片__ptyz56-1_overlay.jpg,莆田学院附属医院__图片__莆田学院附属医院__莆田炎症图片__ptyz56-1.png,莆田学院附属医院__图片__莆田学院附属医院__莆田炎症图片__ptyz56-1.json
dataset/gastritis_external/processed_images/莆田学院附属医院/crop_ui,莆田学院附属医院__图片__莆田学院附属医院__莆田炎症图片__ptyz133-2.jpg,0,1,1,1,0,,莆田学院附属医院__图片__莆田学院附属医院__莆田炎症图片__ptyz133-2_overlay.jpg,莆田学院附属医院__图片__莆田学院附属医院__莆田炎症图片__ptyz133-2.png,莆田学院附属医院__图片__莆田学院附属医院__莆田炎症图片__ptyz133-2.json
dataset/gastritis_external/processed_images/莆田学院附属医院/crop_ui,莆田学院附属医院__图片__莆田学院附属医院__莆田炎症图片__ptyz86-1.jpg,0,1,1,1,0,,莆田学院附属医院__图片__莆田学院附属医院__莆田炎症图片__ptyz86-1_overlay.jpg,莆田学院附属医院__图片__莆田学院附属医院__莆田炎症图片__ptyz86-1.png,莆田学院附属医院__图片__莆田学院附属医院__莆田炎症图片__ptyz86-1.json
dataset/gastritis_external/processed_images/莆田学院附属医院/crop_ui,莆田学院附属医院__图片__莆田学院附属医院__莆田炎症图片__ptyz245-2.jpg,0,1,1,1,0,,莆田学院附属医院__图片__莆田学院附属医院__莆田炎症图片__ptyz245-2_overlay.jpg,莆田学院附属医院__图片__莆田学院附属医院__莆田炎症图片__ptyz245-2.png,莆田学院附属医院__图片__莆田学院附属医院__莆田炎症图片__ptyz245-2.json
dataset/gastritis_external/processed_images/莆田学院附属医院/crop_ui,莆田学院附属医院__图片__莆田学院附属医院__莆田炎症图片__ptyz372-2.jpg,0,1,1,1,0,,莆田学院附属医院__图片__莆田学院附属医院__莆田炎症图片__ptyz372-2_overlay.jpg,莆田学院附属医院__图片__莆田学院附属医院__莆田炎症图片__ptyz372-2.png,莆田学院附属医院__图片__莆田学院附属医院__莆田炎症图片__ptyz372-2.json
dataset/gastritis_external/processed_images/莆田学院附属医院/crop_ui,莆田学院附属医院__图片__莆田学院附属医院__莆田炎症图片__ptyz155-2.jpg,0,1,1,1,0,,莆田学院附属医院__图片__莆田学院附属医院__莆田炎症图片__ptyz155-2_overlay.jpg,莆田学院附属医院__图片__莆田学院附属医院__莆田炎症图片__ptyz155-2.png,莆田学院附属医院__图片__莆田学院附属医院__莆田炎症图片__ptyz155-2.json
dataset/gastritis_external/processed_images/莆田学院附属医院/crop_ui,莆田学院附属医院__图片__莆田学院附属医院__莆田炎症图片__ptyz98-6.jpg,0,1,1,1,0,,莆田学院附属医院__图片__莆田学院附属医院__莆田炎症图片__ptyz98-6_overlay.jpg,莆田学院附属医院__图片__莆田学院附属医院__莆田炎症图片__ptyz98-6.png,莆田学院附属医院__图片__莆田学院附属医院__莆田炎症图片__ptyz98-6.json
dataset/gastritis_external/processed_images/莆田学院附属医院/crop_ui,莆田学院附属医院__图片__莆田学院附属医院__莆田炎症图片__ptyz102-1.jpg,0,1,1,1,0,,莆田学院附属医院__图片__莆田学院附属医院__莆田炎症图片__ptyz102-1_overlay.jpg,莆田学院附属医院__图片__莆田学院附属医院__莆田炎症图片__ptyz102-1.png,莆田学院附属医院__图片__莆田学院附属医院__莆田炎症图片__ptyz102-1.json
dataset/gastritis_external/processed_images/莆田学院附属医院/crop_ui,莆田学院附属医院__图片__莆田学院附属医院__莆田炎症图片__ptyz430-5.jpg,0,1,1,1,0,,莆田学院附属医院__图片__莆田学院附属医院__莆田炎症图片__ptyz430-5_overlay.jpg,莆田学院附属医院__图片__莆田学院附属医院__莆田炎症图片__ptyz430-5.png,莆田学院附属医院__图片__莆田学院附属医院__莆田炎症图片__ptyz430-5.json
dataset/gastritis_external/processed_images/莆田学院附属医院/crop_ui,莆田学院附属医院__图片__莆田学院附属医院__莆田炎症图片__ptyz226-2.jpg,0,1,1,1,0,,莆田学院附属医院__图片__莆田学院附属医院__莆田炎症图片__ptyz226-2_overlay.jpg,莆田学院附属医院__图片__莆田学院附属医院__莆田炎症图片__ptyz226-2.png,莆田学院附属医院__图片__莆田学院附属医院__莆田炎症图片__ptyz226-2.json
dataset/gastritis_external/processed_images/莆田学院附属医院/crop_ui,莆田学院附属医院__图片__莆田学院附属医院__莆田炎症图片__ptyz11-1.jpg,0,1,1,1,0,,莆田学院附属医院__图片__莆田学院附属医院__莆田炎症图片__ptyz11-1_overlay.jpg,莆田学院附属医院__图片__莆田学院附属医院__莆田炎症图片__ptyz11-1.png,莆田学院附属医院__图片__莆田学院附属医院__莆田炎症图片__ptyz11-1.json
dataset/gastritis_external/processed_images/莆田学院附属医院/crop_ui,莆田学院附属医院__图片__莆田学院附属医院__莆田炎症图片__ptyz391-3.jpg,0,1,1,1,0,,莆田学院附属医院__图片__莆田学院附属医院__莆田炎症图片__ptyz391-3_overlay.jpg,莆田学院附属医院__图片__莆田学院附属医院__莆田炎症图片__ptyz391-3.png,莆田学院附属医院__图片__莆田学院附属医院__莆田炎症图片__ptyz391-3.json
dataset/gastritis_external/processed_images/莆田学院附属医院/crop_ui,莆田学院附属医院__图片__莆田学院附属医院__莆田炎症图片__ptyz334-1.jpg,0,1,1,1,0,,莆田学院附属医院__图片__莆田学院附属医院__莆田炎症图片__ptyz334-1_overlay.jpg,莆田学院附属医院__图片__莆田学院附属医院__莆田炎症图片__ptyz334-1.png,莆田学院附属医院__图片__莆田学院附属医院__莆田炎症图片__ptyz334-1.json
dataset/gastritis_external/processed_images/莆田学院附属医院/crop_ui,莆田学院附属医院__图片__莆田学院附属医院__莆田炎症图片__ptyz312-1.jpg,0,1,1,1,0,,莆田学院附属医院__图片__莆田学院附属医院__莆田炎症图片__ptyz312-1_overlay.jpg,莆田学院附属医院__图片__莆田学院附属医院__莆田炎症图片__ptyz312-1.png,莆田学院附属医院__图片__莆田学院附属医院__莆田炎症图片__ptyz312-1.json
dataset/gastritis_external/processed_images/莆田学院附属医院/crop_ui,莆田学院附属医院__图片__莆田学院附属医院__莆田炎症图片__ptyz48-2.jpg,0,1,1,1,0,,莆田学院附属医院__图片__莆田学院附属医院__莆田炎症图片__ptyz48-2_overlay.jpg,莆田学院附属医院__图片__莆田学院附属医院__莆田炎症图片__ptyz48-2.png,莆田学院附属医院__图片__莆田学院附属医院__莆田炎症图片__ptyz48-2.json
dataset/gastritis_external/processed_images/莆田学院附属医院/crop_ui,莆田学院附属医院__图片__莆田学院附属医院__莆田炎症图片__ptyz37-10.jpg,0,1,1,1,0,,莆田学院附属医院__图片__莆田学院附属医院__莆田炎症图片__ptyz37-10_overlay.jpg,莆田学院附属医院__图片__莆田学院附属医院__莆田炎症图片__ptyz37-10.png,莆田学院附属医院__图片__莆田学院附属医院__莆田炎症图片__ptyz37-10.json
dataset/gastritis_external/processed_images/莆田学院附属医院/crop_ui,莆田学院附属医院__图片__莆田学院附属医院__莆田炎症图片__ptyz255-1.jpg,0,1,1,1,0,,莆田学院附属医院__图片__莆田学院附属医院__莆田炎症图片__ptyz255-1_overlay.jpg,莆田学院附属医院__图片__莆田学院附属医院__莆田炎症图片__ptyz255-1.png,莆田学院附属医院__图片__莆田学院附属医院__莆田炎症图片__ptyz255-1.json
dataset/gastritis_external/processed_images/莆田学院附属医院/crop_ui,莆田学院附属医院__图片__莆田学院附属医院__莆田炎症图片__ptyz148-1.jpg,0,1,1,1,0,,莆田学院附属医院__图片__莆田学院附属医院__莆田炎症图片__ptyz148-1_overlay.jpg,莆田学院附属医院__图片__莆田学院附属医院__莆田炎症图片__ptyz148-1.png,莆田学院附属医院__图片__莆田学院附属医院__莆田炎症图片__ptyz148-1.json
dataset/gastritis_external/processed_images/莆田学院附属医院/crop_ui,莆田学院附属医院__图片__莆田学院附属医院__莆田炎症图片__ptyz378-1.jpg,0,1,1,1,0,,莆田学院附属医院__图片__莆田学院附属医院__莆田炎症图片__ptyz378-1_overlay.jpg,莆田学院附属医院__图片__莆田学院附属医院__莆田炎症图片__ptyz378-1.png,莆田学院附属医院__图片__莆田学院附属医院__莆田炎症图片__ptyz378-1.json
dataset/gastritis_external/processed_images/莆田学院附属医院/crop_ui,莆田学院附属医院__图片__莆田学院附属医院__莆田炎症图片__ptyz76-2.jpg,0,1,1,1,0,,莆田学院附属医院__图片__莆田学院附属医院__莆田炎症图片__ptyz76-2_overlay.jpg,莆田学院附属医院__图片__莆田学院附属医院__莆田炎症图片__ptyz76-2.png,莆田学院附属医院__图片__莆田学院附属医院__莆田炎症图片__ptyz76-2.json
dataset/gastritis_external/processed_images/莆田学院附属医院/crop_ui,莆田学院附属医院__图片__莆田学院附属医院__莆田炎症图片__ptyz127-3.jpg,0,1,1,1,0,,莆田学院附属医院__图片__莆田学院附属医院__莆田炎症图片__ptyz127-3_overlay.jpg,莆田学院附属医院__图片__莆田学院附属医院__莆田炎症图片__ptyz127-3.png,莆田学院附属医院__图片__莆田学院附属医院__莆田炎症图片__ptyz127-3.json
dataset/gastritis_external/processed_images/莆田学院附属医院/crop_ui,莆田学院附属医院__图片__莆田学院附属医院__莆田炎症图片__ptyz38-2.jpg,0,1,1,1,0,,莆田学院附属医院__图片__莆田学院附属医院__莆田炎症图片__ptyz38-2_overlay.jpg,莆田学院附属医院__图片__莆田学院附属医院__莆田炎症图片__ptyz38-2.png,莆田学院附属医院__图片__莆田学院附属医院__莆田炎症图片__ptyz38-2.json
dataset/gastritis_external/processed_images/莆田学院附属医院/crop_ui,莆田学院附属医院__图片__莆田学院附属医院__莆田炎症图片__ptyz277-2.jpg,0,1,1,1,0,,莆田学院附属医院__图片__莆田学院附属医院__莆田炎症图片__ptyz277-2_overlay.jpg,莆田学院附属医院__图片__莆田学院附属医院__莆田炎症图片__ptyz277-2.png,莆田学院附属医院__图片__莆田学院附属医院__莆田炎症图片__ptyz277-2.json
dataset/gastritis_external/processed_images/莆田学院附属医院/crop_ui,莆田学院附属医院__图片__莆田学院附属医院__莆田炎症图片__ptyz177-1.jpg,0,1,1,1,0,,莆田学院附属医院__图片__莆田学院附属医院__莆田炎症图片__ptyz177-1_overlay.jpg,莆田学院附属医院__图片__莆田学院附属医院__莆田炎症图片__ptyz177-1.png,莆田学院附属医院__图片__莆田学院附属医院__莆田炎症图片__ptyz177-1.json
dataset/gastritis_external/processed_images/莆田学院附属医院/crop_ui,莆田学院附属医院__图片__莆田学院附属医院__莆田炎症图片__ptyz415-3.jpg,0,1,1,1,0,,莆田学院附属医院__图片__莆田学院附属医院__莆田炎症图片__ptyz415-3_overlay.jpg,莆田学院附属医院__图片__莆田学院附属医院__莆田炎症图片__ptyz415-3.png,莆田学院附属医院__图片__莆田学院附属医院__莆田炎症图片__ptyz415-3.json
dataset/gastritis_external/processed_images/莆田学院附属医院/crop_ui,莆田学院附属医院__图片__莆田学院附属医院__莆田炎症图片__ptyz215-4.jpg,0,1,1,1,0,,莆田学院附属医院__图片__莆田学院附属医院__莆田炎症图片__ptyz215-4_overlay.jpg,莆田学院附属医院__图片__莆田学院附属医院__莆田炎症图片__ptyz215-4.png,莆田学院附属医院__图片__莆田学院附属医院__莆田炎症图片__ptyz215-4.json
dataset/gastritis_external/processed_images/莆田学院附属医院/crop_ui,莆田学院附属医院__图片__莆田学院附属医院__莆田炎症图片__ptyz82-8.jpg,0,1,1,1,0,,莆田学院附属医院__图片__莆田学院附属医院__莆田炎症图片__ptyz82-8_overlay.jpg,莆田学院附属医院__图片__莆田学院附属医院__莆田炎症图片__ptyz82-8.png,莆田学院附属医院__图片__莆田学院附属医院__莆田炎症图片__ptyz82-8.json
dataset/gastritis_external/processed_images/莆田学院附属医院/crop_ui,莆田学院附属医院__图片__莆田学院附属医院__莆田炎症图片__ptyz29-8.jpg,0,1,1,1,0,,莆田学院附属医院__图片__莆田学院附属医院__莆田炎症图片__ptyz29-8_overlay.jpg,莆田学院附属医院__图片__莆田学院附属医院__莆田炎症图片__ptyz29-8.png,莆田学院附属医院__图片__莆田学院附属医院__莆田炎症图片__ptyz29-8.json
dataset/gastritis_external/processed_images/莆田学院附属医院/crop_ui,莆田学院附属医院__图片__莆田学院附属医院__莆田炎症图片__ptyz321-3.jpg,0,1,1,1,0,,莆田学院附属医院__图片__莆田学院附属医院__莆田炎症图片__ptyz321-3_overlay.jpg,莆田学院附属医院__图片__莆田学院附属医院__莆田炎症图片__ptyz321-3.png,莆田学院附属医院__图片__莆田学院附属医院__莆田炎症图片__ptyz321-3.json
dataset/gastritis_external/processed_images/莆田学院附属医院/crop_ui,莆田学院附属医院__图片__莆田学院附属医院__莆田炎症图片__ptyz362-3.jpg,0,1,1,1,0,,莆田学院附属医院__图片__莆田学院附属医院__莆田炎症图片__ptyz362-3_overlay.jpg,莆田学院附属医院__图片__莆田学院附属医院__莆田炎症图片__ptyz362-3.png,莆田学院附属医院__图片__莆田学院附属医院__莆田炎症图片__ptyz362-3.json
dataset/gastritis_external/processed_images/莆田学院附属医院/crop_ui,莆田学院附属医院__图片__莆田学院附属医院__莆田炎症图片__ptyz174-3.jpg,0,1,1,1,0,,莆田学院附属医院__图片__莆田学院附属医院__莆田炎症图片__ptyz174-3_overlay.jpg,莆田学院附属医院__图片__莆田学院附属医院__莆田炎症图片__ptyz174-3.png,莆田学院附属医院__图片__莆田学院附属医院__莆田炎症图片__ptyz174-3.json
dataset/gastritis_external/processed_images/莆田学院附属医院/crop_ui,莆田学院附属医院__图片__莆田学院附属医院__莆田炎症图片__ptyz109-5.jpg,0,1,1,1,0,,莆田学院附属医院__图片__莆田学院附属医院__莆田炎症图片__ptyz109-5_overlay.jpg,莆田学院附属医院__图片__莆田学院附属医院__莆田炎症图片__ptyz109-5.png,莆田学院附属医院__图片__莆田学院附属医院__莆田炎症图片__ptyz109-5.json
dataset/gastritis_external/processed_images/莆田学院附属医院/crop_ui,莆田学院附属医院__图片__莆田学院附属医院__莆田炎症图片__ptyz227-1.jpg,0,1,1,1,0,,莆田学院附属医院__图片__莆田学院附属医院__莆田炎症图片__ptyz227-1_overlay.jpg,莆田学院附属医院__图片__莆田学院附属医院__莆田炎症图片__ptyz227-1.png,莆田学院附属医院__图片__莆田学院附属医院__莆田炎症图片__ptyz227-1.json
dataset/gastritis_external/processed_images/莆田学院附属医院/crop_ui,莆田学院附属医院__图片__莆田学院附属医院__莆田炎症图片__ptyz321-2.jpg,0,1,1,1,0,,莆田学院附属医院__图片__莆田学院附属医院__莆田炎症图片__ptyz321-2_overlay.jpg,莆田学院附属医院__图片__莆田学院附属医院__莆田炎症图片__ptyz321-2.png,莆田学院附属医院__图片__莆田学院附属医院__莆田炎症图片__ptyz321-2.json
dataset/gastritis_external/processed_images/莆田学院附属医院/crop_ui,莆田学院附属医院__图片__莆田学院附属医院__莆田炎症图片__ptyz128-1.jpg,0,1,1,1,0,,莆田学院附属医院__图片__莆田学院附属医院__莆田炎症图片__ptyz128-1_overlay.jpg,莆田学院附属医院__图片__莆田学院附属医院__莆田炎症图片__ptyz128-1.png,莆田学院附属医院__图片__莆田学院附属医院__莆田炎症图片__ptyz128-1.json
dataset/gastritis_external/processed_images/莆田学院附属医院/crop_ui,莆田学院附属医院__图片__莆田学院附属医院__莆田炎症图片__ptyz330-3.jpg,0,1,1,1,0,,莆田学院附属医院__图片__莆田学院附属医院__莆田炎症图片__ptyz330-3_overlay.jpg,莆田学院附属医院__图片__莆田学院附属医院__莆田炎症图片__ptyz330-3.png,莆田学院附属医院__图片__莆田学院附属医院__莆田炎症图片__ptyz330-3.json
dataset/gastritis_external/processed_images/莆田学院附属医院/crop_ui,莆田学院附属医院__图片__莆田学院附属医院__莆田炎症图片__ptyz17-1.jpg,0,1,1,1,0,,莆田学院附属医院__图片__莆田学院附属医院__莆田炎症图片__ptyz17-1_overlay.jpg,莆田学院附属医院__图片__莆田学院附属医院__莆田炎症图片__ptyz17-1.png,莆田学院附属医院__图片__莆田学院附属医院__莆田炎症图片__ptyz17-1.json
dataset/gastritis_external/processed_images/莆田学院附属医院/crop_ui,莆田学院附属医院__图片__莆田学院附属医院__莆田炎症图片__ptyz146-2.jpg,0,1,1,1,0,,莆田学院附属医院__图片__莆田学院附属医院__莆田炎症图片__ptyz146-2_overlay.jpg,莆田学院附属医院__图片__莆田学院附属医院__莆田炎症图片__ptyz146-2.png,莆田学院附属医院__图片__莆田学院附属医院__莆田炎症图片__ptyz146-2.json
dataset/gastritis_external/processed_images/莆田学院附属医院/crop_ui,莆田学院附属医院__图片__莆田学院附属医院__莆田炎症图片__ptyz100-2.jpg,0,1,1,1,0,,莆田学院附属医院__图片__莆田学院附属医院__莆田炎症图片__ptyz100-2_overlay.jpg,莆田学院附属医院__图片__莆田学院附属医院__莆田炎症图片__ptyz100-2.png,莆田学院附属医院__图片__莆田学院附属医院__莆田炎症图片__ptyz100-2.json
dataset/gastritis_external/processed_images/莆田学院附属医院/crop_ui,莆田学院附属医院__图片__莆田学院附属医院__莆田炎症图片__ptyz140-1.jpg,0,1,1,1,0,,莆田学院附属医院__图片__莆田学院附属医院__莆田炎症图片__ptyz140-1_overlay.jpg,莆田学院附属医院__图片__莆田学院附属医院__莆田炎症图片__ptyz140-1.png,莆田学院附属医院__图片__莆田学院附属医院__莆田炎症图片__ptyz140-1.json
dataset/gastritis_external/processed_images/莆田学院附属医院/crop_ui,莆田学院附属医院__图片__莆田学院附属医院__莆田炎症图片__ptyz109-2.jpg,0,1,1,1,0,,莆田学院附属医院__图片__莆田学院附属医院__莆田炎症图片__ptyz109-2_overlay.jpg,莆田学院附属医院__图片__莆田学院附属医院__莆田炎症图片__ptyz109-2.png,莆田学院附属医院__图片__莆田学院附属医院__莆田炎症图片__ptyz109-2.json
dataset/gastritis_external/processed_images/莆田学院附属医院/crop_ui,莆田学院附属医院__图片__莆田学院附属医院__莆田炎症图片__ptyz409-3.jpg,0,1,1,1,0,,莆田学院附属医院__图片__莆田学院附属医院__莆田炎症图片__ptyz409-3_overlay.jpg,莆田学院附属医院__图片__莆田学院附属医院__莆田炎症图片__ptyz409-3.png,莆田学院附属医院__图片__莆田学院附属医院__莆田炎症图片__ptyz409-3.json
dataset/gastritis_external/processed_images/莆田学院附属医院/crop_ui,莆田学院附属医院__图片__莆田学院附属医院__莆田炎症图片__ptyz193-1.jpg,0,1,1,1,0,,莆田学院附属医院__图片__莆田学院附属医院__莆田炎症图片__ptyz193-1_overlay.jpg,莆田学院附属医院__图片__莆田学院附属医院__莆田炎症图片__ptyz193-1.png,莆田学院附属医院__图片__莆田学院附属医院__莆田炎症图片__ptyz193-1.json
dataset/gastritis_external/processed_images/莆田学院附属医院/crop_ui,莆田学院附属医院__图片__莆田学院附属医院__莆田炎症图片__ptyz48-1.jpg,0,1,1,1,0,,莆田学院附属医院__图片__莆田学院附属医院__莆田炎症图片__ptyz48-1_overlay.jpg,莆田学院附属医院__图片__莆田学院附属医院__莆田炎症图片__ptyz48-1.png,莆田学院附属医院__图片__莆田学院附属医院__莆田炎症图片__ptyz48-1.json
dataset/gastritis_external/processed_images/莆田学院附属医院/crop_ui,莆田学院附属医院__图片__莆田学院附属医院__莆田炎症图片__ptyz354-2.jpg,0,1,1,1,0,,莆田学院附属医院__图片__莆田学院附属医院__莆田炎症图片__ptyz354-2_overlay.jpg,莆田学院附属医院__图片__莆田学院附属医院__莆田炎症图片__ptyz354-2.png,莆田学院附属医院__图片__莆田学院附属医院__莆田炎症图片__ptyz354-2.json
dataset/gastritis_external/processed_images/莆田学院附属医院/crop_ui,莆田学院附属医院__图片__莆田学院附属医院__莆田炎症图片__ptyz226-1.jpg,0,1,1,1,0,,莆田学院附属医院__图片__莆田学院附属医院__莆田炎症图片__ptyz226-1_overlay.jpg,莆田学院附属医院__图片__莆田学院附属医院__莆田炎症图片__ptyz226-1.png,莆田学院附属医院__图片__莆田学院附属医院__莆田炎症图片__ptyz226-1.json
dataset/gastritis_external/processed_images/莆田学院附属医院/crop_ui,莆田学院附属医院__图片__莆田学院附属医院__莆田炎症图片__ptyz378-2.jpg,0,1,1,1,0,,莆田学院附属医院__图片__莆田学院附属医院__莆田炎症图片__ptyz378-2_overlay.jpg,莆田学院附属医院__图片__莆田学院附属医院__莆田炎症图片__ptyz378-2.png,莆田学院附属医院__图片__莆田学院附属医院__莆田炎症图片__ptyz378-2.json
dataset/gastritis_external/processed_images/莆田学院附属医院/crop_ui,莆田学院附属医院__图片__莆田学院附属医院__莆田炎症图片__ptyz316-2.jpg,0,1,1,1,0,,莆田学院附属医院__图片__莆田学院附属医院__莆田炎症图片__ptyz316-2_overlay.jpg,莆田学院附属医院__图片__莆田学院附属医院__莆田炎症图片__ptyz316-2.png,莆田学院附属医院__图片__莆田学院附属医院__莆田炎症图片__ptyz316-2.json
dataset/gastritis_external/processed_images/莆田学院附属医院/crop_ui,莆田学院附属医院__图片__莆田学院附属医院__莆田炎症图片__ptyz27-8.jpg,0,1,1,1,0,,莆田学院附属医院__图片__莆田学院附属医院__莆田炎症图片__ptyz27-8_overlay.jpg,莆田学院附属医院__图片__莆田学院附属医院__莆田炎症图片__ptyz27-8.png,莆田学院附属医院__图片__莆田学院附属医院__莆田炎症图片__ptyz27-8.json
dataset/gastritis_external/processed_images/莆田学院附属医院/crop_ui,莆田学院附属医院__图片__莆田学院附属医院__莆田炎症图片__ptyz256-3.jpg,0,1,1,1,0,,莆田学院附属医院__图片__莆田学院附属医院__莆田炎症图片__ptyz256-3_overlay.jpg,莆田学院附属医院__图片__莆田学院附属医院__莆田炎症图片__ptyz256-3.png,莆田学院附属医院__图片__莆田学院附属医院__莆田炎症图片__ptyz256-3.json
dataset/gastritis_external/processed_images/莆田学院附属医院/crop_ui,莆田学院附属医院__图片__莆田学院附属医院__莆田炎症图片__ptyz71-3.jpg,0,1,1,1,0,,莆田学院附属医院__图片__莆田学院附属医院__莆田炎症图片__ptyz71-3_overlay.jpg,莆田学院附属医院__图片__莆田学院附属医院__莆田炎症图片__ptyz71-3.png,莆田学院附属医院__图片__莆田学院附属医院__莆田炎症图片__ptyz71-3.json
dataset/gastritis_external/processed_images/莆田学院附属医院/crop_ui,莆田学院附属医院__图片__莆田学院附属医院__莆田炎症图片__ptyz273-4.jpg,0,1,1,1,0,,莆田学院附属医院__图片__莆田学院附属医院__莆田炎症图片__ptyz273-4_overlay.jpg,莆田学院附属医院__图片__莆田学院附属医院__莆田炎症图片__ptyz273-4.png,莆田学院附属医院__图片__莆田学院附属医院__莆田炎症图片__ptyz273-4.json
dataset/gastritis_external/processed_images/莆田学院附属医院/crop_ui,莆田学院附属医院__图片__莆田学院附属医院__莆田炎症图片__ptyz237-1.jpg,0,1,1,1,0,,莆田学院附属医院__图片__莆田学院附属医院__莆田炎症图片__ptyz237-1_overlay.jpg,莆田学院附属医院__图片__莆田学院附属医院__莆田炎症图片__ptyz237-1.png,莆田学院附属医院__图片__莆田学院附属医院__莆田炎症图片__ptyz237-1.json
dataset/gastritis_external/processed_images/莆田学院附属医院/crop_ui,莆田学院附属医院__图片__莆田学院附属医院__莆田炎症图片__ptyz6-11.jpg,0,1,1,1,0,,莆田学院附属医院__图片__莆田学院附属医院__莆田炎症图片__ptyz6-11_overlay.jpg,莆田学院附属医院__图片__莆田学院附属医院__莆田炎症图片__ptyz6-11.png,莆田学院附属医院__图片__莆田学院附属医院__莆田炎症图片__ptyz6-11.json
dataset/gastritis_external/processed_images/莆田学院附属医院/crop_ui,莆田学院附属医院__图片__莆田学院附属医院__莆田炎症图片__ptyz142-3.jpg,0,1,1,1,0,,莆田学院附属医院__图片__莆田学院附属医院__莆田炎症图片__ptyz142-3_overlay.jpg,莆田学院附属医院__图片__莆田学院附属医院__莆田炎症图片__ptyz142-3.png,莆田学院附属医院__图片__莆田学院附属医院__莆田炎症图片__ptyz142-3.json
dataset/gastritis_external/processed_images/莆田学院附属医院/crop_ui,莆田学院附属医院__图片__莆田学院附属医院__莆田炎症图片__ptyz151-3.jpg,0,1,1,1,0,,莆田学院附属医院__图片__莆田学院附属医院__莆田炎症图片__ptyz151-3_overlay.jpg,莆田学院附属医院__图片__莆田学院附属医院__莆田炎症图片__ptyz151-3.png,莆田学院附属医院__图片__莆田学院附属医院__莆田炎症图片__ptyz151-3.json
dataset/gastritis_external/processed_images/莆田学院附属医院/crop_ui,莆田学院附属医院__图片__莆田学院附属医院__莆田炎症图片__ptyz436-2.jpg,0,1,1,1,0,,莆田学院附属医院__图片__莆田学院附属医院__莆田炎症图片__ptyz436-2_overlay.jpg,莆田学院附属医院__图片__莆田学院附属医院__莆田炎症图片__ptyz436-2.png,莆田学院附属医院__图片__莆田学院附属医院__莆田炎症图片__ptyz436-2.json
dataset/gastritis_external/processed_images/莆田学院附属医院/crop_ui,莆田学院附属医院__图片__莆田学院附属医院__莆田炎症图片__ptyz335-3.jpg,0,1,1,1,0,,莆田学院附属医院__图片__莆田学院附属医院__莆田炎症图片__ptyz335-3_overlay.jpg,莆田学院附属医院__图片__莆田学院附属医院__莆田炎症图片__ptyz335-3.png,莆田学院附属医院__图片__莆田学院附属医院__莆田炎症图片__ptyz335-3.json
dataset/gastritis_external/processed_images/莆田学院附属医院/crop_ui,莆田学院附属医院__图片__莆田学院附属医院__莆田炎症图片__ptyz328-1.jpg,0,1,1,1,0,,莆田学院附属医院__图片__莆田学院附属医院__莆田炎症图片__ptyz328-1_overlay.jpg,莆田学院附属医院__图片__莆田学院附属医院__莆田炎症图片__ptyz328-1.png,莆田学院附属医院__图片__莆田学院附属医院__莆田炎症图片__ptyz328-1.json
dataset/gastritis_external/processed_images/莆田学院附属医院/crop_ui,莆田学院附属医院__图片__莆田学院附属医院__莆田炎症图片__ptyz365-4.jpg,0,1,1,1,0,,莆田学院附属医院__图片__莆田学院附属医院__莆田炎症图片__ptyz365-4_overlay.jpg,莆田学院附属医院__图片__莆田学院附属医院__莆田炎症图片__ptyz365-4.png,莆田学院附属医院__图片__莆田学院附属医院__莆田炎症图片__ptyz365-4.json
dataset/gastritis_external/processed_images/莆田学院附属医院/crop_ui,莆田学院附属医院__图片__莆田学院附属医院__莆田炎症图片__ptyz79-6.jpg,0,1,1,1,0,,莆田学院附属医院__图片__莆田学院附属医院__莆田炎症图片__ptyz79-6_overlay.jpg,莆田学院附属医院__图片__莆田学院附属医院__莆田炎症图片__ptyz79-6.png,莆田学院附属医院__图片__莆田学院附属医院__莆田炎症图片__ptyz79-6.json
dataset/gastritis_external/processed_images/莆田学院附属医院/crop_ui,莆田学院附属医院__图片__莆田学院附属医院__莆田炎症图片__ptyz23-5.jpg,0,1,1,1,0,,莆田学院附属医院__图片__莆田学院附属医院__莆田炎症图片__ptyz23-5_overlay.jpg,莆田学院附属医院__图片__莆田学院附属医院__莆田炎症图片__ptyz23-5.png,莆田学院附属医院__图片__莆田学院附属医院__莆田炎症图片__ptyz23-5.json
dataset/gastritis_external/processed_images/莆田学院附属医院/crop_ui,莆田学院附属医院__图片__莆田学院附属医院__莆田炎症图片__ptyz359-1.jpg,0,1,1,1,0,,莆田学院附属医院__图片__莆田学院附属医院__莆田炎症图片__ptyz359-1_overlay.jpg,莆田学院附属医院__图片__莆田学院附属医院__莆田炎症图片__ptyz359-1.png,莆田学院附属医院__图片__莆田学院附属医院__莆田炎症图片__ptyz359-1.json
dataset/gastritis_external/processed_images/莆田学院附属医院/crop_ui,莆田学院附属医院__图片__莆田学院附属医院__莆田炎症图片__ptyz353-3.jpg,0,1,1,1,0,,莆田学院附属医院__图片__莆田学院附属医院__莆田炎症图片__ptyz353-3_overlay.jpg,莆田学院附属医院__图片__莆田学院附属医院__莆田炎症图片__ptyz353-3.png,莆田学院附属医院__图片__莆田学院附属医院__莆田炎症图片__ptyz353-3.json
dataset/gastritis_external/processed_images/莆田学院附属医院/crop_ui,莆田学院附属医院__图片__莆田学院附属医院__莆田炎症图片__ptyz398-4.jpg,0,1,1,1,0,,莆田学院附属医院__图片__莆田学院附属医院__莆田炎症图片__ptyz398-4_overlay.jpg,莆田学院附属医院__图片__莆田学院附属医院__莆田炎症图片__ptyz398-4.png,莆田学院附属医院__图片__莆田学院附属医院__莆田炎症图片__ptyz398-4.json
dataset/gastritis_external/processed_images/莆田学院附属医院/crop_ui,莆田学院附属医院__图片__莆田学院附属医院__莆田炎症图片__ptyz27-5.jpg,0,1,1,1,0,,莆田学院附属医院__图片__莆田学院附属医院__莆田炎症图片__ptyz27-5_overlay.jpg,莆田学院附属医院__图片__莆田学院附属医院__莆田炎症图片__ptyz27-5.png,莆田学院附属医院__图片__莆田学院附属医院__莆田炎症图片__ptyz27-5.json
dataset/gastritis_external/processed_images/莆田学院附属医院/crop_ui,莆田学院附属医院__图片__莆田学院附属医院__莆田炎症图片__ptyz213-1.jpg,0,1,1,1,0,,莆田学院附属医院__图片__莆田学院附属医院__莆田炎症图片__ptyz213-1_overlay.jpg,莆田学院附属医院__图片__莆田学院附属医院__莆田炎症图片__ptyz213-1.png,莆田学院附属医院__图片__莆田学院附属医院__莆田炎症图片__ptyz213-1.json
dataset/gastritis_external/processed_images/莆田学院附属医院/crop_ui,莆田学院附属医院__图片__莆田学院附属医院__莆田炎症图片__ptyz2-6.jpg,0,1,1,1,0,,莆田学院附属医院__图片__莆田学院附属医院__莆田炎症图片__ptyz2-6_overlay.jpg,莆田学院附属医院__图片__莆田学院附属医院__莆田炎症图片__ptyz2-6.png,莆田学院附属医院__图片__莆田学院附属医院__莆田炎症图片__ptyz2-6.json
dataset/gastritis_external/processed_images/莆田学院附属医院/crop_ui,莆田学院附属医院__图片__莆田学院附属医院__莆田炎症图片__ptyz341-3.jpg,0,1,1,1,0,,莆田学院附属医院__图片__莆田学院附属医院__莆田炎症图片__ptyz341-3_overlay.jpg,莆田学院附属医院__图片__莆田学院附属医院__莆田炎症图片__ptyz341-3.png,莆田学院附属医院__图片__莆田学院附属医院__莆田炎症图片__ptyz341-3.json
dataset/gastritis_external/processed_images/莆田学院附属医院/crop_ui,莆田学院附属医院__图片__莆田学院附属医院__莆田炎症图片__ptyz12-6.jpg,0,1,1,1,0,,莆田学院附属医院__图片__莆田学院附属医院__莆田炎症图片__ptyz12-6_overlay.jpg,莆田学院附属医院__图片__莆田学院附属医院__莆田炎症图片__ptyz12-6.png,莆田学院附属医院__图片__莆田学院附属医院__莆田炎症图片__ptyz12-6.json
dataset/gastritis_external/processed_images/莆田学院附属医院/crop_ui,莆田学院附属医院__图片__莆田学院附属医院__莆田炎症图片__ptyz94-3.jpg,0,1,1,1,0,,莆田学院附属医院__图片__莆田学院附属医院__莆田炎症图片__ptyz94-3_overlay.jpg,莆田学院附属医院__图片__莆田学院附属医院__莆田炎症图片__ptyz94-3.png,莆田学院附属医院__图片__莆田学院附属医院__莆田炎症图片__ptyz94-3.json
dataset/gastritis_external/processed_images/莆田学院附属医院/crop_ui,莆田学院附属医院__图片__莆田学院附属医院__莆田炎症图片__ptyz67-3.jpg,0,1,1,1,0,,莆田学院附属医院__图片__莆田学院附属医院__莆田炎症图片__ptyz67-3_overlay.jpg,莆田学院附属医院__图片__莆田学院附属医院__莆田炎症图片__ptyz67-3.png,莆田学院附属医院__图片__莆田学院附属医院__莆田炎症图片__ptyz67-3.json
dataset/gastritis_external/processed_images/莆田学院附属医院/crop_ui,莆田学院附属医院__图片__莆田学院附属医院__莆田炎症图片__ptyz93-1.jpg,0,1,1,1,0,,莆田学院附属医院__图片__莆田学院附属医院__莆田炎症图片__ptyz93-1_overlay.jpg,莆田学院附属医院__图片__莆田学院附属医院__莆田炎症图片__ptyz93-1.png,莆田学院附属医院__图片__莆田学院附属医院__莆田炎症图片__ptyz93-1.json
dataset/gastritis_external/processed_images/莆田学院附属医院/crop_ui,莆田学院附属医院__图片__莆田学院附属医院__莆田炎症图片__ptyz318-3.jpg,0,1,1,1,0,,莆田学院附属医院__图片__莆田学院附属医院__莆田炎症图片__ptyz318-3_overlay.jpg,莆田学院附属医院__图片__莆田学院附属医院__莆田炎症图片__ptyz318-3.png,莆田学院附属医院__图片__莆田学院附属医院__莆田炎症图片__ptyz318-3.json
dataset/gastritis_external/processed_images/莆田学院附属医院/crop_ui,莆田学院附属医院__图片__莆田学院附属医院__莆田炎症图片__ptyz165-4.jpg,0,1,1,1,0,,莆田学院附属医院__图片__莆田学院附属医院__莆田炎症图片__ptyz165-4_overlay.jpg,莆田学院附属医院__图片__莆田学院附属医院__莆田炎症图片__ptyz165-4.png,莆田学院附属医院__图片__莆田学院附属医院__莆田炎症图片__ptyz165-4.json
dataset/gastritis_external/processed_images/莆田学院附属医院/crop_ui,莆田学院附属医院__图片__莆田学院附属医院__莆田炎症图片__ptyz29-2.jpg,0,1,1,1,0,,莆田学院附属医院__图片__莆田学院附属医院__莆田炎症图片__ptyz29-2_overlay.jpg,莆田学院附属医院__图片__莆田学院附属医院__莆田炎症图片__ptyz29-2.png,莆田学院附属医院__图片__莆田学院附属医院__莆田炎症图片__ptyz29-2.json
dataset/gastritis_external/processed_images/莆田学院附属医院/crop_ui,莆田学院附属医院__图片__莆田学院附属医院__莆田炎症图片__ptyz195-2.jpg,0,1,1,1,0,,莆田学院附属医院__图片__莆田学院附属医院__莆田炎症图片__ptyz195-2_overlay.jpg,莆田学院附属医院__图片__莆田学院附属医院__莆田炎症图片__ptyz195-2.png,莆田学院附属医院__图片__莆田学院附属医院__莆田炎症图片__ptyz195-2.json
dataset/gastritis_external/processed_images/莆田学院附属医院/crop_ui,莆田学院附属医院__图片__莆田学院附属医院__莆田炎症图片__ptyz149-4.jpg,0,1,1,1,0,,莆田学院附属医院__图片__莆田学院附属医院__莆田炎症图片__ptyz149-4_overlay.jpg,莆田学院附属医院__图片__莆田学院附属医院__莆田炎症图片__ptyz149-4.png,莆田学院附属医院__图片__莆田学院附属医院__莆田炎症图片__ptyz149-4.json
dataset/gastritis_external/processed_images/莆田学院附属医院/crop_ui,莆田学院附属医院__图片__莆田学院附属医院__莆田炎症图片__ptyz237-4.jpg,0,1,1,1,0,,莆田学院附属医院__图片__莆田学院附属医院__莆田炎症图片__ptyz237-4_overlay.jpg,莆田学院附属医院__图片__莆田学院附属医院__莆田炎症图片__ptyz237-4.png,莆田学院附属医院__图片__莆田学院附属医院__莆田炎症图片__ptyz237-4.json
dataset/gastritis_external/processed_images/莆田学院附属医院/crop_ui,莆田学院附属医院__图片__莆田学院附属医院__莆田炎症图片__ptyz59-2.jpg,0,1,1,1,0,,莆田学院附属医院__图片__莆田学院附属医院__莆田炎症图片__ptyz59-2_overlay.jpg,莆田学院附属医院__图片__莆田学院附属医院__莆田炎症图片__ptyz59-2.png,莆田学院附属医院__图片__莆田学院附属医院__莆田炎症图片__ptyz59-2.json
dataset/gastritis_external/processed_images/莆田学院附属医院/crop_ui,莆田学院附属医院__图片__莆田学院附属医院__莆田炎症图片__ptyz21-2.jpg,0,1,1,1,0,,莆田学院附属医院__图片__莆田学院附属医院__莆田炎症图片__ptyz21-2_overlay.jpg,莆田学院附属医院__图片__莆田学院附属医院__莆田炎症图片__ptyz21-2.png,莆田学院附属医院__图片__莆田学院附属医院__莆田炎症图片__ptyz21-2.json
dataset/gastritis_external/processed_images/莆田学院附属医院/crop_ui,莆田学院附属医院__图片__莆田学院附属医院__莆田炎症图片__ptyz1-5.jpg,0,1,1,1,0,,莆田学院附属医院__图片__莆田学院附属医院__莆田炎症图片__ptyz1-5_overlay.jpg,莆田学院附属医院__图片__莆田学院附属医院__莆田炎症图片__ptyz1-5.png,莆田学院附属医院__图片__莆田学院附属医院__莆田炎症图片__ptyz1-5.json
dataset/gastritis_external/processed_images/莆田学院附属医院/crop_ui,莆田学院附属医院__图片__莆田学院附属医院__莆田炎症图片__ptyz186-2.jpg,0,1,1,1,0,,莆田学院附属医院__图片__莆田学院附属医院__莆田炎症图片__ptyz186-2_overlay.jpg,莆田学院附属医院__图片__莆田学院附属医院__莆田炎症图片__ptyz186-2.png,莆田学院附属医院__图片__莆田学院附属医院__莆田炎症图片__ptyz186-2.json
dataset/gastritis_external/processed_images/莆田学院附属医院/crop_ui,莆田学院附属医院__图片__莆田学院附属医院__莆田炎症图片__ptyz420-2.jpg,0,1,1,1,0,,莆田学院附属医院__图片__莆田学院附属医院__莆田炎症图片__ptyz420-2_overlay.jpg,莆田学院附属医院__图片__莆田学院附属医院__莆田炎症图片__ptyz420-2.png,莆田学院附属医院__图片__莆田学院附属医院__莆田炎症图片__ptyz420-2.json
dataset/gastritis_external/processed_images/莆田学院附属医院/crop_ui,莆田学院附属医院__图片__莆田学院附属医院__莆田炎症图片__ptyz29-3.jpg,0,1,1,1,0,,莆田学院附属医院__图片__莆田学院附属医院__莆田炎症图片__ptyz29-3_overlay.jpg,莆田学院附属医院__图片__莆田学院附属医院__莆田炎症图片__ptyz29-3.png,莆田学院附属医院__图片__莆田学院附属医院__莆田炎症图片__ptyz29-3.json
dataset/gastritis_external/processed_images/莆田学院附属医院/crop_ui,莆田学院附属医院__图片__莆田学院附属医院__莆田炎症图片__ptyz169-4.jpg,0,1,1,1,0,,莆田学院附属医院__图片__莆田学院附属医院__莆田炎症图片__ptyz169-4_overlay.jpg,莆田学院附属医院__图片__莆田学院附属医院__莆田炎症图片__ptyz169-4.png,莆田学院附属医院__图片__莆田学院附属医院__莆田炎症图片__ptyz169-4.json
dataset/gastritis_external/processed_images/莆田学院附属医院/crop_ui,莆田学院附属医院__图片__莆田学院附属医院__莆田炎症图片__ptyz281-3.jpg,0,1,1,1,0,,莆田学院附属医院__图片__莆田学院附属医院__莆田炎症图片__ptyz281-3_overlay.jpg,莆田学院附属医院__图片__莆田学院附属医院__莆田炎症图片__ptyz281-3.png,莆田学院附属医院__图片__莆田学院附属医院__莆田炎症图片__ptyz281-3.json
dataset/gastritis_external/processed_images/莆田学院附属医院/crop_ui,莆田学院附属医院__图片__莆田学院附属医院__莆田炎症图片__ptyz15-3.jpg,0,1,1,1,0,,莆田学院附属医院__图片__莆田学院附属医院__莆田炎症图片__ptyz15-3_overlay.jpg,莆田学院附属医院__图片__莆田学院附属医院__莆田炎症图片__ptyz15-3.png,莆田学院附属医院__图片__莆田学院附属医院__莆田炎症图片__ptyz15-3.json
dataset/gastritis_external/processed_images/莆田学院附属医院/crop_ui,莆田学院附属医院__图片__莆田学院附属医院__莆田炎症图片__ptyz89-1.jpg,0,1,1,1,0,,莆田学院附属医院__图片__莆田学院附属医院__莆田炎症图片__ptyz89-1_overlay.jpg,莆田学院附属医院__图片__莆田学院附属医院__莆田炎症图片__ptyz89-1.png,莆田学院附属医院__图片__莆田学院附属医院__莆田炎症图片__ptyz89-1.json
dataset/gastritis_external/processed_images/莆田学院附属医院/crop_ui,莆田学院附属医院__图片__莆田学院附属医院__莆田炎症图片__ptyz395-1.jpg,0,1,1,1,0,,莆田学院附属医院__图片__莆田学院附属医院__莆田炎症图片__ptyz395-1_overlay.jpg,莆田学院附属医院__图片__莆田学院附属医院__莆田炎症图片__ptyz395-1.png,莆田学院附属医院__图片__莆田学院附属医院__莆田炎症图片__ptyz395-1.json
dataset/gastritis_external/processed_images/莆田学院附属医院/crop_ui,莆田学院附属医院__图片__莆田学院附属医院__莆田炎症图片__ptyz441-2.jpg,0,1,1,1,0,,莆田学院附属医院__图片__莆田学院附属医院__莆田炎症图片__ptyz441-2_overlay.jpg,莆田学院附属医院__图片__莆田学院附属医院__莆田炎症图片__ptyz441-2.png,莆田学院附属医院__图片__莆田学院附属医院__莆田炎症图片__ptyz441-2.json
dataset/gastritis_external/processed_images/莆田学院附属医院/crop_ui,莆田学院附属医院__图片__莆田学院附属医院__莆田炎症图片__ptyz102-5.jpg,0,1,1,1,0,,莆田学院附属医院__图片__莆田学院附属医院__莆田炎症图片__ptyz102-5_overlay.jpg,莆田学院附属医院__图片__莆田学院附属医院__莆田炎症图片__ptyz102-5.png,莆田学院附属医院__图片__莆田学院附属医院__莆田炎症图片__ptyz102-5.json
dataset/gastritis_external/processed_images/莆田学院附属医院/crop_ui,莆田学院附属医院__图片__莆田学院附属医院__莆田炎症图片__ptyz281-5.jpg,0,1,1,1,0,,莆田学院附属医院__图片__莆田学院附属医院__莆田炎症图片__ptyz281-5_overlay.jpg,莆田学院附属医院__图片__莆田学院附属医院__莆田炎症图片__ptyz281-5.png,莆田学院附属医院__图片__莆田学院附属医院__莆田炎症图片__ptyz281-5.json
dataset/gastritis_external/processed_images/莆田学院附属医院/crop_ui,莆田学院附属医院__图片__莆田学院附属医院__莆田炎症图片__ptyz437-4.jpg,0,1,1,1,0,,莆田学院附属医院__图片__莆田学院附属医院__莆田炎症图片__ptyz437-4_overlay.jpg,莆田学院附属医院__图片__莆田学院附属医院__莆田炎症图片__ptyz437-4.png,莆田学院附属医院__图片__莆田学院附属医院__莆田炎症图片__ptyz437-4.json
dataset/gastritis_external/processed_images/莆田学院附属医院/crop_ui,莆田学院附属医院__图片__莆田学院附属医院__莆田炎症图片__ptyz268-1.jpg,0,1,1,1,0,,莆田学院附属医院__图片__莆田学院附属医院__莆田炎症图片__ptyz268-1_overlay.jpg,莆田学院附属医院__图片__莆田学院附属医院__莆田炎症图片__ptyz268-1.png,莆田学院附属医院__图片__莆田学院附属医院__莆田炎症图片__ptyz268-1.json
dataset/gastritis_external/processed_images/莆田学院附属医院/crop_ui,莆田学院附属医院__图片__莆田学院附属医院__莆田炎症图片__ptyz156-3.jpg,0,1,1,1,0,,莆田学院附属医院__图片__莆田学院附属医院__莆田炎症图片__ptyz156-3_overlay.jpg,莆田学院附属医院__图片__莆田学院附属医院__莆田炎症图片__ptyz156-3.png,莆田学院附属医院__图片__莆田学院附属医院__莆田炎症图片__ptyz156-3.json
dataset/gastritis_external/processed_images/莆田学院附属医院/crop_ui,莆田学院附属医院__图片__莆田学院附属医院__莆田炎症图片__ptyz301-3.jpg,0,1,1,1,0,,莆田学院附属医院__图片__莆田学院附属医院__莆田炎症图片__ptyz301-3_overlay.jpg,莆田学院附属医院__图片__莆田学院附属医院__莆田炎症图片__ptyz301-3.png,莆田学院附属医院__图片__莆田学院附属医院__莆田炎症图片__ptyz301-3.json
dataset/gastritis_external/processed_images/莆田学院附属医院/crop_ui,莆田学院附属医院__图片__莆田学院附属医院__莆田炎症图片__ptyz393-1.jpg,0,1,1,1,0,,莆田学院附属医院__图片__莆田学院附属医院__莆田炎症图片__ptyz393-1_overlay.jpg,莆田学院附属医院__图片__莆田学院附属医院__莆田炎症图片__ptyz393-1.png,莆田学院附属医院__图片__莆田学院附属医院__莆田炎症图片__ptyz393-1.json
dataset/gastritis_external/processed_images/莆田学院附属医院/crop_ui,莆田学院附属医院__图片__莆田学院附属医院__莆田炎症图片__ptyz189-2.jpg,0,1,1,1,0,,莆田学院附属医院__图片__莆田学院附属医院__莆田炎症图片__ptyz189-2_overlay.jpg,莆田学院附属医院__图片__莆田学院附属医院__莆田炎症图片__ptyz189-2.png,莆田学院附属医院__图片__莆田学院附属医院__莆田炎症图片__ptyz189-2.json
dataset/gastritis_external/processed_images/莆田学院附属医院/crop_ui,莆田学院附属医院__图片__莆田学院附属医院__莆田炎症图片__ptyz300-4.jpg,0,1,1,1,0,,莆田学院附属医院__图片__莆田学院附属医院__莆田炎症图片__ptyz300-4_overlay.jpg,莆田学院附属医院__图片__莆田学院附属医院__莆田炎症图片__ptyz300-4.png,莆田学院附属医院__图片__莆田学院附属医院__莆田炎症图片__ptyz300-4.json
dataset/gastritis_external/processed_images/莆田学院附属医院/crop_ui,莆田学院附属医院__图片__莆田学院附属医院__莆田炎症图片__ptyz357-1.jpg,0,1,1,1,0,,莆田学院附属医院__图片__莆田学院附属医院__莆田炎症图片__ptyz357-1_overlay.jpg,莆田学院附属医院__图片__莆田学院附属医院__莆田炎症图片__ptyz357-1.png,莆田学院附属医院__图片__莆田学院附属医院__莆田炎症图片__ptyz357-1.json
dataset/gastritis_external/processed_images/莆田学院附属医院/crop_ui,莆田学院附属医院__图片__莆田学院附属医院__莆田炎症图片__ptyz140-3.jpg,0,1,1,1,0,,莆田学院附属医院__图片__莆田学院附属医院__莆田炎症图片__ptyz140-3_overlay.jpg,莆田学院附属医院__图片__莆田学院附属医院__莆田炎症图片__ptyz140-3.png,莆田学院附属医院__图片__莆田学院附属医院__莆田炎症图片__ptyz140-3.json
dataset/gastritis_external/processed_images/莆田学院附属医院/crop_ui,莆田学院附属医院__图片__莆田学院附属医院__莆田炎症图片__ptyz141-3.jpg,0,1,1,1,0,,莆田学院附属医院__图片__莆田学院附属医院__莆田炎症图片__ptyz141-3_overlay.jpg,莆田学院附属医院__图片__莆田学院附属医院__莆田炎症图片__ptyz141-3.png,莆田学院附属医院__图片__莆田学院附属医院__莆田炎症图片__ptyz141-3.json
dataset/gastritis_external/processed_images/莆田学院附属医院/crop_ui,莆田学院附属医院__图片__莆田学院附属医院__莆田炎症图片__ptyz73-3.jpg,0,1,1,1,0,,莆田学院附属医院__图片__莆田学院附属医院__莆田炎症图片__ptyz73-3_overlay.jpg,莆田学院附属医院__图片__莆田学院附属医院__莆田炎症图片__ptyz73-3.png,莆田学院附属医院__图片__莆田学院附属医院__莆田炎症图片__ptyz73-3.json
dataset/gastritis_external/processed_images/莆田学院附属医院/crop_ui,莆田学院附属医院__图片__莆田学院附属医院__莆田炎症图片__ptyz27-6.jpg,0,1,1,1,0,,莆田学院附属医院__图片__莆田学院附属医院__莆田炎症图片__ptyz27-6_overlay.jpg,莆田学院附属医院__图片__莆田学院附属医院__莆田炎症图片__ptyz27-6.png,莆田学院附属医院__图片__莆田学院附属医院__莆田炎症图片__ptyz27-6.json
dataset/gastritis_external/processed_images/莆田学院附属医院/crop_ui,莆田学院附属医院__图片__莆田学院附属医院__莆田炎症图片__ptyz31-4.jpg,0,1,1,1,0,,莆田学院附属医院__图片__莆田学院附属医院__莆田炎症图片__ptyz31-4_overlay.jpg,莆田学院附属医院__图片__莆田学院附属医院__莆田炎症图片__ptyz31-4.png,莆田学院附属医院__图片__莆田学院附属医院__莆田炎症图片__ptyz31-4.json
dataset/gastritis_external/processed_images/莆田学院附属医院/crop_ui,莆田学院附属医院__图片__莆田学院附属医院__莆田炎症图片__ptyz306-1.jpg,0,1,1,1,0,,莆田学院附属医院__图片__莆田学院附属医院__莆田炎症图片__ptyz306-1_overlay.jpg,莆田学院附属医院__图片__莆田学院附属医院__莆田炎症图片__ptyz306-1.png,莆田学院附属医院__图片__莆田学院附属医院__莆田炎症图片__ptyz306-1.json
dataset/gastritis_external/processed_images/莆田学院附属医院/crop_ui,莆田学院附属医院__图片__莆田学院附属医院__莆田炎症图片__ptyz6-2.jpg,0,1,1,1,0,,莆田学院附属医院__图片__莆田学院附属医院__莆田炎症图片__ptyz6-2_overlay.jpg,莆田学院附属医院__图片__莆田学院附属医院__莆田炎症图片__ptyz6-2.png,莆田学院附属医院__图片__莆田学院附属医院__莆田炎症图片__ptyz6-2.json
dataset/gastritis_external/processed_images/莆田学院附属医院/crop_ui,莆田学院附属医院__图片__莆田学院附属医院__莆田炎症图片__ptyz384-1.jpg,0,1,1,1,0,,莆田学院附属医院__图片__莆田学院附属医院__莆田炎症图片__ptyz384-1_overlay.jpg,莆田学院附属医院__图片__莆田学院附属医院__莆田炎症图片__ptyz384-1.png,莆田学院附属医院__图片__莆田学院附属医院__莆田炎症图片__ptyz384-1.json
dataset/gastritis_external/processed_images/莆田学院附属医院/crop_ui,莆田学院附属医院__图片__莆田学院附属医院__莆田炎症图片__ptyz213-2.jpg,0,1,1,1,0,,莆田学院附属医院__图片__莆田学院附属医院__莆田炎症图片__ptyz213-2_overlay.jpg,莆田学院附属医院__图片__莆田学院附属医院__莆田炎症图片__ptyz213-2.png,莆田学院附属医院__图片__莆田学院附属医院__莆田炎症图片__ptyz213-2.json
dataset/gastritis_external/processed_images/莆田学院附属医院/crop_ui,莆田学院附属医院__图片__莆田学院附属医院__莆田炎症图片__ptyz13-2.jpg,0,1,1,1,0,,莆田学院附属医院__图片__莆田学院附属医院__莆田炎症图片__ptyz13-2_overlay.jpg,莆田学院附属医院__图片__莆田学院附属医院__莆田炎症图片__ptyz13-2.png,莆田学院附属医院__图片__莆田学院附属医院__莆田炎症图片__ptyz13-2.json
dataset/gastritis_external/processed_images/莆田学院附属医院/crop_ui,莆田学院附属医院__图片__莆田学院附属医院__莆田炎症图片__ptyz207-4.jpg,0,1,1,1,0,,莆田学院附属医院__图片__莆田学院附属医院__莆田炎症图片__ptyz207-4_overlay.jpg,莆田学院附属医院__图片__莆田学院附属医院__莆田炎症图片__ptyz207-4.png,莆田学院附属医院__图片__莆田学院附属医院__莆田炎症图片__ptyz207-4.json
dataset/gastritis_external/processed_images/莆田学院附属医院/crop_ui,莆田学院附属医院__图片__莆田学院附属医院__莆田炎症图片__ptyz147-3.jpg,0,1,1,1,0,,莆田学院附属医院__图片__莆田学院附属医院__莆田炎症图片__ptyz147-3_overlay.jpg,莆田学院附属医院__图片__莆田学院附属医院__莆田炎症图片__ptyz147-3.png,莆田学院附属医院__图片__莆田学院附属医院__莆田炎症图片__ptyz147-3.json
dataset/gastritis_external/processed_images/莆田学院附属医院/crop_ui,莆田学院附属医院__图片__莆田学院附属医院__莆田炎症图片__ptyz215-1.jpg,0,1,1,1,0,,莆田学院附属医院__图片__莆田学院附属医院__莆田炎症图片__ptyz215-1_overlay.jpg,莆田学院附属医院__图片__莆田学院附属医院__莆田炎症图片__ptyz215-1.png,莆田学院附属医院__图片__莆田学院附属医院__莆田炎症图片__ptyz215-1.json
dataset/gastritis_external/processed_images/莆田学院附属医院/crop_ui,莆田学院附属医院__图片__莆田学院附属医院__莆田炎症图片__ptyz168-6.jpg,0,1,1,1,0,,莆田学院附属医院__图片__莆田学院附属医院__莆田炎症图片__ptyz168-6_overlay.jpg,莆田学院附属医院__图片__莆田学院附属医院__莆田炎症图片__ptyz168-6.png,莆田学院附属医院__图片__莆田学院附属医院__莆田炎症图片__ptyz168-6.json
dataset/gastritis_external/processed_images/莆田学院附属医院/crop_ui,莆田学院附属医院__图片__莆田学院附属医院__莆田炎症图片__ptyz375-2.jpg,0,1,1,1,0,,莆田学院附属医院__图片__莆田学院附属医院__莆田炎症图片__ptyz375-2_overlay.jpg,莆田学院附属医院__图片__莆田学院附属医院__莆田炎症图片__ptyz375-2.png,莆田学院附属医院__图片__莆田学院附属医院__莆田炎症图片__ptyz375-2.json
dataset/gastritis_external/processed_images/莆田学院附属医院/crop_ui,莆田学院附属医院__图片__莆田学院附属医院__莆田炎症图片__ptyz280-4.jpg,0,1,1,1,0,,莆田学院附属医院__图片__莆田学院附属医院__莆田炎症图片__ptyz280-4_overlay.jpg,莆田学院附属医院__图片__莆田学院附属医院__莆田炎症图片__ptyz280-4.png,莆田学院附属医院__图片__莆田学院附属医院__莆田炎症图片__ptyz280-4.json
dataset/gastritis_external/processed_images/莆田学院附属医院/crop_ui,莆田学院附属医院__图片__莆田学院附属医院__莆田炎症图片__ptyz110-1.jpg,0,1,1,1,0,,莆田学院附属医院__图片__莆田学院附属医院__莆田炎症图片__ptyz110-1_overlay.jpg,莆田学院附属医院__图片__莆田学院附属医院__莆田炎症图片__ptyz110-1.png,莆田学院附属医院__图片__莆田学院附属医院__莆田炎症图片__ptyz110-1.json
dataset/gastritis_external/processed_images/莆田学院附属医院/crop_ui,莆田学院附属医院__图片__莆田学院附属医院__莆田炎症图片__ptyz156-2.jpg,0,1,1,1,0,,莆田学院附属医院__图片__莆田学院附属医院__莆田炎症图片__ptyz156-2_overlay.jpg,莆田学院附属医院__图片__莆田学院附属医院__莆田炎症图片__ptyz156-2.png,莆田学院附属医院__图片__莆田学院附属医院__莆田炎症图片__ptyz156-2.json
dataset/gastritis_external/processed_images/莆田学院附属医院/crop_ui,莆田学院附属医院__图片__莆田学院附属医院__莆田炎症图片__ptyz364-2.jpg,0,1,1,1,0,,莆田学院附属医院__图片__莆田学院附属医院__莆田炎症图片__ptyz364-2_overlay.jpg,莆田学院附属医院__图片__莆田学院附属医院__莆田炎症图片__ptyz364-2.png,莆田学院附属医院__图片__莆田学院附属医院__莆田炎症图片__ptyz364-2.json
dataset/gastritis_external/processed_images/莆田学院附属医院/crop_ui,莆田学院附属医院__图片__莆田学院附属医院__莆田炎症图片__ptyz75-4.jpg,0,1,1,1,0,,莆田学院附属医院__图片__莆田学院附属医院__莆田炎症图片__ptyz75-4_overlay.jpg,莆田学院附属医院__图片__莆田学院附属医院__莆田炎症图片__ptyz75-4.png,莆田学院附属医院__图片__莆田学院附属医院__莆田炎症图片__ptyz75-4.json
dataset/gastritis_external/processed_images/莆田学院附属医院/crop_ui,莆田学院附属医院__图片__莆田学院附属医院__莆田炎症图片__ptyz59-3.jpg,0,1,1,1,0,,莆田学院附属医院__图片__莆田学院附属医院__莆田炎症图片__ptyz59-3_overlay.jpg,莆田学院附属医院__图片__莆田学院附属医院__莆田炎症图片__ptyz59-3.png,莆田学院附属医院__图片__莆田学院附属医院__莆田炎症图片__ptyz59-3.json
dataset/gastritis_external/processed_images/莆田学院附属医院/crop_ui,莆田学院附属医院__图片__莆田学院附属医院__莆田炎症图片__ptyz413-1.jpg,0,1,1,1,0,,莆田学院附属医院__图片__莆田学院附属医院__莆田炎症图片__ptyz413-1_overlay.jpg,莆田学院附属医院__图片__莆田学院附属医院__莆田炎症图片__ptyz413-1.png,莆田学院附属医院__图片__莆田学院附属医院__莆田炎症图片__ptyz413-1.json
dataset/gastritis_external/processed_images/莆田学院附属医院/crop_ui,莆田学院附属医院__图片__莆田学院附属医院__莆田炎症图片__ptyz19-2.jpg,0,1,1,1,0,,莆田学院附属医院__图片__莆田学院附属医院__莆田炎症图片__ptyz19-2_overlay.jpg,莆田学院附属医院__图片__莆田学院附属医院__莆田炎症图片__ptyz19-2.png,莆田学院附属医院__图片__莆田学院附属医院__莆田炎症图片__ptyz19-2.json
dataset/gastritis_external/processed_images/莆田学院附属医院/crop_ui,莆田学院附属医院__图片__莆田学院附属医院__莆田炎症图片__ptyz71-4.jpg,0,1,1,1,0,,莆田学院附属医院__图片__莆田学院附属医院__莆田炎症图片__ptyz71-4_overlay.jpg,莆田学院附属医院__图片__莆田学院附属医院__莆田炎症图片__ptyz71-4.png,莆田学院附属医院__图片__莆田学院附属医院__莆田炎症图片__ptyz71-4.json
dataset/gastritis_external/processed_images/莆田学院附属医院/crop_ui,莆田学院附属医院__图片__莆田学院附属医院__莆田炎症图片__ptyz104-7.jpg,0,1,1,1,0,,莆田学院附属医院__图片__莆田学院附属医院__莆田炎症图片__ptyz104-7_overlay.jpg,莆田学院附属医院__图片__莆田学院附属医院__莆田炎症图片__ptyz104-7.png,莆田学院附属医院__图片__莆田学院附属医院__莆田炎症图片__ptyz104-7.json
dataset/gastritis_external/processed_images/莆田学院附属医院/crop_ui,莆田学院附属医院__图片__莆田学院附属医院__莆田炎症图片__ptyz52-4.jpg,0,1,1,1,0,,莆田学院附属医院__图片__莆田学院附属医院__莆田炎症图片__ptyz52-4_overlay.jpg,莆田学院附属医院__图片__莆田学院附属医院__莆田炎症图片__ptyz52-4.png,莆田学院附属医院__图片__莆田学院附属医院__莆田炎症图片__ptyz52-4.json
dataset/gastritis_external/processed_images/莆田学院附属医院/crop_ui,莆田学院附属医院__图片__莆田学院附属医院__莆田炎症图片__ptyz193-2.jpg,0,1,1,1,0,,莆田学院附属医院__图片__莆田学院附属医院__莆田炎症图片__ptyz193-2_overlay.jpg,莆田学院附属医院__图片__莆田学院附属医院__莆田炎症图片__ptyz193-2.png,莆田学院附属医院__图片__莆田学院附属医院__莆田炎症图片__ptyz193-2.json
dataset/gastritis_external/processed_images/莆田学院附属医院/crop_ui,莆田学院附属医院__图片__莆田学院附属医院__莆田炎症图片__ptyz9-1.jpg,0,1,1,1,0,,莆田学院附属医院__图片__莆田学院附属医院__莆田炎症图片__ptyz9-1_overlay.jpg,莆田学院附属医院__图片__莆田学院附属医院__莆田炎症图片__ptyz9-1.png,莆田学院附属医院__图片__莆田学院附属医院__莆田炎症图片__ptyz9-1.json
dataset/gastritis_external/processed_images/莆田学院附属医院/crop_ui,莆田学院附属医院__图片__莆田学院附属医院__莆田炎症图片__ptyz344-2.jpg,0,1,1,1,0,,莆田学院附属医院__图片__莆田学院附属医院__莆田炎症图片__ptyz344-2_overlay.jpg,莆田学院附属医院__图片__莆田学院附属医院__莆田炎症图片__ptyz344-2.png,莆田学院附属医院__图片__莆田学院附属医院__莆田炎症图片__ptyz344-2.json
dataset/gastritis_external/processed_images/莆田学院附属医院/crop_ui,莆田学院附属医院__图片__莆田学院附属医院__莆田炎症图片__ptyz285-1.jpg,0,1,1,1,0,,莆田学院附属医院__图片__莆田学院附属医院__莆田炎症图片__ptyz285-1_overlay.jpg,莆田学院附属医院__图片__莆田学院附属医院__莆田炎症图片__ptyz285-1.png,莆田学院附属医院__图片__莆田学院附属医院__莆田炎症图片__ptyz285-1.json
dataset/gastritis_external/processed_images/莆田学院附属医院/crop_ui,莆田学院附属医院__图片__莆田学院附属医院__莆田炎症图片__ptyz319-3.jpg,0,1,1,1,0,,莆田学院附属医院__图片__莆田学院附属医院__莆田炎症图片__ptyz319-3_overlay.jpg,莆田学院附属医院__图片__莆田学院附属医院__莆田炎症图片__ptyz319-3.png,莆田学院附属医院__图片__莆田学院附属医院__莆田炎症图片__ptyz319-3.json
dataset/gastritis_external/processed_images/莆田学院附属医院/crop_ui,莆田学院附属医院__图片__莆田学院附属医院__莆田炎症图片__ptyz36-5.jpg,0,1,1,1,0,,莆田学院附属医院__图片__莆田学院附属医院__莆田炎症图片__ptyz36-5_overlay.jpg,莆田学院附属医院__图片__莆田学院附属医院__莆田炎症图片__ptyz36-5.png,莆田学院附属医院__图片__莆田学院附属医院__莆田炎症图片__ptyz36-5.json
dataset/gastritis_external/processed_images/莆田学院附属医院/crop_ui,莆田学院附属医院__图片__莆田学院附属医院__莆田炎症图片__ptyz4-4.jpg,0,1,1,1,0,,莆田学院附属医院__图片__莆田学院附属医院__莆田炎症图片__ptyz4-4_overlay.jpg,莆田学院附属医院__图片__莆田学院附属医院__莆田炎症图片__ptyz4-4.png,莆田学院附属医院__图片__莆田学院附属医院__莆田炎症图片__ptyz4-4.json
dataset/gastritis_external/processed_images/莆田学院附属医院/crop_ui,莆田学院附属医院__图片__莆田学院附属医院__莆田炎症图片__ptyz3-4.jpg,0,1,1,1,0,,莆田学院附属医院__图片__莆田学院附属医院__莆田炎症图片__ptyz3-4_overlay.jpg,莆田学院附属医院__图片__莆田学院附属医院__莆田炎症图片__ptyz3-4.png,莆田学院附属医院__图片__莆田学院附属医院__莆田炎症图片__ptyz3-4.json
dataset/gastritis_external/processed_images/莆田学院附属医院/crop_ui,莆田学院附属医院__图片__莆田学院附属医院__莆田炎症图片__ptyz7-3.jpg,0,1,1,1,0,,莆田学院附属医院__图片__莆田学院附属医院__莆田炎症图片__ptyz7-3_overlay.jpg,莆田学院附属医院__图片__莆田学院附属医院__莆田炎症图片__ptyz7-3.png,莆田学院附属医院__图片__莆田学院附属医院__莆田炎症图片__ptyz7-3.json
dataset/gastritis_external/processed_images/莆田学院附属医院/crop_ui,莆田学院附属医院__图片__莆田学院附属医院__莆田炎症图片__ptyz228-6.jpg,0,1,1,1,0,,莆田学院附属医院__图片__莆田学院附属医院__莆田炎症图片__ptyz228-6_overlay.jpg,莆田学院附属医院__图片__莆田学院附属医院__莆田炎症图片__ptyz228-6.png,莆田学院附属医院__图片__莆田学院附属医院__莆田炎症图片__ptyz228-6.json
dataset/gastritis_external/processed_images/莆田学院附属医院/crop_ui,莆田学院附属医院__图片__莆田学院附属医院__莆田炎症图片__ptyz287-3.jpg,0,1,1,1,0,,莆田学院附属医院__图片__莆田学院附属医院__莆田炎症图片__ptyz287-3_overlay.jpg,莆田学院附属医院__图片__莆田学院附属医院__莆田炎症图片__ptyz287-3.png,莆田学院附属医院__图片__莆田学院附属医院__莆田炎症图片__ptyz287-3.json
dataset/gastritis_external/processed_images/莆田学院附属医院/crop_ui,莆田学院附属医院__图片__莆田学院附属医院__莆田炎症图片__ptyz315-3.jpg,0,1,1,1,0,,莆田学院附属医院__图片__莆田学院附属医院__莆田炎症图片__ptyz315-3_overlay.jpg,莆田学院附属医院__图片__莆田学院附属医院__莆田炎症图片__ptyz315-3.png,莆田学院附属医院__图片__莆田学院附属医院__莆田炎症图片__ptyz315-3.json
dataset/gastritis_external/processed_images/莆田学院附属医院/crop_ui,莆田学院附属医院__图片__莆田学院附属医院__莆田炎症图片__ptyz329-3.jpg,0,1,1,1,0,,莆田学院附属医院__图片__莆田学院附属医院__莆田炎症图片__ptyz329-3_overlay.jpg,莆田学院附属医院__图片__莆田学院附属医院__莆田炎症图片__ptyz329-3.png,莆田学院附属医院__图片__莆田学院附属医院__莆田炎症图片__ptyz329-3.json
dataset/gastritis_external/processed_images/莆田学院附属医院/crop_ui,莆田学院附属医院__图片__莆田学院附属医院__莆田炎症图片__ptyz325-3.jpg,0,1,1,1,0,,莆田学院附属医院__图片__莆田学院附属医院__莆田炎症图片__ptyz325-3_overlay.jpg,莆田学院附属医院__图片__莆田学院附属医院__莆田炎症图片__ptyz325-3.png,莆田学院附属医院__图片__莆田学院附属医院__莆田炎症图片__ptyz325-3.json
dataset/gastritis_external/processed_images/莆田学院附属医院/crop_ui,莆田学院附属医院__图片__莆田学院附属医院__莆田炎症图片__ptyz369-1.jpg,0,1,1,1,0,,莆田学院附属医院__图片__莆田学院附属医院__莆田炎症图片__ptyz369-1_overlay.jpg,莆田学院附属医院__图片__莆田学院附属医院__莆田炎症图片__ptyz369-1.png,莆田学院附属医院__图片__莆田学院附属医院__莆田炎症图片__ptyz369-1.json
dataset/gastritis_external/processed_images/莆田学院附属医院/crop_ui,莆田学院附属医院__图片__莆田学院附属医院__莆田炎症图片__ptyz167-2.jpg,0,1,1,1,0,,莆田学院附属医院__图片__莆田学院附属医院__莆田炎症图片__ptyz167-2_overlay.jpg,莆田学院附属医院__图片__莆田学院附属医院__莆田炎症图片__ptyz167-2.png,莆田学院附属医院__图片__莆田学院附属医院__莆田炎症图片__ptyz167-2.json
dataset/gastritis_external/processed_images/莆田学院附属医院/crop_ui,莆田学院附属医院__图片__莆田学院附属医院__莆田炎症图片__ptyz238-2.jpg,0,1,1,1,0,,莆田学院附属医院__图片__莆田学院附属医院__莆田炎症图片__ptyz238-2_overlay.jpg,莆田学院附属医院__图片__莆田学院附属医院__莆田炎症图片__ptyz238-2.png,莆田学院附属医院__图片__莆田学院附属医院__莆田炎症图片__ptyz238-2.json
dataset/gastritis_external/processed_images/莆田学院附属医院/crop_ui,莆田学院附属医院__图片__莆田学院附属医院__莆田炎症图片__ptyz211-3.jpg,0,1,1,1,0,,莆田学院附属医院__图片__莆田学院附属医院__莆田炎症图片__ptyz211-3_overlay.jpg,莆田学院附属医院__图片__莆田学院附属医院__莆田炎症图片__ptyz211-3.png,莆田学院附属医院__图片__莆田学院附属医院__莆田炎症图片__ptyz211-3.json
dataset/gastritis_external/processed_images/莆田学院附属医院/crop_ui,莆田学院附属医院__图片__莆田学院附属医院__莆田炎症图片__ptyz20-8.jpg,0,1,1,1,0,,莆田学院附属医院__图片__莆田学院附属医院__莆田炎症图片__ptyz20-8_overlay.jpg,莆田学院附属医院__图片__莆田学院附属医院__莆田炎症图片__ptyz20-8.png,莆田学院附属医院__图片__莆田学院附属医院__莆田炎症图片__ptyz20-8.json
dataset/gastritis_external/processed_images/莆田学院附属医院/crop_ui,莆田学院附属医院__图片__莆田学院附属医院__莆田炎症图片__ptyz430-8.jpg,0,1,1,1,0,,莆田学院附属医院__图片__莆田学院附属医院__莆田炎症图片__ptyz430-8_overlay.jpg,莆田学院附属医院__图片__莆田学院附属医院__莆田炎症图片__ptyz430-8.png,莆田学院附属医院__图片__莆田学院附属医院__莆田炎症图片__ptyz430-8.json
dataset/gastritis_external/processed_images/莆田学院附属医院/crop_ui,莆田学院附属医院__图片__莆田学院附属医院__莆田炎症图片__ptyz147-1.jpg,0,1,1,1,0,,莆田学院附属医院__图片__莆田学院附属医院__莆田炎症图片__ptyz147-1_overlay.jpg,莆田学院附属医院__图片__莆田学院附属医院__莆田炎症图片__ptyz147-1.png,莆田学院附属医院__图片__莆田学院附属医院__莆田炎症图片__ptyz147-1.json
dataset/gastritis_external/processed_images/莆田学院附属医院/crop_ui,莆田学院附属医院__图片__莆田学院附属医院__莆田炎症图片__ptyz101-6.jpg,0,1,1,1,0,,莆田学院附属医院__图片__莆田学院附属医院__莆田炎症图片__ptyz101-6_overlay.jpg,莆田学院附属医院__图片__莆田学院附属医院__莆田炎症图片__ptyz101-6.png,莆田学院附属医院__图片__莆田学院附属医院__莆田炎症图片__ptyz101-6.json
dataset/gastritis_external/processed_images/莆田学院附属医院/crop_ui,莆田学院附属医院__图片__莆田学院附属医院__莆田炎症图片__ptyz98-8.jpg,0,1,1,1,0,,莆田学院附属医院__图片__莆田学院附属医院__莆田炎症图片__ptyz98-8_overlay.jpg,莆田学院附属医院__图片__莆田学院附属医院__莆田炎症图片__ptyz98-8.png,莆田学院附属医院__图片__莆田学院附属医院__莆田炎症图片__ptyz98-8.json
dataset/gastritis_external/processed_images/莆田学院附属医院/crop_ui,莆田学院附属医院__图片__莆田学院附属医院__莆田炎症图片__ptyz111-4.jpg,0,1,1,1,0,,莆田学院附属医院__图片__莆田学院附属医院__莆田炎症图片__ptyz111-4_overlay.jpg,莆田学院附属医院__图片__莆田学院附属医院__莆田炎症图片__ptyz111-4.png,莆田学院附属医院__图片__莆田学院附属医院__莆田炎症图片__ptyz111-4.json
dataset/gastritis_external/processed_images/莆田学院附属医院/crop_ui,莆田学院附属医院__图片__莆田学院附属医院__莆田炎症图片__ptyz134-1.jpg,0,1,1,1,0,,莆田学院附属医院__图片__莆田学院附属医院__莆田炎症图片__ptyz134-1_overlay.jpg,莆田学院附属医院__图片__莆田学院附属医院__莆田炎症图片__ptyz134-1.png,莆田学院附属医院__图片__莆田学院附属医院__莆田炎症图片__ptyz134-1.json
dataset/gastritis_external/processed_images/莆田学院附属医院/crop_ui,莆田学院附属医院__图片__莆田学院附属医院__莆田炎症图片__ptyz35-1.jpg,0,1,1,1,0,,莆田学院附属医院__图片__莆田学院附属医院__莆田炎症图片__ptyz35-1_overlay.jpg,莆田学院附属医院__图片__莆田学院附属医院__莆田炎症图片__ptyz35-1.png,莆田学院附属医院__图片__莆田学院附属医院__莆田炎症图片__ptyz35-1.json
dataset/gastritis_external/processed_images/莆田学院附属医院/crop_ui,莆田学院附属医院__图片__莆田学院附属医院__莆田炎症图片__ptyz141-2.jpg,0,1,1,1,0,,莆田学院附属医院__图片__莆田学院附属医院__莆田炎症图片__ptyz141-2_overlay.jpg,莆田学院附属医院__图片__莆田学院附属医院__莆田炎症图片__ptyz141-2.png,莆田学院附属医院__图片__莆田学院附属医院__莆田炎症图片__ptyz141-2.json
dataset/gastritis_external/processed_images/莆田学院附属医院/crop_ui,莆田学院附属医院__图片__莆田学院附属医院__莆田炎症图片__ptyz138-3.jpg,0,1,1,1,0,,莆田学院附属医院__图片__莆田学院附属医院__莆田炎症图片__ptyz138-3_overlay.jpg,莆田学院附属医院__图片__莆田学院附属医院__莆田炎症图片__ptyz138-3.png,莆田学院附属医院__图片__莆田学院附属医院__莆田炎症图片__ptyz138-3.json
dataset/gastritis_external/processed_images/莆田学院附属医院/crop_ui,莆田学院附属医院__图片__莆田学院附属医院__莆田炎症图片__ptyz148-2.jpg,0,1,1,1,0,,莆田学院附属医院__图片__莆田学院附属医院__莆田炎症图片__ptyz148-2_overlay.jpg,莆田学院附属医院__图片__莆田学院附属医院__莆田炎症图片__ptyz148-2.png,莆田学院附属医院__图片__莆田学院附属医院__莆田炎症图片__ptyz148-2.json
dataset/gastritis_external/processed_images/莆田学院附属医院/crop_ui,莆田学院附属医院__图片__莆田学院附属医院__莆田炎症图片__ptyz18-5.jpg,0,1,1,1,0,,莆田学院附属医院__图片__莆田学院附属医院__莆田炎症图片__ptyz18-5_overlay.jpg,莆田学院附属医院__图片__莆田学院附属医院__莆田炎症图片__ptyz18-5.png,莆田学院附属医院__图片__莆田学院附属医院__莆田炎症图片__ptyz18-5.json
dataset/gastritis_external/processed_images/莆田学院附属医院/crop_ui,莆田学院附属医院__图片__莆田学院附属医院__莆田炎症图片__ptyz150-1.jpg,0,1,1,1,0,,莆田学院附属医院__图片__莆田学院附属医院__莆田炎症图片__ptyz150-1_overlay.jpg,莆田学院附属医院__图片__莆田学院附属医院__莆田炎症图片__ptyz150-1.png,莆田学院附属医院__图片__莆田学院附属医院__莆田炎症图片__ptyz150-1.json
dataset/gastritis_external/processed_images/莆田学院附属医院/crop_ui,莆田学院附属医院__图片__莆田学院附属医院__莆田炎症图片__ptyz19-3.jpg,0,1,1,1,0,,莆田学院附属医院__图片__莆田学院附属医院__莆田炎症图片__ptyz19-3_overlay.jpg,莆田学院附属医院__图片__莆田学院附属医院__莆田炎症图片__ptyz19-3.png,莆田学院附属医院__图片__莆田学院附属医院__莆田炎症图片__ptyz19-3.json
dataset/gastritis_external/processed_images/莆田学院附属医院/crop_ui,莆田学院附属医院__图片__莆田学院附属医院__莆田炎症图片__ptyz75-2.jpg,0,1,1,1,0,,莆田学院附属医院__图片__莆田学院附属医院__莆田炎症图片__ptyz75-2_overlay.jpg,莆田学院附属医院__图片__莆田学院附属医院__莆田炎症图片__ptyz75-2.png,莆田学院附属医院__图片__莆田学院附属医院__莆田炎症图片__ptyz75-2.json
dataset/gastritis_external/processed_images/莆田学院附属医院/crop_ui,莆田学院附属医院__图片__莆田学院附属医院__莆田炎症图片__ptyz344-3.jpg,0,1,1,1,0,,莆田学院附属医院__图片__莆田学院附属医院__莆田炎症图片__ptyz344-3_overlay.jpg,莆田学院附属医院__图片__莆田学院附属医院__莆田炎症图片__ptyz344-3.png,莆田学院附属医院__图片__莆田学院附属医院__莆田炎症图片__ptyz344-3.json
dataset/gastritis_external/processed_images/莆田学院附属医院/crop_ui,莆田学院附属医院__图片__莆田学院附属医院__莆田炎症图片__ptyz109-3.jpg,0,1,1,1,0,,莆田学院附属医院__图片__莆田学院附属医院__莆田炎症图片__ptyz109-3_overlay.jpg,莆田学院附属医院__图片__莆田学院附属医院__莆田炎症图片__ptyz109-3.png,莆田学院附属医院__图片__莆田学院附属医院__莆田炎症图片__ptyz109-3.json
dataset/gastritis_external/processed_images/莆田学院附属医院/crop_ui,莆田学院附属医院__图片__莆田学院附属医院__莆田炎症图片__ptyz54-2.jpg,0,1,1,1,0,,莆田学院附属医院__图片__莆田学院附属医院__莆田炎症图片__ptyz54-2_overlay.jpg,莆田学院附属医院__图片__莆田学院附属医院__莆田炎症图片__ptyz54-2.png,莆田学院附属医院__图片__莆田学院附属医院__莆田炎症图片__ptyz54-2.json
dataset/gastritis_external/processed_images/莆田学院附属医院/crop_ui,莆田学院附属医院__图片__莆田学院附属医院__莆田炎症图片__ptyz437-5.jpg,0,1,1,1,0,,莆田学院附属医院__图片__莆田学院附属医院__莆田炎症图片__ptyz437-5_overlay.jpg,莆田学院附属医院__图片__莆田学院附属医院__莆田炎症图片__ptyz437-5.png,莆田学院附属医院__图片__莆田学院附属医院__莆田炎症图片__ptyz437-5.json
dataset/gastritis_external/processed_images/莆田学院附属医院/crop_ui,莆田学院附属医院__图片__莆田学院附属医院__莆田炎症图片__ptyz198-3.jpg,0,1,1,1,0,,莆田学院附属医院__图片__莆田学院附属医院__莆田炎症图片__ptyz198-3_overlay.jpg,莆田学院附属医院__图片__莆田学院附属医院__莆田炎症图片__ptyz198-3.png,莆田学院附属医院__图片__莆田学院附属医院__莆田炎症图片__ptyz198-3.json
dataset/gastritis_external/processed_images/莆田学院附属医院/crop_ui,莆田学院附属医院__图片__莆田学院附属医院__莆田炎症图片__ptyz401-2.jpg,0,1,1,1,0,,莆田学院附属医院__图片__莆田学院附属医院__莆田炎症图片__ptyz401-2_overlay.jpg,莆田学院附属医院__图片__莆田学院附属医院__莆田炎症图片__ptyz401-2.png,莆田学院附属医院__图片__莆田学院附属医院__莆田炎症图片__ptyz401-2.json
dataset/gastritis_external/processed_images/莆田学院附属医院/crop_ui,莆田学院附属医院__图片__莆田学院附属医院__莆田炎症图片__ptyz253-1.jpg,0,1,1,1,0,,莆田学院附属医院__图片__莆田学院附属医院__莆田炎症图片__ptyz253-1_overlay.jpg,莆田学院附属医院__图片__莆田学院附属医院__莆田炎症图片__ptyz253-1.png,莆田学院附属医院__图片__莆田学院附属医院__莆田炎症图片__ptyz253-1.json
dataset/gastritis_external/processed_images/莆田学院附属医院/crop_ui,莆田学院附属医院__图片__莆田学院附属医院__莆田炎症图片__ptyz374-2.jpg,0,1,1,1,0,,莆田学院附属医院__图片__莆田学院附属医院__莆田炎症图片__ptyz374-2_overlay.jpg,莆田学院附属医院__图片__莆田学院附属医院__莆田炎症图片__ptyz374-2.png,莆田学院附属医院__图片__莆田学院附属医院__莆田炎症图片__ptyz374-2.json
dataset/gastritis_external/processed_images/莆田学院附属医院/crop_ui,莆田学院附属医院__图片__莆田学院附属医院__莆田炎症图片__ptyz386-4.jpg,0,1,1,1,0,,莆田学院附属医院__图片__莆田学院附属医院__莆田炎症图片__ptyz386-4_overlay.jpg,莆田学院附属医院__图片__莆田学院附属医院__莆田炎症图片__ptyz386-4.png,莆田学院附属医院__图片__莆田学院附属医院__莆田炎症图片__ptyz386-4.json
dataset/gastritis_external/processed_images/莆田学院附属医院/crop_ui,莆田学院附属医院__图片__莆田学院附属医院__莆田炎症图片__ptyz51-1.jpg,0,1,1,1,0,,莆田学院附属医院__图片__莆田学院附属医院__莆田炎症图片__ptyz51-1_overlay.jpg,莆田学院附属医院__图片__莆田学院附属医院__莆田炎症图片__ptyz51-1.png,莆田学院附属医院__图片__莆田学院附属医院__莆田炎症图片__ptyz51-1.json
dataset/gastritis_external/processed_images/莆田学院附属医院/crop_ui,莆田学院附属医院__图片__莆田学院附属医院__莆田炎症图片__ptyz198-2.jpg,0,1,1,1,0,,莆田学院附属医院__图片__莆田学院附属医院__莆田炎症图片__ptyz198-2_overlay.jpg,莆田学院附属医院__图片__莆田学院附属医院__莆田炎症图片__ptyz198-2.png,莆田学院附属医院__图片__莆田学院附属医院__莆田炎症图片__ptyz198-2.json
dataset/gastritis_external/processed_images/莆田学院附属医院/crop_ui,莆田学院附属医院__图片__莆田学院附属医院__莆田炎症图片__ptyz39-7.jpg,0,1,1,1,0,,莆田学院附属医院__图片__莆田学院附属医院__莆田炎症图片__ptyz39-7_overlay.jpg,莆田学院附属医院__图片__莆田学院附属医院__莆田炎症图片__ptyz39-7.png,莆田学院附属医院__图片__莆田学院附属医院__莆田炎症图片__ptyz39-7.json
dataset/gastritis_external/processed_images/莆田学院附属医院/crop_ui,莆田学院附属医院__图片__莆田学院附属医院__莆田炎症图片__ptyz34-2.jpg,0,1,1,1,0,,莆田学院附属医院__图片__莆田学院附属医院__莆田炎症图片__ptyz34-2_overlay.jpg,莆田学院附属医院__图片__莆田学院附属医院__莆田炎症图片__ptyz34-2.png,莆田学院附属医院__图片__莆田学院附属医院__莆田炎症图片__ptyz34-2.json
dataset/gastritis_external/processed_images/莆田学院附属医院/crop_ui,莆田学院附属医院__图片__莆田学院附属医院__莆田炎症图片__ptyz201-2.jpg,0,1,1,1,0,,莆田学院附属医院__图片__莆田学院附属医院__莆田炎症图片__ptyz201-2_overlay.jpg,莆田学院附属医院__图片__莆田学院附属医院__莆田炎症图片__ptyz201-2.png,莆田学院附属医院__图片__莆田学院附属医院__莆田炎症图片__ptyz201-2.json
dataset/gastritis_external/processed_images/莆田学院附属医院/crop_ui,莆田学院附属医院__图片__莆田学院附属医院__莆田炎症图片__ptyz120-4.jpg,0,1,1,1,0,,莆田学院附属医院__图片__莆田学院附属医院__莆田炎症图片__ptyz120-4_overlay.jpg,莆田学院附属医院__图片__莆田学院附属医院__莆田炎症图片__ptyz120-4.png,莆田学院附属医院__图片__莆田学院附属医院__莆田炎症图片__ptyz120-4.json
dataset/gastritis_external/processed_images/莆田学院附属医院/crop_ui,莆田学院附属医院__图片__莆田学院附属医院__莆田炎症图片__ptyz40-2.jpg,0,1,1,1,0,,莆田学院附属医院__图片__莆田学院附属医院__莆田炎症图片__ptyz40-2_overlay.jpg,莆田学院附属医院__图片__莆田学院附属医院__莆田炎症图片__ptyz40-2.png,莆田学院附属医院__图片__莆田学院附属医院__莆田炎症图片__ptyz40-2.json
dataset/gastritis_external/processed_images/莆田学院附属医院/crop_ui,莆田学院附属医院__图片__莆田学院附属医院__莆田炎症图片__ptyz136-2.jpg,0,1,1,1,0,,莆田学院附属医院__图片__莆田学院附属医院__莆田炎症图片__ptyz136-2_overlay.jpg,莆田学院附属医院__图片__莆田学院附属医院__莆田炎症图片__ptyz136-2.png,莆田学院附属医院__图片__莆田学院附属医院__莆田炎症图片__ptyz136-2.json
dataset/gastritis_external/processed_images/莆田学院附属医院/crop_ui,莆田学院附属医院__图片__莆田学院附属医院__莆田炎症图片__ptyz62-2.jpg,0,1,1,1,0,,莆田学院附属医院__图片__莆田学院附属医院__莆田炎症图片__ptyz62-2_overlay.jpg,莆田学院附属医院__图片__莆田学院附属医院__莆田炎症图片__ptyz62-2.png,莆田学院附属医院__图片__莆田学院附属医院__莆田炎症图片__ptyz62-2.json
dataset/gastritis_external/processed_images/莆田学院附属医院/crop_ui,莆田学院附属医院__图片__莆田学院附属医院__莆田炎症图片__ptyz24-2.jpg,0,1,1,1,0,,莆田学院附属医院__图片__莆田学院附属医院__莆田炎症图片__ptyz24-2_overlay.jpg,莆田学院附属医院__图片__莆田学院附属医院__莆田炎症图片__ptyz24-2.png,莆田学院附属医院__图片__莆田学院附属医院__莆田炎症图片__ptyz24-2.json
dataset/gastritis_external/processed_images/莆田学院附属医院/crop_ui,莆田学院附属医院__图片__莆田学院附属医院__莆田炎症图片__ptyz337-2.jpg,0,1,1,1,0,,莆田学院附属医院__图片__莆田学院附属医院__莆田炎症图片__ptyz337-2_overlay.jpg,莆田学院附属医院__图片__莆田学院附属医院__莆田炎症图片__ptyz337-2.png,莆田学院附属医院__图片__莆田学院附属医院__莆田炎症图片__ptyz337-2.json
dataset/gastritis_external/processed_images/莆田学院附属医院/crop_ui,莆田学院附属医院__图片__莆田学院附属医院__莆田炎症图片__ptyz252-4.jpg,0,1,1,1,0,,莆田学院附属医院__图片__莆田学院附属医院__莆田炎症图片__ptyz252-4_overlay.jpg,莆田学院附属医院__图片__莆田学院附属医院__莆田炎症图片__ptyz252-4.png,莆田学院附属医院__图片__莆田学院附属医院__莆田炎症图片__ptyz252-4.json
dataset/gastritis_external/processed_images/莆田学院附属医院/crop_ui,莆田学院附属医院__图片__莆田学院附属医院__莆田炎症图片__ptyz71-1.jpg,0,1,1,1,0,,莆田学院附属医院__图片__莆田学院附属医院__莆田炎症图片__ptyz71-1_overlay.jpg,莆田学院附属医院__图片__莆田学院附属医院__莆田炎症图片__ptyz71-1.png,莆田学院附属医院__图片__莆田学院附属医院__莆田炎症图片__ptyz71-1.json
dataset/gastritis_external/processed_images/莆田学院附属医院/crop_ui,莆田学院附属医院__图片__莆田学院附属医院__莆田炎症图片__ptyz182-5.jpg,0,1,1,1,0,,莆田学院附属医院__图片__莆田学院附属医院__莆田炎症图片__ptyz182-5_overlay.jpg,莆田学院附属医院__图片__莆田学院附属医院__莆田炎症图片__ptyz182-5.png,莆田学院附属医院__图片__莆田学院附属医院__莆田炎症图片__ptyz182-5.json
dataset/gastritis_external/processed_images/莆田学院附属医院/crop_ui,莆田学院附属医院__图片__莆田学院附属医院__莆田炎症图片__ptyz68-4.jpg,0,1,1,1,0,,莆田学院附属医院__图片__莆田学院附属医院__莆田炎症图片__ptyz68-4_overlay.jpg,莆田学院附属医院__图片__莆田学院附属医院__莆田炎症图片__ptyz68-4.png,莆田学院附属医院__图片__莆田学院附属医院__莆田炎症图片__ptyz68-4.json
dataset/gastritis_external/processed_images/莆田学院附属医院/crop_ui,莆田学院附属医院__图片__莆田学院附属医院__莆田炎症图片__ptyz290-2.jpg,0,1,1,1,0,,莆田学院附属医院__图片__莆田学院附属医院__莆田炎症图片__ptyz290-2_overlay.jpg,莆田学院附属医院__图片__莆田学院附属医院__莆田炎症图片__ptyz290-2.png,莆田学院附属医院__图片__莆田学院附属医院__莆田炎症图片__ptyz290-2.json
dataset/gastritis_external/processed_images/莆田学院附属医院/crop_ui,莆田学院附属医院__图片__莆田学院附属医院__莆田炎症图片__ptyz42-2.jpg,0,1,1,1,0,,莆田学院附属医院__图片__莆田学院附属医院__莆田炎症图片__ptyz42-2_overlay.jpg,莆田学院附属医院__图片__莆田学院附属医院__莆田炎症图片__ptyz42-2.png,莆田学院附属医院__图片__莆田学院附属医院__莆田炎症图片__ptyz42-2.json
dataset/gastritis_external/processed_images/莆田学院附属医院/crop_ui,莆田学院附属医院__图片__莆田学院附属医院__莆田炎症图片__ptyz439-4.jpg,0,1,1,1,0,,莆田学院附属医院__图片__莆田学院附属医院__莆田炎症图片__ptyz439-4_overlay.jpg,莆田学院附属医院__图片__莆田学院附属医院__莆田炎症图片__ptyz439-4.png,莆田学院附属医院__图片__莆田学院附属医院__莆田炎症图片__ptyz439-4.json
dataset/gastritis_external/processed_images/莆田学院附属医院/crop_ui,莆田学院附属医院__图片__莆田学院附属医院__莆田炎症图片__ptyz20-2.jpg,0,1,1,1,0,,莆田学院附属医院__图片__莆田学院附属医院__莆田炎症图片__ptyz20-2_overlay.jpg,莆田学院附属医院__图片__莆田学院附属医院__莆田炎症图片__ptyz20-2.png,莆田学院附属医院__图片__莆田学院附属医院__莆田炎症图片__ptyz20-2.json
dataset/gastritis_external/processed_images/莆田学院附属医院/crop_ui,莆田学院附属医院__图片__莆田学院附属医院__莆田炎症图片__ptyz89-2.jpg,0,1,1,1,0,,莆田学院附属医院__图片__莆田学院附属医院__莆田炎症图片__ptyz89-2_overlay.jpg,莆田学院附属医院__图片__莆田学院附属医院__莆田炎症图片__ptyz89-2.png,莆田学院附属医院__图片__莆田学院附属医院__莆田炎症图片__ptyz89-2.json
dataset/gastritis_external/processed_images/莆田学院附属医院/crop_ui,莆田学院附属医院__图片__莆田学院附属医院__莆田炎症图片__ptyz327-3.jpg,0,1,1,1,0,,莆田学院附属医院__图片__莆田学院附属医院__莆田炎症图片__ptyz327-3_overlay.jpg,莆田学院附属医院__图片__莆田学院附属医院__莆田炎症图片__ptyz327-3.png,莆田学院附属医院__图片__莆田学院附属医院__莆田炎症图片__ptyz327-3.json
dataset/gastritis_external/processed_images/莆田学院附属医院/crop_ui,莆田学院附属医院__图片__莆田学院附属医院__莆田炎症图片__ptyz3-2.jpg,0,1,1,1,0,,莆田学院附属医院__图片__莆田学院附属医院__莆田炎症图片__ptyz3-2_overlay.jpg,莆田学院附属医院__图片__莆田学院附属医院__莆田炎症图片__ptyz3-2.png,莆田学院附属医院__图片__莆田学院附属医院__莆田炎症图片__ptyz3-2.json
dataset/gastritis_external/processed_images/莆田学院附属医院/crop_ui,莆田学院附属医院__图片__莆田学院附属医院__莆田炎症图片__ptyz75-3.jpg,0,1,1,1,0,,莆田学院附属医院__图片__莆田学院附属医院__莆田炎症图片__ptyz75-3_overlay.jpg,莆田学院附属医院__图片__莆田学院附属医院__莆田炎症图片__ptyz75-3.png,莆田学院附属医院__图片__莆田学院附属医院__莆田炎症图片__ptyz75-3.json
dataset/gastritis_external/processed_images/莆田学院附属医院/crop_ui,莆田学院附属医院__图片__莆田学院附属医院__莆田炎症图片__ptyz220-3.jpg,0,1,1,1,0,,莆田学院附属医院__图片__莆田学院附属医院__莆田炎症图片__ptyz220-3_overlay.jpg,莆田学院附属医院__图片__莆田学院附属医院__莆田炎症图片__ptyz220-3.png,莆田学院附属医院__图片__莆田学院附属医院__莆田炎症图片__ptyz220-3.json
dataset/gastritis_external/processed_images/莆田学院附属医院/crop_ui,莆田学院附属医院__图片__莆田学院附属医院__莆田炎症图片__ptyz15-1.jpg,0,1,1,1,0,,莆田学院附属医院__图片__莆田学院附属医院__莆田炎症图片__ptyz15-1_overlay.jpg,莆田学院附属医院__图片__莆田学院附属医院__莆田炎症图片__ptyz15-1.png,莆田学院附属医院__图片__莆田学院附属医院__莆田炎症图片__ptyz15-1.json
dataset/gastritis_external/processed_images/莆田学院附属医院/crop_ui,莆田学院附属医院__图片__莆田学院附属医院__莆田炎症图片__ptyz121-2.jpg,0,1,1,1,0,,莆田学院附属医院__图片__莆田学院附属医院__莆田炎症图片__ptyz121-2_overlay.jpg,莆田学院附属医院__图片__莆田学院附属医院__莆田炎症图片__ptyz121-2.png,莆田学院附属医院__图片__莆田学院附属医院__莆田炎症图片__ptyz121-2.json
dataset/gastritis_external/processed_images/莆田学院附属医院/crop_ui,莆田学院附属医院__图片__莆田学院附属医院__莆田炎症图片__ptyz114-1.jpg,0,1,1,1,0,,莆田学院附属医院__图片__莆田学院附属医院__莆田炎症图片__ptyz114-1_overlay.jpg,莆田学院附属医院__图片__莆田学院附属医院__莆田炎症图片__ptyz114-1.png,莆田学院附属医院__图片__莆田学院附属医院__莆田炎症图片__ptyz114-1.json
dataset/gastritis_external/processed_images/莆田学院附属医院/crop_ui,莆田学院附属医院__图片__莆田学院附属医院__莆田炎症图片__ptyz269-3.jpg,0,1,1,1,0,,莆田学院附属医院__图片__莆田学院附属医院__莆田炎症图片__ptyz269-3_overlay.jpg,莆田学院附属医院__图片__莆田学院附属医院__莆田炎症图片__ptyz269-3.png,莆田学院附属医院__图片__莆田学院附属医院__莆田炎症图片__ptyz269-3.json
dataset/gastritis_external/processed_images/莆田学院附属医院/crop_ui,莆田学院附属医院__图片__莆田学院附属医院__莆田炎症图片__ptyz33-6.jpg,0,1,1,1,0,,莆田学院附属医院__图片__莆田学院附属医院__莆田炎症图片__ptyz33-6_overlay.jpg,莆田学院附属医院__图片__莆田学院附属医院__莆田炎症图片__ptyz33-6.png,莆田学院附属医院__图片__莆田学院附属医院__莆田炎症图片__ptyz33-6.json
dataset/gastritis_external/processed_images/莆田学院附属医院/crop_ui,莆田学院附属医院__图片__莆田学院附属医院__莆田炎症图片__ptyz438-2.jpg,0,1,1,1,0,,莆田学院附属医院__图片__莆田学院附属医院__莆田炎症图片__ptyz438-2_overlay.jpg,莆田学院附属医院__图片__莆田学院附属医院__莆田炎症图片__ptyz438-2.png,莆田学院附属医院__图片__莆田学院附属医院__莆田炎症图片__ptyz438-2.json
dataset/gastritis_external/processed_images/莆田学院附属医院/crop_ui,莆田学院附属医院__图片__莆田学院附属医院__莆田炎症图片__ptyz238-3.jpg,0,1,1,1,0,,莆田学院附属医院__图片__莆田学院附属医院__莆田炎症图片__ptyz238-3_overlay.jpg,莆田学院附属医院__图片__莆田学院附属医院__莆田炎症图片__ptyz238-3.png,莆田学院附属医院__图片__莆田学院附属医院__莆田炎症图片__ptyz238-3.json
dataset/gastritis_external/processed_images/莆田学院附属医院/crop_ui,莆田学院附属医院__图片__莆田学院附属医院__莆田炎症图片__ptyz53-1.jpg,0,1,1,1,0,,莆田学院附属医院__图片__莆田学院附属医院__莆田炎症图片__ptyz53-1_overlay.jpg,莆田学院附属医院__图片__莆田学院附属医院__莆田炎症图片__ptyz53-1.png,莆田学院附属医院__图片__莆田学院附属医院__莆田炎症图片__ptyz53-1.json
dataset/gastritis_external/processed_images/莆田学院附属医院/crop_ui,莆田学院附属医院__图片__莆田学院附属医院__莆田炎症图片__ptyz82-10.jpg,0,1,1,1,0,,莆田学院附属医院__图片__莆田学院附属医院__莆田炎症图片__ptyz82-10_overlay.jpg,莆田学院附属医院__图片__莆田学院附属医院__莆田炎症图片__ptyz82-10.png,莆田学院附属医院__图片__莆田学院附属医院__莆田炎症图片__ptyz82-10.json
dataset/gastritis_external/processed_images/莆田学院附属医院/crop_ui,莆田学院附属医院__图片__莆田学院附属医院__莆田炎症图片__ptyz43-2.jpg,0,1,1,1,0,,莆田学院附属医院__图片__莆田学院附属医院__莆田炎症图片__ptyz43-2_overlay.jpg,莆田学院附属医院__图片__莆田学院附属医院__莆田炎症图片__ptyz43-2.png,莆田学院附属医院__图片__莆田学院附属医院__莆田炎症图片__ptyz43-2.json
dataset/gastritis_external/processed_images/莆田学院附属医院/crop_ui,莆田学院附属医院__图片__莆田学院附属医院__莆田炎症图片__ptyz107-1.jpg,0,1,1,1,0,,莆田学院附属医院__图片__莆田学院附属医院__莆田炎症图片__ptyz107-1_overlay.jpg,莆田学院附属医院__图片__莆田学院附属医院__莆田炎症图片__ptyz107-1.png,莆田学院附属医院__图片__莆田学院附属医院__莆田炎症图片__ptyz107-1.json
dataset/gastritis_external/processed_images/莆田学院附属医院/crop_ui,莆田学院附属医院__图片__莆田学院附属医院__莆田炎症图片__ptyz130-1.jpg,0,1,1,1,0,,莆田学院附属医院__图片__莆田学院附属医院__莆田炎症图片__ptyz130-1_overlay.jpg,莆田学院附属医院__图片__莆田学院附属医院__莆田炎症图片__ptyz130-1.png,莆田学院附属医院__图片__莆田学院附属医院__莆田炎症图片__ptyz130-1.json
dataset/gastritis_external/processed_images/莆田学院附属医院/crop_ui,莆田学院附属医院__图片__莆田学院附属医院__莆田炎症图片__ptyz4-2.jpg,0,1,1,1,0,,莆田学院附属医院__图片__莆田学院附属医院__莆田炎症图片__ptyz4-2_overlay.jpg,莆田学院附属医院__图片__莆田学院附属医院__莆田炎症图片__ptyz4-2.png,莆田学院附属医院__图片__莆田学院附属医院__莆田炎症图片__ptyz4-2.json
dataset/gastritis_external/processed_images/莆田学院附属医院/crop_ui,莆田学院附属医院__图片__莆田学院附属医院__莆田炎症图片__ptyz135-2.jpg,0,1,1,1,0,,莆田学院附属医院__图片__莆田学院附属医院__莆田炎症图片__ptyz135-2_overlay.jpg,莆田学院附属医院__图片__莆田学院附属医院__莆田炎症图片__ptyz135-2.png,莆田学院附属医院__图片__莆田学院附属医院__莆田炎症图片__ptyz135-2.json
dataset/gastritis_external/processed_images/莆田学院附属医院/crop_ui,莆田学院附属医院__图片__莆田学院附属医院__莆田炎症图片__ptyz280-2.jpg,0,1,1,1,0,,莆田学院附属医院__图片__莆田学院附属医院__莆田炎症图片__ptyz280-2_overlay.jpg,莆田学院附属医院__图片__莆田学院附属医院__莆田炎症图片__ptyz280-2.png,莆田学院附属医院__图片__莆田学院附属医院__莆田炎症图片__ptyz280-2.json
dataset/gastritis_external/processed_images/莆田学院附属医院/crop_ui,莆田学院附属医院__图片__莆田学院附属医院__莆田炎症图片__ptyz12-18.jpg,0,1,1,1,0,,莆田学院附属医院__图片__莆田学院附属医院__莆田炎症图片__ptyz12-18_overlay.jpg,莆田学院附属医院__图片__莆田学院附属医院__莆田炎症图片__ptyz12-18.png,莆田学院附属医院__图片__莆田学院附属医院__莆田炎症图片__ptyz12-18.json
dataset/gastritis_external/processed_images/莆田学院附属医院/crop_ui,莆田学院附属医院__图片__莆田学院附属医院__莆田炎症图片__ptyz327-4.jpg,0,1,1,1,0,,莆田学院附属医院__图片__莆田学院附属医院__莆田炎症图片__ptyz327-4_overlay.jpg,莆田学院附属医院__图片__莆田学院附属医院__莆田炎症图片__ptyz327-4.png,莆田学院附属医院__图片__莆田学院附属医院__莆田炎症图片__ptyz327-4.json
dataset/gastritis_external/processed_images/莆田学院附属医院/crop_ui,莆田学院附属医院__图片__莆田学院附属医院__莆田炎症图片__ptyz191-1.jpg,0,1,1,1,0,,莆田学院附属医院__图片__莆田学院附属医院__莆田炎症图片__ptyz191-1_overlay.jpg,莆田学院附属医院__图片__莆田学院附属医院__莆田炎症图片__ptyz191-1.png,莆田学院附属医院__图片__莆田学院附属医院__莆田炎症图片__ptyz191-1.json
dataset/gastritis_external/processed_images/莆田学院附属医院/crop_ui,莆田学院附属医院__图片__莆田学院附属医院__莆田炎症图片__ptyz143-1.jpg,0,1,1,1,0,,莆田学院附属医院__图片__莆田学院附属医院__莆田炎症图片__ptyz143-1_overlay.jpg,莆田学院附属医院__图片__莆田学院附属医院__莆田炎症图片__ptyz143-1.png,莆田学院附属医院__图片__莆田学院附属医院__莆田炎症图片__ptyz143-1.json
dataset/gastritis_external/processed_images/莆田学院附属医院/crop_ui,莆田学院附属医院__图片__莆田学院附属医院__莆田炎症图片__ptyz231.jpg,0,1,1,1,0,,莆田学院附属医院__图片__莆田学院附属医院__莆田炎症图片__ptyz231_overlay.jpg,莆田学院附属医院__图片__莆田学院附属医院__莆田炎症图片__ptyz231.png,莆田学院附属医院__图片__莆田学院附属医院__莆田炎症图片__ptyz231.json
dataset/gastritis_external/processed_images/莆田学院附属医院/crop_ui,莆田学院附属医院__图片__莆田学院附属医院__莆田炎症图片__ptyz59-1.jpg,0,1,1,1,0,,莆田学院附属医院__图片__莆田学院附属医院__莆田炎症图片__ptyz59-1_overlay.jpg,莆田学院附属医院__图片__莆田学院附属医院__莆田炎症图片__ptyz59-1.png,莆田学院附属医院__图片__莆田学院附属医院__莆田炎症图片__ptyz59-1.json
dataset/gastritis_external/processed_images/莆田学院附属医院/crop_ui,莆田学院附属医院__图片__莆田学院附属医院__莆田炎症图片__ptyz259-2.jpg,0,1,1,1,0,,莆田学院附属医院__图片__莆田学院附属医院__莆田炎症图片__ptyz259-2_overlay.jpg,莆田学院附属医院__图片__莆田学院附属医院__莆田炎症图片__ptyz259-2.png,莆田学院附属医院__图片__莆田学院附属医院__莆田炎症图片__ptyz259-2.json
dataset/gastritis_external/processed_images/莆田学院附属医院/crop_ui,莆田学院附属医院__图片__莆田学院附属医院__莆田炎症图片__ptyz237-3.jpg,0,1,1,1,0,,莆田学院附属医院__图片__莆田学院附属医院__莆田炎症图片__ptyz237-3_overlay.jpg,莆田学院附属医院__图片__莆田学院附属医院__莆田炎症图片__ptyz237-3.png,莆田学院附属医院__图片__莆田学院附属医院__莆田炎症图片__ptyz237-3.json
dataset/gastritis_external/processed_images/莆田学院附属医院/crop_ui,莆田学院附属医院__图片__莆田学院附属医院__莆田炎症图片__ptyz87-8.jpg,0,1,1,1,0,,莆田学院附属医院__图片__莆田学院附属医院__莆田炎症图片__ptyz87-8_overlay.jpg,莆田学院附属医院__图片__莆田学院附属医院__莆田炎症图片__ptyz87-8.png,莆田学院附属医院__图片__莆田学院附属医院__莆田炎症图片__ptyz87-8.json
dataset/gastritis_external/processed_images/莆田学院附属医院/crop_ui,莆田学院附属医院__图片__莆田学院附属医院__莆田炎症图片__ptyz441-1.jpg,0,1,1,1,0,,莆田学院附属医院__图片__莆田学院附属医院__莆田炎症图片__ptyz441-1_overlay.jpg,莆田学院附属医院__图片__莆田学院附属医院__莆田炎症图片__ptyz441-1.png,莆田学院附属医院__图片__莆田学院附属医院__莆田炎症图片__ptyz441-1.json
dataset/gastritis_external/processed_images/莆田学院附属医院/crop_ui,莆田学院附属医院__图片__莆田学院附属医院__莆田炎症图片__ptyz292-4.jpg,0,1,1,1,0,,莆田学院附属医院__图片__莆田学院附属医院__莆田炎症图片__ptyz292-4_overlay.jpg,莆田学院附属医院__图片__莆田学院附属医院__莆田炎症图片__ptyz292-4.png,莆田学院附属医院__图片__莆田学院附属医院__莆田炎症图片__ptyz292-4.json
dataset/gastritis_external/processed_images/莆田学院附属医院/crop_ui,莆田学院附属医院__图片__莆田学院附属医院__莆田炎症图片__ptyz38-3.jpg,0,1,1,1,0,,莆田学院附属医院__图片__莆田学院附属医院__莆田炎症图片__ptyz38-3_overlay.jpg,莆田学院附属医院__图片__莆田学院附属医院__莆田炎症图片__ptyz38-3.png,莆田学院附属医院__图片__莆田学院附属医院__莆田炎症图片__ptyz38-3.json
dataset/gastritis_external/processed_images/莆田学院附属医院/crop_ui,莆田学院附属医院__图片__莆田学院附属医院__莆田炎症图片__ptyz300-1.jpg,0,1,1,1,0,,莆田学院附属医院__图片__莆田学院附属医院__莆田炎症图片__ptyz300-1_overlay.jpg,莆田学院附属医院__图片__莆田学院附属医院__莆田炎症图片__ptyz300-1.png,莆田学院附属医院__图片__莆田学院附属医院__莆田炎症图片__ptyz300-1.json
dataset/gastritis_external/processed_images/莆田学院附属医院/crop_ui,莆田学院附属医院__图片__莆田学院附属医院__莆田炎症图片__ptyz138-1.jpg,0,1,1,1,0,,莆田学院附属医院__图片__莆田学院附属医院__莆田炎症图片__ptyz138-1_overlay.jpg,莆田学院附属医院__图片__莆田学院附属医院__莆田炎症图片__ptyz138-1.png,莆田学院附属医院__图片__莆田学院附属医院__莆田炎症图片__ptyz138-1.json
dataset/gastritis_external/processed_images/莆田学院附属医院/crop_ui,莆田学院附属医院__图片__莆田学院附属医院__莆田炎症图片__ptyz343-3.jpg,0,1,1,1,0,,莆田学院附属医院__图片__莆田学院附属医院__莆田炎症图片__ptyz343-3_overlay.jpg,莆田学院附属医院__图片__莆田学院附属医院__莆田炎症图片__ptyz343-3.png,莆田学院附属医院__图片__莆田学院附属医院__莆田炎症图片__ptyz343-3.json
dataset/gastritis_external/processed_images/莆田学院附属医院/crop_ui,莆田学院附属医院__图片__莆田学院附属医院__莆田炎症图片__ptyz137-1.jpg,0,1,1,1,0,,莆田学院附属医院__图片__莆田学院附属医院__莆田炎症图片__ptyz137-1_overlay.jpg,莆田学院附属医院__图片__莆田学院附属医院__莆田炎症图片__ptyz137-1.png,莆田学院附属医院__图片__莆田学院附属医院__莆田炎症图片__ptyz137-1.json
dataset/gastritis_external/processed_images/莆田学院附属医院/crop_ui,莆田学院附属医院__图片__莆田学院附属医院__莆田炎症图片__ptyz109-10.jpg,0,1,1,1,0,,莆田学院附属医院__图片__莆田学院附属医院__莆田炎症图片__ptyz109-10_overlay.jpg,莆田学院附属医院__图片__莆田学院附属医院__莆田炎症图片__ptyz109-10.png,莆田学院附属医院__图片__莆田学院附属医院__莆田炎症图片__ptyz109-10.json
dataset/gastritis_external/processed_images/莆田学院附属医院/crop_ui,莆田学院附属医院__图片__莆田学院附属医院__莆田炎症图片__ptyz416-3.jpg,0,1,1,1,0,,莆田学院附属医院__图片__莆田学院附属医院__莆田炎症图片__ptyz416-3_overlay.jpg,莆田学院附属医院__图片__莆田学院附属医院__莆田炎症图片__ptyz416-3.png,莆田学院附属医院__图片__莆田学院附属医院__莆田炎症图片__ptyz416-3.json
dataset/gastritis_external/processed_images/莆田学院附属医院/crop_ui,莆田学院附属医院__图片__莆田学院附属医院__莆田炎症图片__ptyz275-1.jpg,0,1,1,1,0,,莆田学院附属医院__图片__莆田学院附属医院__莆田炎症图片__ptyz275-1_overlay.jpg,莆田学院附属医院__图片__莆田学院附属医院__莆田炎症图片__ptyz275-1.png,莆田学院附属医院__图片__莆田学院附属医院__莆田炎症图片__ptyz275-1.json
dataset/gastritis_external/processed_images/莆田学院附属医院/crop_ui,莆田学院附属医院__图片__莆田学院附属医院__莆田炎症图片__ptyz354-4.jpg,0,1,1,1,0,,莆田学院附属医院__图片__莆田学院附属医院__莆田炎症图片__ptyz354-4_overlay.jpg,莆田学院附属医院__图片__莆田学院附属医院__莆田炎症图片__ptyz354-4.png,莆田学院附属医院__图片__莆田学院附属医院__莆田炎症图片__ptyz354-4.json
dataset/gastritis_external/processed_images/莆田学院附属医院/crop_ui,莆田学院附属医院__图片__莆田学院附属医院__莆田炎症图片__ptyz214-1.jpg,0,1,1,1,0,,莆田学院附属医院__图片__莆田学院附属医院__莆田炎症图片__ptyz214-1_overlay.jpg,莆田学院附属医院__图片__莆田学院附属医院__莆田炎症图片__ptyz214-1.png,莆田学院附属医院__图片__莆田学院附属医院__莆田炎症图片__ptyz214-1.json
dataset/gastritis_external/processed_images/莆田学院附属医院/crop_ui,莆田学院附属医院__图片__莆田学院附属医院__莆田炎症图片__ptyz70-2.jpg,0,1,1,1,0,,莆田学院附属医院__图片__莆田学院附属医院__莆田炎症图片__ptyz70-2_overlay.jpg,莆田学院附属医院__图片__莆田学院附属医院__莆田炎症图片__ptyz70-2.png,莆田学院附属医院__图片__莆田学院附属医院__莆田炎症图片__ptyz70-2.json
dataset/gastritis_external/processed_images/莆田学院附属医院/crop_ui,莆田学院附属医院__图片__莆田学院附属医院__莆田炎症图片__ptyz280-3.jpg,0,1,1,1,0,,莆田学院附属医院__图片__莆田学院附属医院__莆田炎症图片__ptyz280-3_overlay.jpg,莆田学院附属医院__图片__莆田学院附属医院__莆田炎症图片__ptyz280-3.png,莆田学院附属医院__图片__莆田学院附属医院__莆田炎症图片__ptyz280-3.json
dataset/gastritis_external/processed_images/莆田学院附属医院/crop_ui,莆田学院附属医院__图片__莆田学院附属医院__莆田炎症图片__ptyz434-1.jpg,0,1,1,1,0,,莆田学院附属医院__图片__莆田学院附属医院__莆田炎症图片__ptyz434-1_overlay.jpg,莆田学院附属医院__图片__莆田学院附属医院__莆田炎症图片__ptyz434-1.png,莆田学院附属医院__图片__莆田学院附属医院__莆田炎症图片__ptyz434-1.json
dataset/gastritis_external/processed_images/莆田学院附属医院/crop_ui,莆田学院附属医院__图片__莆田学院附属医院__莆田炎症图片__ptyz144-1.jpg,0,1,1,1,0,,莆田学院附属医院__图片__莆田学院附属医院__莆田炎症图片__ptyz144-1_overlay.jpg,莆田学院附属医院__图片__莆田学院附属医院__莆田炎症图片__ptyz144-1.png,莆田学院附属医院__图片__莆田学院附属医院__莆田炎症图片__ptyz144-1.json
dataset/gastritis_external/processed_images/莆田学院附属医院/crop_ui,莆田学院附属医院__图片__莆田学院附属医院__莆田炎症图片__ptyz175.jpg,0,1,1,1,0,,莆田学院附属医院__图片__莆田学院附属医院__莆田炎症图片__ptyz175_overlay.jpg,莆田学院附属医院__图片__莆田学院附属医院__莆田炎症图片__ptyz175.png,莆田学院附属医院__图片__莆田学院附属医院__莆田炎症图片__ptyz175.json
dataset/gastritis_external/processed_images/莆田学院附属医院/crop_ui,莆田学院附属医院__图片__莆田学院附属医院__莆田炎症图片__ptyz46-4.jpg,0,1,1,1,0,,莆田学院附属医院__图片__莆田学院附属医院__莆田炎症图片__ptyz46-4_overlay.jpg,莆田学院附属医院__图片__莆田学院附属医院__莆田炎症图片__ptyz46-4.png,莆田学院附属医院__图片__莆田学院附属医院__莆田炎症图片__ptyz46-4.json
dataset/gastritis_external/processed_images/莆田学院附属医院/crop_ui,莆田学院附属医院__图片__莆田学院附属医院__莆田炎症图片__ptyz129-4.jpg,0,1,1,1,0,,莆田学院附属医院__图片__莆田学院附属医院__莆田炎症图片__ptyz129-4_overlay.jpg,莆田学院附属医院__图片__莆田学院附属医院__莆田炎症图片__ptyz129-4.png,莆田学院附属医院__图片__莆田学院附属医院__莆田炎症图片__ptyz129-4.json
dataset/gastritis_external/processed_images/莆田学院附属医院/crop_ui,莆田学院附属医院__图片__莆田学院附属医院__莆田炎症图片__ptyz441-3.jpg,0,1,1,1,0,,莆田学院附属医院__图片__莆田学院附属医院__莆田炎症图片__ptyz441-3_overlay.jpg,莆田学院附属医院__图片__莆田学院附属医院__莆田炎症图片__ptyz441-3.png,莆田学院附属医院__图片__莆田学院附属医院__莆田炎症图片__ptyz441-3.json
dataset/gastritis_external/processed_images/莆田学院附属医院/crop_ui,莆田学院附属医院__图片__莆田学院附属医院__莆田炎症图片__ptyz168-5.jpg,0,1,1,1,0,,莆田学院附属医院__图片__莆田学院附属医院__莆田炎症图片__ptyz168-5_overlay.jpg,莆田学院附属医院__图片__莆田学院附属医院__莆田炎症图片__ptyz168-5.png,莆田学院附属医院__图片__莆田学院附属医院__莆田炎症图片__ptyz168-5.json
dataset/gastritis_external/processed_images/莆田学院附属医院/crop_ui,莆田学院附属医院__图片__莆田学院附属医院__莆田炎症图片__ptyz338-1.jpg,0,1,1,1,0,,莆田学院附属医院__图片__莆田学院附属医院__莆田炎症图片__ptyz338-1_overlay.jpg,莆田学院附属医院__图片__莆田学院附属医院__莆田炎症图片__ptyz338-1.png,莆田学院附属医院__图片__莆田学院附属医院__莆田炎症图片__ptyz338-1.json
dataset/gastritis_external/processed_images/莆田学院附属医院/crop_ui,莆田学院附属医院__图片__莆田学院附属医院__莆田炎症图片__ptyz13-3.jpg,0,1,1,1,0,,莆田学院附属医院__图片__莆田学院附属医院__莆田炎症图片__ptyz13-3_overlay.jpg,莆田学院附属医院__图片__莆田学院附属医院__莆田炎症图片__ptyz13-3.png,莆田学院附属医院__图片__莆田学院附属医院__莆田炎症图片__ptyz13-3.json
dataset/gastritis_external/processed_images/莆田学院附属医院/crop_ui,莆田学院附属医院__图片__莆田学院附属医院__莆田炎症图片__ptyz112-3.jpg,0,1,1,1,0,,莆田学院附属医院__图片__莆田学院附属医院__莆田炎症图片__ptyz112-3_overlay.jpg,莆田学院附属医院__图片__莆田学院附属医院__莆田炎症图片__ptyz112-3.png,莆田学院附属医院__图片__莆田学院附属医院__莆田炎症图片__ptyz112-3.json
dataset/gastritis_external/processed_images/莆田学院附属医院/crop_ui,莆田学院附属医院__图片__莆田学院附属医院__莆田炎症图片__ptyz279.jpg,0,1,1,1,0,,莆田学院附属医院__图片__莆田学院附属医院__莆田炎症图片__ptyz279_overlay.jpg,莆田学院附属医院__图片__莆田学院附属医院__莆田炎症图片__ptyz279.png,莆田学院附属医院__图片__莆田学院附属医院__莆田炎症图片__ptyz279.json
dataset/gastritis_external/processed_images/莆田学院附属医院/crop_ui,莆田学院附属医院__图片__莆田学院附属医院__莆田炎症图片__ptyz389-4.jpg,0,1,1,1,0,,莆田学院附属医院__图片__莆田学院附属医院__莆田炎症图片__ptyz389-4_overlay.jpg,莆田学院附属医院__图片__莆田学院附属医院__莆田炎症图片__ptyz389-4.png,莆田学院附属医院__图片__莆田学院附属医院__莆田炎症图片__ptyz389-4.json
dataset/gastritis_external/processed_images/莆田学院附属医院/crop_ui,莆田学院附属医院__图片__莆田学院附属医院__莆田炎症图片__ptyz426-1.jpg,0,1,1,1,0,,莆田学院附属医院__图片__莆田学院附属医院__莆田炎症图片__ptyz426-1_overlay.jpg,莆田学院附属医院__图片__莆田学院附属医院__莆田炎症图片__ptyz426-1.png,莆田学院附属医院__图片__莆田学院附属医院__莆田炎症图片__ptyz426-1.json
dataset/gastritis_external/processed_images/莆田学院附属医院/crop_ui,莆田学院附属医院__图片__莆田学院附属医院__莆田炎症图片__ptyz415-1.jpg,0,1,1,1,0,,莆田学院附属医院__图片__莆田学院附属医院__莆田炎症图片__ptyz415-1_overlay.jpg,莆田学院附属医院__图片__莆田学院附属医院__莆田炎症图片__ptyz415-1.png,莆田学院附属医院__图片__莆田学院附属医院__莆田炎症图片__ptyz415-1.json
dataset/gastritis_external/processed_images/莆田学院附属医院/crop_ui,莆田学院附属医院__图片__莆田学院附属医院__莆田炎症图片__ptyz389-3.jpg,0,1,1,1,0,,莆田学院附属医院__图片__莆田学院附属医院__莆田炎症图片__ptyz389-3_overlay.jpg,莆田学院附属医院__图片__莆田学院附属医院__莆田炎症图片__ptyz389-3.png,莆田学院附属医院__图片__莆田学院附属医院__莆田炎症图片__ptyz389-3.json
dataset/gastritis_external/processed_images/莆田学院附属医院/crop_ui,莆田学院附属医院__图片__莆田学院附属医院__莆田炎症图片__ptyz358-2.jpg,0,1,1,1,0,,莆田学院附属医院__图片__莆田学院附属医院__莆田炎症图片__ptyz358-2_overlay.jpg,莆田学院附属医院__图片__莆田学院附属医院__莆田炎症图片__ptyz358-2.png,莆田学院附属医院__图片__莆田学院附属医院__莆田炎症图片__ptyz358-2.json
dataset/gastritis_external/processed_images/莆田学院附属医院/crop_ui,莆田学院附属医院__图片__莆田学院附属医院__莆田炎症图片__ptyz266.jpg,0,1,1,1,0,,莆田学院附属医院__图片__莆田学院附属医院__莆田炎症图片__ptyz266_overlay.jpg,莆田学院附属医院__图片__莆田学院附属医院__莆田炎症图片__ptyz266.png,莆田学院附属医院__图片__莆田学院附属医院__莆田炎症图片__ptyz266.json
dataset/gastritis_external/processed_images/莆田学院附属医院/crop_ui,莆田学院附属医院__图片__莆田学院附属医院__莆田炎症图片__ptyz357-3.jpg,0,1,1,1,0,,莆田学院附属医院__图片__莆田学院附属医院__莆田炎症图片__ptyz357-3_overlay.jpg,莆田学院附属医院__图片__莆田学院附属医院__莆田炎症图片__ptyz357-3.png,莆田学院附属医院__图片__莆田学院附属医院__莆田炎症图片__ptyz357-3.json
dataset/gastritis_external/processed_images/莆田学院附属医院/crop_ui,莆田学院附属医院__图片__莆田学院附属医院__莆田炎症图片__ptyz430-11.jpg,0,1,1,1,0,,莆田学院附属医院__图片__莆田学院附属医院__莆田炎症图片__ptyz430-11_overlay.jpg,莆田学院附属医院__图片__莆田学院附属医院__莆田炎症图片__ptyz430-11.png,莆田学院附属医院__图片__莆田学院附属医院__莆田炎症图片__ptyz430-11.json
dataset/gastritis_external/processed_images/莆田学院附属医院/crop_ui,莆田学院附属医院__图片__莆田学院附属医院__莆田炎症图片__ptyz243-1.jpg,0,1,1,1,0,,莆田学院附属医院__图片__莆田学院附属医院__莆田炎症图片__ptyz243-1_overlay.jpg,莆田学院附属医院__图片__莆田学院附属医院__莆田炎症图片__ptyz243-1.png,莆田学院附属医院__图片__莆田学院附属医院__莆田炎症图片__ptyz243-1.json
dataset/gastritis_external/processed_images/莆田学院附属医院/crop_ui,莆田学院附属医院__图片__莆田学院附属医院__莆田炎症图片__ptyz427-3.jpg,0,1,1,1,0,,莆田学院附属医院__图片__莆田学院附属医院__莆田炎症图片__ptyz427-3_overlay.jpg,莆田学院附属医院__图片__莆田学院附属医院__莆田炎症图片__ptyz427-3.png,莆田学院附属医院__图片__莆田学院附属医院__莆田炎症图片__ptyz427-3.json
dataset/gastritis_external/processed_images/莆田学院附属医院/crop_ui,莆田学院附属医院__图片__莆田学院附属医院__莆田炎症图片__ptyz433-3.jpg,0,1,1,1,0,,莆田学院附属医院__图片__莆田学院附属医院__莆田炎症图片__ptyz433-3_overlay.jpg,莆田学院附属医院__图片__莆田学院附属医院__莆田炎症图片__ptyz433-3.png,莆田学院附属医院__图片__莆田学院附属医院__莆田炎症图片__ptyz433-3.json
dataset/gastritis_external/processed_images/莆田学院附属医院/crop_ui,莆田学院附属医院__图片__莆田学院附属医院__莆田炎症图片__ptyz438-3.jpg,0,1,1,1,0,,莆田学院附属医院__图片__莆田学院附属医院__莆田炎症图片__ptyz438-3_overlay.jpg,莆田学院附属医院__图片__莆田学院附属医院__莆田炎症图片__ptyz438-3.png,莆田学院附属医院__图片__莆田学院附属医院__莆田炎症图片__ptyz438-3.json
dataset/gastritis_external/processed_images/莆田学院附属医院/crop_ui,莆田学院附属医院__图片__莆田学院附属医院__莆田炎症图片__ptyz110-3.jpg,0,1,1,1,0,,莆田学院附属医院__图片__莆田学院附属医院__莆田炎症图片__ptyz110-3_overlay.jpg,莆田学院附属医院__图片__莆田学院附属医院__莆田炎症图片__ptyz110-3.png,莆田学院附属医院__图片__莆田学院附属医院__莆田炎症图片__ptyz110-3.json
dataset/gastritis_external/processed_images/莆田学院附属医院/crop_ui,莆田学院附属医院__图片__莆田学院附属医院__莆田炎症图片__ptyz222-2.jpg,0,1,1,1,0,,莆田学院附属医院__图片__莆田学院附属医院__莆田炎症图片__ptyz222-2_overlay.jpg,莆田学院附属医院__图片__莆田学院附属医院__莆田炎症图片__ptyz222-2.png,莆田学院附属医院__图片__莆田学院附属医院__莆田炎症图片__ptyz222-2.json
dataset/gastritis_external/processed_images/莆田学院附属医院/crop_ui,莆田学院附属医院__图片__莆田学院附属医院__莆田炎症图片__ptyz173-2.jpg,0,1,1,1,0,,莆田学院附属医院__图片__莆田学院附属医院__莆田炎症图片__ptyz173-2_overlay.jpg,莆田学院附属医院__图片__莆田学院附属医院__莆田炎症图片__ptyz173-2.png,莆田学院附属医院__图片__莆田学院附属医院__莆田炎症图片__ptyz173-2.json
dataset/gastritis_external/processed_images/莆田学院附属医院/crop_ui,莆田学院附属医院__图片__莆田学院附属医院__莆田炎症图片__ptyz167-5.jpg,0,1,1,1,0,,莆田学院附属医院__图片__莆田学院附属医院__莆田炎症图片__ptyz167-5_overlay.jpg,莆田学院附属医院__图片__莆田学院附属医院__莆田炎症图片__ptyz167-5.png,莆田学院附属医院__图片__莆田学院附属医院__莆田炎症图片__ptyz167-5.json
dataset/gastritis_external/processed_images/莆田学院附属医院/crop_ui,莆田学院附属医院__图片__莆田学院附属医院__莆田炎症图片__ptyz40-4.jpg,0,1,1,1,0,,莆田学院附属医院__图片__莆田学院附属医院__莆田炎症图片__ptyz40-4_overlay.jpg,莆田学院附属医院__图片__莆田学院附属医院__莆田炎症图片__ptyz40-4.png,莆田学院附属医院__图片__莆田学院附属医院__莆田炎症图片__ptyz40-4.json
dataset/gastritis_external/processed_images/莆田学院附属医院/crop_ui,莆田学院附属医院__图片__莆田学院附属医院__莆田炎症图片__ptyz36-1.jpg,0,1,1,1,0,,莆田学院附属医院__图片__莆田学院附属医院__莆田炎症图片__ptyz36-1_overlay.jpg,莆田学院附属医院__图片__莆田学院附属医院__莆田炎症图片__ptyz36-1.png,莆田学院附属医院__图片__莆田学院附属医院__莆田炎症图片__ptyz36-1.json
dataset/gastritis_external/processed_images/莆田学院附属医院/crop_ui,莆田学院附属医院__图片__莆田学院附属医院__莆田炎症图片__ptyz204-3.jpg,0,1,1,1,0,,莆田学院附属医院__图片__莆田学院附属医院__莆田炎症图片__ptyz204-3_overlay.jpg,莆田学院附属医院__图片__莆田学院附属医院__莆田炎症图片__ptyz204-3.png,莆田学院附属医院__图片__莆田学院附属医院__莆田炎症图片__ptyz204-3.json
dataset/gastritis_external/processed_images/莆田学院附属医院/crop_ui,莆田学院附属医院__图片__莆田学院附属医院__莆田炎症图片__ptyz101-3.jpg,0,1,1,1,0,,莆田学院附属医院__图片__莆田学院附属医院__莆田炎症图片__ptyz101-3_overlay.jpg,莆田学院附属医院__图片__莆田学院附属医院__莆田炎症图片__ptyz101-3.png,莆田学院附属医院__图片__莆田学院附属医院__莆田炎症图片__ptyz101-3.json
dataset/gastritis_external/processed_images/莆田学院附属医院/crop_ui,莆田学院附属医院__图片__莆田学院附属医院__莆田炎症图片__ptyz36-9.jpg,0,1,1,1,0,,莆田学院附属医院__图片__莆田学院附属医院__莆田炎症图片__ptyz36-9_overlay.jpg,莆田学院附属医院__图片__莆田学院附属医院__莆田炎症图片__ptyz36-9.png,莆田学院附属医院__图片__莆田学院附属医院__莆田炎症图片__ptyz36-9.json
dataset/gastritis_external/processed_images/莆田学院附属医院/crop_ui,莆田学院附属医院__图片__莆田学院附属医院__莆田炎症图片__ptyz16-7.jpg,0,1,1,1,0,,莆田学院附属医院__图片__莆田学院附属医院__莆田炎症图片__ptyz16-7_overlay.jpg,莆田学院附属医院__图片__莆田学院附属医院__莆田炎症图片__ptyz16-7.png,莆田学院附属医院__图片__莆田学院附属医院__莆田炎症图片__ptyz16-7.json
dataset/gastritis_external/processed_images/莆田学院附属医院/crop_ui,莆田学院附属医院__图片__莆田学院附属医院__莆田炎症图片__ptyz201-3.jpg,0,1,1,1,0,,莆田学院附属医院__图片__莆田学院附属医院__莆田炎症图片__ptyz201-3_overlay.jpg,莆田学院附属医院__图片__莆田学院附属医院__莆田炎症图片__ptyz201-3.png,莆田学院附属医院__图片__莆田学院附属医院__莆田炎症图片__ptyz201-3.json
dataset/gastritis_external/processed_images/莆田学院附属医院/crop_ui,莆田学院附属医院__图片__莆田学院附属医院__莆田炎症图片__ptyz137-4.jpg,0,1,1,1,0,,莆田学院附属医院__图片__莆田学院附属医院__莆田炎症图片__ptyz137-4_overlay.jpg,莆田学院附属医院__图片__莆田学院附属医院__莆田炎症图片__ptyz137-4.png,莆田学院附属医院__图片__莆田学院附属医院__莆田炎症图片__ptyz137-4.json
dataset/gastritis_external/processed_images/莆田学院附属医院/crop_ui,莆田学院附属医院__图片__莆田学院附属医院__莆田炎症图片__ptyz133-3.jpg,0,1,1,1,0,,莆田学院附属医院__图片__莆田学院附属医院__莆田炎症图片__ptyz133-3_overlay.jpg,莆田学院附属医院__图片__莆田学院附属医院__莆田炎症图片__ptyz133-3.png,莆田学院附属医院__图片__莆田学院附属医院__莆田炎症图片__ptyz133-3.json
dataset/gastritis_external/processed_images/莆田学院附属医院/crop_ui,莆田学院附属医院__图片__莆田学院附属医院__莆田炎症图片__ptyz124-3.jpg,0,1,1,1,0,,莆田学院附属医院__图片__莆田学院附属医院__莆田炎症图片__ptyz124-3_overlay.jpg,莆田学院附属医院__图片__莆田学院附属医院__莆田炎症图片__ptyz124-3.png,莆田学院附属医院__图片__莆田学院附属医院__莆田炎症图片__ptyz124-3.json
dataset/gastritis_external/processed_images/莆田学院附属医院/crop_ui,莆田学院附属医院__图片__莆田学院附属医院__莆田炎症图片__ptyz441-6.jpg,0,1,1,1,0,,莆田学院附属医院__图片__莆田学院附属医院__莆田炎症图片__ptyz441-6_overlay.jpg,莆田学院附属医院__图片__莆田学院附属医院__莆田炎症图片__ptyz441-6.png,莆田学院附属医院__图片__莆田学院附属医院__莆田炎症图片__ptyz441-6.json
dataset/gastritis_external/processed_images/莆田学院附属医院/crop_ui,莆田学院附属医院__图片__莆田学院附属医院__莆田炎症图片__ptyz304-2.jpg,0,1,1,1,0,,莆田学院附属医院__图片__莆田学院附属医院__莆田炎症图片__ptyz304-2_overlay.jpg,莆田学院附属医院__图片__莆田学院附属医院__莆田炎症图片__ptyz304-2.png,莆田学院附属医院__图片__莆田学院附属医院__莆田炎症图片__ptyz304-2.json
dataset/gastritis_external/processed_images/莆田学院附属医院/crop_ui,莆田学院附属医院__图片__莆田学院附属医院__莆田炎症图片__ptyz226-7.jpg,0,1,1,1,0,,莆田学院附属医院__图片__莆田学院附属医院__莆田炎症图片__ptyz226-7_overlay.jpg,莆田学院附属医院__图片__莆田学院附属医院__莆田炎症图片__ptyz226-7.png,莆田学院附属医院__图片__莆田学院附属医院__莆田炎症图片__ptyz226-7.json
dataset/gastritis_external/processed_images/莆田学院附属医院/crop_ui,莆田学院附属医院__图片__莆田学院附属医院__莆田炎症图片__ptyz4-5.jpg,0,1,1,1,0,,莆田学院附属医院__图片__莆田学院附属医院__莆田炎症图片__ptyz4-5_overlay.jpg,莆田学院附属医院__图片__莆田学院附属医院__莆田炎症图片__ptyz4-5.png,莆田学院附属医院__图片__莆田学院附属医院__莆田炎症图片__ptyz4-5.json
dataset/gastritis_external/processed_images/莆田学院附属医院/crop_ui,莆田学院附属医院__图片__莆田学院附属医院__莆田炎症图片__ptyz102-2.jpg,0,1,1,1,0,,莆田学院附属医院__图片__莆田学院附属医院__莆田炎症图片__ptyz102-2_overlay.jpg,莆田学院附属医院__图片__莆田学院附属医院__莆田炎症图片__ptyz102-2.png,莆田学院附属医院__图片__莆田学院附属医院__莆田炎症图片__ptyz102-2.json
dataset/gastritis_external/processed_images/莆田学院附属医院/crop_ui,莆田学院附属医院__图片__莆田学院附属医院__莆田炎症图片__ptyz26-4.jpg,0,1,1,1,0,,莆田学院附属医院__图片__莆田学院附属医院__莆田炎症图片__ptyz26-4_overlay.jpg,莆田学院附属医院__图片__莆田学院附属医院__莆田炎症图片__ptyz26-4.png,莆田学院附属医院__图片__莆田学院附属医院__莆田炎症图片__ptyz26-4.json
dataset/gastritis_external/processed_images/莆田学院附属医院/crop_ui,莆田学院附属医院__图片__莆田学院附属医院__莆田炎症图片__ptyz56-5.jpg,0,1,1,1,0,,莆田学院附属医院__图片__莆田学院附属医院__莆田炎症图片__ptyz56-5_overlay.jpg,莆田学院附属医院__图片__莆田学院附属医院__莆田炎症图片__ptyz56-5.png,莆田学院附属医院__图片__莆田学院附属医院__莆田炎症图片__ptyz56-5.json
dataset/gastritis_external/processed_images/莆田学院附属医院/crop_ui,莆田学院附属医院__图片__莆田学院附属医院__莆田炎症图片__ptyz2-4.jpg,0,1,1,1,0,,莆田学院附属医院__图片__莆田学院附属医院__莆田炎症图片__ptyz2-4_overlay.jpg,莆田学院附属医院__图片__莆田学院附属医院__莆田炎症图片__ptyz2-4.png,莆田学院附属医院__图片__莆田学院附属医院__莆田炎症图片__ptyz2-4.json
dataset/gastritis_external/processed_images/莆田学院附属医院/crop_ui,莆田学院附属医院__图片__莆田学院附属医院__莆田炎症图片__ptyz65-3.jpg,0,1,1,1,0,,莆田学院附属医院__图片__莆田学院附属医院__莆田炎症图片__ptyz65-3_overlay.jpg,莆田学院附属医院__图片__莆田学院附属医院__莆田炎症图片__ptyz65-3.png,莆田学院附属医院__图片__莆田学院附属医院__莆田炎症图片__ptyz65-3.json
dataset/gastritis_external/processed_images/莆田学院附属医院/crop_ui,莆田学院附属医院__图片__莆田学院附属医院__莆田炎症图片__ptyz26-1.jpg,0,1,1,1,0,,莆田学院附属医院__图片__莆田学院附属医院__莆田炎症图片__ptyz26-1_overlay.jpg,莆田学院附属医院__图片__莆田学院附属医院__莆田炎症图片__ptyz26-1.png,莆田学院附属医院__图片__莆田学院附属医院__莆田炎症图片__ptyz26-1.json
dataset/gastritis_external/processed_images/莆田学院附属医院/crop_ui,莆田学院附属医院__图片__莆田学院附属医院__莆田炎症图片__ptyz432-4.jpg,0,1,1,1,0,,莆田学院附属医院__图片__莆田学院附属医院__莆田炎症图片__ptyz432-4_overlay.jpg,莆田学院附属医院__图片__莆田学院附属医院__莆田炎症图片__ptyz432-4.png,莆田学院附属医院__图片__莆田学院附属医院__莆田炎症图片__ptyz432-4.json
dataset/gastritis_external/processed_images/莆田学院附属医院/crop_ui,莆田学院附属医院__图片__莆田学院附属医院__莆田炎症图片__ptyz181-1.jpg,0,1,1,1,0,,莆田学院附属医院__图片__莆田学院附属医院__莆田炎症图片__ptyz181-1_overlay.jpg,莆田学院附属医院__图片__莆田学院附属医院__莆田炎症图片__ptyz181-1.png,莆田学院附属医院__图片__莆田学院附属医院__莆田炎症图片__ptyz181-1.json
dataset/gastritis_external/processed_images/莆田学院附属医院/crop_ui,莆田学院附属医院__图片__莆田学院附属医院__莆田炎症图片__ptyz3-1.jpg,0,1,1,1,0,,莆田学院附属医院__图片__莆田学院附属医院__莆田炎症图片__ptyz3-1_overlay.jpg,莆田学院附属医院__图片__莆田学院附属医院__莆田炎症图片__ptyz3-1.png,莆田学院附属医院__图片__莆田学院附属医院__莆田炎症图片__ptyz3-1.json
dataset/gastritis_external/processed_images/莆田学院附属医院/crop_ui,莆田学院附属医院__图片__莆田学院附属医院__莆田炎症图片__ptyz212.jpg,0,1,1,1,0,,莆田学院附属医院__图片__莆田学院附属医院__莆田炎症图片__ptyz212_overlay.jpg,莆田学院附属医院__图片__莆田学院附属医院__莆田炎症图片__ptyz212.png,莆田学院附属医院__图片__莆田学院附属医院__莆田炎症图片__ptyz212.json
dataset/gastritis_external/processed_images/莆田学院附属医院/crop_ui,莆田学院附属医院__图片__莆田学院附属医院__莆田炎症图片__ptyz87-9.jpg,0,1,1,1,0,,莆田学院附属医院__图片__莆田学院附属医院__莆田炎症图片__ptyz87-9_overlay.jpg,莆田学院附属医院__图片__莆田学院附属医院__莆田炎症图片__ptyz87-9.png,莆田学院附属医院__图片__莆田学院附属医院__莆田炎症图片__ptyz87-9.json
dataset/gastritis_external/processed_images/莆田学院附属医院/crop_ui,莆田学院附属医院__图片__莆田学院附属医院__莆田炎症图片__ptyz66-3.jpg,0,1,1,1,0,,莆田学院附属医院__图片__莆田学院附属医院__莆田炎症图片__ptyz66-3_overlay.jpg,莆田学院附属医院__图片__莆田学院附属医院__莆田炎症图片__ptyz66-3.png,莆田学院附属医院__图片__莆田学院附属医院__莆田炎症图片__ptyz66-3.json
dataset/gastritis_external/processed_images/莆田学院附属医院/crop_ui,莆田学院附属医院__图片__莆田学院附属医院__莆田炎症图片__ptyz136-3.jpg,0,1,1,1,0,,莆田学院附属医院__图片__莆田学院附属医院__莆田炎症图片__ptyz136-3_overlay.jpg,莆田学院附属医院__图片__莆田学院附属医院__莆田炎症图片__ptyz136-3.png,莆田学院附属医院__图片__莆田学院附属医院__莆田炎症图片__ptyz136-3.json
dataset/gastritis_external/processed_images/莆田学院附属医院/crop_ui,莆田学院附属医院__图片__莆田学院附属医院__莆田炎症图片__ptyz146-1.jpg,0,1,1,1,0,,莆田学院附属医院__图片__莆田学院附属医院__莆田炎症图片__ptyz146-1_overlay.jpg,莆田学院附属医院__图片__莆田学院附属医院__莆田炎症图片__ptyz146-1.png,莆田学院附属医院__图片__莆田学院附属医院__莆田炎症图片__ptyz146-1.json
dataset/gastritis_external/processed_images/莆田学院附属医院/crop_ui,莆田学院附属医院__图片__莆田学院附属医院__莆田炎症图片__ptyz102-4.jpg,0,1,1,1,0,,莆田学院附属医院__图片__莆田学院附属医院__莆田炎症图片__ptyz102-4_overlay.jpg,莆田学院附属医院__图片__莆田学院附属医院__莆田炎症图片__ptyz102-4.png,莆田学院附属医院__图片__莆田学院附属医院__莆田炎症图片__ptyz102-4.json
dataset/gastritis_external/processed_images/莆田学院附属医院/crop_ui,莆田学院附属医院__图片__莆田学院附属医院__莆田炎症图片__ptyz60-3.jpg,0,1,1,1,0,,莆田学院附属医院__图片__莆田学院附属医院__莆田炎症图片__ptyz60-3_overlay.jpg,莆田学院附属医院__图片__莆田学院附属医院__莆田炎症图片__ptyz60-3.png,莆田学院附属医院__图片__莆田学院附属医院__莆田炎症图片__ptyz60-3.json
dataset/gastritis_external/processed_images/莆田学院附属医院/crop_ui,莆田学院附属医院__图片__莆田学院附属医院__莆田炎症图片__ptyz331-3.jpg,0,1,1,1,0,,莆田学院附属医院__图片__莆田学院附属医院__莆田炎症图片__ptyz331-3_overlay.jpg,莆田学院附属医院__图片__莆田学院附属医院__莆田炎症图片__ptyz331-3.png,莆田学院附属医院__图片__莆田学院附属医院__莆田炎症图片__ptyz331-3.json
dataset/gastritis_external/processed_images/莆田学院附属医院/crop_ui,莆田学院附属医院__图片__莆田学院附属医院__莆田炎症图片__ptyz425-1.jpg,0,1,1,1,0,,莆田学院附属医院__图片__莆田学院附属医院__莆田炎症图片__ptyz425-1_overlay.jpg,莆田学院附属医院__图片__莆田学院附属医院__莆田炎症图片__ptyz425-1.png,莆田学院附属医院__图片__莆田学院附属医院__莆田炎症图片__ptyz425-1.json
dataset/gastritis_external/processed_images/莆田学院附属医院/crop_ui,莆田学院附属医院__图片__莆田学院附属医院__莆田炎症图片__ptyz73-1.jpg,0,1,1,1,0,,莆田学院附属医院__图片__莆田学院附属医院__莆田炎症图片__ptyz73-1_overlay.jpg,莆田学院附属医院__图片__莆田学院附属医院__莆田炎症图片__ptyz73-1.png,莆田学院附属医院__图片__莆田学院附属医院__莆田炎症图片__ptyz73-1.json
dataset/gastritis_external/processed_images/莆田学院附属医院/crop_ui,莆田学院附属医院__图片__莆田学院附属医院__莆田炎症图片__ptyz323.jpg,0,1,1,1,0,,莆田学院附属医院__图片__莆田学院附属医院__莆田炎症图片__ptyz323_overlay.jpg,莆田学院附属医院__图片__莆田学院附属医院__莆田炎症图片__ptyz323.png,莆田学院附属医院__图片__莆田学院附属医院__莆田炎症图片__ptyz323.json
dataset/gastritis_external/processed_images/莆田学院附属医院/crop_ui,莆田学院附属医院__图片__莆田学院附属医院__莆田炎症图片__ptyz170-3.jpg,0,1,1,1,0,,莆田学院附属医院__图片__莆田学院附属医院__莆田炎症图片__ptyz170-3_overlay.jpg,莆田学院附属医院__图片__莆田学院附属医院__莆田炎症图片__ptyz170-3.png,莆田学院附属医院__图片__莆田学院附属医院__莆田炎症图片__ptyz170-3.json
dataset/gastritis_external/processed_images/莆田学院附属医院/crop_ui,莆田学院附属医院__图片__莆田学院附属医院__莆田炎症图片__ptyz422-1.jpg,0,1,1,1,0,,莆田学院附属医院__图片__莆田学院附属医院__莆田炎症图片__ptyz422-1_overlay.jpg,莆田学院附属医院__图片__莆田学院附属医院__莆田炎症图片__ptyz422-1.png,莆田学院附属医院__图片__莆田学院附属医院__莆田炎症图片__ptyz422-1.json
dataset/gastritis_external/processed_images/莆田学院附属医院/crop_ui,莆田学院附属医院__图片__莆田学院附属医院__莆田炎症图片__ptyz245-1.jpg,0,1,1,1,0,,莆田学院附属医院__图片__莆田学院附属医院__莆田炎症图片__ptyz245-1_overlay.jpg,莆田学院附属医院__图片__莆田学院附属医院__莆田炎症图片__ptyz245-1.png,莆田学院附属医院__图片__莆田学院附属医院__莆田炎症图片__ptyz245-1.json
dataset/gastritis_external/processed_images/莆田学院附属医院/crop_ui,莆田学院附属医院__图片__莆田学院附属医院__莆田炎症图片__ptyz96-6.jpg,0,1,1,1,0,,莆田学院附属医院__图片__莆田学院附属医院__莆田炎症图片__ptyz96-6_overlay.jpg,莆田学院附属医院__图片__莆田学院附属医院__莆田炎症图片__ptyz96-6.png,莆田学院附属医院__图片__莆田学院附属医院__莆田炎症图片__ptyz96-6.json
dataset/gastritis_external/processed_images/莆田学院附属医院/crop_ui,莆田学院附属医院__图片__莆田学院附属医院__莆田炎症图片__ptyz40-1.jpg,0,1,1,1,0,,莆田学院附属医院__图片__莆田学院附属医院__莆田炎症图片__ptyz40-1_overlay.jpg,莆田学院附属医院__图片__莆田学院附属医院__莆田炎症图片__ptyz40-1.png,莆田学院附属医院__图片__莆田学院附属医院__莆田炎症图片__ptyz40-1.json
dataset/gastritis_external/processed_images/莆田学院附属医院/crop_ui,莆田学院附属医院__图片__莆田学院附属医院__莆田炎症图片__ptyz117-2.jpg,0,1,1,1,0,,莆田学院附属医院__图片__莆田学院附属医院__莆田炎症图片__ptyz117-2_overlay.jpg,莆田学院附属医院__图片__莆田学院附属医院__莆田炎症图片__ptyz117-2.png,莆田学院附属医院__图片__莆田学院附属医院__莆田炎症图片__ptyz117-2.json
dataset/gastritis_external/processed_images/莆田学院附属医院/crop_ui,莆田学院附属医院__图片__莆田学院附属医院__莆田炎症图片__ptyz109-4.jpg,0,1,1,1,0,,莆田学院附属医院__图片__莆田学院附属医院__莆田炎症图片__ptyz109-4_overlay.jpg,莆田学院附属医院__图片__莆田学院附属医院__莆田炎症图片__ptyz109-4.png,莆田学院附属医院__图片__莆田学院附属医院__莆田炎症图片__ptyz109-4.json
dataset/gastritis_external/processed_images/莆田学院附属医院/crop_ui,莆田学院附属医院__图片__莆田学院附属医院__莆田炎症图片__ptyz102-6.jpg,0,1,1,1,0,,莆田学院附属医院__图片__莆田学院附属医院__莆田炎症图片__ptyz102-6_overlay.jpg,莆田学院附属医院__图片__莆田学院附属医院__莆田炎症图片__ptyz102-6.png,莆田学院附属医院__图片__莆田学院附属医院__莆田炎症图片__ptyz102-6.json
dataset/gastritis_external/processed_images/莆田学院附属医院/crop_ui,莆田学院附属医院__图片__莆田学院附属医院__莆田炎症图片__ptyz275-5.jpg,0,1,1,1,0,,莆田学院附属医院__图片__莆田学院附属医院__莆田炎症图片__ptyz275-5_overlay.jpg,莆田学院附属医院__图片__莆田学院附属医院__莆田炎症图片__ptyz275-5.png,莆田学院附属医院__图片__莆田学院附属医院__莆田炎症图片__ptyz275-5.json
dataset/gastritis_external/processed_images/莆田学院附属医院/crop_ui,莆田学院附属医院__图片__莆田学院附属医院__莆田炎症图片__ptyz19-1.jpg,0,1,1,1,0,,莆田学院附属医院__图片__莆田学院附属医院__莆田炎症图片__ptyz19-1_overlay.jpg,莆田学院附属医院__图片__莆田学院附属医院__莆田炎症图片__ptyz19-1.png,莆田学院附属医院__图片__莆田学院附属医院__莆田炎症图片__ptyz19-1.json
dataset/gastritis_external/processed_images/莆田学院附属医院/crop_ui,莆田学院附属医院__图片__莆田学院附属医院__莆田炎症图片__ptyz84-3.jpg,0,1,1,1,0,,莆田学院附属医院__图片__莆田学院附属医院__莆田炎症图片__ptyz84-3_overlay.jpg,莆田学院附属医院__图片__莆田学院附属医院__莆田炎症图片__ptyz84-3.png,莆田学院附属医院__图片__莆田学院附属医院__莆田炎症图片__ptyz84-3.json
dataset/gastritis_external/processed_images/莆田学院附属医院/crop_ui,莆田学院附属医院__图片__莆田学院附属医院__莆田炎症图片__ptyz25-1.jpg,0,1,1,1,0,,莆田学院附属医院__图片__莆田学院附属医院__莆田炎症图片__ptyz25-1_overlay.jpg,莆田学院附属医院__图片__莆田学院附属医院__莆田炎症图片__ptyz25-1.png,莆田学院附属医院__图片__莆田学院附属医院__莆田炎症图片__ptyz25-1.json
dataset/gastritis_external/processed_images/莆田学院附属医院/crop_ui,莆田学院附属医院__图片__莆田学院附属医院__莆田炎症图片__ptyz424-4.jpg,0,1,1,1,0,,莆田学院附属医院__图片__莆田学院附属医院__莆田炎症图片__ptyz424-4_overlay.jpg,莆田学院附属医院__图片__莆田学院附属医院__莆田炎症图片__ptyz424-4.png,莆田学院附属医院__图片__莆田学院附属医院__莆田炎症图片__ptyz424-4.json
dataset/gastritis_external/processed_images/莆田学院附属医院/crop_ui,莆田学院附属医院__图片__莆田学院附属医院__莆田炎症图片__ptyz430-7.jpg,0,1,1,1,0,,莆田学院附属医院__图片__莆田学院附属医院__莆田炎症图片__ptyz430-7_overlay.jpg,莆田学院附属医院__图片__莆田学院附属医院__莆田炎症图片__ptyz430-7.png,莆田学院附属医院__图片__莆田学院附属医院__莆田炎症图片__ptyz430-7.json
dataset/gastritis_external/processed_images/莆田学院附属医院/crop_ui,莆田学院附属医院__图片__莆田学院附属医院__莆田炎症图片__ptyz185-1.jpg,0,1,1,1,0,,莆田学院附属医院__图片__莆田学院附属医院__莆田炎症图片__ptyz185-1_overlay.jpg,莆田学院附属医院__图片__莆田学院附属医院__莆田炎症图片__ptyz185-1.png,莆田学院附属医院__图片__莆田学院附属医院__莆田炎症图片__ptyz185-1.json
dataset/gastritis_external/processed_images/莆田学院附属医院/crop_ui,莆田学院附属医院__图片__莆田学院附属医院__莆田炎症图片__ptyz316-1.jpg,0,1,1,1,0,,莆田学院附属医院__图片__莆田学院附属医院__莆田炎症图片__ptyz316-1_overlay.jpg,莆田学院附属医院__图片__莆田学院附属医院__莆田炎症图片__ptyz316-1.png,莆田学院附属医院__图片__莆田学院附属医院__莆田炎症图片__ptyz316-1.json
dataset/gastritis_external/processed_images/莆田学院附属医院/crop_ui,莆田学院附属医院__图片__莆田学院附属医院__莆田炎症图片__ptyz170-4.jpg,0,1,1,1,0,,莆田学院附属医院__图片__莆田学院附属医院__莆田炎症图片__ptyz170-4_overlay.jpg,莆田学院附属医院__图片__莆田学院附属医院__莆田炎症图片__ptyz170-4.png,莆田学院附属医院__图片__莆田学院附属医院__莆田炎症图片__ptyz170-4.json
dataset/gastritis_external/processed_images/莆田学院附属医院/crop_ui,莆田学院附属医院__图片__莆田学院附属医院__莆田炎症图片__ptyz417-2.jpg,0,1,1,1,0,,莆田学院附属医院__图片__莆田学院附属医院__莆田炎症图片__ptyz417-2_overlay.jpg,莆田学院附属医院__图片__莆田学院附属医院__莆田炎症图片__ptyz417-2.png,莆田学院附属医院__图片__莆田学院附属医院__莆田炎症图片__ptyz417-2.json
dataset/gastritis_external/processed_images/莆田学院附属医院/crop_ui,莆田学院附属医院__图片__莆田学院附属医院__莆田炎症图片__ptyz10-1.jpg,0,1,1,1,0,,莆田学院附属医院__图片__莆田学院附属医院__莆田炎症图片__ptyz10-1_overlay.jpg,莆田学院附属医院__图片__莆田学院附属医院__莆田炎症图片__ptyz10-1.png,莆田学院附属医院__图片__莆田学院附属医院__莆田炎症图片__ptyz10-1.json
dataset/gastritis_external/processed_images/莆田学院附属医院/crop_ui,莆田学院附属医院__图片__莆田学院附属医院__莆田炎症图片__ptyz85-2.jpg,0,1,1,1,0,,莆田学院附属医院__图片__莆田学院附属医院__莆田炎症图片__ptyz85-2_overlay.jpg,莆田学院附属医院__图片__莆田学院附属医院__莆田炎症图片__ptyz85-2.png,莆田学院附属医院__图片__莆田学院附属医院__莆田炎症图片__ptyz85-2.json
dataset/gastritis_external/processed_images/莆田学院附属医院/crop_ui,莆田学院附属医院__图片__莆田学院附属医院__莆田炎症图片__ptyz125-5.jpg,0,1,1,1,0,,莆田学院附属医院__图片__莆田学院附属医院__莆田炎症图片__ptyz125-5_overlay.jpg,莆田学院附属医院__图片__莆田学院附属医院__莆田炎症图片__ptyz125-5.png,莆田学院附属医院__图片__莆田学院附属医院__莆田炎症图片__ptyz125-5.json
dataset/gastritis_external/processed_images/莆田学院附属医院/crop_ui,莆田学院附属医院__图片__莆田学院附属医院__莆田炎症图片__ptyz437-2.jpg,0,1,1,1,0,,莆田学院附属医院__图片__莆田学院附属医院__莆田炎症图片__ptyz437-2_overlay.jpg,莆田学院附属医院__图片__莆田学院附属医院__莆田炎症图片__ptyz437-2.png,莆田学院附属医院__图片__莆田学院附属医院__莆田炎症图片__ptyz437-2.json
dataset/gastritis_external/processed_images/莆田学院附属医院/crop_ui,莆田学院附属医院__图片__莆田学院附属医院__莆田炎症图片__ptyz152-1.jpg,0,1,1,1,0,,莆田学院附属医院__图片__莆田学院附属医院__莆田炎症图片__ptyz152-1_overlay.jpg,莆田学院附属医院__图片__莆田学院附属医院__莆田炎症图片__ptyz152-1.png,莆田学院附属医院__图片__莆田学院附属医院__莆田炎症图片__ptyz152-1.json
dataset/gastritis_external/processed_images/莆田学院附属医院/crop_ui,莆田学院附属医院__图片__莆田学院附属医院__莆田炎症图片__ptyz164-3.jpg,0,1,1,1,0,,莆田学院附属医院__图片__莆田学院附属医院__莆田炎症图片__ptyz164-3_overlay.jpg,莆田学院附属医院__图片__莆田学院附属医院__莆田炎症图片__ptyz164-3.png,莆田学院附属医院__图片__莆田学院附属医院__莆田炎症图片__ptyz164-3.json
dataset/gastritis_external/processed_images/莆田学院附属医院/crop_ui,莆田学院附属医院__图片__莆田学院附属医院__莆田炎症图片__ptyz112-4.jpg,0,1,1,1,0,,莆田学院附属医院__图片__莆田学院附属医院__莆田炎症图片__ptyz112-4_overlay.jpg,莆田学院附属医院__图片__莆田学院附属医院__莆田炎症图片__ptyz112-4.png,莆田学院附属医院__图片__莆田学院附属医院__莆田炎症图片__ptyz112-4.json
dataset/gastritis_external/processed_images/莆田学院附属医院/crop_ui,莆田学院附属医院__图片__莆田学院附属医院__莆田炎症图片__ptyz258-2.jpg,0,1,1,1,0,,莆田学院附属医院__图片__莆田学院附属医院__莆田炎症图片__ptyz258-2_overlay.jpg,莆田学院附属医院__图片__莆田学院附属医院__莆田炎症图片__ptyz258-2.png,莆田学院附属医院__图片__莆田学院附属医院__莆田炎症图片__ptyz258-2.json
dataset/gastritis_external/processed_images/莆田学院附属医院/crop_ui,莆田学院附属医院__图片__莆田学院附属医院__莆田炎症图片__ptyz82-1.jpg,0,1,1,1,0,,莆田学院附属医院__图片__莆田学院附属医院__莆田炎症图片__ptyz82-1_overlay.jpg,莆田学院附属医院__图片__莆田学院附属医院__莆田炎症图片__ptyz82-1.png,莆田学院附属医院__图片__莆田学院附属医院__莆田炎症图片__ptyz82-1.json
dataset/gastritis_external/processed_images/莆田学院附属医院/crop_ui,莆田学院附属医院__图片__莆田学院附属医院__莆田炎症图片__ptyz199-2.jpg,0,1,1,1,0,,莆田学院附属医院__图片__莆田学院附属医院__莆田炎症图片__ptyz199-2_overlay.jpg,莆田学院附属医院__图片__莆田学院附属医院__莆田炎症图片__ptyz199-2.png,莆田学院附属医院__图片__莆田学院附属医院__莆田炎症图片__ptyz199-2.json
dataset/gastritis_external/processed_images/莆田学院附属医院/crop_ui,莆田学院附属医院__图片__莆田学院附属医院__莆田炎症图片__ptyz167-3.jpg,0,1,1,1,0,,莆田学院附属医院__图片__莆田学院附属医院__莆田炎症图片__ptyz167-3_overlay.jpg,莆田学院附属医院__图片__莆田学院附属医院__莆田炎症图片__ptyz167-3.png,莆田学院附属医院__图片__莆田学院附属医院__莆田炎症图片__ptyz167-3.json
dataset/gastritis_external/processed_images/莆田学院附属医院/crop_ui,莆田学院附属医院__图片__莆田学院附属医院__莆田炎症图片__ptyz112-2.jpg,0,1,1,1,0,,莆田学院附属医院__图片__莆田学院附属医院__莆田炎症图片__ptyz112-2_overlay.jpg,莆田学院附属医院__图片__莆田学院附属医院__莆田炎症图片__ptyz112-2.png,莆田学院附属医院__图片__莆田学院附属医院__莆田炎症图片__ptyz112-2.json
dataset/gastritis_external/processed_images/莆田学院附属医院/crop_ui,莆田学院附属医院__图片__莆田学院附属医院__莆田炎症图片__ptyz121-1.jpg,0,1,1,1,0,,莆田学院附属医院__图片__莆田学院附属医院__莆田炎症图片__ptyz121-1_overlay.jpg,莆田学院附属医院__图片__莆田学院附属医院__莆田炎症图片__ptyz121-1.png,莆田学院附属医院__图片__莆田学院附属医院__莆田炎症图片__ptyz121-1.json
dataset/gastritis_external/processed_images/莆田学院附属医院/crop_ui,莆田学院附属医院__图片__莆田学院附属医院__莆田炎症图片__ptyz109-1.jpg,0,1,1,1,0,,莆田学院附属医院__图片__莆田学院附属医院__莆田炎症图片__ptyz109-1_overlay.jpg,莆田学院附属医院__图片__莆田学院附属医院__莆田炎症图片__ptyz109-1.png,莆田学院附属医院__图片__莆田学院附属医院__莆田炎症图片__ptyz109-1.json
dataset/gastritis_external/processed_images/莆田学院附属医院/crop_ui,莆田学院附属医院__图片__莆田学院附属医院__莆田炎症图片__ptyz104-3.jpg,0,1,1,1,0,,莆田学院附属医院__图片__莆田学院附属医院__莆田炎症图片__ptyz104-3_overlay.jpg,莆田学院附属医院__图片__莆田学院附属医院__莆田炎症图片__ptyz104-3.png,莆田学院附属医院__图片__莆田学院附属医院__莆田炎症图片__ptyz104-3.json
dataset/gastritis_external/processed_images/莆田学院附属医院/crop_ui,莆田学院附属医院__图片__莆田学院附属医院__莆田炎症图片__ptyz65-1.jpg,0,1,1,1,0,,莆田学院附属医院__图片__莆田学院附属医院__莆田炎症图片__ptyz65-1_overlay.jpg,莆田学院附属医院__图片__莆田学院附属医院__莆田炎症图片__ptyz65-1.png,莆田学院附属医院__图片__莆田学院附属医院__莆田炎症图片__ptyz65-1.json
dataset/gastritis_external/processed_images/莆田学院附属医院/crop_ui,莆田学院附属医院__图片__莆田学院附属医院__莆田炎症图片__ptyz82-2.jpg,0,1,1,1,0,,莆田学院附属医院__图片__莆田学院附属医院__莆田炎症图片__ptyz82-2_overlay.jpg,莆田学院附属医院__图片__莆田学院附属医院__莆田炎症图片__ptyz82-2.png,莆田学院附属医院__图片__莆田学院附属医院__莆田炎症图片__ptyz82-2.json
dataset/gastritis_external/processed_images/莆田学院附属医院/crop_ui,莆田学院附属医院__图片__莆田学院附属医院__莆田炎症图片__ptyz399-2.jpg,0,1,1,1,0,,莆田学院附属医院__图片__莆田学院附属医院__莆田炎症图片__ptyz399-2_overlay.jpg,莆田学院附属医院__图片__莆田学院附属医院__莆田炎症图片__ptyz399-2.png,莆田学院附属医院__图片__莆田学院附属医院__莆田炎症图片__ptyz399-2.json
dataset/gastritis_external/processed_images/莆田学院附属医院/crop_ui,莆田学院附属医院__图片__莆田学院附属医院__莆田炎症图片__ptyz12-8.jpg,0,1,1,1,0,,莆田学院附属医院__图片__莆田学院附属医院__莆田炎症图片__ptyz12-8_overlay.jpg,莆田学院附属医院__图片__莆田学院附属医院__莆田炎症图片__ptyz12-8.png,莆田学院附属医院__图片__莆田学院附属医院__莆田炎症图片__ptyz12-8.json
dataset/gastritis_external/processed_images/莆田学院附属医院/crop_ui,莆田学院附属医院__图片__莆田学院附属医院__莆田炎症图片__ptyz52-2.jpg,0,1,1,1,0,,莆田学院附属医院__图片__莆田学院附属医院__莆田炎症图片__ptyz52-2_overlay.jpg,莆田学院附属医院__图片__莆田学院附属医院__莆田炎症图片__ptyz52-2.png,莆田学院附属医院__图片__莆田学院附属医院__莆田炎症图片__ptyz52-2.json
dataset/gastritis_external/processed_images/莆田学院附属医院/crop_ui,莆田学院附属医院__图片__莆田学院附属医院__莆田炎症图片__ptyz165-2.jpg,0,1,1,1,0,,莆田学院附属医院__图片__莆田学院附属医院__莆田炎症图片__ptyz165-2_overlay.jpg,莆田学院附属医院__图片__莆田学院附属医院__莆田炎症图片__ptyz165-2.png,莆田学院附属医院__图片__莆田学院附属医院__莆田炎症图片__ptyz165-2.json
dataset/gastritis_external/processed_images/莆田学院附属医院/crop_ui,莆田学院附属医院__图片__莆田学院附属医院__莆田炎症图片__ptyz131-1.jpg,0,1,1,1,0,,莆田学院附属医院__图片__莆田学院附属医院__莆田炎症图片__ptyz131-1_overlay.jpg,莆田学院附属医院__图片__莆田学院附属医院__莆田炎症图片__ptyz131-1.png,莆田学院附属医院__图片__莆田学院附属医院__莆田炎症图片__ptyz131-1.json
dataset/gastritis_external/processed_images/莆田学院附属医院/crop_ui,莆田学院附属医院__图片__莆田学院附属医院__莆田炎症图片__ptyz410.jpg,0,1,1,1,0,,莆田学院附属医院__图片__莆田学院附属医院__莆田炎症图片__ptyz410_overlay.jpg,莆田学院附属医院__图片__莆田学院附属医院__莆田炎症图片__ptyz410.png,莆田学院附属医院__图片__莆田学院附属医院__莆田炎症图片__ptyz410.json
dataset/gastritis_external/processed_images/莆田学院附属医院/crop_ui,莆田学院附属医院__图片__莆田学院附属医院__莆田炎症图片__ptyz20-4.jpg,0,1,1,1,0,,莆田学院附属医院__图片__莆田学院附属医院__莆田炎症图片__ptyz20-4_overlay.jpg,莆田学院附属医院__图片__莆田学院附属医院__莆田炎症图片__ptyz20-4.png,莆田学院附属医院__图片__莆田学院附属医院__莆田炎症图片__ptyz20-4.json
dataset/gastritis_external/processed_images/莆田学院附属医院/crop_ui,莆田学院附属医院__图片__莆田学院附属医院__莆田炎症图片__ptyz162-1.jpg,0,1,1,1,0,,莆田学院附属医院__图片__莆田学院附属医院__莆田炎症图片__ptyz162-1_overlay.jpg,莆田学院附属医院__图片__莆田学院附属医院__莆田炎症图片__ptyz162-1.png,莆田学院附属医院__图片__莆田学院附属医院__莆田炎症图片__ptyz162-1.json
dataset/gastritis_external/processed_images/莆田学院附属医院/crop_ui,莆田学院附属医院__图片__莆田学院附属医院__莆田炎症图片__ptyz171-1.jpg,0,1,1,1,0,,莆田学院附属医院__图片__莆田学院附属医院__莆田炎症图片__ptyz171-1_overlay.jpg,莆田学院附属医院__图片__莆田学院附属医院__莆田炎症图片__ptyz171-1.png,莆田学院附属医院__图片__莆田学院附属医院__莆田炎症图片__ptyz171-1.json
dataset/gastritis_external/processed_images/莆田学院附属医院/crop_ui,莆田学院附属医院__图片__莆田学院附属医院__莆田炎症图片__ptyz2-5.jpg,0,1,1,1,0,,莆田学院附属医院__图片__莆田学院附属医院__莆田炎症图片__ptyz2-5_overlay.jpg,莆田学院附属医院__图片__莆田学院附属医院__莆田炎症图片__ptyz2-5.png,莆田学院附属医院__图片__莆田学院附属医院__莆田炎症图片__ptyz2-5.json
dataset/gastritis_external/processed_images/莆田学院附属医院/crop_ui,莆田学院附属医院__图片__莆田学院附属医院__莆田炎症图片__ptyz64-7.jpg,0,1,1,1,0,,莆田学院附属医院__图片__莆田学院附属医院__莆田炎症图片__ptyz64-7_overlay.jpg,莆田学院附属医院__图片__莆田学院附属医院__莆田炎症图片__ptyz64-7.png,莆田学院附属医院__图片__莆田学院附属医院__莆田炎症图片__ptyz64-7.json
dataset/gastritis_external/processed_images/莆田学院附属医院/crop_ui,莆田学院附属医院__图片__莆田学院附属医院__莆田炎症图片__ptyz22-4.jpg,0,1,1,1,0,,莆田学院附属医院__图片__莆田学院附属医院__莆田炎症图片__ptyz22-4_overlay.jpg,莆田学院附属医院__图片__莆田学院附属医院__莆田炎症图片__ptyz22-4.png,莆田学院附属医院__图片__莆田学院附属医院__莆田炎症图片__ptyz22-4.json
dataset/gastritis_external/processed_images/莆田学院附属医院/crop_ui,莆田学院附属医院__图片__莆田学院附属医院__莆田炎症图片__ptyz206-4.jpg,0,1,1,1,0,,莆田学院附属医院__图片__莆田学院附属医院__莆田炎症图片__ptyz206-4_overlay.jpg,莆田学院附属医院__图片__莆田学院附属医院__莆田炎症图片__ptyz206-4.png,莆田学院附属医院__图片__莆田学院附属医院__莆田炎症图片__ptyz206-4.json
dataset/gastritis_external/processed_images/莆田学院附属医院/crop_ui,莆田学院附属医院__图片__莆田学院附属医院__莆田炎症图片__ptyz328-3.jpg,0,1,1,1,0,,莆田学院附属医院__图片__莆田学院附属医院__莆田炎症图片__ptyz328-3_overlay.jpg,莆田学院附属医院__图片__莆田学院附属医院__莆田炎症图片__ptyz328-3.png,莆田学院附属医院__图片__莆田学院附属医院__莆田炎症图片__ptyz328-3.json
dataset/gastritis_external/processed_images/莆田学院附属医院/crop_ui,莆田学院附属医院__图片__莆田学院附属医院__莆田炎症图片__ptyz289-3.jpg,0,1,1,1,0,,莆田学院附属医院__图片__莆田学院附属医院__莆田炎症图片__ptyz289-3_overlay.jpg,莆田学院附属医院__图片__莆田学院附属医院__莆田炎症图片__ptyz289-3.png,莆田学院附属医院__图片__莆田学院附属医院__莆田炎症图片__ptyz289-3.json
dataset/gastritis_external/processed_images/莆田学院附属医院/crop_ui,莆田学院附属医院__图片__莆田学院附属医院__莆田炎症图片__ptyz170-2.jpg,0,1,1,1,0,,莆田学院附属医院__图片__莆田学院附属医院__莆田炎症图片__ptyz170-2_overlay.jpg,莆田学院附属医院__图片__莆田学院附属医院__莆田炎症图片__ptyz170-2.png,莆田学院附属医院__图片__莆田学院附属医院__莆田炎症图片__ptyz170-2.json
dataset/gastritis_external/processed_images/莆田学院附属医院/crop_ui,莆田学院附属医院__图片__莆田学院附属医院__莆田炎症图片__ptyz101-1.jpg,0,1,1,1,0,,莆田学院附属医院__图片__莆田学院附属医院__莆田炎症图片__ptyz101-1_overlay.jpg,莆田学院附属医院__图片__莆田学院附属医院__莆田炎症图片__ptyz101-1.png,莆田学院附属医院__图片__莆田学院附属医院__莆田炎症图片__ptyz101-1.json
dataset/gastritis_external/processed_images/莆田学院附属医院/crop_ui,莆田学院附属医院__图片__莆田学院附属医院__莆田炎症图片__ptyz16-5.jpg,0,1,1,1,0,,莆田学院附属医院__图片__莆田学院附属医院__莆田炎症图片__ptyz16-5_overlay.jpg,莆田学院附属医院__图片__莆田学院附属医院__莆田炎症图片__ptyz16-5.png,莆田学院附属医院__图片__莆田学院附属医院__莆田炎症图片__ptyz16-5.json
dataset/gastritis_external/processed_images/莆田学院附属医院/crop_ui,莆田学院附属医院__图片__莆田学院附属医院__莆田炎症图片__ptyz430-10.jpg,0,1,1,1,0,,莆田学院附属医院__图片__莆田学院附属医院__莆田炎症图片__ptyz430-10_overlay.jpg,莆田学院附属医院__图片__莆田学院附属医院__莆田炎症图片__ptyz430-10.png,莆田学院附属医院__图片__莆田学院附属医院__莆田炎症图片__ptyz430-10.json
dataset/gastritis_external/processed_images/莆田学院附属医院/crop_ui,莆田学院附属医院__图片__莆田学院附属医院__莆田炎症图片__ptyz6-9.jpg,0,1,1,1,0,,莆田学院附属医院__图片__莆田学院附属医院__莆田炎症图片__ptyz6-9_overlay.jpg,莆田学院附属医院__图片__莆田学院附属医院__莆田炎症图片__ptyz6-9.png,莆田学院附属医院__图片__莆田学院附属医院__莆田炎症图片__ptyz6-9.json
dataset/gastritis_external/processed_images/莆田学院附属医院/crop_ui,莆田学院附属医院__图片__莆田学院附属医院__莆田炎症图片__ptyz37-4.jpg,0,1,1,1,0,,莆田学院附属医院__图片__莆田学院附属医院__莆田炎症图片__ptyz37-4_overlay.jpg,莆田学院附属医院__图片__莆田学院附属医院__莆田炎症图片__ptyz37-4.png,莆田学院附属医院__图片__莆田学院附属医院__莆田炎症图片__ptyz37-4.json
dataset/gastritis_external/processed_images/莆田学院附属医院/crop_ui,莆田学院附属医院__图片__莆田学院附属医院__莆田炎症图片__ptyz116-2.jpg,0,1,1,1,0,,莆田学院附属医院__图片__莆田学院附属医院__莆田炎症图片__ptyz116-2_overlay.jpg,莆田学院附属医院__图片__莆田学院附属医院__莆田炎症图片__ptyz116-2.png,莆田学院附属医院__图片__莆田学院附属医院__莆田炎症图片__ptyz116-2.json
dataset/gastritis_external/processed_images/莆田学院附属医院/crop_ui,莆田学院附属医院__图片__莆田学院附属医院__莆田炎症图片__ptyz365-2.jpg,0,1,1,1,0,,莆田学院附属医院__图片__莆田学院附属医院__莆田炎症图片__ptyz365-2_overlay.jpg,莆田学院附属医院__图片__莆田学院附属医院__莆田炎症图片__ptyz365-2.png,莆田学院附属医院__图片__莆田学院附属医院__莆田炎症图片__ptyz365-2.json
dataset/gastritis_external/processed_images/莆田学院附属医院/crop_ui,莆田学院附属医院__图片__莆田学院附属医院__莆田炎症图片__ptyz371-4.jpg,0,1,1,1,0,,莆田学院附属医院__图片__莆田学院附属医院__莆田炎症图片__ptyz371-4_overlay.jpg,莆田学院附属医院__图片__莆田学院附属医院__莆田炎症图片__ptyz371-4.png,莆田学院附属医院__图片__莆田学院附属医院__莆田炎症图片__ptyz371-4.json
dataset/gastritis_external/processed_images/莆田学院附属医院/crop_ui,莆田学院附属医院__图片__莆田学院附属医院__莆田炎症图片__ptyz230-3.jpg,0,1,1,1,0,,莆田学院附属医院__图片__莆田学院附属医院__莆田炎症图片__ptyz230-3_overlay.jpg,莆田学院附属医院__图片__莆田学院附属医院__莆田炎症图片__ptyz230-3.png,莆田学院附属医院__图片__莆田学院附属医院__莆田炎症图片__ptyz230-3.json
dataset/gastritis_external/processed_images/莆田学院附属医院/crop_ui,莆田学院附属医院__图片__莆田学院附属医院__莆田炎症图片__ptyz82-6.jpg,0,1,1,1,0,,莆田学院附属医院__图片__莆田学院附属医院__莆田炎症图片__ptyz82-6_overlay.jpg,莆田学院附属医院__图片__莆田学院附属医院__莆田炎症图片__ptyz82-6.png,莆田学院附属医院__图片__莆田学院附属医院__莆田炎症图片__ptyz82-6.json
dataset/gastritis_external/processed_images/莆田学院附属医院/crop_ui,莆田学院附属医院__图片__莆田学院附属医院__莆田炎症图片__ptyz190-2.jpg,0,1,1,1,0,,莆田学院附属医院__图片__莆田学院附属医院__莆田炎症图片__ptyz190-2_overlay.jpg,莆田学院附属医院__图片__莆田学院附属医院__莆田炎症图片__ptyz190-2.png,莆田学院附属医院__图片__莆田学院附属医院__莆田炎症图片__ptyz190-2.json
dataset/gastritis_external/processed_images/莆田学院附属医院/crop_ui,莆田学院附属医院__图片__莆田学院附属医院__莆田炎症图片__ptyz260-3.jpg,0,1,1,1,0,,莆田学院附属医院__图片__莆田学院附属医院__莆田炎症图片__ptyz260-3_overlay.jpg,莆田学院附属医院__图片__莆田学院附属医院__莆田炎症图片__ptyz260-3.png,莆田学院附属医院__图片__莆田学院附属医院__莆田炎症图片__ptyz260-3.json
dataset/gastritis_external/processed_images/莆田学院附属医院/crop_ui,莆田学院附属医院__图片__莆田学院附属医院__莆田炎症图片__ptyz239-1.jpg,0,1,1,1,0,,莆田学院附属医院__图片__莆田学院附属医院__莆田炎症图片__ptyz239-1_overlay.jpg,莆田学院附属医院__图片__莆田学院附属医院__莆田炎症图片__ptyz239-1.png,莆田学院附属医院__图片__莆田学院附属医院__莆田炎症图片__ptyz239-1.json
dataset/gastritis_external/processed_images/莆田学院附属医院/crop_ui,莆田学院附属医院__图片__莆田学院附属医院__莆田炎症图片__ptyz304-4.jpg,0,1,1,1,0,,莆田学院附属医院__图片__莆田学院附属医院__莆田炎症图片__ptyz304-4_overlay.jpg,莆田学院附属医院__图片__莆田学院附属医院__莆田炎症图片__ptyz304-4.png,莆田学院附属医院__图片__莆田学院附属医院__莆田炎症图片__ptyz304-4.json
dataset/gastritis_external/processed_images/莆田学院附属医院/crop_ui,莆田学院附属医院__图片__莆田学院附属医院__莆田炎症图片__ptyz288-2.jpg,0,1,1,1,0,,莆田学院附属医院__图片__莆田学院附属医院__莆田炎症图片__ptyz288-2_overlay.jpg,莆田学院附属医院__图片__莆田学院附属医院__莆田炎症图片__ptyz288-2.png,莆田学院附属医院__图片__莆田学院附属医院__莆田炎症图片__ptyz288-2.json
dataset/gastritis_external/processed_images/莆田学院附属医院/crop_ui,莆田学院附属医院__图片__莆田学院附属医院__莆田炎症图片__ptyz382-3.jpg,0,1,1,1,0,,莆田学院附属医院__图片__莆田学院附属医院__莆田炎症图片__ptyz382-3_overlay.jpg,莆田学院附属医院__图片__莆田学院附属医院__莆田炎症图片__ptyz382-3.png,莆田学院附属医院__图片__莆田学院附属医院__莆田炎症图片__ptyz382-3.json
dataset/gastritis_external/processed_images/莆田学院附属医院/crop_ui,莆田学院附属医院__图片__莆田学院附属医院__莆田炎症图片__ptyz277-1.jpg,0,1,1,1,0,,莆田学院附属医院__图片__莆田学院附属医院__莆田炎症图片__ptyz277-1_overlay.jpg,莆田学院附属医院__图片__莆田学院附属医院__莆田炎症图片__ptyz277-1.png,莆田学院附属医院__图片__莆田学院附属医院__莆田炎症图片__ptyz277-1.json
dataset/gastritis_external/processed_images/莆田学院附属医院/crop_ui,莆田学院附属医院__图片__莆田学院附属医院__莆田炎症图片__ptyz329-2.jpg,0,1,1,1,0,,莆田学院附属医院__图片__莆田学院附属医院__莆田炎症图片__ptyz329-2_overlay.jpg,莆田学院附属医院__图片__莆田学院附属医院__莆田炎症图片__ptyz329-2.png,莆田学院附属医院__图片__莆田学院附属医院__莆田炎症图片__ptyz329-2.json
dataset/gastritis_external/processed_images/莆田学院附属医院/crop_ui,莆田学院附属医院__图片__莆田学院附属医院__莆田炎症图片__ptyz162-4.jpg,0,1,1,1,0,,莆田学院附属医院__图片__莆田学院附属医院__莆田炎症图片__ptyz162-4_overlay.jpg,莆田学院附属医院__图片__莆田学院附属医院__莆田炎症图片__ptyz162-4.png,莆田学院附属医院__图片__莆田学院附属医院__莆田炎症图片__ptyz162-4.json
dataset/gastritis_external/processed_images/莆田学院附属医院/crop_ui,莆田学院附属医院__图片__莆田学院附属医院__莆田炎症图片__ptyz321-5.jpg,0,1,1,1,0,,莆田学院附属医院__图片__莆田学院附属医院__莆田炎症图片__ptyz321-5_overlay.jpg,莆田学院附属医院__图片__莆田学院附属医院__莆田炎症图片__ptyz321-5.png,莆田学院附属医院__图片__莆田学院附属医院__莆田炎症图片__ptyz321-5.json
dataset/gastritis_external/processed_images/莆田学院附属医院/crop_ui,莆田学院附属医院__图片__莆田学院附属医院__莆田炎症图片__ptyz218-2.jpg,0,1,1,1,0,,莆田学院附属医院__图片__莆田学院附属医院__莆田炎症图片__ptyz218-2_overlay.jpg,莆田学院附属医院__图片__莆田学院附属医院__莆田炎症图片__ptyz218-2.png,莆田学院附属医院__图片__莆田学院附属医院__莆田炎症图片__ptyz218-2.json
dataset/gastritis_external/processed_images/莆田学院附属医院/crop_ui,莆田学院附属医院__图片__莆田学院附属医院__莆田炎症图片__ptyz339-5.jpg,0,1,1,1,0,,莆田学院附属医院__图片__莆田学院附属医院__莆田炎症图片__ptyz339-5_overlay.jpg,莆田学院附属医院__图片__莆田学院附属医院__莆田炎症图片__ptyz339-5.png,莆田学院附属医院__图片__莆田学院附属医院__莆田炎症图片__ptyz339-5.json
dataset/gastritis_external/processed_images/莆田学院附属医院/crop_ui,莆田学院附属医院__图片__莆田学院附属医院__莆田炎症图片__ptyz57-6.jpg,0,1,1,1,0,,莆田学院附属医院__图片__莆田学院附属医院__莆田炎症图片__ptyz57-6_overlay.jpg,莆田学院附属医院__图片__莆田学院附属医院__莆田炎症图片__ptyz57-6.png,莆田学院附属医院__图片__莆田学院附属医院__莆田炎症图片__ptyz57-6.json
dataset/gastritis_external/processed_images/莆田学院附属医院/crop_ui,莆田学院附属医院__图片__莆田学院附属医院__莆田炎症图片__ptyz4-1.jpg,0,1,1,1,0,,莆田学院附属医院__图片__莆田学院附属医院__莆田炎症图片__ptyz4-1_overlay.jpg,莆田学院附属医院__图片__莆田学院附属医院__莆田炎症图片__ptyz4-1.png,莆田学院附属医院__图片__莆田学院附属医院__莆田炎症图片__ptyz4-1.json
dataset/gastritis_external/processed_images/莆田学院附属医院/crop_ui,莆田学院附属医院__图片__莆田学院附属医院__莆田炎症图片__ptyz183-2.jpg,0,1,1,1,0,,莆田学院附属医院__图片__莆田学院附属医院__莆田炎症图片__ptyz183-2_overlay.jpg,莆田学院附属医院__图片__莆田学院附属医院__莆田炎症图片__ptyz183-2.png,莆田学院附属医院__图片__莆田学院附属医院__莆田炎症图片__ptyz183-2.json
dataset/gastritis_external/processed_images/莆田学院附属医院/crop_ui,莆田学院附属医院__图片__莆田学院附属医院__莆田炎症图片__ptyz232-2.jpg,0,1,1,1,0,,莆田学院附属医院__图片__莆田学院附属医院__莆田炎症图片__ptyz232-2_overlay.jpg,莆田学院附属医院__图片__莆田学院附属医院__莆田炎症图片__ptyz232-2.png,莆田学院附属医院__图片__莆田学院附属医院__莆田炎症图片__ptyz232-2.json
dataset/gastritis_external/processed_images/莆田学院附属医院/crop_ui,莆田学院附属医院__图片__莆田学院附属医院__莆田炎症图片__ptyz185-3.jpg,0,1,1,1,0,,莆田学院附属医院__图片__莆田学院附属医院__莆田炎症图片__ptyz185-3_overlay.jpg,莆田学院附属医院__图片__莆田学院附属医院__莆田炎症图片__ptyz185-3.png,莆田学院附属医院__图片__莆田学院附属医院__莆田炎症图片__ptyz185-3.json
dataset/gastritis_external/processed_images/莆田学院附属医院/crop_ui,莆田学院附属医院__图片__莆田学院附属医院__莆田炎症图片__ptyz391-1.jpg,0,1,1,1,0,,莆田学院附属医院__图片__莆田学院附属医院__莆田炎症图片__ptyz391-1_overlay.jpg,莆田学院附属医院__图片__莆田学院附属医院__莆田炎症图片__ptyz391-1.png,莆田学院附属医院__图片__莆田学院附属医院__莆田炎症图片__ptyz391-1.json
dataset/gastritis_external/processed_images/莆田学院附属医院/crop_ui,莆田学院附属医院__图片__莆田学院附属医院__莆田炎症图片__ptyz34-3.jpg,0,1,1,1,0,,莆田学院附属医院__图片__莆田学院附属医院__莆田炎症图片__ptyz34-3_overlay.jpg,莆田学院附属医院__图片__莆田学院附属医院__莆田炎症图片__ptyz34-3.png,莆田学院附属医院__图片__莆田学院附属医院__莆田炎症图片__ptyz34-3.json
dataset/gastritis_external/processed_images/莆田学院附属医院/crop_ui,莆田学院附属医院__图片__莆田学院附属医院__莆田炎症图片__ptyz440-3.jpg,0,1,1,1,0,,莆田学院附属医院__图片__莆田学院附属医院__莆田炎症图片__ptyz440-3_overlay.jpg,莆田学院附属医院__图片__莆田学院附属医院__莆田炎症图片__ptyz440-3.png,莆田学院附属医院__图片__莆田学院附属医院__莆田炎症图片__ptyz440-3.json
dataset/gastritis_external/processed_images/莆田学院附属医院/crop_ui,莆田学院附属医院__图片__莆田学院附属医院__莆田炎症图片__ptyz393-2.jpg,0,1,1,1,0,,莆田学院附属医院__图片__莆田学院附属医院__莆田炎症图片__ptyz393-2_overlay.jpg,莆田学院附属医院__图片__莆田学院附属医院__莆田炎症图片__ptyz393-2.png,莆田学院附属医院__图片__莆田学院附属医院__莆田炎症图片__ptyz393-2.json
dataset/gastritis_external/processed_images/莆田学院附属医院/crop_ui,莆田学院附属医院__图片__莆田学院附属医院__莆田炎症图片__ptyz46-2.jpg,0,1,1,1,0,,莆田学院附属医院__图片__莆田学院附属医院__莆田炎症图片__ptyz46-2_overlay.jpg,莆田学院附属医院__图片__莆田学院附属医院__莆田炎症图片__ptyz46-2.png,莆田学院附属医院__图片__莆田学院附属医院__莆田炎症图片__ptyz46-2.json
dataset/gastritis_external/processed_images/莆田学院附属医院/crop_ui,莆田学院附属医院__图片__莆田学院附属医院__莆田炎症图片__ptyz200-2.jpg,0,1,1,1,0,,莆田学院附属医院__图片__莆田学院附属医院__莆田炎症图片__ptyz200-2_overlay.jpg,莆田学院附属医院__图片__莆田学院附属医院__莆田炎症图片__ptyz200-2.png,莆田学院附属医院__图片__莆田学院附属医院__莆田炎症图片__ptyz200-2.json
dataset/gastritis_external/processed_images/莆田学院附属医院/crop_ui,莆田学院附属医院__图片__莆田学院附属医院__莆田炎症图片__ptyz222-4.jpg,0,1,1,1,0,,莆田学院附属医院__图片__莆田学院附属医院__莆田炎症图片__ptyz222-4_overlay.jpg,莆田学院附属医院__图片__莆田学院附属医院__莆田炎症图片__ptyz222-4.png,莆田学院附属医院__图片__莆田学院附属医院__莆田炎症图片__ptyz222-4.json
dataset/gastritis_external/processed_images/莆田学院附属医院/crop_ui,莆田学院附属医院__图片__莆田学院附属医院__莆田炎症图片__ptyz141-6.jpg,0,1,1,1,0,,莆田学院附属医院__图片__莆田学院附属医院__莆田炎症图片__ptyz141-6_overlay.jpg,莆田学院附属医院__图片__莆田学院附属医院__莆田炎症图片__ptyz141-6.png,莆田学院附属医院__图片__莆田学院附属医院__莆田炎症图片__ptyz141-6.json
dataset/gastritis_external/processed_images/莆田学院附属医院/crop_ui,莆田学院附属医院__图片__莆田学院附属医院__莆田炎症图片__ptyz16-8.jpg,0,1,1,1,0,,莆田学院附属医院__图片__莆田学院附属医院__莆田炎症图片__ptyz16-8_overlay.jpg,莆田学院附属医院__图片__莆田学院附属医院__莆田炎症图片__ptyz16-8.png,莆田学院附属医院__图片__莆田学院附属医院__莆田炎症图片__ptyz16-8.json
dataset/gastritis_external/processed_images/莆田学院附属医院/crop_ui,莆田学院附属医院__图片__莆田学院附属医院__莆田炎症图片__ptyz103-6.jpg,0,1,1,1,0,,莆田学院附属医院__图片__莆田学院附属医院__莆田炎症图片__ptyz103-6_overlay.jpg,莆田学院附属医院__图片__莆田学院附属医院__莆田炎症图片__ptyz103-6.png,莆田学院附属医院__图片__莆田学院附属医院__莆田炎症图片__ptyz103-6.json
dataset/gastritis_external/processed_images/莆田学院附属医院/crop_ui,莆田学院附属医院__图片__莆田学院附属医院__莆田炎症图片__ptyz96-1.jpg,0,1,1,1,0,,莆田学院附属医院__图片__莆田学院附属医院__莆田炎症图片__ptyz96-1_overlay.jpg,莆田学院附属医院__图片__莆田学院附属医院__莆田炎症图片__ptyz96-1.png,莆田学院附属医院__图片__莆田学院附属医院__莆田炎症图片__ptyz96-1.json
dataset/gastritis_external/processed_images/莆田学院附属医院/crop_ui,莆田学院附属医院__图片__莆田学院附属医院__莆田炎症图片__ptyz130-2.jpg,0,1,1,1,0,,莆田学院附属医院__图片__莆田学院附属医院__莆田炎症图片__ptyz130-2_overlay.jpg,莆田学院附属医院__图片__莆田学院附属医院__莆田炎症图片__ptyz130-2.png,莆田学院附属医院__图片__莆田学院附属医院__莆田炎症图片__ptyz130-2.json
dataset/gastritis_external/processed_images/莆田学院附属医院/crop_ui,莆田学院附属医院__图片__莆田学院附属医院__莆田炎症图片__ptyz220-1.jpg,0,1,1,1,0,,莆田学院附属医院__图片__莆田学院附属医院__莆田炎症图片__ptyz220-1_overlay.jpg,莆田学院附属医院__图片__莆田学院附属医院__莆田炎症图片__ptyz220-1.png,莆田学院附属医院__图片__莆田学院附属医院__莆田炎症图片__ptyz220-1.json
dataset/gastritis_external/processed_images/莆田学院附属医院/crop_ui,莆田学院附属医院__图片__莆田学院附属医院__莆田炎症图片__ptyz355-1.jpg,0,1,1,1,0,,莆田学院附属医院__图片__莆田学院附属医院__莆田炎症图片__ptyz355-1_overlay.jpg,莆田学院附属医院__图片__莆田学院附属医院__莆田炎症图片__ptyz355-1.png,莆田学院附属医院__图片__莆田学院附属医院__莆田炎症图片__ptyz355-1.json
dataset/gastritis_external/processed_images/莆田学院附属医院/crop_ui,莆田学院附属医院__图片__莆田学院附属医院__莆田炎症图片__ptyz202-2.jpg,0,1,1,1,0,,莆田学院附属医院__图片__莆田学院附属医院__莆田炎症图片__ptyz202-2_overlay.jpg,莆田学院附属医院__图片__莆田学院附属医院__莆田炎症图片__ptyz202-2.png,莆田学院附属医院__图片__莆田学院附属医院__莆田炎症图片__ptyz202-2.json
dataset/gastritis_external/processed_images/莆田学院附属医院/crop_ui,莆田学院附属医院__图片__莆田学院附属医院__莆田炎症图片__ptyz228-1.jpg,0,1,1,1,0,,莆田学院附属医院__图片__莆田学院附属医院__莆田炎症图片__ptyz228-1_overlay.jpg,莆田学院附属医院__图片__莆田学院附属医院__莆田炎症图片__ptyz228-1.png,莆田学院附属医院__图片__莆田学院附属医院__莆田炎症图片__ptyz228-1.json
dataset/gastritis_external/processed_images/莆田学院附属医院/crop_ui,莆田学院附属医院__图片__莆田学院附属医院__莆田炎症图片__ptyz208.jpg,0,1,1,1,0,,莆田学院附属医院__图片__莆田学院附属医院__莆田炎症图片__ptyz208_overlay.jpg,莆田学院附属医院__图片__莆田学院附属医院__莆田炎症图片__ptyz208.png,莆田学院附属医院__图片__莆田学院附属医院__莆田炎症图片__ptyz208.json
dataset/gastritis_external/processed_images/莆田学院附属医院/crop_ui,莆田学院附属医院__图片__莆田学院附属医院__莆田炎症图片__ptyz411-1.jpg,0,1,1,1,0,,莆田学院附属医院__图片__莆田学院附属医院__莆田炎症图片__ptyz411-1_overlay.jpg,莆田学院附属医院__图片__莆田学院附属医院__莆田炎症图片__ptyz411-1.png,莆田学院附属医院__图片__莆田学院附属医院__莆田炎症图片__ptyz411-1.json
dataset/gastritis_external/processed_images/莆田学院附属医院/crop_ui,莆田学院附属医院__图片__莆田学院附属医院__莆田炎症图片__ptyz215-2.jpg,0,1,1,1,0,,莆田学院附属医院__图片__莆田学院附属医院__莆田炎症图片__ptyz215-2_overlay.jpg,莆田学院附属医院__图片__莆田学院附属医院__莆田炎症图片__ptyz215-2.png,莆田学院附属医院__图片__莆田学院附属医院__莆田炎症图片__ptyz215-2.json
dataset/gastritis_external/processed_images/莆田学院附属医院/crop_ui,莆田学院附属医院__图片__莆田学院附属医院__莆田炎症图片__ptyz336-2.jpg,0,1,1,1,0,,莆田学院附属医院__图片__莆田学院附属医院__莆田炎症图片__ptyz336-2_overlay.jpg,莆田学院附属医院__图片__莆田学院附属医院__莆田炎症图片__ptyz336-2.png,莆田学院附属医院__图片__莆田学院附属医院__莆田炎症图片__ptyz336-2.json
dataset/gastritis_external/processed_images/莆田学院附属医院/crop_ui,莆田学院附属医院__图片__莆田学院附属医院__莆田炎症图片__ptyz229-1.jpg,0,1,1,1,0,,莆田学院附属医院__图片__莆田学院附属医院__莆田炎症图片__ptyz229-1_overlay.jpg,莆田学院附属医院__图片__莆田学院附属医院__莆田炎症图片__ptyz229-1.png,莆田学院附属医院__图片__莆田学院附属医院__莆田炎症图片__ptyz229-1.json
dataset/gastritis_external/processed_images/莆田学院附属医院/crop_ui,莆田学院附属医院__图片__莆田学院附属医院__莆田炎症图片__ptyz423-1.jpg,0,1,1,1,0,,莆田学院附属医院__图片__莆田学院附属医院__莆田炎症图片__ptyz423-1_overlay.jpg,莆田学院附属医院__图片__莆田学院附属医院__莆田炎症图片__ptyz423-1.png,莆田学院附属医院__图片__莆田学院附属医院__莆田炎症图片__ptyz423-1.json
dataset/gastritis_external/processed_images/莆田学院附属医院/crop_ui,莆田学院附属医院__图片__莆田学院附属医院__莆田炎症图片__ptyz258-4.jpg,0,1,1,1,0,,莆田学院附属医院__图片__莆田学院附属医院__莆田炎症图片__ptyz258-4_overlay.jpg,莆田学院附属医院__图片__莆田学院附属医院__莆田炎症图片__ptyz258-4.png,莆田学院附属医院__图片__莆田学院附属医院__莆田炎症图片__ptyz258-4.json
dataset/gastritis_external/processed_images/莆田学院附属医院/crop_ui,莆田学院附属医院__图片__莆田学院附属医院__莆田炎症图片__ptyz423-5.jpg,0,1,1,1,0,,莆田学院附属医院__图片__莆田学院附属医院__莆田炎症图片__ptyz423-5_overlay.jpg,莆田学院附属医院__图片__莆田学院附属医院__莆田炎症图片__ptyz423-5.png,莆田学院附属医院__图片__莆田学院附属医院__莆田炎症图片__ptyz423-5.json
dataset/gastritis_external/processed_images/莆田学院附属医院/crop_ui,莆田学院附属医院__图片__莆田学院附属医院__莆田炎症图片__ptyz345-1.jpg,0,1,1,1,0,,莆田学院附属医院__图片__莆田学院附属医院__莆田炎症图片__ptyz345-1_overlay.jpg,莆田学院附属医院__图片__莆田学院附属医院__莆田炎症图片__ptyz345-1.png,莆田学院附属医院__图片__莆田学院附属医院__莆田炎症图片__ptyz345-1.json
dataset/gastritis_external/processed_images/莆田学院附属医院/crop_ui,莆田学院附属医院__图片__莆田学院附属医院__莆田炎症图片__ptyz153-2.jpg,0,1,1,1,0,,莆田学院附属医院__图片__莆田学院附属医院__莆田炎症图片__ptyz153-2_overlay.jpg,莆田学院附属医院__图片__莆田学院附属医院__莆田炎症图片__ptyz153-2.png,莆田学院附属医院__图片__莆田学院附属医院__莆田炎症图片__ptyz153-2.json
dataset/gastritis_external/processed_images/莆田学院附属医院/crop_ui,莆田学院附属医院__图片__莆田学院附属医院__莆田炎症图片__ptyz135-6.jpg,0,1,1,1,0,,莆田学院附属医院__图片__莆田学院附属医院__莆田炎症图片__ptyz135-6_overlay.jpg,莆田学院附属医院__图片__莆田学院附属医院__莆田炎症图片__ptyz135-6.png,莆田学院附属医院__图片__莆田学院附属医院__莆田炎症图片__ptyz135-6.json
dataset/gastritis_external/processed_images/莆田学院附属医院/crop_ui,莆田学院附属医院__图片__莆田学院附属医院__莆田炎症图片__ptyz206-1.jpg,0,1,1,1,0,,莆田学院附属医院__图片__莆田学院附属医院__莆田炎症图片__ptyz206-1_overlay.jpg,莆田学院附属医院__图片__莆田学院附属医院__莆田炎症图片__ptyz206-1.png,莆田学院附属医院__图片__莆田学院附属医院__莆田炎症图片__ptyz206-1.json
dataset/gastritis_external/processed_images/莆田学院附属医院/crop_ui,莆田学院附属医院__图片__莆田学院附属医院__莆田炎症图片__ptyz366-2.jpg,0,1,1,1,0,,莆田学院附属医院__图片__莆田学院附属医院__莆田炎症图片__ptyz366-2_overlay.jpg,莆田学院附属医院__图片__莆田学院附属医院__莆田炎症图片__ptyz366-2.png,莆田学院附属医院__图片__莆田学院附属医院__莆田炎症图片__ptyz366-2.json
dataset/gastritis_external/processed_images/莆田学院附属医院/crop_ui,莆田学院附属医院__图片__莆田学院附属医院__莆田炎症图片__ptyz109-11.jpg,0,1,1,1,0,,莆田学院附属医院__图片__莆田学院附属医院__莆田炎症图片__ptyz109-11_overlay.jpg,莆田学院附属医院__图片__莆田学院附属医院__莆田炎症图片__ptyz109-11.png,莆田学院附属医院__图片__莆田学院附属医院__莆田炎症图片__ptyz109-11.json
dataset/gastritis_external/processed_images/莆田学院附属医院/crop_ui,莆田学院附属医院__图片__莆田学院附属医院__莆田炎症图片__ptyz61-1.jpg,0,1,1,1,0,,莆田学院附属医院__图片__莆田学院附属医院__莆田炎症图片__ptyz61-1_overlay.jpg,莆田学院附属医院__图片__莆田学院附属医院__莆田炎症图片__ptyz61-1.png,莆田学院附属医院__图片__莆田学院附属医院__莆田炎症图片__ptyz61-1.json
dataset/gastritis_external/processed_images/莆田学院附属医院/crop_ui,莆田学院附属医院__图片__莆田学院附属医院__莆田炎症图片__ptyz226-3.jpg,0,1,1,1,0,,莆田学院附属医院__图片__莆田学院附属医院__莆田炎症图片__ptyz226-3_overlay.jpg,莆田学院附属医院__图片__莆田学院附属医院__莆田炎症图片__ptyz226-3.png,莆田学院附属医院__图片__莆田学院附属医院__莆田炎症图片__ptyz226-3.json
dataset/gastritis_external/processed_images/莆田学院附属医院/crop_ui,莆田学院附属医院__图片__莆田学院附属医院__莆田炎症图片__ptyz317-4.jpg,0,1,1,1,0,,莆田学院附属医院__图片__莆田学院附属医院__莆田炎症图片__ptyz317-4_overlay.jpg,莆田学院附属医院__图片__莆田学院附属医院__莆田炎症图片__ptyz317-4.png,莆田学院附属医院__图片__莆田学院附属医院__莆田炎症图片__ptyz317-4.json
dataset/gastritis_external/processed_images/莆田学院附属医院/crop_ui,莆田学院附属医院__图片__莆田学院附属医院__莆田炎症图片__ptyz203-2.jpg,0,1,1,1,0,,莆田学院附属医院__图片__莆田学院附属医院__莆田炎症图片__ptyz203-2_overlay.jpg,莆田学院附属医院__图片__莆田学院附属医院__莆田炎症图片__ptyz203-2.png,莆田学院附属医院__图片__莆田学院附属医院__莆田炎症图片__ptyz203-2.json
dataset/gastritis_external/processed_images/莆田学院附属医院/crop_ui,莆田学院附属医院__图片__莆田学院附属医院__莆田炎症图片__ptyz297-2.jpg,0,1,1,1,0,,莆田学院附属医院__图片__莆田学院附属医院__莆田炎症图片__ptyz297-2_overlay.jpg,莆田学院附属医院__图片__莆田学院附属医院__莆田炎症图片__ptyz297-2.png,莆田学院附属医院__图片__莆田学院附属医院__莆田炎症图片__ptyz297-2.json
dataset/gastritis_external/processed_images/莆田学院附属医院/crop_ui,莆田学院附属医院__图片__莆田学院附属医院__莆田炎症图片__ptyz184-2.jpg,0,1,1,1,0,,莆田学院附属医院__图片__莆田学院附属医院__莆田炎症图片__ptyz184-2_overlay.jpg,莆田学院附属医院__图片__莆田学院附属医院__莆田炎症图片__ptyz184-2.png,莆田学院附属医院__图片__莆田学院附属医院__莆田炎症图片__ptyz184-2.json
dataset/gastritis_external/processed_images/莆田学院附属医院/crop_ui,莆田学院附属医院__图片__莆田学院附属医院__莆田炎症图片__ptyz8-3.jpg,0,1,1,1,0,,莆田学院附属医院__图片__莆田学院附属医院__莆田炎症图片__ptyz8-3_overlay.jpg,莆田学院附属医院__图片__莆田学院附属医院__莆田炎症图片__ptyz8-3.png,莆田学院附属医院__图片__莆田学院附属医院__莆田炎症图片__ptyz8-3.json
dataset/gastritis_external/processed_images/莆田学院附属医院/crop_ui,莆田学院附属医院__图片__莆田学院附属医院__莆田炎症图片__ptyz120-3.jpg,0,1,1,1,0,,莆田学院附属医院__图片__莆田学院附属医院__莆田炎症图片__ptyz120-3_overlay.jpg,莆田学院附属医院__图片__莆田学院附属医院__莆田炎症图片__ptyz120-3.png,莆田学院附属医院__图片__莆田学院附属医院__莆田炎症图片__ptyz120-3.json
dataset/gastritis_external/processed_images/莆田学院附属医院/crop_ui,莆田学院附属医院__图片__莆田学院附属医院__莆田炎症图片__ptyz39-8.jpg,0,1,1,1,0,,莆田学院附属医院__图片__莆田学院附属医院__莆田炎症图片__ptyz39-8_overlay.jpg,莆田学院附属医院__图片__莆田学院附属医院__莆田炎症图片__ptyz39-8.png,莆田学院附属医院__图片__莆田学院附属医院__莆田炎症图片__ptyz39-8.json
dataset/gastritis_external/processed_images/莆田学院附属医院/crop_ui,莆田学院附属医院__图片__莆田学院附属医院__莆田炎症图片__ptyz288-1.jpg,0,1,1,1,0,,莆田学院附属医院__图片__莆田学院附属医院__莆田炎症图片__ptyz288-1_overlay.jpg,莆田学院附属医院__图片__莆田学院附属医院__莆田炎症图片__ptyz288-1.png,莆田学院附属医院__图片__莆田学院附属医院__莆田炎症图片__ptyz288-1.json
dataset/gastritis_external/processed_images/莆田学院附属医院/crop_ui,莆田学院附属医院__图片__莆田学院附属医院__莆田炎症图片__ptyz262-3.jpg,0,1,1,1,0,,莆田学院附属医院__图片__莆田学院附属医院__莆田炎症图片__ptyz262-3_overlay.jpg,莆田学院附属医院__图片__莆田学院附属医院__莆田炎症图片__ptyz262-3.png,莆田学院附属医院__图片__莆田学院附属医院__莆田炎症图片__ptyz262-3.json
dataset/gastritis_external/processed_images/莆田学院附属医院/crop_ui,莆田学院附属医院__图片__莆田学院附属医院__莆田炎症图片__ptyz182-4.jpg,0,1,1,1,0,,莆田学院附属医院__图片__莆田学院附属医院__莆田炎症图片__ptyz182-4_overlay.jpg,莆田学院附属医院__图片__莆田学院附属医院__莆田炎症图片__ptyz182-4.png,莆田学院附属医院__图片__莆田学院附属医院__莆田炎症图片__ptyz182-4.json
dataset/gastritis_external/processed_images/莆田学院附属医院/crop_ui,莆田学院附属医院__图片__莆田学院附属医院__莆田炎症图片__ptyz247-1.jpg,0,1,1,1,0,,莆田学院附属医院__图片__莆田学院附属医院__莆田炎症图片__ptyz247-1_overlay.jpg,莆田学院附属医院__图片__莆田学院附属医院__莆田炎症图片__ptyz247-1.png,莆田学院附属医院__图片__莆田学院附属医院__莆田炎症图片__ptyz247-1.json
dataset/gastritis_external/processed_images/莆田学院附属医院/crop_ui,莆田学院附属医院__图片__莆田学院附属医院__莆田炎症图片__ptyz33-5.jpg,0,1,1,1,0,,莆田学院附属医院__图片__莆田学院附属医院__莆田炎症图片__ptyz33-5_overlay.jpg,莆田学院附属医院__图片__莆田学院附属医院__莆田炎症图片__ptyz33-5.png,莆田学院附属医院__图片__莆田学院附属医院__莆田炎症图片__ptyz33-5.json
dataset/gastritis_external/processed_images/莆田学院附属医院/crop_ui,莆田学院附属医院__图片__莆田学院附属医院__莆田炎症图片__ptyz106-3.jpg,0,1,1,1,0,,莆田学院附属医院__图片__莆田学院附属医院__莆田炎症图片__ptyz106-3_overlay.jpg,莆田学院附属医院__图片__莆田学院附属医院__莆田炎症图片__ptyz106-3.png,莆田学院附属医院__图片__莆田学院附属医院__莆田炎症图片__ptyz106-3.json
dataset/gastritis_external/processed_images/莆田学院附属医院/crop_ui,莆田学院附属医院__图片__莆田学院附属医院__莆田炎症图片__ptyz123-2.jpg,0,1,1,1,0,,莆田学院附属医院__图片__莆田学院附属医院__莆田炎症图片__ptyz123-2_overlay.jpg,莆田学院附属医院__图片__莆田学院附属医院__莆田炎症图片__ptyz123-2.png,莆田学院附属医院__图片__莆田学院附属医院__莆田炎症图片__ptyz123-2.json
dataset/gastritis_external/processed_images/莆田学院附属医院/crop_ui,莆田学院附属医院__图片__莆田学院附属医院__莆田炎症图片__ptyz174-1.jpg,0,1,1,1,0,,莆田学院附属医院__图片__莆田学院附属医院__莆田炎症图片__ptyz174-1_overlay.jpg,莆田学院附属医院__图片__莆田学院附属医院__莆田炎症图片__ptyz174-1.png,莆田学院附属医院__图片__莆田学院附属医院__莆田炎症图片__ptyz174-1.json
dataset/gastritis_external/processed_images/莆田学院附属医院/crop_ui,莆田学院附属医院__图片__莆田学院附属医院__莆田炎症图片__ptyz256-2.jpg,0,1,1,1,0,,莆田学院附属医院__图片__莆田学院附属医院__莆田炎症图片__ptyz256-2_overlay.jpg,莆田学院附属医院__图片__莆田学院附属医院__莆田炎症图片__ptyz256-2.png,莆田学院附属医院__图片__莆田学院附属医院__莆田炎症图片__ptyz256-2.json
dataset/gastritis_external/processed_images/莆田学院附属医院/crop_ui,莆田学院附属医院__图片__莆田学院附属医院__莆田炎症图片__ptyz168-3.jpg,0,1,1,1,0,,莆田学院附属医院__图片__莆田学院附属医院__莆田炎症图片__ptyz168-3_overlay.jpg,莆田学院附属医院__图片__莆田学院附属医院__莆田炎症图片__ptyz168-3.png,莆田学院附属医院__图片__莆田学院附属医院__莆田炎症图片__ptyz168-3.json
dataset/gastritis_external/processed_images/莆田学院附属医院/crop_ui,莆田学院附属医院__图片__莆田学院附属医院__莆田炎症图片__ptyz268-3.jpg,0,1,1,1,0,,莆田学院附属医院__图片__莆田学院附属医院__莆田炎症图片__ptyz268-3_overlay.jpg,莆田学院附属医院__图片__莆田学院附属医院__莆田炎症图片__ptyz268-3.png,莆田学院附属医院__图片__莆田学院附属医院__莆田炎症图片__ptyz268-3.json
dataset/gastritis_external/processed_images/莆田学院附属医院/crop_ui,莆田学院附属医院__图片__莆田学院附属医院__莆田炎症图片__ptyz224.jpg,0,1,1,1,0,,莆田学院附属医院__图片__莆田学院附属医院__莆田炎症图片__ptyz224_overlay.jpg,莆田学院附属医院__图片__莆田学院附属医院__莆田炎症图片__ptyz224.png,莆田学院附属医院__图片__莆田学院附属医院__莆田炎症图片__ptyz224.json
dataset/gastritis_external/processed_images/莆田学院附属医院/crop_ui,莆田学院附属医院__图片__莆田学院附属医院__莆田炎症图片__ptyz75-5.jpg,0,1,1,1,0,,莆田学院附属医院__图片__莆田学院附属医院__莆田炎症图片__ptyz75-5_overlay.jpg,莆田学院附属医院__图片__莆田学院附属医院__莆田炎症图片__ptyz75-5.png,莆田学院附属医院__图片__莆田学院附属医院__莆田炎症图片__ptyz75-5.json
dataset/gastritis_external/processed_images/莆田学院附属医院/crop_ui,莆田学院附属医院__图片__莆田学院附属医院__莆田炎症图片__ptyz104-4.jpg,0,1,1,1,0,,莆田学院附属医院__图片__莆田学院附属医院__莆田炎症图片__ptyz104-4_overlay.jpg,莆田学院附属医院__图片__莆田学院附属医院__莆田炎症图片__ptyz104-4.png,莆田学院附属医院__图片__莆田学院附属医院__莆田炎症图片__ptyz104-4.json
dataset/gastritis_external/processed_images/莆田学院附属医院/crop_ui,莆田学院附属医院__图片__莆田学院附属医院__莆田炎症图片__ptyz80-2.jpg,0,1,1,1,0,,莆田学院附属医院__图片__莆田学院附属医院__莆田炎症图片__ptyz80-2_overlay.jpg,莆田学院附属医院__图片__莆田学院附属医院__莆田炎症图片__ptyz80-2.png,莆田学院附属医院__图片__莆田学院附属医院__莆田炎症图片__ptyz80-2.json
dataset/gastritis_external/processed_images/莆田学院附属医院/crop_ui,莆田学院附属医院__图片__莆田学院附属医院__莆田炎症图片__ptyz405-5.jpg,0,1,1,1,0,,莆田学院附属医院__图片__莆田学院附属医院__莆田炎症图片__ptyz405-5_overlay.jpg,莆田学院附属医院__图片__莆田学院附属医院__莆田炎症图片__ptyz405-5.png,莆田学院附属医院__图片__莆田学院附属医院__莆田炎症图片__ptyz405-5.json
dataset/gastritis_external/processed_images/莆田学院附属医院/crop_ui,莆田学院附属医院__图片__莆田学院附属医院__莆田炎症图片__ptyz296-2.jpg,0,1,1,1,0,,莆田学院附属医院__图片__莆田学院附属医院__莆田炎症图片__ptyz296-2_overlay.jpg,莆田学院附属医院__图片__莆田学院附属医院__莆田炎症图片__ptyz296-2.png,莆田学院附属医院__图片__莆田学院附属医院__莆田炎症图片__ptyz296-2.json
dataset/gastritis_external/processed_images/莆田学院附属医院/crop_ui,莆田学院附属医院__图片__莆田学院附属医院__莆田炎症图片__ptyz160-1.jpg,0,1,1,1,0,,莆田学院附属医院__图片__莆田学院附属医院__莆田炎症图片__ptyz160-1_overlay.jpg,莆田学院附属医院__图片__莆田学院附属医院__莆田炎症图片__ptyz160-1.png,莆田学院附属医院__图片__莆田学院附属医院__莆田炎症图片__ptyz160-1.json
dataset/gastritis_external/processed_images/莆田学院附属医院/crop_ui,莆田学院附属医院__图片__莆田学院附属医院__莆田炎症图片__ptyz117-3.jpg,0,1,1,1,0,,莆田学院附属医院__图片__莆田学院附属医院__莆田炎症图片__ptyz117-3_overlay.jpg,莆田学院附属医院__图片__莆田学院附属医院__莆田炎症图片__ptyz117-3.png,莆田学院附属医院__图片__莆田学院附属医院__莆田炎症图片__ptyz117-3.json
dataset/gastritis_external/processed_images/莆田学院附属医院/crop_ui,莆田学院附属医院__图片__莆田学院附属医院__莆田炎症图片__ptyz87-5.jpg,0,1,1,1,0,,莆田学院附属医院__图片__莆田学院附属医院__莆田炎症图片__ptyz87-5_overlay.jpg,莆田学院附属医院__图片__莆田学院附属医院__莆田炎症图片__ptyz87-5.png,莆田学院附属医院__图片__莆田学院附属医院__莆田炎症图片__ptyz87-5.json
dataset/gastritis_external/processed_images/莆田学院附属医院/crop_ui,莆田学院附属医院__图片__莆田学院附属医院__莆田炎症图片__ptyz30-2.jpg,0,1,1,1,0,,莆田学院附属医院__图片__莆田学院附属医院__莆田炎症图片__ptyz30-2_overlay.jpg,莆田学院附属医院__图片__莆田学院附属医院__莆田炎症图片__ptyz30-2.png,莆田学院附属医院__图片__莆田学院附属医院__莆田炎症图片__ptyz30-2.json
dataset/gastritis_external/processed_images/莆田学院附属医院/crop_ui,莆田学院附属医院__图片__莆田学院附属医院__莆田炎症图片__ptyz165-3.jpg,0,1,1,1,0,,莆田学院附属医院__图片__莆田学院附属医院__莆田炎症图片__ptyz165-3_overlay.jpg,莆田学院附属医院__图片__莆田学院附属医院__莆田炎症图片__ptyz165-3.png,莆田学院附属医院__图片__莆田学院附属医院__莆田炎症图片__ptyz165-3.json
dataset/gastritis_external/processed_images/莆田学院附属医院/crop_ui,莆田学院附属医院__图片__莆田学院附属医院__莆田炎症图片__ptyz183-1.jpg,0,1,1,1,0,,莆田学院附属医院__图片__莆田学院附属医院__莆田炎症图片__ptyz183-1_overlay.jpg,莆田学院附属医院__图片__莆田学院附属医院__莆田炎症图片__ptyz183-1.png,莆田学院附属医院__图片__莆田学院附属医院__莆田炎症图片__ptyz183-1.json
dataset/gastritis_external/processed_images/莆田学院附属医院/crop_ui,莆田学院附属医院__图片__莆田学院附属医院__莆田炎症图片__ptyz101-2.jpg,0,1,1,1,0,,莆田学院附属医院__图片__莆田学院附属医院__莆田炎症图片__ptyz101-2_overlay.jpg,莆田学院附属医院__图片__莆田学院附属医院__莆田炎症图片__ptyz101-2.png,莆田学院附属医院__图片__莆田学院附属医院__莆田炎症图片__ptyz101-2.json
dataset/gastritis_external/processed_images/莆田学院附属医院/crop_ui,莆田学院附属医院__图片__莆田学院附属医院__莆田炎症图片__ptyz250-3.jpg,0,1,1,1,0,,莆田学院附属医院__图片__莆田学院附属医院__莆田炎症图片__ptyz250-3_overlay.jpg,莆田学院附属医院__图片__莆田学院附属医院__莆田炎症图片__ptyz250-3.png,莆田学院附属医院__图片__莆田学院附属医院__莆田炎症图片__ptyz250-3.json
dataset/gastritis_external/processed_images/莆田学院附属医院/crop_ui,莆田学院附属医院__图片__莆田学院附属医院__莆田炎症图片__ptyz82-7.jpg,0,1,1,1,0,,莆田学院附属医院__图片__莆田学院附属医院__莆田炎症图片__ptyz82-7_overlay.jpg,莆田学院附属医院__图片__莆田学院附属医院__莆田炎症图片__ptyz82-7.png,莆田学院附属医院__图片__莆田学院附属医院__莆田炎症图片__ptyz82-7.json
dataset/gastritis_external/processed_images/莆田学院附属医院/crop_ui,莆田学院附属医院__图片__莆田学院附属医院__莆田炎症图片__ptyz221-1.jpg,0,1,1,1,0,,莆田学院附属医院__图片__莆田学院附属医院__莆田炎症图片__ptyz221-1_overlay.jpg,莆田学院附属医院__图片__莆田学院附属医院__莆田炎症图片__ptyz221-1.png,莆田学院附属医院__图片__莆田学院附属医院__莆田炎症图片__ptyz221-1.json
dataset/gastritis_external/processed_images/莆田学院附属医院/crop_ui,莆田学院附属医院__图片__莆田学院附属医院__莆田炎症图片__ptyz153-3.jpg,0,1,1,1,0,,莆田学院附属医院__图片__莆田学院附属医院__莆田炎症图片__ptyz153-3_overlay.jpg,莆田学院附属医院__图片__莆田学院附属医院__莆田炎症图片__ptyz153-3.png,莆田学院附属医院__图片__莆田学院附属医院__莆田炎症图片__ptyz153-3.json
dataset/gastritis_external/processed_images/莆田学院附属医院/crop_ui,莆田学院附属医院__图片__莆田学院附属医院__莆田炎症图片__ptyz12-15.jpg,0,1,1,1,0,,莆田学院附属医院__图片__莆田学院附属医院__莆田炎症图片__ptyz12-15_overlay.jpg,莆田学院附属医院__图片__莆田学院附属医院__莆田炎症图片__ptyz12-15.png,莆田学院附属医院__图片__莆田学院附属医院__莆田炎症图片__ptyz12-15.json
dataset/gastritis_external/processed_images/莆田学院附属医院/crop_ui,莆田学院附属医院__图片__莆田学院附属医院__莆田炎症图片__ptyz405-4.jpg,0,1,1,1,0,,莆田学院附属医院__图片__莆田学院附属医院__莆田炎症图片__ptyz405-4_overlay.jpg,莆田学院附属医院__图片__莆田学院附属医院__莆田炎症图片__ptyz405-4.png,莆田学院附属医院__图片__莆田学院附属医院__莆田炎症图片__ptyz405-4.json
dataset/gastritis_external/processed_images/莆田学院附属医院/crop_ui,莆田学院附属医院__图片__莆田学院附属医院__莆田炎症图片__ptyz285-4.jpg,0,1,1,1,0,,莆田学院附属医院__图片__莆田学院附属医院__莆田炎症图片__ptyz285-4_overlay.jpg,莆田学院附属医院__图片__莆田学院附属医院__莆田炎症图片__ptyz285-4.png,莆田学院附属医院__图片__莆田学院附属医院__莆田炎症图片__ptyz285-4.json
dataset/gastritis_external/processed_images/莆田学院附属医院/crop_ui,莆田学院附属医院__图片__莆田学院附属医院__莆田炎症图片__ptyz269-2.jpg,0,1,1,1,0,,莆田学院附属医院__图片__莆田学院附属医院__莆田炎症图片__ptyz269-2_overlay.jpg,莆田学院附属医院__图片__莆田学院附属医院__莆田炎症图片__ptyz269-2.png,莆田学院附属医院__图片__莆田学院附属医院__莆田炎症图片__ptyz269-2.json
dataset/gastritis_external/processed_images/莆田学院附属医院/crop_ui,莆田学院附属医院__图片__莆田学院附属医院__莆田炎症图片__ptyz199-3.jpg,0,1,1,1,0,,莆田学院附属医院__图片__莆田学院附属医院__莆田炎症图片__ptyz199-3_overlay.jpg,莆田学院附属医院__图片__莆田学院附属医院__莆田炎症图片__ptyz199-3.png,莆田学院附属医院__图片__莆田学院附属医院__莆田炎症图片__ptyz199-3.json
dataset/gastritis_external/processed_images/莆田学院附属医院/crop_ui,莆田学院附属医院__图片__莆田学院附属医院__莆田炎症图片__ptyz116-5.jpg,0,1,1,1,0,,莆田学院附属医院__图片__莆田学院附属医院__莆田炎症图片__ptyz116-5_overlay.jpg,莆田学院附属医院__图片__莆田学院附属医院__莆田炎症图片__ptyz116-5.png,莆田学院附属医院__图片__莆田学院附属医院__莆田炎症图片__ptyz116-5.json
dataset/gastritis_external/processed_images/莆田学院附属医院/crop_ui,莆田学院附属医院__图片__莆田学院附属医院__莆田炎症图片__ptyz437-3.jpg,0,1,1,1,0,,莆田学院附属医院__图片__莆田学院附属医院__莆田炎症图片__ptyz437-3_overlay.jpg,莆田学院附属医院__图片__莆田学院附属医院__莆田炎症图片__ptyz437-3.png,莆田学院附属医院__图片__莆田学院附属医院__莆田炎症图片__ptyz437-3.json
dataset/gastritis_external/processed_images/莆田学院附属医院/crop_ui,莆田学院附属医院__图片__莆田学院附属医院__莆田炎症图片__ptyz232-3.jpg,0,1,1,1,0,,莆田学院附属医院__图片__莆田学院附属医院__莆田炎症图片__ptyz232-3_overlay.jpg,莆田学院附属医院__图片__莆田学院附属医院__莆田炎症图片__ptyz232-3.png,莆田学院附属医院__图片__莆田学院附属医院__莆田炎症图片__ptyz232-3.json
dataset/gastritis_external/processed_images/莆田学院附属医院/crop_ui,莆田学院附属医院__图片__莆田学院附属医院__莆田炎症图片__ptyz383-4.jpg,0,1,1,1,0,,莆田学院附属医院__图片__莆田学院附属医院__莆田炎症图片__ptyz383-4_overlay.jpg,莆田学院附属医院__图片__莆田学院附属医院__莆田炎症图片__ptyz383-4.png,莆田学院附属医院__图片__莆田学院附属医院__莆田炎症图片__ptyz383-4.json
dataset/gastritis_external/processed_images/莆田学院附属医院/crop_ui,莆田学院附属医院__图片__莆田学院附属医院__莆田炎症图片__ptyz162-2.jpg,0,1,1,1,0,,莆田学院附属医院__图片__莆田学院附属医院__莆田炎症图片__ptyz162-2_overlay.jpg,莆田学院附属医院__图片__莆田学院附属医院__莆田炎症图片__ptyz162-2.png,莆田学院附属医院__图片__莆田学院附属医院__莆田炎症图片__ptyz162-2.json
dataset/gastritis_external/processed_images/莆田学院附属医院/crop_ui,莆田学院附属医院__图片__莆田学院附属医院__莆田炎症图片__ptyz246-1.jpg,0,1,1,1,0,,莆田学院附属医院__图片__莆田学院附属医院__莆田炎症图片__ptyz246-1_overlay.jpg,莆田学院附属医院__图片__莆田学院附属医院__莆田炎症图片__ptyz246-1.png,莆田学院附属医院__图片__莆田学院附属医院__莆田炎症图片__ptyz246-1.json
dataset/gastritis_external/processed_images/莆田学院附属医院/crop_ui,莆田学院附属医院__图片__莆田学院附属医院__莆田炎症图片__ptyz398-2.jpg,0,1,1,1,0,,莆田学院附属医院__图片__莆田学院附属医院__莆田炎症图片__ptyz398-2_overlay.jpg,莆田学院附属医院__图片__莆田学院附属医院__莆田炎症图片__ptyz398-2.png,莆田学院附属医院__图片__莆田学院附属医院__莆田炎症图片__ptyz398-2.json
dataset/gastritis_external/processed_images/莆田学院附属医院/crop_ui,莆田学院附属医院__图片__莆田学院附属医院__莆田炎症图片__ptyz313-1.jpg,0,1,1,1,0,,莆田学院附属医院__图片__莆田学院附属医院__莆田炎症图片__ptyz313-1_overlay.jpg,莆田学院附属医院__图片__莆田学院附属医院__莆田炎症图片__ptyz313-1.png,莆田学院附属医院__图片__莆田学院附属医院__莆田炎症图片__ptyz313-1.json
dataset/gastritis_external/processed_images/莆田学院附属医院/crop_ui,莆田学院附属医院__图片__莆田学院附属医院__莆田炎症图片__ptyz278-1.jpg,0,1,1,1,0,,莆田学院附属医院__图片__莆田学院附属医院__莆田炎症图片__ptyz278-1_overlay.jpg,莆田学院附属医院__图片__莆田学院附属医院__莆田炎症图片__ptyz278-1.png,莆田学院附属医院__图片__莆田学院附属医院__莆田炎症图片__ptyz278-1.json
dataset/gastritis_external/processed_images/莆田学院附属医院/crop_ui,莆田学院附属医院__图片__莆田学院附属医院__莆田炎症图片__ptyz144-3.jpg,0,1,1,1,0,,莆田学院附属医院__图片__莆田学院附属医院__莆田炎症图片__ptyz144-3_overlay.jpg,莆田学院附属医院__图片__莆田学院附属医院__莆田炎症图片__ptyz144-3.png,莆田学院附属医院__图片__莆田学院附属医院__莆田炎症图片__ptyz144-3.json
dataset/gastritis_external/processed_images/莆田学院附属医院/crop_ui,莆田学院附属医院__图片__莆田学院附属医院__莆田炎症图片__ptyz411-2.jpg,0,1,1,1,0,,莆田学院附属医院__图片__莆田学院附属医院__莆田炎症图片__ptyz411-2_overlay.jpg,莆田学院附属医院__图片__莆田学院附属医院__莆田炎症图片__ptyz411-2.png,莆田学院附属医院__图片__莆田学院附属医院__莆田炎症图片__ptyz411-2.json
dataset/gastritis_external/processed_images/莆田学院附属医院/crop_ui,莆田学院附属医院__图片__莆田学院附属医院__莆田炎症图片__ptyz24-4.jpg,0,1,1,1,0,,莆田学院附属医院__图片__莆田学院附属医院__莆田炎症图片__ptyz24-4_overlay.jpg,莆田学院附属医院__图片__莆田学院附属医院__莆田炎症图片__ptyz24-4.png,莆田学院附属医院__图片__莆田学院附属医院__莆田炎症图片__ptyz24-4.json
dataset/gastritis_external/processed_images/莆田学院附属医院/crop_ui,莆田学院附属医院__图片__莆田学院附属医院__莆田炎症图片__ptyz187-2.jpg,0,1,1,1,0,,莆田学院附属医院__图片__莆田学院附属医院__莆田炎症图片__ptyz187-2_overlay.jpg,莆田学院附属医院__图片__莆田学院附属医院__莆田炎症图片__ptyz187-2.png,莆田学院附属医院__图片__莆田学院附属医院__莆田炎症图片__ptyz187-2.json
dataset/gastritis_external/processed_images/莆田学院附属医院/crop_ui,莆田学院附属医院__图片__莆田学院附属医院__莆田炎症图片__ptyz233-3.jpg,0,1,1,1,0,,莆田学院附属医院__图片__莆田学院附属医院__莆田炎症图片__ptyz233-3_overlay.jpg,莆田学院附属医院__图片__莆田学院附属医院__莆田炎症图片__ptyz233-3.png,莆田学院附属医院__图片__莆田学院附属医院__莆田炎症图片__ptyz233-3.json
dataset/gastritis_external/processed_images/莆田学院附属医院/crop_ui,莆田学院附属医院__图片__莆田学院附属医院__莆田炎症图片__ptyz250-1.jpg,0,1,1,1,0,,莆田学院附属医院__图片__莆田学院附属医院__莆田炎症图片__ptyz250-1_overlay.jpg,莆田学院附属医院__图片__莆田学院附属医院__莆田炎症图片__ptyz250-1.png,莆田学院附属医院__图片__莆田学院附属医院__莆田炎症图片__ptyz250-1.json
dataset/gastritis_external/processed_images/莆田学院附属医院/crop_ui,莆田学院附属医院__图片__莆田学院附属医院__莆田炎症图片__ptyz272-2.jpg,0,1,1,1,0,,莆田学院附属医院__图片__莆田学院附属医院__莆田炎症图片__ptyz272-2_overlay.jpg,莆田学院附属医院__图片__莆田学院附属医院__莆田炎症图片__ptyz272-2.png,莆田学院附属医院__图片__莆田学院附属医院__莆田炎症图片__ptyz272-2.json
dataset/gastritis_external/processed_images/莆田学院附属医院/crop_ui,莆田学院附属医院__图片__莆田学院附属医院__莆田炎症图片__ptyz242-4.jpg,0,1,1,1,0,,莆田学院附属医院__图片__莆田学院附属医院__莆田炎症图片__ptyz242-4_overlay.jpg,莆田学院附属医院__图片__莆田学院附属医院__莆田炎症图片__ptyz242-4.png,莆田学院附属医院__图片__莆田学院附属医院__莆田炎症图片__ptyz242-4.json
dataset/gastritis_external/processed_images/莆田学院附属医院/crop_ui,莆田学院附属医院__图片__莆田学院附属医院__莆田炎症图片__ptyz7-2.jpg,0,1,1,1,0,,莆田学院附属医院__图片__莆田学院附属医院__莆田炎症图片__ptyz7-2_overlay.jpg,莆田学院附属医院__图片__莆田学院附属医院__莆田炎症图片__ptyz7-2.png,莆田学院附属医院__图片__莆田学院附属医院__莆田炎症图片__ptyz7-2.json
dataset/gastritis_external/processed_images/莆田学院附属医院/crop_ui,莆田学院附属医院__图片__莆田学院附属医院__莆田炎症图片__ptyz292-1.jpg,0,1,1,1,0,,莆田学院附属医院__图片__莆田学院附属医院__莆田炎症图片__ptyz292-1_overlay.jpg,莆田学院附属医院__图片__莆田学院附属医院__莆田炎症图片__ptyz292-1.png,莆田学院附属医院__图片__莆田学院附属医院__莆田炎症图片__ptyz292-1.json
dataset/gastritis_external/processed_images/莆田学院附属医院/crop_ui,莆田学院附属医院__图片__莆田学院附属医院__莆田炎症图片__ptyz30-6.jpg,0,1,1,1,0,,莆田学院附属医院__图片__莆田学院附属医院__莆田炎症图片__ptyz30-6_overlay.jpg,莆田学院附属医院__图片__莆田学院附属医院__莆田炎症图片__ptyz30-6.png,莆田学院附属医院__图片__莆田学院附属医院__莆田炎症图片__ptyz30-6.json
dataset/gastritis_external/processed_images/莆田学院附属医院/crop_ui,莆田学院附属医院__图片__莆田学院附属医院__莆田炎症图片__ptyz282-4.jpg,0,1,1,1,0,,莆田学院附属医院__图片__莆田学院附属医院__莆田炎症图片__ptyz282-4_overlay.jpg,莆田学院附属医院__图片__莆田学院附属医院__莆田炎症图片__ptyz282-4.png,莆田学院附属医院__图片__莆田学院附属医院__莆田炎症图片__ptyz282-4.json
dataset/gastritis_external/processed_images/莆田学院附属医院/crop_ui,莆田学院附属医院__图片__莆田学院附属医院__莆田炎症图片__ptyz39-4.jpg,0,1,1,1,0,,莆田学院附属医院__图片__莆田学院附属医院__莆田炎症图片__ptyz39-4_overlay.jpg,莆田学院附属医院__图片__莆田学院附属医院__莆田炎症图片__ptyz39-4.png,莆田学院附属医院__图片__莆田学院附属医院__莆田炎症图片__ptyz39-4.json
dataset/gastritis_external/processed_images/莆田学院附属医院/crop_ui,莆田学院附属医院__图片__莆田学院附属医院__莆田炎症图片__ptyz361-4.jpg,0,1,1,1,0,,莆田学院附属医院__图片__莆田学院附属医院__莆田炎症图片__ptyz361-4_overlay.jpg,莆田学院附属医院__图片__莆田学院附属医院__莆田炎症图片__ptyz361-4.png,莆田学院附属医院__图片__莆田学院附属医院__莆田炎症图片__ptyz361-4.json
dataset/gastritis_external/processed_images/莆田学院附属医院/crop_ui,莆田学院附属医院__图片__莆田学院附属医院__莆田炎症图片__ptyz324-3.jpg,0,1,1,1,0,,莆田学院附属医院__图片__莆田学院附属医院__莆田炎症图片__ptyz324-3_overlay.jpg,莆田学院附属医院__图片__莆田学院附属医院__莆田炎症图片__ptyz324-3.png,莆田学院附属医院__图片__莆田学院附属医院__莆田炎症图片__ptyz324-3.json
dataset/gastritis_external/processed_images/莆田学院附属医院/crop_ui,莆田学院附属医院__图片__莆田学院附属医院__莆田炎症图片__ptyz343-2.jpg,0,1,1,1,0,,莆田学院附属医院__图片__莆田学院附属医院__莆田炎症图片__ptyz343-2_overlay.jpg,莆田学院附属医院__图片__莆田学院附属医院__莆田炎症图片__ptyz343-2.png,莆田学院附属医院__图片__莆田学院附属医院__莆田炎症图片__ptyz343-2.json
dataset/gastritis_external/processed_images/莆田学院附属医院/crop_ui,莆田学院附属医院__图片__莆田学院附属医院__莆田炎症图片__ptyz292-3.jpg,0,1,1,1,0,,莆田学院附属医院__图片__莆田学院附属医院__莆田炎症图片__ptyz292-3_overlay.jpg,莆田学院附属医院__图片__莆田学院附属医院__莆田炎症图片__ptyz292-3.png,莆田学院附属医院__图片__莆田学院附属医院__莆田炎症图片__ptyz292-3.json
dataset/gastritis_external/processed_images/莆田学院附属医院/crop_ui,莆田学院附属医院__图片__莆田学院附属医院__莆田炎症图片__ptyz52-7.jpg,0,1,1,1,0,,莆田学院附属医院__图片__莆田学院附属医院__莆田炎症图片__ptyz52-7_overlay.jpg,莆田学院附属医院__图片__莆田学院附属医院__莆田炎症图片__ptyz52-7.png,莆田学院附属医院__图片__莆田学院附属医院__莆田炎症图片__ptyz52-7.json
dataset/gastritis_external/processed_images/莆田学院附属医院/crop_ui,莆田学院附属医院__图片__莆田学院附属医院__莆田炎症图片__ptyz241.jpg,0,1,1,1,0,,莆田学院附属医院__图片__莆田学院附属医院__莆田炎症图片__ptyz241_overlay.jpg,莆田学院附属医院__图片__莆田学院附属医院__莆田炎症图片__ptyz241.png,莆田学院附属医院__图片__莆田学院附属医院__莆田炎症图片__ptyz241.json
dataset/gastritis_external/processed_images/莆田学院附属医院/crop_ui,莆田学院附属医院__图片__莆田学院附属医院__莆田炎症图片__ptyz12-5.jpg,0,1,1,1,0,,莆田学院附属医院__图片__莆田学院附属医院__莆田炎症图片__ptyz12-5_overlay.jpg,莆田学院附属医院__图片__莆田学院附属医院__莆田炎症图片__ptyz12-5.png,莆田学院附属医院__图片__莆田学院附属医院__莆田炎症图片__ptyz12-5.json
dataset/gastritis_external/processed_images/莆田学院附属医院/crop_ui,莆田学院附属医院__图片__莆田学院附属医院__莆田炎症图片__ptyz84-6.jpg,0,1,1,1,0,,莆田学院附属医院__图片__莆田学院附属医院__莆田炎症图片__ptyz84-6_overlay.jpg,莆田学院附属医院__图片__莆田学院附属医院__莆田炎症图片__ptyz84-6.png,莆田学院附属医院__图片__莆田学院附属医院__莆田炎症图片__ptyz84-6.json
dataset/gastritis_external/processed_images/莆田学院附属医院/crop_ui,莆田学院附属医院__图片__莆田学院附属医院__莆田炎症图片__ptyz30-3.jpg,0,1,1,1,0,,莆田学院附属医院__图片__莆田学院附属医院__莆田炎症图片__ptyz30-3_overlay.jpg,莆田学院附属医院__图片__莆田学院附属医院__莆田炎症图片__ptyz30-3.png,莆田学院附属医院__图片__莆田学院附属医院__莆田炎症图片__ptyz30-3.json
dataset/gastritis_external/processed_images/莆田学院附属医院/crop_ui,莆田学院附属医院__图片__莆田学院附属医院__莆田炎症图片__ptyz98-5.jpg,0,1,1,1,0,,莆田学院附属医院__图片__莆田学院附属医院__莆田炎症图片__ptyz98-5_overlay.jpg,莆田学院附属医院__图片__莆田学院附属医院__莆田炎症图片__ptyz98-5.png,莆田学院附属医院__图片__莆田学院附属医院__莆田炎症图片__ptyz98-5.json
dataset/gastritis_external/processed_images/莆田学院附属医院/crop_ui,莆田学院附属医院__图片__莆田学院附属医院__莆田炎症图片__ptyz346-3.jpg,0,1,1,1,0,,莆田学院附属医院__图片__莆田学院附属医院__莆田炎症图片__ptyz346-3_overlay.jpg,莆田学院附属医院__图片__莆田学院附属医院__莆田炎症图片__ptyz346-3.png,莆田学院附属医院__图片__莆田学院附属医院__莆田炎症图片__ptyz346-3.json
dataset/gastritis_external/processed_images/莆田学院附属医院/crop_ui,莆田学院附属医院__图片__莆田学院附属医院__莆田炎症图片__ptyz23-9.jpg,0,1,1,1,0,,莆田学院附属医院__图片__莆田学院附属医院__莆田炎症图片__ptyz23-9_overlay.jpg,莆田学院附属医院__图片__莆田学院附属医院__莆田炎症图片__ptyz23-9.png,莆田学院附属医院__图片__莆田学院附属医院__莆田炎症图片__ptyz23-9.json
dataset/gastritis_external/processed_images/莆田学院附属医院/crop_ui,莆田学院附属医院__图片__莆田学院附属医院__莆田炎症图片__ptyz71-5.jpg,0,1,1,1,0,,莆田学院附属医院__图片__莆田学院附属医院__莆田炎症图片__ptyz71-5_overlay.jpg,莆田学院附属医院__图片__莆田学院附属医院__莆田炎症图片__ptyz71-5.png,莆田学院附属医院__图片__莆田学院附属医院__莆田炎症图片__ptyz71-5.json
dataset/gastritis_external/processed_images/莆田学院附属医院/crop_ui,莆田学院附属医院__图片__莆田学院附属医院__莆田炎症图片__ptyz34-4.jpg,0,1,1,1,0,,莆田学院附属医院__图片__莆田学院附属医院__莆田炎症图片__ptyz34-4_overlay.jpg,莆田学院附属医院__图片__莆田学院附属医院__莆田炎症图片__ptyz34-4.png,莆田学院附属医院__图片__莆田学院附属医院__莆田炎症图片__ptyz34-4.json
dataset/gastritis_external/processed_images/莆田学院附属医院/crop_ui,莆田学院附属医院__图片__莆田学院附属医院__莆田炎症图片__ptyz24-3.jpg,0,1,1,1,0,,莆田学院附属医院__图片__莆田学院附属医院__莆田炎症图片__ptyz24-3_overlay.jpg,莆田学院附属医院__图片__莆田学院附属医院__莆田炎症图片__ptyz24-3.png,莆田学院附属医院__图片__莆田学院附属医院__莆田炎症图片__ptyz24-3.json
dataset/gastritis_external/processed_images/莆田学院附属医院/crop_ui,莆田学院附属医院__图片__莆田学院附属医院__莆田炎症图片__ptyz126-2.jpg,0,1,1,1,0,,莆田学院附属医院__图片__莆田学院附属医院__莆田炎症图片__ptyz126-2_overlay.jpg,莆田学院附属医院__图片__莆田学院附属医院__莆田炎症图片__ptyz126-2.png,莆田学院附属医院__图片__莆田学院附属医院__莆田炎症图片__ptyz126-2.json
dataset/gastritis_external/processed_images/莆田学院附属医院/crop_ui,莆田学院附属医院__图片__莆田学院附属医院__莆田炎症图片__ptyz76-3.jpg,0,1,1,1,0,,莆田学院附属医院__图片__莆田学院附属医院__莆田炎症图片__ptyz76-3_overlay.jpg,莆田学院附属医院__图片__莆田学院附属医院__莆田炎症图片__ptyz76-3.png,莆田学院附属医院__图片__莆田学院附属医院__莆田炎症图片__ptyz76-3.json
dataset/gastritis_external/processed_images/莆田学院附属医院/crop_ui,莆田学院附属医院__图片__莆田学院附属医院__莆田炎症图片__ptyz110-2.jpg,0,1,1,1,0,,莆田学院附属医院__图片__莆田学院附属医院__莆田炎症图片__ptyz110-2_overlay.jpg,莆田学院附属医院__图片__莆田学院附属医院__莆田炎症图片__ptyz110-2.png,莆田学院附属医院__图片__莆田学院附属医院__莆田炎症图片__ptyz110-2.json
dataset/gastritis_external/processed_images/莆田学院附属医院/crop_ui,莆田学院附属医院__图片__莆田学院附属医院__莆田炎症图片__ptyz15-2.jpg,0,1,1,1,0,,莆田学院附属医院__图片__莆田学院附属医院__莆田炎症图片__ptyz15-2_overlay.jpg,莆田学院附属医院__图片__莆田学院附属医院__莆田炎症图片__ptyz15-2.png,莆田学院附属医院__图片__莆田学院附属医院__莆田炎症图片__ptyz15-2.json
dataset/gastritis_external/processed_images/莆田学院附属医院/crop_ui,莆田学院附属医院__图片__莆田学院附属医院__莆田炎症图片__ptyz351-3.jpg,0,1,1,1,0,,莆田学院附属医院__图片__莆田学院附属医院__莆田炎症图片__ptyz351-3_overlay.jpg,莆田学院附属医院__图片__莆田学院附属医院__莆田炎症图片__ptyz351-3.png,莆田学院附属医院__图片__莆田学院附属医院__莆田炎症图片__ptyz351-3.json
dataset/gastritis_external/processed_images/莆田学院附属医院/crop_ui,莆田学院附属医院__图片__莆田学院附属医院__莆田炎症图片__ptyz385-2.jpg,0,1,1,1,0,,莆田学院附属医院__图片__莆田学院附属医院__莆田炎症图片__ptyz385-2_overlay.jpg,莆田学院附属医院__图片__莆田学院附属医院__莆田炎症图片__ptyz385-2.png,莆田学院附属医院__图片__莆田学院附属医院__莆田炎症图片__ptyz385-2.json
dataset/gastritis_external/processed_images/莆田学院附属医院/crop_ui,莆田学院附属医院__图片__莆田学院附属医院__莆田炎症图片__ptyz93-2.jpg,0,1,1,1,0,,莆田学院附属医院__图片__莆田学院附属医院__莆田炎症图片__ptyz93-2_overlay.jpg,莆田学院附属医院__图片__莆田学院附属医院__莆田炎症图片__ptyz93-2.png,莆田学院附属医院__图片__莆田学院附属医院__莆田炎症图片__ptyz93-2.json
dataset/gastritis_external/processed_images/莆田学院附属医院/crop_ui,莆田学院附属医院__图片__莆田学院附属医院__莆田炎症图片__ptyz135-4.jpg,0,1,1,1,0,,莆田学院附属医院__图片__莆田学院附属医院__莆田炎症图片__ptyz135-4_overlay.jpg,莆田学院附属医院__图片__莆田学院附属医院__莆田炎症图片__ptyz135-4.png,莆田学院附属医院__图片__莆田学院附属医院__莆田炎症图片__ptyz135-4.json
dataset/gastritis_external/processed_images/莆田学院附属医院/crop_ui,莆田学院附属医院__图片__莆田学院附属医院__莆田炎症图片__ptyz401-1.jpg,0,1,1,1,0,,莆田学院附属医院__图片__莆田学院附属医院__莆田炎症图片__ptyz401-1_overlay.jpg,莆田学院附属医院__图片__莆田学院附属医院__莆田炎症图片__ptyz401-1.png,莆田学院附属医院__图片__莆田学院附属医院__莆田炎症图片__ptyz401-1.json
dataset/gastritis_external/processed_images/莆田学院附属医院/crop_ui,莆田学院附属医院__图片__莆田学院附属医院__莆田炎症图片__ptyz354-1.jpg,0,1,1,1,0,,莆田学院附属医院__图片__莆田学院附属医院__莆田炎症图片__ptyz354-1_overlay.jpg,莆田学院附属医院__图片__莆田学院附属医院__莆田炎症图片__ptyz354-1.png,莆田学院附属医院__图片__莆田学院附属医院__莆田炎症图片__ptyz354-1.json
dataset/gastritis_external/processed_images/莆田学院附属医院/crop_ui,莆田学院附属医院__图片__莆田学院附属医院__莆田炎症图片__ptyz296-1.jpg,0,1,1,1,0,,莆田学院附属医院__图片__莆田学院附属医院__莆田炎症图片__ptyz296-1_overlay.jpg,莆田学院附属医院__图片__莆田学院附属医院__莆田炎症图片__ptyz296-1.png,莆田学院附属医院__图片__莆田学院附属医院__莆田炎症图片__ptyz296-1.json
